Time (CST),Temp.,Windchill,Dew Point,Humidity,Pressure,Visibility,Wind Dir,Wind Speed,Gust Speed,Precip,Events,Conditions
1998-10-21 12:00 AM,44.6°F,-,33.8°F,66%,30.21in,-,North,-,-,N/A,,Clear
1998-10-21 1:00 AM,48.2°F,-,35.6°F,62%,30.21in,6.2mi,ESE,4.5mph,-,N/A,,Clear
1998-10-21 2:00 AM,44.6°F,-,35.6°F,71%,30.21in,6.2mi,Calm,Calm,-,N/A,,Clear
1998-10-21 3:00 AM,44.6°F,-,35.6°F,71%,30.18in,6.2mi,Calm,Calm,-,N/A,,Clear
1998-10-21 5:00 AM,42.8°F,40.2°F,35.6°F,76%,30.18in,6.2mi,SE,4.5mph,-,N/A,,Clear
1998-10-21 6:00 AM,41.0°F,-,35.6°F,81%,30.18in,6.2mi,Calm,Calm,-,N/A,,Clear
1998-10-21 7:00 AM,39.2°F,-,35.6°F,87%,30.18in,3.7mi,Calm,Calm,-,N/A,,Scattered Clouds
1998-10-21 8:00 AM,44.6°F,-,39.2°F,81%,30.21in,1.2mi,NW,2.2mph,-,N/A,,Smoke
1998-10-21 9:00 AM,51.8°F,-,39.2°F,62%,30.21in,0.9mi,Calm,Calm,-,N/A,,Smoke
1998-10-21 10:00 AM,55.4°F,-,37.4°F,51%,30.21in,1.9mi,Calm,Calm,-,N/A,,Smoke
1998-10-21 12:00 PM,59.0°F,-,41.0°F,51%,30.18in,1.9mi,Calm,Calm,-,N/A,,Smoke
1998-10-21 1:00 PM,64.4°F,-,41.0°F,42%,30.15in,3.7mi,SW,2.2mph,-,N/A,,Mostly Cloudy
1998-10-21 2:00 PM,66.2°F,-,41.0°F,40%,30.12in,5.0mi,South,2.2mph,-,N/A,,Mostly Cloudy
1998-10-21 3:00 PM,66.2°F,-,41.0°F,40%,30.09in,-,WNW,2.2mph,-,N/A,,Clear
1998-10-21 5:00 PM,64.4°F,-,41.0°F,42%,30.06in,3.1mi,SSE,2.2mph,-,N/A,,Smoke
1998-10-21 6:00 PM,60.8°F,-,42.8°F,52%,30.06in,3.1mi,Calm,Calm,-,N/A,,Smoke
1998-10-21 7:00 PM,55.4°F,-,41.0°F,58%,30.09in,3.7mi,NW,2.2mph,-,N/A,,Mostly Cloudy
1998-10-21 8:00 PM,57.2°F,-,42.8°F,59%,30.12in,2.5mi,Calm,Calm,-,N/A,,Smoke
1998-10-21 9:00 PM,50.0°F,-,41.0°F,71%,30.12in,2.5mi,SE,2.2mph,-,N/A,,Smoke
1998-10-21 10:00 PM,50.0°F,-,41.0°F,71%,30.15in,3.7mi,East,2.2mph,-,N/A,,Mostly Cloudy
1998-10-21 11:00 PM,48.2°F,-,39.2°F,71%,30.15in,5.0mi,Calm,Calm,-,N/A,,Mostly Cloudy
