Time (CST),Temp.,Dew Point,Humidity,Pressure,Visibility,Wind Dir,Wind Speed,Gust Speed,Precip,Events,Conditions
1997-8-16 12:00 AM,21.0°C,21.0°C,100%,1016hPa,6.0km,SSE,3.6km/h/1.0m/s,-,N/A,,Overcast
1997-8-16 1:00 AM,21.0°C,21.0°C,100%,1016hPa,6.0km,South,3.6km/h/1.0m/s,-,N/A,,Overcast
1997-8-16 2:00 AM,21.0°C,21.0°C,100%,1015hPa,6.0km,ESE,3.6km/h/1.0m/s,-,N/A,,Overcast
1997-8-16 3:00 AM,21.0°C,21.0°C,100%,1015hPa,3.0km,SE,3.6km/h/1.0m/s,-,N/A,Rain,Light Rain
1997-8-16 4:00 AM,21.0°C,21.0°C,100%,1015hPa,3.0km,Calm,Calm,-,N/A,Rain,Light Rain
1997-8-16 5:00 AM,21.0°C,21.0°C,100%,1015hPa,3.0km,Calm,Calm,-,N/A,Rain,Light Rain
1997-8-16 6:00 AM,21.0°C,21.0°C,100%,1016hPa,7.0km,NW,10.8km/h/3.0m/s,-,N/A,Rain,Light Rain
1997-8-16 7:00 AM,19.0°C,18.0°C,94%,1016hPa,10.0km,NNW,10.8km/h/3.0m/s,-,N/A,Rain,Light Rain
1997-8-16 8:00 AM,18.0°C,18.0°C,100%,1017hPa,10.0km,NNW,10.8km/h/3.0m/s,-,N/A,Rain,Light Rain
1997-8-16 9:00 AM,18.0°C,17.0°C,94%,1017hPa,10.0km,NNW,14.4km/h/4.0m/s,-,N/A,Rain,Light Rain
1997-8-16 10:00 AM,18.0°C,17.0°C,94%,1017hPa,10.0km,NNW,10.8km/h/3.0m/s,-,N/A,Rain,Light Rain
1997-8-16 11:00 AM,19.0°C,18.0°C,94%,1017hPa,10.0km,NW,7.2km/h/2.0m/s,-,N/A,Rain,Light Rain
1997-8-16 12:00 PM,19.0°C,18.0°C,94%,1017hPa,10.0km,WSW,3.6km/h/1.0m/s,-,N/A,Rain,Light Rain
1997-8-16 1:00 PM,21.0°C,18.0°C,83%,1017hPa,10.0km,SSW,7.2km/h/2.0m/s,-,N/A,,Mostly Cloudy
1997-8-16 2:00 PM,22.0°C,18.0°C,78%,1016hPa,10.0km,SW,7.2km/h/2.0m/s,-,N/A,,Mostly Cloudy
1997-8-16 3:00 PM,23.0°C,18.0°C,73%,1015hPa,-,South,10.8km/h/3.0m/s,-,N/A,,Clear
1997-8-16 4:00 PM,23.0°C,18.0°C,73%,1015hPa,-,SW,7.2km/h/2.0m/s,-,N/A,,Clear
1997-8-16 5:00 PM,24.0°C,18.0°C,69%,1015hPa,-,West,10.8km/h/3.0m/s,-,N/A,,Clear
1997-8-16 6:00 PM,23.0°C,18.0°C,73%,1014hPa,-,WSW,3.6km/h/1.0m/s,-,N/A,,Clear
1997-8-16 7:00 PM,22.0°C,18.0°C,78%,1014hPa,-,Calm,Calm,-,N/A,,Clear
1997-8-16 8:00 PM,20.0°C,19.0°C,94%,1015hPa,-,SE,7.2km/h/2.0m/s,-,N/A,,Clear
1997-8-16 9:00 PM,19.0°C,18.0°C,94%,1015hPa,-,SE,7.2km/h/2.0m/s,-,N/A,,Clear
1997-8-16 10:00 PM,18.0°C,18.0°C,100%,1015hPa,-,Calm,Calm,-,N/A,,Clear
1997-8-16 11:00 PM,17.0°C,17.0°C,100%,1015hPa,-,ESE,3.6km/h/1.0m/s,-,N/A,,Clear
