Time (CST),Temp.,Windchill,Dew Point,Humidity,Pressure,Visibility,Wind Dir,Wind Speed,Gust Speed,Precip,Events,Conditions
1997-11-27 12:00 AM,-3.0°C,-,-9.0°C,64%,1023hPa,8.0km,Calm,Calm,-,N/A,,Scattered Clouds
1997-11-27 1:00 AM,-2.0°C,-,-8.0°C,64%,1023hPa,8.0km,Calm,Calm,-,N/A,,Scattered Clouds
1997-11-27 2:00 AM,-3.0°C,-,-8.0°C,69%,1023hPa,8.0km,Calm,Calm,-,N/A,,Clear
1997-11-27 3:00 AM,-2.0°C,-,-7.0°C,69%,1023hPa,6.0km,Calm,Calm,-,N/A,,Clear
1997-11-27 4:00 AM,-4.0°C,-,-9.0°C,69%,1023hPa,6.0km,NNW,3.6km/h/1.0m/s,-,N/A,,Clear
1997-11-27 5:00 AM,-3.0°C,-5.9°C,-8.0°C,69%,1023hPa,6.0km,North,7.2km/h/2.0m/s,-,N/A,,Clear
1997-11-27 6:00 AM,-2.0°C,-,-11.0°C,51%,1024hPa,4.0km,Calm,Calm,-,N/A,,Smoke
1997-11-27 7:00 AM,-2.0°C,-4.8°C,-9.0°C,59%,1024hPa,4.0km,NNW,7.2km/h/2.0m/s,-,N/A,,Smoke
1997-11-27 8:00 AM,-1.0°C,-,-11.0°C,47%,1025hPa,3.0km,North,3.6km/h/1.0m/s,-,N/A,,Smoke
1997-11-27 9:00 AM,0.0°C,-,-10.0°C,48%,1026hPa,2.6km,Calm,Calm,-,N/A,,Smoke
1997-11-27 10:00 AM,0.0°C,-,-9.0°C,51%,1026hPa,2.6km,Calm,Calm,-,N/A,,Smoke
1997-11-27 11:00 AM,1.0°C,-,-9.0°C,48%,1026hPa,2.6km,Calm,Calm,-,N/A,,Smoke
1997-11-27 12:00 PM,2.0°C,-,-9.0°C,44%,1026hPa,2.6km,NW,3.6km/h/1.0m/s,-,N/A,,Smoke
1997-11-27 1:00 PM,2.0°C,-,-8.0°C,48%,1025hPa,4.0km,Calm,Calm,-,N/A,,Smoke
1997-11-27 2:00 PM,3.0°C,1.0°C,-6.0°C,52%,1025hPa,4.0km,South,7.2km/h/2.0m/s,-,N/A,,Smoke
1997-11-27 3:00 PM,3.0°C,-,-5.0°C,56%,1025hPa,4.0km,SE,3.6km/h/1.0m/s,-,N/A,,Smoke
1997-11-27 4:00 PM,3.0°C,1.0°C,-4.0°C,60%,1025hPa,5.0km,South,7.2km/h/2.0m/s,-,N/A,,Smoke
1997-11-27 5:00 PM,2.0°C,-,-4.0°C,65%,1025hPa,5.0km,SSW,3.6km/h/1.0m/s,-,N/A,,Smoke
1997-11-27 6:00 PM,-1.0°C,-,-5.0°C,75%,1025hPa,4.0km,Calm,Calm,-,N/A,,Smoke
1997-11-27 7:00 PM,-1.0°C,-,-4.0°C,80%,1025hPa,4.0km,Calm,Calm,-,N/A,,Smoke
1997-11-27 8:00 PM,-1.0°C,-,-5.0°C,75%,1026hPa,3.0km,SE,3.6km/h/1.0m/s,-,N/A,,Smoke
1997-11-27 9:00 PM,-1.0°C,-3.6°C,-3.0°C,86%,1027hPa,4.0km,SE,7.2km/h/2.0m/s,-,N/A,,Overcast
1997-11-27 10:00 PM,-1.0°C,-,-3.0°C,86%,1027hPa,4.0km,East,3.6km/h/1.0m/s,-,N/A,,Overcast
1997-11-27 11:00 PM,-1.0°C,-,-3.0°C,86%,1027hPa,4.0km,East,3.6km/h/1.0m/s,-,N/A,,Overcast
