Time (CST),Temp.,Windchill,Dew Point,Humidity,Pressure,Visibility,Wind Dir,Wind Speed,Gust Speed,Precip,Events,Conditions
1998-12-1 12:00 AM,32.0°F,21.4°F,26.6°F,80%,30.12in,5.0mi,NE,15.7mph,-,N/A,,Mostly Cloudy
1998-12-1 1:00 AM,30.2°F,19.9°F,26.6°F,86%,30.12in,-,ENE,13.4mph,-,N/A,,Clear
1998-12-1 5:00 AM,30.2°F,19.9°F,24.8°F,80%,30.21in,6.2mi,ENE,13.4mph,-,N/A,,Mostly Cloudy
1998-12-1 6:00 AM,28.4°F,17.6°F,23.0°F,80%,30.21in,6.2mi,ENE,13.4mph,-,N/A,,Mostly Cloudy
1998-12-1 7:00 AM,28.4°F,17.6°F,23.0°F,80%,30.24in,6.2mi,NE,13.4mph,-,N/A,,Overcast
1998-12-1 8:00 AM,28.4°F,16.7°F,23.0°F,80%,30.27in,6.2mi,ENE,15.7mph,-,N/A,,Overcast
1998-12-1 9:00 AM,28.4°F,15.9°F,21.2°F,74%,30.30in,6.2mi,East,17.9mph,-,N/A,,Overcast
1998-12-1 10:00 AM,26.6°F,15.3°F,21.2°F,80%,30.33in,6.2mi,ENE,13.4mph,-,N/A,,Overcast
1998-12-1 11:00 AM,26.6°F,14.4°F,19.4°F,74%,30.33in,6.2mi,East,15.7mph,-,N/A,,Overcast
1998-12-1 12:00 PM,26.6°F,13.6°F,19.4°F,74%,30.33in,6.2mi,East,17.9mph,-,N/A,,Overcast
1998-12-1 1:00 PM,26.6°F,14.4°F,17.6°F,69%,30.30in,6.2mi,East,15.7mph,-,N/A,,Overcast
1998-12-1 2:00 PM,26.6°F,15.3°F,17.6°F,69%,30.30in,6.2mi,ENE,13.4mph,-,N/A,,Overcast
1998-12-1 3:00 PM,26.6°F,15.3°F,15.8°F,64%,30.30in,6.2mi,ENE,13.4mph,-,N/A,,Overcast
1998-12-1 4:00 PM,26.6°F,15.3°F,15.8°F,64%,30.30in,6.2mi,ENE,13.4mph,-,N/A,,Overcast
1998-12-1 5:00 PM,26.6°F,14.4°F,17.6°F,69%,30.33in,6.2mi,East,15.7mph,-,N/A,,Overcast
1998-12-1 6:00 PM,26.6°F,14.4°F,17.6°F,69%,30.33in,6.2mi,East,15.7mph,-,N/A,,Overcast
1998-12-1 7:00 PM,24.8°F,12.1°F,15.8°F,69%,30.36in,6.2mi,East,15.7mph,-,N/A,,Overcast
1998-12-1 8:00 PM,24.8°F,13.1°F,15.8°F,69%,30.39in,6.2mi,East,13.4mph,-,N/A,,Overcast
1998-12-1 9:00 PM,24.8°F,13.1°F,15.8°F,69%,30.42in,6.2mi,East,13.4mph,-,N/A,,Overcast
1998-12-1 10:00 PM,23.0°F,11.9°F,15.8°F,74%,30.45in,6.2mi,East,11.2mph,-,N/A,,Overcast
1998-12-1 11:00 PM,23.0°F,13.2°F,15.8°F,74%,30.45in,6.2mi,East,8.9mph,-,N/A,,Overcast
