Time (CST),Temp.,Dew Point,Humidity,Pressure,Visibility,Wind Dir,Wind Speed,Gust Speed,Precip,Events,Conditions
1998-12-26 12:00 AM,26.6°F,12.2°F,55%,30.24in,5.0mi,Calm,Calm,-,N/A,,Mostly Cloudy
1998-12-26 1:00 AM,23.0°F,12.2°F,63%,30.21in,5.0mi,Calm,Calm,-,N/A,,Mostly Cloudy
1998-12-26 4:00 AM,26.6°F,14.0°F,59%,30.21in,-,Calm,Calm,-,N/A,,Clear
1998-12-26 5:00 AM,24.8°F,14.0°F,64%,30.18in,5.0mi,NE,2.2mph,-,N/A,,Mostly Cloudy
1998-12-26 6:00 AM,23.0°F,14.0°F,68%,30.18in,5.0mi,East,2.2mph,-,N/A,,Mostly Cloudy
1998-12-26 7:00 AM,23.0°F,14.0°F,68%,30.21in,5.0mi,Calm,Calm,-,N/A,,Mostly Cloudy
1998-12-26 8:00 AM,21.2°F,12.2°F,68%,30.18in,3.7mi,ESE,2.2mph,-,N/A,,Mostly Cloudy
1998-12-26 9:00 AM,21.2°F,14.0°F,74%,30.21in,3.1mi,Calm,Calm,-,N/A,,Smoke
1998-12-26 10:00 AM,28.4°F,15.8°F,59%,30.21in,3.1mi,ESE,2.2mph,-,N/A,,Smoke
1998-12-26 11:00 AM,33.8°F,17.6°F,52%,30.18in,1.6mi,Calm,Calm,-,N/A,,Smoke
1998-12-26 12:00 PM,37.4°F,17.6°F,45%,30.15in,2.5mi,Calm,Calm,-,N/A,,Smoke
1998-12-26 1:00 PM,39.2°F,17.6°F,42%,30.12in,2.5mi,SSE,2.2mph,-,N/A,,Smoke
1998-12-26 2:00 PM,42.8°F,17.6°F,36%,30.09in,2.5mi,Calm,Calm,-,N/A,,Smoke
1998-12-26 3:00 PM,44.6°F,19.4°F,37%,30.06in,3.1mi,SW,2.2mph,-,N/A,,Smoke
1998-12-26 4:00 PM,44.6°F,19.4°F,37%,30.06in,4.3mi,SW,2.2mph,-,N/A,,Clear
1998-12-26 5:00 PM,39.2°F,17.6°F,42%,30.06in,3.1mi,Calm,Calm,-,N/A,,Smoke
1998-12-26 6:00 PM,33.8°F,15.8°F,48%,30.06in,3.1mi,ESE,2.2mph,-,N/A,,Smoke
1998-12-26 7:00 PM,30.2°F,15.8°F,55%,30.09in,4.3mi,Calm,Calm,-,N/A,,Clear
1998-12-26 8:00 PM,28.4°F,14.0°F,55%,30.09in,4.3mi,SE,2.2mph,-,N/A,,Clear
1998-12-26 9:00 PM,24.8°F,14.0°F,64%,30.12in,4.3mi,Calm,Calm,-,N/A,,Clear
1998-12-26 10:00 PM,23.0°F,14.0°F,68%,30.12in,4.3mi,ESE,2.2mph,-,N/A,,Clear
1998-12-26 11:00 PM,21.2°F,12.2°F,68%,30.12in,4.3mi,ENE,2.2mph,-,N/A,,Clear
