Time (CST),Temp.,Heat Index,Dew Point,Humidity,Pressure,Visibility,Wind Dir,Wind Speed,Gust Speed,Precip,Events,Conditions
1997-9-7 12:00 AM,22.0°C,-,17.0°C,73%,1015hPa,10.0km,East,21.6km/h/6.0m/s,-,N/A,,Clear
1997-9-7 1:00 AM,22.0°C,-,17.0°C,73%,1015hPa,10.0km,East,18.0km/h/5.0m/s,-,N/A,,Clear
1997-9-7 2:00 AM,22.0°C,-,16.0°C,69%,1015hPa,10.0km,NNE,7.2km/h/2.0m/s,-,N/A,,Clear
1997-9-7 5:00 AM,17.0°C,-,16.0°C,94%,1015hPa,10.0km,Calm,Calm,-,N/A,,Clear
1997-9-7 6:00 AM,17.0°C,-,16.0°C,94%,1015hPa,6.0km,Calm,Calm,-,N/A,,Clear
1997-9-7 7:00 AM,16.0°C,-,15.0°C,94%,1016hPa,5.0km,Calm,Calm,-,N/A,,Clear
1997-9-7 8:00 AM,20.0°C,-,16.0°C,78%,1016hPa,3.0km,Calm,Calm,-,N/A,,Clear
1997-9-7 9:00 AM,22.0°C,-,17.0°C,73%,1016hPa,5.0km,Calm,Calm,-,N/A,,Smoke
1997-9-7 10:00 AM,24.0°C,-,18.0°C,69%,1016hPa,7.0km,NNW,3.6km/h/1.0m/s,-,N/A,,Clear
1997-9-7 11:00 AM,27.0°C,28.2°C,19.0°C,61%,1016hPa,7.0km,WNW,7.2km/h/2.0m/s,-,N/A,,Clear
1997-9-7 12:00 PM,28.0°C,29.2°C,19.0°C,58%,1015hPa,8.0km,WSW,7.2km/h/2.0m/s,-,N/A,,Clear
1997-9-7 1:00 PM,30.0°C,31.2°C,19.0°C,51%,1014hPa,10.0km,NNW,7.2km/h/2.0m/s,-,N/A,,Clear
1997-9-7 2:00 PM,31.0°C,31.4°C,17.0°C,43%,1013hPa,10.0km,SSW,7.2km/h/2.0m/s,-,N/A,,Clear
1997-9-7 3:00 PM,33.0°C,32.1°C,14.0°C,31%,1012hPa,10.0km,SSW,7.2km/h/2.0m/s,-,N/A,,Clear
1997-9-7 4:00 PM,34.0°C,-,11.0°C,24%,1011hPa,10.0km,South,10.8km/h/3.0m/s,-,N/A,,Clear
1997-9-7 5:00 PM,33.0°C,32.1°C,14.0°C,31%,1011hPa,10.0km,WNW,7.2km/h/2.0m/s,-,N/A,,Clear
1997-9-7 6:00 PM,32.0°C,31.6°C,15.0°C,36%,1011hPa,-,Calm,Calm,-,N/A,,Clear
1997-9-7 7:00 PM,26.0°C,-,17.0°C,57%,1011hPa,-,SE,7.2km/h/2.0m/s,-,N/A,,Clear
1997-9-7 8:00 PM,29.0°C,28.8°C,15.0°C,42%,1012hPa,-,East,10.8km/h/3.0m/s,-,N/A,,Clear
1997-9-7 9:00 PM,27.0°C,27.5°C,16.0°C,51%,1013hPa,-,ESE,14.4km/h/4.0m/s,-,N/A,,Clear
1997-9-7 10:00 PM,26.0°C,-,13.0°C,44%,1013hPa,-,East,10.8km/h/3.0m/s,-,N/A,,Clear
1997-9-7 11:00 PM,23.0°C,-,17.0°C,69%,1013hPa,-,ESE,7.2km/h/2.0m/s,-,N/A,,Clear
