Time (CST),Temp.,Windchill,Dew Point,Humidity,Pressure,Visibility,Wind Dir,Wind Speed,Gust Speed,Precip,Events,Conditions
1998-12-16 12:00 AM,24.8°F,19.2°F,5.0°F,43%,30.18in,-,ESE,4.5mph,-,N/A,,Clear
1998-12-16 2:00 AM,19.4°F,-,3.2°F,49%,30.18in,-,ESE,2.2mph,-,N/A,,Clear
1998-12-16 5:00 AM,19.4°F,-,3.2°F,49%,30.18in,-,SE,2.2mph,-,N/A,,Clear
1998-12-16 6:00 AM,15.8°F,-,3.2°F,58%,30.18in,-,SSE,2.2mph,-,N/A,,Clear
1998-12-16 7:00 AM,17.6°F,-,3.2°F,53%,30.21in,-,Calm,Calm,-,N/A,,Clear
1998-12-16 8:00 AM,15.8°F,-,3.2°F,58%,30.21in,3.7mi,Calm,Calm,-,N/A,,Clear
1998-12-16 9:00 AM,23.0°F,-,6.8°F,50%,30.24in,3.7mi,SE,2.2mph,-,N/A,,Clear
1998-12-16 10:00 AM,32.0°F,-,8.6°F,38%,30.24in,3.7mi,Calm,Calm,-,N/A,,Clear
1998-12-16 11:00 AM,37.4°F,-,10.4°F,33%,30.24in,5.0mi,Calm,Calm,-,N/A,,Scattered Clouds
1998-12-16 12:00 PM,41.0°F,-,10.4°F,29%,30.21in,-,Calm,Calm,-,N/A,,Clear
1998-12-16 1:00 PM,44.6°F,42.3°F,6.8°F,21%,30.15in,-,South,4.5mph,-,N/A,,Clear
1998-12-16 2:00 PM,44.6°F,-,6.8°F,21%,30.12in,-,SW,2.2mph,-,N/A,,Clear
1998-12-16 3:00 PM,46.4°F,44.4°F,8.6°F,22%,30.12in,-,South,4.5mph,-,N/A,,Clear
1998-12-16 4:00 PM,46.4°F,-,8.6°F,22%,30.12in,-,South,2.2mph,-,N/A,,Clear
1998-12-16 5:00 PM,41.0°F,38.1°F,8.6°F,26%,30.12in,-,East,4.5mph,-,N/A,,Clear
1998-12-16 6:00 PM,33.8°F,-,6.8°F,32%,30.12in,-,East,2.2mph,-,N/A,,Clear
1998-12-16 7:00 PM,30.2°F,-,6.8°F,37%,30.12in,-,NE,2.2mph,-,N/A,,Clear
1998-12-16 8:00 PM,28.4°F,-,6.8°F,40%,30.12in,-,East,2.2mph,-,N/A,,Clear
1998-12-16 9:00 PM,24.8°F,-,3.2°F,40%,30.15in,-,SE,2.2mph,-,N/A,,Clear
1998-12-16 10:00 PM,24.8°F,19.2°F,5.0°F,43%,30.15in,-,SE,4.5mph,-,N/A,,Clear
1998-12-16 11:00 PM,23.0°F,-,5.0°F,46%,30.15in,-,Calm,Calm,-,N/A,,Clear
