Time (CST),Temp.,Windchill,Dew Point,Humidity,Pressure,Visibility,Wind Dir,Wind Speed,Gust Speed,Precip,Events,Conditions
1997-2-22 12:00 AM,5.0°C,1.3°C,-15.0°C,23%,1026hPa,-,ENE,18.0km/h/5.0m/s,-,N/A,,Clear
1997-2-22 1:00 AM,4.0°C,1.3°C,-16.0°C,22%,1026hPa,-,ESE,10.8km/h/3.0m/s,-,N/A,,Clear
1997-2-22 2:00 AM,4.0°C,1.3°C,-14.0°C,26%,1026hPa,-,SE,10.8km/h/3.0m/s,-,N/A,,Clear
1997-2-22 4:00 AM,4.0°C,0.1°C,-6.0°C,49%,1025hPa,-,SSE,18.0km/h/5.0m/s,-,N/A,,Clear
1997-2-22 5:00 AM,3.0°C,-0.6°C,-6.0°C,52%,1025hPa,-,East,14.4km/h/4.0m/s,-,N/A,,Clear
1997-2-22 6:00 AM,3.0°C,0.1°C,-8.0°C,45%,1025hPa,-,East,10.8km/h/3.0m/s,-,N/A,,Clear
1997-2-22 7:00 AM,2.0°C,-1.1°C,-7.0°C,52%,1025hPa,-,East,10.8km/h/3.0m/s,-,N/A,,Clear
1997-2-22 8:00 AM,3.0°C,1.0°C,-9.0°C,41%,1025hPa,-,ESE,7.2km/h/2.0m/s,-,N/A,,Clear
1997-2-22 9:00 AM,4.0°C,1.3°C,-9.0°C,39%,1025hPa,-,South,10.8km/h/3.0m/s,-,N/A,,Clear
1997-2-22 10:00 AM,5.0°C,1.3°C,-10.0°C,33%,1025hPa,-,South,18.0km/h/5.0m/s,-,N/A,,Clear
1997-2-22 11:00 AM,7.0°C,4.3°C,-9.0°C,31%,1025hPa,-,SSW,14.4km/h/4.0m/s,-,N/A,,Clear
1997-2-22 12:00 PM,7.0°C,5.7°C,-9.0°C,31%,1024hPa,-,SSW,7.2km/h/2.0m/s,-,N/A,,Clear
1997-2-22 1:00 PM,9.0°C,-,-9.0°C,27%,1023hPa,-,South,10.8km/h/3.0m/s,-,N/A,,Clear
1997-2-22 2:00 PM,9.0°C,-,-8.0°C,30%,1021hPa,-,South,21.6km/h/6.0m/s,-,N/A,,Clear
1997-2-22 3:00 PM,10.0°C,-,-9.0°C,26%,1020hPa,-,SSW,21.6km/h/6.0m/s,-,N/A,,Clear
1997-2-22 4:00 PM,10.0°C,-,-5.0°C,35%,1020hPa,-,South,10.8km/h/3.0m/s,-,N/A,,Clear
1997-2-22 5:00 PM,10.0°C,-,-4.0°C,37%,1019hPa,10.0km,WSW,7.2km/h/2.0m/s,-,N/A,,Clear
