Time (CST),Temp.,Dew Point,Humidity,Pressure,Visibility,Wind Dir,Wind Speed,Gust Speed,Precip,Events,Conditions
1997-6-12 12:00 AM,20.0°C,3.0°C,33%,1009hPa,10.0km,Calm,Calm,-,N/A,,Clear
1997-6-12 1:00 AM,21.0°C,5.0°C,35%,1009hPa,10.0km,East,7.2km/h/2.0m/s,-,N/A,,Clear
1997-6-12 2:00 AM,19.0°C,4.0°C,37%,1009hPa,10.0km,Calm,Calm,-,N/A,,Clear
1997-6-12 3:00 AM,19.0°C,4.0°C,37%,1009hPa,10.0km,Calm,Calm,-,N/A,,Clear
1997-6-12 5:00 AM,17.0°C,5.0°C,45%,1010hPa,8.0km,Calm,Calm,-,N/A,,Partly Cloudy
1997-6-12 7:00 AM,18.0°C,6.0°C,45%,1011hPa,5.0km,Calm,Calm,-,N/A,,Smoke
1997-6-12 8:00 AM,21.0°C,6.0°C,38%,1011hPa,5.0km,North,10.8km/h/3.0m/s,-,N/A,,Smoke
1997-6-12 9:00 AM,24.0°C,7.0°C,34%,1011hPa,8.0km,Calm,Calm,-,N/A,,Clear
1997-6-12 10:00 AM,26.0°C,6.0°C,28%,1011hPa,10.0km,Calm,Calm,-,N/A,,Clear
1997-6-12 11:00 AM,28.0°C,5.0°C,23%,1011hPa,-,SW,7.2km/h/2.0m/s,-,N/A,,Clear
1997-6-12 12:00 PM,30.0°C,2.0°C,17%,1010hPa,10.0km,West,18.0km/h/5.0m/s,-,N/A,,Partly Cloudy
1997-6-12 1:00 PM,32.0°C,6.0°C,20%,1009hPa,10.0km,South,21.6km/h/6.0m/s,-,N/A,,Scattered Clouds
1997-6-12 2:00 PM,32.0°C,3.0°C,16%,1009hPa,10.0km,WSW,25.2km/h/7.0m/s,-,N/A,,Scattered Clouds
1997-6-12 3:00 PM,34.0°C,1.0°C,12%,1008hPa,10.0km,WSW,21.6km/h/6.0m/s,-,N/A,,Partly Cloudy
1997-6-12 4:00 PM,33.0°C,-1.0°C,11%,1008hPa,10.0km,NE,21.6km/h/6.0m/s,-,N/A,,Partly Cloudy
1997-6-12 7:00 PM,29.0°C,1.0°C,16%,1009hPa,10.0km,SE,10.8km/h/3.0m/s,-,N/A,,Mostly Cloudy
1997-6-12 9:00 PM,26.0°C,5.0°C,26%,1011hPa,10.0km,SSE,7.2km/h/2.0m/s,-,N/A,,Clear
1997-6-12 10:00 PM,24.0°C,7.0°C,34%,1012hPa,10.0km,Calm,Calm,-,N/A,,Clear
1997-6-12 11:00 PM,22.0°C,7.0°C,38%,1012hPa,10.0km,ESE,7.2km/h/2.0m/s,-,N/A,,Clear
