Time (CST),Temp.,Windchill,Dew Point,Humidity,Pressure,Visibility,Wind Dir,Wind Speed,Gust Speed,Precip,Events,Conditions
1997-10-27 12:00 AM,1.0°C,-,-14.0°C,32%,1030hPa,10.0km,ENE,3.6km/h/1.0m/s,-,N/A,,Clear
1997-10-27 1:00 AM,-2.0°C,-4.8°C,-15.0°C,37%,1031hPa,10.0km,SSE,7.2km/h/2.0m/s,-,N/A,,Clear
1997-10-27 2:00 AM,-2.0°C,-4.8°C,-16.0°C,34%,1030hPa,10.0km,East,7.2km/h/2.0m/s,-,N/A,,Clear
1997-10-27 3:00 AM,-4.0°C,-7.1°C,-15.0°C,43%,1030hPa,10.0km,SE,7.2km/h/2.0m/s,-,N/A,,Clear
1997-10-27 4:00 AM,-4.0°C,-,-16.0°C,40%,1030hPa,10.0km,Calm,Calm,-,N/A,,Clear
1997-10-27 5:00 AM,-3.0°C,-,-13.0°C,47%,1031hPa,10.0km,Calm,Calm,-,N/A,,Clear
1997-10-27 6:00 AM,-4.0°C,-7.1°C,-15.0°C,43%,1031hPa,10.0km,ENE,7.2km/h/2.0m/s,-,N/A,,Clear
1997-10-27 7:00 AM,-4.0°C,-7.1°C,-14.0°C,46%,1031hPa,10.0km,SSE,7.2km/h/2.0m/s,-,N/A,,Clear
1997-10-27 8:00 AM,-2.0°C,-,-15.0°C,37%,1032hPa,8.0km,SSE,3.6km/h/1.0m/s,-,N/A,,Clear
1997-10-27 9:00 AM,2.0°C,-,-15.0°C,28%,1032hPa,10.0km,SW,3.6km/h/1.0m/s,-,N/A,,Clear
1997-10-27 10:00 AM,7.0°C,5.7°C,-14.0°C,21%,1032hPa,8.0km,West,7.2km/h/2.0m/s,-,N/A,,Clear
1997-10-27 11:00 AM,9.0°C,-,-16.0°C,16%,1031hPa,8.0km,NW,7.2km/h/2.0m/s,-,N/A,,Clear
1997-10-27 12:00 PM,11.0°C,-,-17.0°C,13%,1030hPa,10.0km,WNW,10.8km/h/3.0m/s,-,N/A,,Clear
1997-10-27 1:00 PM,12.0°C,-,-18.0°C,11%,1029hPa,10.0km,West,10.8km/h/3.0m/s,-,N/A,,Clear
1997-10-27 2:00 PM,12.0°C,-,-19.0°C,10%,1028hPa,10.0km,SSW,7.2km/h/2.0m/s,-,N/A,,Clear
1997-10-27 3:00 PM,13.0°C,-,-18.0°C,10%,1027hPa,10.0km,South,10.8km/h/3.0m/s,-,N/A,,Clear
1997-10-27 4:00 PM,13.0°C,-,-18.0°C,10%,1027hPa,10.0km,SSE,7.2km/h/2.0m/s,-,N/A,,Clear
1997-10-27 5:00 PM,12.0°C,-,-17.0°C,12%,1027hPa,10.0km,WSW,7.2km/h/2.0m/s,-,N/A,,Clear
1997-10-27 6:00 PM,8.0°C,-,-15.0°C,18%,1027hPa,10.0km,Calm,Calm,-,N/A,,Clear
1997-10-27 7:00 PM,5.0°C,3.4°C,-13.0°C,26%,1027hPa,10.0km,ENE,7.2km/h/2.0m/s,-,N/A,,Clear
1997-10-27 8:00 PM,2.0°C,-0.1°C,-14.0°C,30%,1028hPa,10.0km,SE,7.2km/h/2.0m/s,-,N/A,,Clear
1997-10-27 9:00 PM,1.0°C,-1.3°C,-13.0°C,35%,1028hPa,10.0km,South,7.2km/h/2.0m/s,-,N/A,,Clear
1997-10-27 10:00 PM,2.0°C,-,-13.0°C,33%,1029hPa,10.0km,SE,3.6km/h/1.0m/s,-,N/A,,Clear
1997-10-27 11:00 PM,1.0°C,-,-13.0°C,35%,1029hPa,10.0km,Calm,Calm,-,N/A,,Clear
