Time (CST),Temp.,Windchill,Dew Point,Humidity,Pressure,Visibility,Wind Dir,Wind Speed,Gust Speed,Precip,Events,Conditions
1998-12-24 12:00 AM,23.0°F,-,6.8°F,50%,30.33in,-,Calm,Calm,-,N/A,,Clear
1998-12-24 1:00 AM,19.4°F,-,6.8°F,58%,30.33in,-,East,2.2mph,-,N/A,,Clear
1998-12-24 4:00 AM,17.6°F,-,6.8°F,63%,30.33in,-,East,2.2mph,-,N/A,,Clear
1998-12-24 5:00 AM,17.6°F,-,6.8°F,63%,30.33in,-,ESE,2.2mph,-,N/A,,Clear
1998-12-24 6:00 AM,-,-,-,N/A%,-,-,Calm,Calm,-,N/A,,Clear
1998-12-24 7:00 AM,15.8°F,-,6.8°F,68%,30.33in,-,Calm,Calm,-,N/A,,Clear
1998-12-24 8:00 AM,15.8°F,-,6.8°F,68%,30.33in,-,ESE,2.2mph,-,N/A,,Clear
1998-12-24 9:00 AM,21.2°F,-,8.6°F,58%,30.33in,3.1mi,Calm,Calm,-,N/A,,Smoke
1998-12-24 10:00 AM,24.8°F,-,10.4°F,54%,30.36in,3.1mi,ESE,2.2mph,-,N/A,,Smoke
1998-12-24 11:00 AM,30.2°F,-,10.4°F,44%,30.33in,3.1mi,SE,2.2mph,-,N/A,,Smoke
1998-12-24 1:00 PM,35.6°F,-,12.2°F,38%,30.27in,5.0mi,Calm,Calm,-,N/A,,Clear
1998-12-24 2:00 PM,39.2°F,-,12.2°F,33%,30.24in,5.0mi,Calm,Calm,-,N/A,,Clear
1998-12-24 3:00 PM,39.2°F,-,12.2°F,33%,30.21in,4.3mi,Calm,Calm,-,N/A,,Clear
1998-12-24 4:00 PM,41.0°F,-,12.2°F,31%,30.21in,3.7mi,South,2.2mph,-,N/A,,Mostly Cloudy
1998-12-24 5:00 PM,35.6°F,-,12.2°F,38%,30.21in,3.7mi,Calm,Calm,-,N/A,,Mostly Cloudy
1998-12-24 6:00 PM,33.8°F,-,10.4°F,38%,30.21in,3.7mi,Calm,Calm,-,N/A,,Mostly Cloudy
1998-12-24 7:00 PM,32.0°F,-,10.4°F,41%,30.24in,3.1mi,Calm,Calm,-,N/A,,Smoke
1998-12-24 8:00 PM,28.4°F,-,10.4°F,47%,30.24in,3.1mi,East,2.2mph,-,N/A,,Smoke
1998-12-24 9:00 PM,26.6°F,-,8.6°F,47%,30.24in,3.7mi,ESE,2.2mph,-,N/A,,Mostly Cloudy
1998-12-24 10:00 PM,26.6°F,-,10.4°F,51%,30.24in,3.7mi,ESE,2.2mph,-,N/A,,Mostly Cloudy
1998-12-24 11:00 PM,28.4°F,23.4°F,12.2°F,51%,30.24in,3.7mi,ESE,4.5mph,-,N/A,,Mostly Cloudy
