Time (CST),Temp.,Windchill,Dew Point,Humidity,Pressure,Visibility,Wind Dir,Wind Speed,Gust Speed,Precip,Events,Conditions
1998-12-29 12:00 AM,15.8°F,8.7°F,-2.2°F,45%,30.42in,-,ESE,4.5mph,-,N/A,,Clear
1998-12-29 1:00 AM,15.8°F,-,-2.2°F,45%,30.42in,-,NE,2.2mph,-,N/A,,Clear
1998-12-29 4:00 AM,14.0°F,-,-4.0°F,45%,30.39in,-,Calm,Calm,-,N/A,,Clear
1998-12-29 5:00 AM,12.2°F,-,-4.0°F,48%,30.39in,-,East,2.2mph,-,N/A,,Clear
1998-12-29 6:00 AM,12.2°F,-,-5.8°F,45%,30.39in,-,East,2.2mph,-,N/A,,Clear
1998-12-29 7:00 AM,10.4°F,-,-4.0°F,52%,30.39in,-,ESE,2.2mph,-,N/A,,Clear
1998-12-29 8:00 AM,12.2°F,-,-2.2°F,53%,30.39in,5.0mi,East,2.2mph,-,N/A,,Clear
1998-12-29 9:00 AM,15.8°F,-,-0.4°F,49%,30.39in,5.0mi,Calm,Calm,-,N/A,,Clear
1998-12-29 10:00 AM,24.8°F,19.2°F,-5.8°F,26%,30.39in,5.0mi,NNE,4.5mph,-,N/A,,Clear
1998-12-29 11:00 AM,-,-,-,N/A%,30.39in,5.0mi,Calm,Calm,-,N/A,,Clear
1998-12-29 12:00 PM,32.0°F,-,-2.2°F,23%,30.36in,3.7mi,Calm,Calm,-,N/A,,Clear
1998-12-29 1:00 PM,33.8°F,-,-4.0°F,20%,30.30in,5.0mi,WSW,2.2mph,-,N/A,,Clear
1998-12-29 2:00 PM,35.6°F,-,-2.2°F,20%,30.27in,-,SSE,2.2mph,-,N/A,,Clear
1998-12-29 3:00 PM,35.6°F,-,-0.4°F,22%,30.27in,-,Calm,Calm,-,N/A,,Clear
1998-12-29 4:00 PM,35.6°F,-,-0.4°F,22%,30.27in,-,Calm,Calm,-,N/A,,Clear
1998-12-29 5:00 PM,33.8°F,-,3.2°F,28%,30.27in,-,NW,2.2mph,-,N/A,,Clear
1998-12-29 6:00 PM,30.2°F,-,3.2°F,32%,30.27in,-,NW,2.2mph,-,N/A,,Clear
1998-12-29 7:00 PM,30.2°F,-,5.0°F,34%,30.30in,-,NW,2.2mph,-,N/A,,Clear
1998-12-29 8:00 PM,30.2°F,25.5°F,-0.4°F,27%,30.30in,-,NNE,4.5mph,-,N/A,,Clear
1998-12-29 9:00 PM,28.4°F,-,3.2°F,34%,30.33in,-,NNE,2.2mph,-,N/A,,Clear
1998-12-29 10:00 PM,28.4°F,-,3.2°F,34%,30.33in,-,Calm,Calm,-,N/A,,Clear
1998-12-29 11:00 PM,26.6°F,-,6.8°F,43%,30.33in,-,Calm,Calm,-,N/A,,Clear
