Time (CST),Temp.,Windchill,Dew Point,Humidity,Pressure,Visibility,Wind Dir,Wind Speed,Gust Speed,Precip,Events,Conditions
1998-12-15 12:00 AM,24.8°F,19.2°F,8.6°F,50%,30.30in,-,West,4.5mph,-,N/A,,Clear
1998-12-15 1:00 AM,19.4°F,12.9°F,6.8°F,58%,30.27in,-,ESE,4.5mph,-,N/A,,Clear
1998-12-15 2:00 AM,21.2°F,-,8.6°F,58%,30.27in,-,Calm,Calm,-,N/A,,Clear
1998-12-15 3:00 AM,19.4°F,-,8.6°F,63%,30.24in,-,Calm,Calm,-,N/A,,Clear
1998-12-15 4:00 AM,17.6°F,-,6.8°F,63%,30.21in,-,Calm,Calm,-,N/A,,Clear
1998-12-15 5:00 AM,17.6°F,-,6.8°F,63%,30.21in,-,Calm,Calm,-,N/A,,Clear
1998-12-15 6:00 AM,17.6°F,-,6.8°F,63%,30.18in,-,East,2.2mph,-,N/A,,Clear
1998-12-15 7:00 AM,15.8°F,-,6.8°F,68%,30.18in,-,East,2.2mph,-,N/A,,Clear
1998-12-15 8:00 AM,17.6°F,-,6.8°F,63%,30.18in,-,East,2.2mph,-,N/A,,Clear
1998-12-15 9:00 AM,23.0°F,-,10.4°F,59%,30.18in,3.7mi,ESE,2.2mph,-,N/A,,Clear
1998-12-15 10:00 AM,30.2°F,25.5°F,10.4°F,44%,30.18in,3.1mi,SE,4.5mph,-,N/A,,Smoke
1998-12-15 11:00 AM,33.8°F,-,10.4°F,38%,30.15in,3.1mi,South,2.2mph,-,N/A,,Smoke
1998-12-15 12:00 PM,39.2°F,36.0°F,12.2°F,33%,30.12in,3.1mi,WSW,4.5mph,-,N/A,,Smoke
1998-12-15 1:00 PM,46.4°F,42.0°F,12.2°F,25%,30.09in,-,WSW,8.9mph,-,N/A,,Clear
1998-12-15 2:00 PM,48.2°F,-,10.4°F,22%,30.06in,-,SW,4.5mph,-,N/A,,Clear
1998-12-15 3:00 PM,50.0°F,-,10.4°F,20%,30.04in,-,SW,2.2mph,-,N/A,,Clear
1998-12-15 4:00 PM,50.0°F,-,6.8°F,17%,30.06in,-,SW,2.2mph,-,N/A,,Clear
1998-12-15 5:00 PM,46.4°F,-,8.6°F,22%,30.06in,-,WSW,2.2mph,-,N/A,,Clear
1998-12-15 6:00 PM,44.6°F,42.3°F,3.2°F,18%,30.09in,-,WNW,4.5mph,-,N/A,,Clear
1998-12-15 7:00 PM,41.0°F,35.4°F,3.2°F,21%,30.09in,-,NW,8.9mph,-,N/A,,Clear
1998-12-15 8:00 PM,42.8°F,-,5.0°F,21%,30.12in,-,SSW,2.2mph,-,N/A,,Clear
1998-12-15 9:00 PM,39.2°F,36.0°F,5.0°F,24%,30.12in,-,West,4.5mph,-,N/A,,Clear
1998-12-15 10:00 PM,37.4°F,33.9°F,5.0°F,26%,30.15in,-,West,4.5mph,-,N/A,,Clear
1998-12-15 11:00 PM,33.8°F,-,5.0°F,30%,30.15in,-,Calm,Calm,-,N/A,,Clear
