Time (CST),Temp.,Windchill,Dew Point,Humidity,Pressure,Visibility,Wind Dir,Wind Speed,Gust Speed,Precip,Events,Conditions
1998-11-24 12:00 AM,41.0°F,36.5°F,19.4°F,42%,30.21in,-,NW,6.7mph,-,N/A,,Clear
1998-11-24 1:00 AM,37.4°F,-,17.6°F,45%,30.21in,-,East,2.2mph,-,N/A,,Clear
1998-11-24 2:00 AM,35.6°F,-,15.8°F,44%,30.21in,-,NNE,2.2mph,-,N/A,,Clear
1998-11-24 3:00 AM,32.0°F,27.6°F,14.0°F,48%,30.24in,-,NNW,4.5mph,-,N/A,,Clear
1998-11-24 4:00 AM,32.0°F,27.6°F,15.8°F,51%,30.24in,-,NNW,4.5mph,-,N/A,,Clear
1998-11-24 5:00 AM,33.8°F,-,14.0°F,44%,30.24in,-,East,2.2mph,-,N/A,,Unknown
1998-11-24 6:00 AM,32.0°F,-,14.0°F,48%,30.27in,-,Calm,Calm,-,N/A,,Clear
1998-11-24 7:00 AM,28.4°F,-,14.0°F,55%,30.27in,-,Calm,Calm,-,N/A,,Clear
1998-11-24 8:00 AM,26.6°F,19.2°F,14.0°F,59%,30.27in,-,North,6.7mph,-,N/A,,Clear
1998-11-24 9:00 AM,35.6°F,-,15.8°F,44%,30.30in,-,Calm,Calm,-,N/A,,Clear
1998-11-24 10:00 AM,41.0°F,38.1°F,14.0°F,33%,30.30in,-,NNW,4.5mph,-,N/A,,Clear
1998-11-24 11:00 AM,46.4°F,-,15.8°F,29%,30.27in,-,NNW,2.2mph,-,N/A,,Clear
1998-11-24 12:00 PM,48.2°F,-,15.8°F,27%,30.24in,-,WNW,4.5mph,-,N/A,,Clear
1998-11-24 1:00 PM,51.8°F,-,17.6°F,26%,30.21in,-,ENE,2.2mph,-,N/A,,Clear
1998-11-24 2:00 PM,51.8°F,-,19.4°F,28%,30.18in,-,East,11.2mph,-,N/A,,Clear
1998-11-24 3:00 PM,50.0°F,-,21.2°F,32%,3.01in,4.3mi,East,13.4mph,-,N/A,,Clear
1998-11-24 4:00 PM,50.0°F,-,21.2°F,32%,30.18in,3.7mi,East,15.7mph,-,N/A,,Clear
1998-11-24 5:00 PM,37.4°F,28.3°F,23.0°F,56%,30.21in,2.5mi,East,15.7mph,-,N/A,,Sand
1998-11-24 6:00 PM,33.8°F,22.3°F,23.0°F,65%,30.21in,4.3mi,East,20.1mph,-,N/A,,Clear
1998-11-24 7:00 PM,33.8°F,24.5°F,23.0°F,65%,30.24in,5.0mi,East,13.4mph,-,N/A,,Clear
1998-11-24 8:00 PM,33.8°F,25.4°F,23.0°F,65%,30.24in,5.0mi,East,11.2mph,-,N/A,,Clear
1998-11-24 9:00 PM,32.0°F,24.3°F,23.0°F,69%,30.27in,5.0mi,East,8.9mph,-,N/A,,Clear
1998-11-24 10:00 PM,32.0°F,25.7°F,23.0°F,69%,30.27in,5.0mi,East,6.7mph,-,N/A,,Clear
1998-11-24 11:00 PM,30.2°F,25.5°F,23.0°F,75%,30.27in,-,East,4.5mph,-,N/A,,Clear
