Time (CST),Temp.,Heat Index,Dew Point,Humidity,Pressure,Visibility,Wind Dir,Wind Speed,Gust Speed,Precip,Events,Conditions
1997-8-27 12:00 AM,24.0°C,-,14.0°C,53%,1013hPa,10.0km,East,14.4km/h/4.0m/s,-,N/A,,Clear
1997-8-27 1:00 AM,23.0°C,-,14.0°C,57%,1013hPa,10.0km,ENE,10.8km/h/3.0m/s,-,N/A,,Clear
1997-8-27 2:00 AM,22.0°C,-,14.0°C,60%,1013hPa,10.0km,East,7.2km/h/2.0m/s,-,N/A,,Clear
1997-8-27 3:00 AM,17.0°C,-,15.0°C,88%,1013hPa,10.0km,SE,10.8km/h/3.0m/s,-,N/A,,Clear
1997-8-27 4:00 AM,16.0°C,-,14.0°C,88%,1013hPa,10.0km,SE,7.2km/h/2.0m/s,-,N/A,,Clear
1997-8-27 5:00 AM,16.0°C,-,13.0°C,82%,1013hPa,10.0km,SE,10.8km/h/3.0m/s,-,N/A,,Clear
1997-8-27 6:00 AM,14.0°C,-,13.0°C,94%,1014hPa,10.0km,ESE,7.2km/h/2.0m/s,-,N/A,,Clear
1997-8-27 7:00 AM,17.0°C,-,15.0°C,88%,1014hPa,10.0km,Calm,Calm,-,N/A,,Clear
1997-8-27 8:00 AM,22.0°C,-,17.0°C,73%,1014hPa,10.0km,ESE,7.2km/h/2.0m/s,-,N/A,,Clear
1997-8-27 9:00 AM,24.0°C,-,18.0°C,69%,1014hPa,10.0km,SSW,7.2km/h/2.0m/s,-,N/A,,Clear
1997-8-27 10:00 AM,26.0°C,-,17.0°C,57%,1013hPa,10.0km,SE,7.2km/h/2.0m/s,-,N/A,,Clear
1997-8-27 11:00 AM,27.0°C,27.7°C,17.0°C,54%,1013hPa,10.0km,South,10.8km/h/3.0m/s,-,N/A,,Clear
1997-8-27 12:00 PM,29.0°C,29.1°C,16.0°C,45%,1012hPa,10.0km,SSE,10.8km/h/3.0m/s,-,N/A,,Clear
1997-8-27 1:00 PM,29.0°C,28.8°C,15.0°C,42%,1011hPa,10.0km,SSW,7.2km/h/2.0m/s,-,N/A,,Clear
1997-8-27 2:00 PM,31.0°C,30.6°C,15.0°C,38%,1010hPa,10.0km,SSW,10.8km/h/3.0m/s,-,N/A,,Clear
1997-8-27 3:00 PM,32.0°C,30.9°C,13.0°C,31%,1009hPa,10.0km,WSW,10.8km/h/3.0m/s,-,N/A,,Clear
1997-8-27 4:00 PM,33.0°C,33.0°C,16.0°C,36%,1008hPa,10.0km,SSW,7.2km/h/2.0m/s,-,N/A,,Clear
1997-8-27 5:00 PM,32.0°C,32.3°C,17.0°C,40%,1008hPa,10.0km,SW,7.2km/h/2.0m/s,-,N/A,,Clear
1997-8-27 6:00 PM,31.0°C,31.9°C,18.0°C,46%,1008hPa,10.0km,SSW,7.2km/h/2.0m/s,-,N/A,,Clear
1997-8-27 7:00 PM,28.0°C,29.7°C,20.0°C,62%,1008hPa,10.0km,Calm,Calm,-,N/A,,Clear
1997-8-27 8:00 PM,23.0°C,-,18.0°C,73%,1009hPa,10.0km,ESE,7.2km/h/2.0m/s,-,N/A,,Clear
1997-8-27 9:00 PM,23.0°C,-,18.0°C,73%,1009hPa,10.0km,SE,10.8km/h/3.0m/s,-,N/A,,Clear
1997-8-27 11:00 PM,22.0°C,-,18.0°C,78%,1009hPa,10.0km,SE,7.2km/h/2.0m/s,-,N/A,,Clear
