Time (CST),Temp.,Dew Point,Humidity,Pressure,Visibility,Wind Dir,Wind Speed,Gust Speed,Precip,Events,Conditions
1997-5-25 12:00 AM,22.0°C,4.0°C,31%,1007hPa,10.0km,South,10.8km/h/3.0m/s,-,N/A,,Scattered Clouds
1997-5-25 1:00 AM,21.0°C,3.0°C,31%,1007hPa,10.0km,South,10.8km/h/3.0m/s,-,N/A,,Clear
1997-5-25 2:00 AM,18.0°C,3.0°C,37%,1007hPa,10.0km,East,10.8km/h/3.0m/s,-,N/A,,Clear
1997-5-25 3:00 AM,17.0°C,3.0°C,39%,1007hPa,10.0km,East,10.8km/h/3.0m/s,-,N/A,,Clear
1997-5-25 4:00 AM,18.0°C,2.0°C,34%,1007hPa,10.0km,East,10.8km/h/3.0m/s,-,N/A,,Clear
1997-5-25 5:00 AM,17.0°C,2.0°C,37%,1007hPa,10.0km,East,14.4km/h/4.0m/s,-,N/A,,Clear
1997-5-25 6:00 AM,17.0°C,2.0°C,37%,1008hPa,-,East,10.8km/h/3.0m/s,-,N/A,,Clear
1997-5-25 7:00 AM,18.0°C,4.0°C,40%,1008hPa,-,East,10.8km/h/3.0m/s,-,N/A,,Clear
1997-5-25 8:00 AM,20.0°C,4.0°C,35%,1008hPa,-,SE,7.2km/h/2.0m/s,-,N/A,,Clear
1997-5-25 9:00 AM,22.0°C,5.0°C,33%,1007hPa,-,South,7.2km/h/2.0m/s,-,N/A,,Clear
1997-5-25 10:00 AM,26.0°C,4.0°C,24%,1007hPa,-,SW,10.8km/h/3.0m/s,-,N/A,,Clear
1997-5-25 11:00 AM,26.0°C,4.0°C,24%,1006hPa,-,SSW,25.2km/h/7.0m/s,-,N/A,,Clear
1997-5-25 12:00 PM,29.0°C,5.0°C,22%,1005hPa,10.0km,WSW,18.0km/h/5.0m/s,-,N/A,,Partly Cloudy
1997-5-25 1:00 PM,30.0°C,5.0°C,20%,1004hPa,10.0km,SW,18.0km/h/5.0m/s,-,N/A,,Partly Cloudy
1997-5-25 3:00 PM,31.0°C,0.0°C,14%,1003hPa,10.0km,WSW,28.8km/h/8.0m/s,-,N/A,,Scattered Clouds
1997-5-25 4:00 PM,29.0°C,1.0°C,16%,1003hPa,10.0km,WSW,32.4km/h/9.0m/s,-,N/A,,Mostly Cloudy
1997-5-25 5:00 PM,28.0°C,4.0°C,21%,1003hPa,10.0km,West,18.0km/h/5.0m/s,-,N/A,,Mostly Cloudy
1997-5-25 6:00 PM,28.0°C,6.0°C,25%,1003hPa,10.0km,NNW,10.8km/h/3.0m/s,-,N/A,,Mostly Cloudy
1997-5-25 7:00 PM,24.0°C,6.0°C,31%,-,10.0km,WNW,39.6km/h/11.0m/s,-,N/A,Thunderstorm,Light Thunderstorm
1997-5-25 8:00 PM,23.0°C,8.0°C,38%,-,10.0km,Calm,Calm,-,N/A,Rain,Light Rain
1997-5-25 9:00 PM,21.0°C,11.0°C,53%,1006hPa,10.0km,South,10.8km/h/3.0m/s,-,N/A,,Mostly Cloudy
1997-5-25 10:00 PM,20.0°C,12.0°C,60%,1007hPa,10.0km,Calm,Calm,-,N/A,,Overcast
1997-5-25 11:00 PM,20.0°C,11.0°C,56%,1007hPa,10.0km,NNE,10.8km/h/3.0m/s,-,N/A,,Partly Cloudy
