Time (CST),Temp.,Windchill,Dew Point,Humidity,Pressure,Visibility,Wind Dir,Wind Speed,Gust Speed,Precip,Events,Conditions
1997-1-23 12:00 AM,-2.0°C,-8.9°C,-17.0°C,31%,1023hPa,-,North,28.8km/h/8.0m/s,-,N/A,,Clear
1997-1-23 1:00 AM,-3.0°C,-9.3°C,-18.0°C,31%,1023hPa,-,North,21.6km/h/6.0m/s,-,N/A,,Clear
1997-1-23 5:00 AM,-7.0°C,-12.9°C,-20.0°C,36%,1023hPa,-,NNE,14.4km/h/4.0m/s,-,N/A,,Clear
1997-1-23 6:00 AM,-7.0°C,-12.9°C,-19.0°C,39%,1023hPa,-,NNW,14.4km/h/4.0m/s,-,N/A,,Clear
1997-1-23 7:00 AM,-6.0°C,-13.1°C,-19.0°C,36%,1023hPa,-,North,21.6km/h/6.0m/s,-,N/A,,Clear
1997-1-23 8:00 AM,-7.0°C,-14.3°C,-21.0°C,33%,1024hPa,-,North,21.6km/h/6.0m/s,-,N/A,,Clear
1997-1-23 9:00 AM,-6.0°C,-11.6°C,-20.0°C,33%,1024hPa,-,NE,14.4km/h/4.0m/s,-,N/A,,Clear
1997-1-23 11:00 AM,-4.0°C,-9.9°C,-22.0°C,24%,1024hPa,-,NNW,18.0km/h/5.0m/s,-,N/A,,Clear
1997-1-23 1:00 PM,-1.0°C,-4.7°C,-16.0°C,32%,1022hPa,-,WSW,10.8km/h/3.0m/s,-,N/A,,Clear
1997-1-23 2:00 PM,0.0°C,-4.3°C,-16.0°C,30%,1021hPa,-,WSW,14.4km/h/4.0m/s,-,N/A,,Clear
1997-1-23 4:00 PM,1.0°C,-3.0°C,-13.0°C,35%,1020hPa,-,SW,14.4km/h/4.0m/s,-,N/A,,Clear
1997-1-23 5:00 PM,0.0°C,-3.5°C,-15.0°C,32%,1020hPa,10.0km,SSW,10.8km/h/3.0m/s,-,N/A,,Clear
1997-1-23 6:00 PM,-1.0°C,-,-14.0°C,37%,1021hPa,-,SSW,3.6km/h/1.0m/s,-,N/A,,Clear
1997-1-23 7:00 PM,-2.0°C,-4.8°C,-15.0°C,37%,1021hPa,-,ENE,7.2km/h/2.0m/s,-,N/A,,Clear
1997-1-23 8:00 PM,-4.0°C,-,-16.0°C,40%,1021hPa,-,Calm,Calm,-,N/A,,Clear
1997-1-23 9:00 PM,-6.0°C,-,-16.0°C,46%,1021hPa,10.0km,Calm,Calm,-,N/A,,Clear
1997-1-23 10:00 PM,-6.0°C,-9.4°C,-17.0°C,42%,1022hPa,10.0km,ENE,7.2km/h/2.0m/s,-,N/A,,Clear
1997-1-23 11:00 PM,-7.0°C,-10.6°C,-16.0°C,49%,1022hPa,10.0km,East,7.2km/h/2.0m/s,-,N/A,,Clear
