Time (CST),Temp.,Windchill,Dew Point,Humidity,Pressure,Visibility,Wind Dir,Wind Speed,Gust Speed,Precip,Events,Conditions
1997-2-19 12:00 AM,-4.0°C,-7.1°C,-23.0°C,22%,1025hPa,10.0km,East,7.2km/h/2.0m/s,-,N/A,,Clear
1997-2-19 1:00 AM,-4.0°C,-8.3°C,-22.0°C,24%,1025hPa,10.0km,East,10.8km/h/3.0m/s,-,N/A,,Clear
1997-2-19 2:00 AM,-4.0°C,-8.3°C,-22.0°C,24%,1025hPa,10.0km,East,10.8km/h/3.0m/s,-,N/A,,Clear
1997-2-19 3:00 AM,-6.0°C,-,-21.0°C,30%,1025hPa,10.0km,Calm,Calm,-,N/A,,Clear
1997-2-19 4:00 AM,-8.0°C,-,-22.0°C,32%,1024hPa,10.0km,Calm,Calm,-,N/A,,Clear
1997-2-19 5:00 AM,-8.0°C,-,-20.0°C,38%,1024hPa,10.0km,Calm,Calm,-,N/A,,Clear
1997-2-19 6:00 AM,-8.0°C,-,-20.0°C,38%,1024hPa,10.0km,Calm,Calm,-,N/A,,Clear
1997-2-19 7:00 AM,-9.0°C,-,-17.0°C,53%,1024hPa,10.0km,Calm,Calm,-,N/A,,Clear
1997-2-19 8:00 AM,-9.0°C,-,-19.0°C,45%,1025hPa,10.0km,Calm,Calm,-,N/A,,Clear
1997-2-19 9:00 AM,-6.0°C,-,-20.0°C,33%,1025hPa,10.0km,Calm,Calm,-,N/A,,Clear
1997-2-19 10:00 AM,0.0°C,-,-23.0°C,17%,1025hPa,10.0km,Calm,Calm,-,N/A,,Clear
1997-2-19 11:00 AM,4.0°C,-,-20.0°C,16%,1024hPa,10.0km,Calm,Calm,-,N/A,,Clear
1997-2-19 12:00 PM,5.0°C,2.5°C,-19.0°C,16%,1023hPa,10.0km,South,10.8km/h/3.0m/s,-,N/A,,Clear
1997-2-19 1:00 PM,8.0°C,4.7°C,-27.0°C,7%,1021hPa,10.0km,SW,21.6km/h/6.0m/s,-,N/A,,Clear
1997-2-19 2:00 PM,8.0°C,4.7°C,-17.0°C,16%,1019hPa,10.0km,SW,21.6km/h/6.0m/s,-,N/A,,Clear
1997-2-19 3:00 PM,10.0°C,-,-14.0°C,17%,1018hPa,10.0km,South,14.4km/h/4.0m/s,-,N/A,,Clear
1997-2-19 4:00 PM,11.0°C,-,-13.0°C,18%,1017hPa,10.0km,SSW,18.0km/h/5.0m/s,-,N/A,,Clear
1997-2-19 5:00 PM,10.0°C,-,-14.0°C,17%,1017hPa,10.0km,SW,21.6km/h/6.0m/s,-,N/A,,Clear
1997-2-19 6:00 PM,7.0°C,4.3°C,-9.0°C,31%,1017hPa,-,SW,14.4km/h/4.0m/s,-,N/A,,Clear
1997-2-19 7:00 PM,6.0°C,-,-12.0°C,27%,1018hPa,-,Calm,Calm,-,N/A,,Clear
1997-2-19 8:00 PM,2.0°C,-,-9.0°C,44%,1018hPa,-,Calm,Calm,-,N/A,,Clear
1997-2-19 9:00 PM,5.0°C,0.9°C,-21.0°C,14%,1019hPa,-,North,21.6km/h/6.0m/s,-,N/A,,Clear
1997-2-19 10:00 PM,7.0°C,4.9°C,-19.0°C,14%,1019hPa,-,North,10.8km/h/3.0m/s,-,N/A,,Clear
1997-2-19 11:00 PM,5.0°C,2.5°C,-14.0°C,24%,1020hPa,-,NNE,10.8km/h/3.0m/s,-,N/A,,Clear
