Time (CST),Temp.,Windchill,Dew Point,Humidity,Pressure,Visibility,Wind Dir,Wind Speed,Gust Speed,Precip,Events,Conditions
1997-2-11 12:00 AM,-6.0°C,-,-20.0°C,33%,1027hPa,10.0km,Calm,Calm,-,N/A,,Clear
1997-2-11 1:00 AM,-6.0°C,-10.7°C,-19.0°C,36%,1027hPa,10.0km,North,10.8km/h/3.0m/s,-,N/A,,Clear
1997-2-11 2:00 AM,-7.0°C,-11.9°C,-19.0°C,39%,1026hPa,10.0km,North,10.8km/h/3.0m/s,-,N/A,,Clear
1997-2-11 6:00 AM,-10.0°C,-,-21.0°C,41%,1026hPa,10.0km,Calm,Calm,-,N/A,,Clear
1997-2-11 7:00 AM,-11.0°C,-,-19.0°C,53%,1026hPa,10.0km,Calm,Calm,-,N/A,,Clear
1997-2-11 8:00 AM,-13.0°C,-,-18.0°C,67%,1027hPa,10.0km,Calm,Calm,-,N/A,,Clear
1997-2-11 9:00 AM,-11.0°C,-,-17.0°C,62%,1027hPa,10.0km,Calm,Calm,-,N/A,,Clear
1997-2-11 10:00 AM,-7.0°C,-,-19.0°C,39%,1027hPa,10.0km,Calm,Calm,-,N/A,,Clear
1997-2-11 11:00 AM,-4.0°C,-9.2°C,-20.0°C,28%,1027hPa,10.0km,SW,14.4km/h/4.0m/s,-,N/A,,Clear
1997-2-11 12:00 PM,-2.0°C,-6.7°C,-21.0°C,23%,1026hPa,10.0km,SSW,14.4km/h/4.0m/s,-,N/A,,Clear
1997-2-11 1:00 PM,0.0°C,-2.5°C,-20.0°C,21%,1025hPa,10.0km,South,7.2km/h/2.0m/s,-,N/A,,Clear
1997-2-11 2:00 PM,0.0°C,-,-20.0°C,21%,1023hPa,10.0km,South,3.6km/h/1.0m/s,-,N/A,,Clear
1997-2-11 3:00 PM,1.0°C,-3.0°C,-19.0°C,22%,1022hPa,10.0km,SSE,14.4km/h/4.0m/s,-,N/A,,Clear
1997-2-11 4:00 PM,2.0°C,-1.8°C,-19.0°C,20%,1022hPa,10.0km,SW,14.4km/h/4.0m/s,-,N/A,,Clear
1997-2-11 5:00 PM,2.0°C,-1.8°C,-20.0°C,18%,1022hPa,10.0km,SW,14.4km/h/4.0m/s,-,N/A,,Clear
1997-2-11 6:00 PM,1.0°C,-,-17.0°C,25%,1021hPa,10.0km,SSW,3.6km/h/1.0m/s,-,N/A,,Clear
1997-2-11 7:00 PM,-1.0°C,-3.6°C,-20.0°C,23%,1022hPa,10.0km,East,7.2km/h/2.0m/s,-,N/A,,Clear
1997-2-11 8:00 PM,-3.0°C,-5.9°C,-19.0°C,29%,1022hPa,10.0km,NE,7.2km/h/2.0m/s,-,N/A,,Clear
1997-2-11 9:00 PM,-6.0°C,-,-21.0°C,30%,1022hPa,10.0km,Calm,Calm,-,N/A,,Clear
1997-2-11 10:00 PM,-7.0°C,-,-19.0°C,39%,1023hPa,10.0km,Calm,Calm,-,N/A,,Clear
1997-2-11 11:00 PM,-7.0°C,-10.6°C,-21.0°C,33%,1023hPa,10.0km,ENE,7.2km/h/2.0m/s,-,N/A,,Clear
