Time (CST),Temp.,Windchill,Dew Point,Humidity,Pressure,Visibility,Wind Dir,Wind Speed,Gust Speed,Precip,Events,Conditions
1998-12-10 12:00 AM,12.2°F,-,1.4°F,62%,30.54in,-,East,2.2mph,-,N/A,,Clear
1998-12-10 1:00 AM,14.0°F,-,1.4°F,57%,30.54in,-,East,2.2mph,-,N/A,,Clear
1998-12-10 3:00 AM,12.2°F,-,1.4°F,62%,30.57in,-,ESE,2.2mph,-,N/A,,Clear
1998-12-10 4:00 AM,12.2°F,-,1.4°F,62%,30.57in,-,SE,2.2mph,-,N/A,,Clear
1998-12-10 5:00 AM,10.4°F,-,1.4°F,67%,30.54in,-,ESE,2.2mph,-,N/A,,Clear
1998-12-10 6:00 AM,12.2°F,-,1.4°F,62%,30.54in,-,East,2.2mph,-,N/A,,Clear
1998-12-10 8:00 AM,10.4°F,-,1.4°F,67%,30.57in,-,Calm,Calm,-,N/A,,Clear
1998-12-10 9:00 AM,14.0°F,-,3.2°F,62%,30.60in,4.3mi,NE,2.2mph,-,N/A,,Partly Cloudy
1998-12-10 10:00 AM,21.2°F,15.0°F,6.8°F,54%,30.60in,3.1mi,SE,4.5mph,-,N/A,,Smoke
1998-12-10 11:00 AM,28.4°F,23.4°F,6.8°F,40%,30.60in,3.1mi,SE,4.5mph,-,N/A,,Smoke
1998-12-10 12:00 PM,30.2°F,-,5.0°F,34%,30.57in,4.3mi,SW,2.2mph,-,N/A,,Mostly Cloudy
1998-12-10 2:00 PM,32.0°F,-,10.4°F,41%,30.51in,3.7mi,SW,2.2mph,-,N/A,,Mostly Cloudy
1998-12-10 3:00 PM,35.6°F,-,8.6°F,33%,30.51in,3.7mi,SW,2.2mph,-,N/A,,Mostly Cloudy
1998-12-10 4:00 PM,35.6°F,-,8.6°F,33%,30.51in,3.7mi,SSW,2.2mph,-,N/A,,Mostly Cloudy
1998-12-10 5:00 PM,33.8°F,-,8.6°F,35%,30.54in,3.7mi,Calm,Calm,-,N/A,,Mostly Cloudy
1998-12-10 6:00 PM,30.2°F,-,5.0°F,34%,30.54in,5.0mi,East,2.2mph,-,N/A,,Scattered Clouds
1998-12-10 7:00 PM,24.8°F,-,5.0°F,43%,30.57in,-,Calm,Calm,-,N/A,,Clear
1998-12-10 8:00 PM,21.2°F,-,3.2°F,46%,30.60in,-,ESE,2.2mph,-,N/A,,Clear
1998-12-10 9:00 PM,19.4°F,-,3.2°F,49%,30.60in,-,East,2.2mph,-,N/A,,Clear
1998-12-10 10:00 PM,17.6°F,-,3.2°F,53%,30.63in,-,ESE,2.2mph,-,N/A,,Clear
1998-12-10 11:00 PM,15.8°F,-,3.2°F,58%,30.63in,-,Calm,Calm,-,N/A,,Clear
