Time (CST),Temp.,Windchill,Dew Point,Humidity,Pressure,Visibility,Wind Dir,Wind Speed,Gust Speed,Precip,Events,Conditions
1997-4-7 12:00 AM,14.0°C,-,5.0°C,55%,1011hPa,10.0km,East,14.4km/h/4.0m/s,-,N/A,,Clear
1997-4-7 1:00 AM,13.0°C,-,6.0°C,63%,1011hPa,10.0km,East,14.4km/h/4.0m/s,-,N/A,,Clear
1997-4-7 2:00 AM,12.0°C,-,5.0°C,62%,1011hPa,10.0km,East,10.8km/h/3.0m/s,-,N/A,,Clear
1997-4-7 3:00 AM,12.0°C,-,5.0°C,62%,1010hPa,10.0km,East,10.8km/h/3.0m/s,-,N/A,,Clear
1997-4-7 4:00 AM,12.0°C,-,5.0°C,62%,1010hPa,10.0km,ENE,10.8km/h/3.0m/s,-,N/A,,Clear
1997-4-7 5:00 AM,12.0°C,-,5.0°C,62%,1010hPa,10.0km,East,10.8km/h/3.0m/s,-,N/A,,Clear
1997-4-7 6:00 AM,11.0°C,-,4.0°C,62%,1009hPa,-,East,7.2km/h/2.0m/s,-,N/A,,Clear
1997-4-7 7:00 AM,11.0°C,-,4.0°C,62%,1010hPa,-,ESE,10.8km/h/3.0m/s,-,N/A,,Clear
1997-4-7 8:00 AM,12.0°C,-,4.0°C,58%,1010hPa,-,NE,7.2km/h/2.0m/s,-,N/A,,Clear
1997-4-7 10:00 AM,15.0°C,-,4.0°C,48%,1010hPa,8.0km,SW,14.4km/h/4.0m/s,-,N/A,,Mostly Cloudy
1997-4-7 11:00 AM,17.0°C,-,3.0°C,39%,1010hPa,-,SW,28.8km/h/8.0m/s,-,N/A,,Clear
1997-4-7 12:00 PM,18.0°C,-,5.0°C,42%,1009hPa,-,SW,21.6km/h/6.0m/s,-,N/A,,Clear
1997-4-7 1:00 PM,18.0°C,-,7.0°C,49%,1008hPa,-,WSW,25.2km/h/7.0m/s,-,N/A,,Clear
1997-4-7 2:00 PM,18.0°C,-,7.0°C,49%,1008hPa,10.0km,SW,21.6km/h/6.0m/s,-,N/A,,Overcast
1997-4-7 3:00 PM,14.0°C,-,8.0°C,67%,1008hPa,10.0km,NNW,18.0km/h/5.0m/s,-,N/A,Rain,Light Rain Showers
1997-4-7 4:00 PM,12.0°C,-,9.0°C,82%,1008hPa,10.0km,North,14.4km/h/4.0m/s,-,N/A,Rain,Light Rain
1997-4-7 5:00 PM,12.0°C,-,7.0°C,72%,1009hPa,10.0km,North,25.2km/h/7.0m/s,-,N/A,Rain,Light Rain
1997-4-7 6:00 PM,10.0°C,-,4.0°C,66%,1010hPa,10.0km,NNE,36.0km/h/10.0m/s,-,N/A,,Overcast
1997-4-7 7:00 PM,8.0°C,3.6°C,2.0°C,66%,1011hPa,10.0km,NNE,36.0km/h/10.0m/s,-,N/A,,Overcast
1997-4-7 8:00 PM,7.0°C,2.2°C,2.0°C,71%,1013hPa,10.0km,NNE,36.0km/h/10.0m/s,57.6km/h/16.0m/s,N/A,Rain,Light Rain
1997-4-7 9:00 PM,7.0°C,1.8°C,0.0°C,61%,1014hPa,10.0km,NNE,43.2km/h/12.0m/s,-,N/A,Rain,Light Rain
1997-4-7 11:00 PM,7.0°C,2.2°C,-2.0°C,53%,1015hPa,10.0km,North,36.0km/h/10.0m/s,-,N/A,,Overcast
