Time (CST),Temp.,Windchill,Dew Point,Humidity,Pressure,Visibility,Wind Dir,Wind Speed,Gust Speed,Precip,Events,Conditions
1997-12-3 12:00 AM,-10.0°C,-,-17.0°C,57%,1031hPa,10.0km,Calm,Calm,-,N/A,,Clear
1997-12-3 1:00 AM,-11.0°C,-,-17.0°C,62%,1031hPa,10.0km,SE,3.6km/h/1.0m/s,-,N/A,,Clear
1997-12-3 2:00 AM,-12.0°C,-16.4°C,-17.0°C,67%,1030hPa,10.0km,ESE,7.2km/h/2.0m/s,-,N/A,,Clear
1997-12-3 3:00 AM,-11.0°C,-,-17.0°C,62%,1030hPa,10.0km,Calm,Calm,-,N/A,,Clear
1997-12-3 4:00 AM,-11.0°C,-,-16.0°C,67%,1030hPa,10.0km,Calm,Calm,-,N/A,,Clear
1997-12-3 5:00 AM,-14.0°C,-18.8°C,-17.0°C,79%,1030hPa,10.0km,ESE,7.2km/h/2.0m/s,-,N/A,,Clear
1997-12-3 6:00 AM,-13.0°C,-,-16.0°C,79%,1029hPa,10.0km,ENE,3.6km/h/1.0m/s,-,N/A,,Clear
1997-12-3 7:00 AM,-12.0°C,-,-16.0°C,73%,1029hPa,-,Calm,Calm,-,N/A,,Clear
1997-12-3 8:00 AM,-12.0°C,-16.4°C,-15.0°C,79%,1029hPa,8.0km,ESE,7.2km/h/2.0m/s,-,N/A,,Mostly Cloudy
1997-12-3 9:00 AM,-8.0°C,-,-14.0°C,63%,1029hPa,8.0km,Calm,Calm,-,N/A,,Mostly Cloudy
1997-12-3 10:00 AM,-4.0°C,-,-14.0°C,46%,1028hPa,-,Calm,Calm,-,N/A,,Clear
1997-12-3 11:00 AM,-2.0°C,-4.8°C,-13.0°C,43%,1028hPa,-,SE,7.2km/h/2.0m/s,-,N/A,,Clear
1997-12-3 12:00 PM,-1.0°C,-,-14.0°C,37%,1027hPa,-,South,3.6km/h/1.0m/s,-,N/A,,Clear
1997-12-3 1:00 PM,1.0°C,-1.3°C,-14.0°C,32%,1026hPa,-,South,7.2km/h/2.0m/s,-,N/A,,Clear
1997-12-3 2:00 PM,2.0°C,-,-15.0°C,28%,1024hPa,-,SW,3.6km/h/1.0m/s,-,N/A,,Clear
1997-12-3 3:00 PM,3.0°C,0.1°C,-15.0°C,26%,1023hPa,-,South,10.8km/h/3.0m/s,-,N/A,,Clear
1997-12-3 5:00 PM,1.0°C,-,-14.0°C,32%,1023hPa,10.0km,SSW,3.6km/h/1.0m/s,-,N/A,,Clear
1997-12-3 6:00 PM,-2.0°C,-4.8°C,-14.0°C,40%,1023hPa,10.0km,East,7.2km/h/2.0m/s,-,N/A,,Clear
1997-12-3 7:00 PM,-3.0°C,-,-14.0°C,43%,1024hPa,10.0km,East,3.6km/h/1.0m/s,-,N/A,,Clear
1997-12-3 8:00 PM,-6.0°C,-,-14.0°C,54%,1024hPa,8.0km,Calm,Calm,-,N/A,,Clear
1997-12-3 9:00 PM,-6.0°C,-,-13.0°C,58%,1024hPa,6.0km,ESE,3.6km/h/1.0m/s,-,N/A,,Clear
1997-12-3 10:00 PM,-4.0°C,-,-12.0°C,54%,1025hPa,6.0km,Calm,Calm,-,N/A,,Clear
1997-12-3 11:00 PM,-5.0°C,-,-13.0°C,54%,1025hPa,6.0km,Calm,Calm,-,N/A,,Clear
