Time (CST),Temp.,Dew Point,Humidity,Pressure,Visibility,Wind Dir,Wind Speed,Gust Speed,Precip,Events,Conditions
1997-3-28 12:00 AM,11.0°C,5.0°C,67%,1018hPa,10.0km,Calm,Calm,-,N/A,,Mostly Cloudy
1997-3-28 1:00 AM,10.0°C,5.0°C,71%,1018hPa,10.0km,Calm,Calm,-,N/A,,Overcast
1997-3-28 2:00 AM,10.0°C,5.0°C,71%,1017hPa,10.0km,Calm,Calm,-,N/A,,Overcast
1997-3-28 3:00 AM,7.0°C,2.0°C,71%,1017hPa,10.0km,Calm,Calm,-,N/A,,Overcast
1997-3-28 4:00 AM,7.0°C,2.0°C,71%,1016hPa,10.0km,Calm,Calm,-,N/A,,Overcast
1997-3-28 5:00 AM,7.0°C,2.0°C,71%,1016hPa,10.0km,Calm,Calm,-,N/A,,Overcast
1997-3-28 6:00 AM,7.0°C,3.0°C,76%,1016hPa,6.0km,Calm,Calm,-,N/A,,Overcast
1997-3-28 7:00 AM,6.0°C,3.0°C,81%,1017hPa,6.0km,Calm,Calm,-,N/A,,Mostly Cloudy
1997-3-28 8:00 AM,7.0°C,3.0°C,76%,1017hPa,3.0km,Calm,Calm,-,N/A,,Mostly Cloudy
1997-3-28 9:00 AM,9.0°C,5.0°C,76%,1017hPa,3.5km,SSE,3.6km/h/1.0m/s,-,N/A,,Smoke
1997-3-28 10:00 AM,12.0°C,6.0°C,67%,1017hPa,4.0km,Calm,Calm,-,N/A,,Smoke
1997-3-28 11:00 AM,14.0°C,8.0°C,67%,1016hPa,5.0km,SW,7.2km/h/2.0m/s,-,N/A,,Smoke
1997-3-28 12:00 PM,16.0°C,9.0°C,63%,1015hPa,8.0km,WSW,14.4km/h/4.0m/s,-,N/A,,Clear
1997-3-28 1:00 PM,19.0°C,9.0°C,52%,1014hPa,10.0km,Calm,Calm,-,N/A,,Clear
1997-3-28 2:00 PM,19.0°C,9.0°C,52%,1012hPa,10.0km,SW,14.4km/h/4.0m/s,-,N/A,,Clear
1997-3-28 3:00 PM,20.0°C,9.0°C,49%,1011hPa,10.0km,WSW,18.0km/h/5.0m/s,-,N/A,,Clear
1997-3-28 4:00 PM,20.0°C,9.0°C,49%,1010hPa,10.0km,West,14.4km/h/4.0m/s,-,N/A,,Clear
1997-3-28 5:00 PM,19.0°C,8.0°C,49%,1010hPa,10.0km,SW,14.4km/h/4.0m/s,-,N/A,,Partly Cloudy
1997-3-28 6:00 PM,18.0°C,8.0°C,52%,1009hPa,10.0km,SW,21.6km/h/6.0m/s,-,N/A,,Clear
1997-3-28 7:00 PM,16.0°C,7.0°C,55%,1010hPa,10.0km,West,18.0km/h/5.0m/s,-,N/A,,Clear
1997-3-28 8:00 PM,15.0°C,5.0°C,51%,1011hPa,10.0km,NE,10.8km/h/3.0m/s,-,N/A,,Clear
1997-3-28 10:00 PM,13.0°C,4.0°C,54%,1012hPa,10.0km,NE,7.2km/h/2.0m/s,-,N/A,,Clear
1997-3-28 11:00 PM,12.0°C,4.0°C,58%,1012hPa,10.0km,NE,10.8km/h/3.0m/s,-,N/A,,Clear
