Time (CST),Temp.,Windchill,Dew Point,Humidity,Pressure,Visibility,Wind Dir,Wind Speed,Gust Speed,Precip,Events,Conditions
1998-1-20 12:00 AM,-16.0°C,-21.1°C,-20.0°C,72%,1024hPa,10.0km,ENE,7.2km/h/2.0m/s,-,N/A,,Clear
1998-1-20 1:00 AM,-16.0°C,-21.1°C,-21.0°C,66%,1023hPa,10.0km,ESE,7.2km/h/2.0m/s,-,N/A,,Clear
1998-1-20 2:00 AM,-17.0°C,-,-21.0°C,72%,1023hPa,10.0km,East,3.6km/h/1.0m/s,-,N/A,,Clear
1998-1-20 3:00 AM,-17.0°C,-,-21.0°C,72%,1023hPa,10.0km,East,3.6km/h/1.0m/s,-,N/A,,Clear
1998-1-20 4:00 AM,-18.0°C,-,-22.0°C,72%,1023hPa,10.0km,NE,3.6km/h/1.0m/s,-,N/A,,Clear
1998-1-20 5:00 AM,-17.0°C,-22.3°C,-21.0°C,72%,1022hPa,6.0km,ENE,7.2km/h/2.0m/s,-,N/A,,Clear
1998-1-20 6:00 AM,-18.0°C,-23.4°C,-22.0°C,72%,1022hPa,-,ESE,7.2km/h/2.0m/s,-,N/A,,Clear
1998-1-20 7:00 AM,-18.0°C,-,-21.0°C,78%,1022hPa,5.0km,ESE,3.6km/h/1.0m/s,-,N/A,,Clear
1998-1-20 10:00 AM,-11.0°C,-,-18.0°C,57%,1023hPa,5.0km,East,3.6km/h/1.0m/s,-,N/A,,Smoke
1998-1-20 11:00 AM,-8.0°C,-,-19.0°C,42%,1023hPa,8.0km,Variable,3.6km/h/1.0m/s,-,N/A,,Clear
1998-1-20 12:00 PM,-6.0°C,-,-19.0°C,36%,1022hPa,10.0km,Calm,Calm,-,N/A,,Clear
1998-1-20 1:00 PM,-4.0°C,-7.1°C,-17.0°C,36%,1021hPa,7.0km,WSW,7.2km/h/2.0m/s,-,N/A,,Clear
1998-1-20 2:00 PM,-3.0°C,-8.0°C,-19.0°C,29%,1020hPa,10.0km,WSW,14.4km/h/4.0m/s,-,N/A,,Clear
1998-1-20 3:00 PM,-2.0°C,-5.9°C,-19.0°C,27%,1019hPa,10.0km,SW,10.8km/h/3.0m/s,-,N/A,,Clear
1998-1-20 4:00 PM,-2.0°C,-4.8°C,-21.0°C,23%,1019hPa,10.0km,West,7.2km/h/2.0m/s,-,N/A,,Clear
1998-1-20 5:00 PM,-2.0°C,-,-20.0°C,25%,1020hPa,10.0km,West,3.6km/h/1.0m/s,-,N/A,,Clear
1998-1-20 6:00 PM,-4.0°C,-7.1°C,-22.0°C,24%,1021hPa,10.0km,West,7.2km/h/2.0m/s,-,N/A,,Clear
1998-1-20 7:00 PM,-5.0°C,-,-22.0°C,26%,1022hPa,10.0km,West,3.6km/h/1.0m/s,-,N/A,,Clear
1998-1-20 8:00 PM,-7.0°C,-11.9°C,-19.0°C,39%,1022hPa,10.0km,West,10.8km/h/3.0m/s,-,N/A,,Clear
1998-1-20 9:00 PM,-9.0°C,-12.9°C,-19.0°C,45%,1023hPa,10.0km,North,7.2km/h/2.0m/s,-,N/A,,Clear
1998-1-20 10:00 PM,-8.0°C,-11.8°C,-21.0°C,35%,1023hPa,10.0km,NNW,7.2km/h/2.0m/s,-,N/A,,Clear
1998-1-20 11:00 PM,-10.0°C,-,-19.0°C,49%,1023hPa,10.0km,South,3.6km/h/1.0m/s,-,N/A,,Clear
