Time (CST),Temp.,Windchill,Dew Point,Humidity,Pressure,Visibility,Wind Dir,Wind Speed,Gust Speed,Precip,Events,Conditions
1997-2-28 12:00 AM,3.0°C,-,3.0°C,100%,1021hPa,0.6km,East,3.6km/h/1.0m/s,-,N/A,,Overcast
1997-2-28 1:00 AM,2.0°C,-,2.0°C,100%,1021hPa,0.6km,Calm,Calm,-,N/A,,Overcast
1997-2-28 2:00 AM,1.0°C,-,1.0°C,100%,1021hPa,0.6km,Calm,Calm,-,N/A,,Overcast
1997-2-28 3:00 AM,2.0°C,-,1.0°C,93%,1022hPa,1.0km,Calm,Calm,-,N/A,,Overcast
1997-2-28 4:00 AM,2.0°C,-1.1°C,-6.0°C,56%,1022hPa,-,SW,10.8km/h/3.0m/s,-,N/A,,Clear
1997-2-28 5:00 AM,2.0°C,-1.8°C,-9.0°C,44%,1022hPa,-,West,14.4km/h/4.0m/s,-,N/A,,Clear
1997-2-28 6:00 AM,2.0°C,-2.4°C,-10.0°C,41%,1022hPa,-,WNW,18.0km/h/5.0m/s,-,N/A,,Clear
1997-2-28 7:00 AM,1.0°C,-2.3°C,-11.0°C,41%,1023hPa,-,West,10.8km/h/3.0m/s,-,N/A,,Clear
1997-2-28 8:00 AM,1.0°C,-,-9.0°C,48%,1023hPa,-,Calm,Calm,-,N/A,,Clear
1997-2-28 9:00 AM,2.0°C,-2.4°C,-8.0°C,48%,1024hPa,-,WNW,18.0km/h/5.0m/s,-,N/A,,Clear
1997-2-28 10:00 AM,3.0°C,-0.6°C,-9.0°C,41%,1024hPa,-,WNW,14.4km/h/4.0m/s,-,N/A,,Clear
1997-2-28 11:00 AM,4.0°C,0.6°C,-10.0°C,36%,1024hPa,-,WNW,14.4km/h/4.0m/s,-,N/A,,Clear
1997-2-28 12:00 PM,5.0°C,0.9°C,-13.0°C,26%,1024hPa,-,West,21.6km/h/6.0m/s,-,N/A,,Clear
1997-2-28 1:00 PM,7.0°C,2.8°C,-14.0°C,21%,1023hPa,-,West,28.8km/h/8.0m/s,-,N/A,,Clear
1997-2-28 2:00 PM,7.0°C,2.8°C,-9.0°C,31%,1022hPa,-,WSW,28.8km/h/8.0m/s,-,N/A,,Clear
1997-2-28 3:00 PM,8.0°C,4.7°C,-9.0°C,29%,1020hPa,10.0km,WSW,21.6km/h/6.0m/s,-,N/A,,Clear
1997-2-28 4:00 PM,9.0°C,-,-13.0°C,20%,1020hPa,10.0km,WNW,21.6km/h/6.0m/s,-,N/A,,Clear
1997-2-28 5:00 PM,8.0°C,5.1°C,-18.0°C,14%,1020hPa,10.0km,West,18.0km/h/5.0m/s,-,N/A,,Clear
1997-2-28 6:00 PM,7.0°C,3.8°C,-15.0°C,20%,1020hPa,10.0km,NW,18.0km/h/5.0m/s,-,N/A,,Clear
1997-2-28 7:00 PM,5.0°C,0.5°C,-14.0°C,24%,1021hPa,10.0km,NNW,25.2km/h/7.0m/s,-,N/A,,Clear
1997-2-28 8:00 PM,5.0°C,1.9°C,-10.0°C,33%,1021hPa,10.0km,NNW,14.4km/h/4.0m/s,-,N/A,,Clear
1997-2-28 9:00 PM,4.0°C,2.2°C,-12.0°C,31%,1021hPa,10.0km,NE,7.2km/h/2.0m/s,-,N/A,,Clear
1997-2-28 10:00 PM,2.0°C,-1.1°C,-6.0°C,56%,1022hPa,10.0km,South,10.8km/h/3.0m/s,-,N/A,,Clear
1997-2-28 11:00 PM,1.0°C,-2.3°C,-6.0°C,60%,1022hPa,10.0km,East,10.8km/h/3.0m/s,-,N/A,,Clear
