Time (CST),Temp.,Windchill,Dew Point,Humidity,Pressure,Visibility,Wind Dir,Wind Speed,Gust Speed,Precip,Events,Conditions
1997-12-2 12:00 AM,-9.0°C,-,-19.0°C,45%,1035hPa,10.0km,South,3.6km/h/1.0m/s,-,N/A,,Clear
1997-12-2 1:00 AM,-9.0°C,-,-19.0°C,45%,1035hPa,10.0km,Calm,Calm,-,N/A,,Clear
1997-12-2 3:00 AM,-12.0°C,-,-20.0°C,52%,1035hPa,10.0km,East,3.6km/h/1.0m/s,-,N/A,,Clear
1997-12-2 4:00 AM,-14.0°C,-,-19.0°C,67%,1034hPa,10.0km,East,3.6km/h/1.0m/s,-,N/A,,Clear
1997-12-2 5:00 AM,-13.0°C,-,-19.0°C,62%,1034hPa,10.0km,SE,3.6km/h/1.0m/s,-,N/A,,Clear
1997-12-2 6:00 AM,-14.0°C,-,-19.0°C,67%,1034hPa,7.0km,ESE,3.6km/h/1.0m/s,-,N/A,,Clear
1997-12-2 7:00 AM,-15.0°C,-,-19.0°C,72%,1034hPa,8.0km,ESE,3.6km/h/1.0m/s,-,N/A,,Clear
1997-12-2 9:00 AM,-10.0°C,-14.1°C,-18.0°C,53%,1036hPa,8.0km,East,7.2km/h/2.0m/s,-,N/A,,Clear
1997-12-2 10:00 AM,-6.0°C,-9.4°C,-18.0°C,39%,1037hPa,10.0km,SE,7.2km/h/2.0m/s,-,N/A,,Clear
1997-12-2 11:00 AM,-4.0°C,-7.1°C,-18.0°C,34%,1037hPa,10.0km,SSW,7.2km/h/2.0m/s,-,N/A,,Clear
1997-12-2 12:00 PM,-2.0°C,-,-20.0°C,25%,1035hPa,10.0km,WSW,3.6km/h/1.0m/s,-,N/A,,Clear
1997-12-2 1:00 PM,-1.0°C,-,-21.0°C,21%,1034hPa,10.0km,SSE,3.6km/h/1.0m/s,-,N/A,,Clear
1997-12-2 2:00 PM,0.0°C,-,-21.0°C,20%,1033hPa,10.0km,Calm,Calm,-,N/A,,Clear
1997-12-2 3:00 PM,0.0°C,-2.5°C,-22.0°C,18%,1032hPa,10.0km,SW,7.2km/h/2.0m/s,-,N/A,,Clear
1997-12-2 4:00 PM,0.0°C,-,-20.0°C,21%,1032hPa,10.0km,Calm,Calm,-,N/A,,Clear
1997-12-2 5:00 PM,-2.0°C,-,-20.0°C,25%,1032hPa,-,Calm,Calm,-,N/A,,Clear
1997-12-2 6:00 PM,-5.0°C,-,-19.0°C,33%,1032hPa,-,ENE,3.6km/h/1.0m/s,-,N/A,,Clear
1997-12-2 7:00 PM,-7.0°C,-,-18.0°C,42%,1032hPa,-,East,3.6km/h/1.0m/s,-,N/A,,Clear
1997-12-2 9:00 PM,-10.0°C,-14.1°C,-18.0°C,53%,1032hPa,10.0km,SE,7.2km/h/2.0m/s,-,N/A,,Clear
1997-12-2 10:00 PM,-9.0°C,-,-18.0°C,49%,1032hPa,10.0km,East,3.6km/h/1.0m/s,-,N/A,,Clear
1997-12-2 11:00 PM,-10.0°C,-,-18.0°C,53%,1031hPa,10.0km,Calm,Calm,-,N/A,,Clear
