Time (CST),Temp.,Windchill,Dew Point,Humidity,Pressure,Visibility,Wind Dir,Wind Speed,Gust Speed,Precip,Events,Conditions
1997-11-11 12:00 AM,8.0°C,-,7.0°C,93%,1022hPa,1.2km,Calm,Calm,-,N/A,,Overcast
1997-11-11 1:00 AM,7.0°C,-,6.0°C,93%,1022hPa,1.2km,Calm,Calm,-,N/A,,Overcast
1997-11-11 2:00 AM,7.0°C,-,7.0°C,100%,1022hPa,1.2km,Calm,Calm,-,N/A,,Overcast
1997-11-11 3:00 AM,7.0°C,-,6.0°C,93%,1021hPa,1.2km,Calm,Calm,-,N/A,,Overcast
1997-11-11 4:00 AM,7.0°C,-,6.0°C,93%,1021hPa,1.2km,Calm,Calm,-,N/A,,Overcast
1997-11-11 5:00 AM,8.0°C,-,6.0°C,87%,1021hPa,1.2km,Calm,Calm,-,N/A,,Overcast
1997-11-11 6:00 AM,8.0°C,-,6.0°C,87%,1021hPa,1.4km,Calm,Calm,-,N/A,,Overcast
1997-11-11 7:00 AM,8.0°C,-,6.0°C,87%,1021hPa,1.3km,WNW,3.6km/h/1.0m/s,-,N/A,,Overcast
1997-11-11 8:00 AM,8.0°C,-,6.0°C,87%,1022hPa,1.3km,NW,3.6km/h/1.0m/s,-,N/A,,Overcast
1997-11-11 9:00 AM,8.0°C,-,6.0°C,87%,1022hPa,1.5km,NW,3.6km/h/1.0m/s,-,N/A,,Overcast
1997-11-11 10:00 AM,8.0°C,6.1°C,6.0°C,87%,1022hPa,1.5km,NNW,10.8km/h/3.0m/s,-,N/A,,Overcast
1997-11-11 11:00 AM,9.0°C,-,6.0°C,82%,1022hPa,1.5km,NNW,10.8km/h/3.0m/s,-,N/A,,Overcast
1997-11-11 12:00 PM,10.0°C,-,6.0°C,76%,1021hPa,1.9km,North,10.8km/h/3.0m/s,-,N/A,,Overcast
1997-11-11 1:00 PM,10.0°C,-,6.0°C,76%,1020hPa,2.0km,NNW,7.2km/h/2.0m/s,-,N/A,,Overcast
1997-11-11 2:00 PM,10.0°C,-,6.0°C,76%,1020hPa,2.2km,NNW,10.8km/h/3.0m/s,-,N/A,,Overcast
1997-11-11 3:00 PM,10.0°C,-,6.0°C,76%,1019hPa,2.2km,NNW,14.4km/h/4.0m/s,-,N/A,,Overcast
1997-11-11 4:00 PM,11.0°C,-,6.0°C,71%,1019hPa,2.6km,North,14.4km/h/4.0m/s,-,N/A,,Overcast
1997-11-11 5:00 PM,10.0°C,-,6.0°C,76%,1019hPa,2.6km,NNW,10.8km/h/3.0m/s,-,N/A,,Mostly Cloudy
1997-11-11 6:00 PM,9.0°C,-,6.0°C,82%,1020hPa,1.8km,NW,7.2km/h/2.0m/s,-,N/A,,Mostly Cloudy
1997-11-11 7:00 PM,10.0°C,-,6.0°C,76%,1020hPa,2.2km,NNW,7.2km/h/2.0m/s,-,N/A,,Overcast
1997-11-11 8:00 PM,9.0°C,-,6.0°C,82%,1021hPa,2.1km,North,3.6km/h/1.0m/s,-,N/A,,Overcast
1997-11-11 9:00 PM,9.0°C,-,6.0°C,82%,1021hPa,1.6km,WNW,3.6km/h/1.0m/s,-,N/A,,Overcast
1997-11-11 10:00 PM,9.0°C,-,6.0°C,82%,1022hPa,2.0km,North,10.8km/h/3.0m/s,-,N/A,,Overcast
1997-11-11 11:00 PM,9.0°C,-,7.0°C,87%,1022hPa,1.6km,ENE,3.6km/h/1.0m/s,-,N/A,,Overcast
