Time (CST),Temp.,Heat Index,Dew Point,Humidity,Pressure,Visibility,Wind Dir,Wind Speed,Gust Speed,Precip,Events,Conditions
1997-7-30 7:00 AM,22.0°C,-,21.0°C,94%,1008hPa,6.0km,Calm,Calm,-,N/A,,Mostly Cloudy
1997-7-30 8:00 AM,24.0°C,-,21.0°C,83%,1008hPa,6.0km,North,3.6km/h/1.0m/s,-,N/A,,Mostly Cloudy
1997-7-30 9:00 AM,26.0°C,-,22.0°C,78%,1008hPa,8.0km,Calm,Calm,-,N/A,,Mostly Cloudy
1997-7-30 10:00 AM,27.0°C,29.2°C,22.0°C,74%,1008hPa,9.0km,Calm,Calm,-,N/A,,Mostly Cloudy
1997-7-30 11:00 AM,28.0°C,31.2°C,23.0°C,74%,1008hPa,-,WNW,7.2km/h/2.0m/s,-,N/A,,Clear
1997-7-30 12:00 PM,28.0°C,30.7°C,22.0°C,70%,1006hPa,-,Calm,Calm,-,N/A,,Clear
1997-7-30 2:00 PM,31.0°C,33.7°C,21.0°C,55%,1004hPa,10.0km,WSW,7.2km/h/2.0m/s,-,N/A,,Mostly Cloudy
1997-7-30 4:00 PM,32.0°C,34.9°C,21.0°C,52%,1003hPa,10.0km,WNW,7.2km/h/2.0m/s,-,N/A,,Mostly Cloudy
1997-7-30 6:00 PM,31.0°C,34.4°C,22.0°C,58%,1003hPa,10.0km,ESE,21.6km/h/6.0m/s,-,N/A,,Mostly Cloudy
1997-7-30 8:00 PM,29.0°C,32.7°C,23.0°C,70%,1004hPa,10.0km,East,18.0km/h/5.0m/s,-,N/A,,Mostly Cloudy
1997-7-30 9:00 PM,28.0°C,31.9°C,24.0°C,79%,1005hPa,10.0km,East,14.4km/h/4.0m/s,-,N/A,,Mostly Cloudy
1997-7-30 10:00 PM,27.0°C,29.6°C,23.0°C,79%,1006hPa,10.0km,East,18.0km/h/5.0m/s,-,N/A,,Mostly Cloudy
