Time (CST),Temp.,Windchill,Dew Point,Humidity,Pressure,Visibility,Wind Dir,Wind Speed,Gust Speed,Precip,Events,Conditions
1997-11-23 12:00 AM,-2.0°C,-4.8°C,-4.0°C,86%,1019hPa,1.6km,ESE,7.2km/h/2.0m/s,-,N/A,,Overcast
1997-11-23 1:00 AM,-2.0°C,-,-3.0°C,93%,1018hPa,1.1km,East,3.6km/h/1.0m/s,-,N/A,,Overcast
1997-11-23 2:00 AM,-2.0°C,-,-3.0°C,93%,1018hPa,1.1km,East,3.6km/h/1.0m/s,-,N/A,,Overcast
1997-11-23 3:00 AM,-1.0°C,-,-2.0°C,93%,1018hPa,0.9km,ESE,3.6km/h/1.0m/s,-,N/A,Fog,Fog
1997-11-23 4:00 AM,-2.0°C,-,-3.0°C,93%,1017hPa,0.9km,Calm,Calm,-,N/A,Fog,Fog
1997-11-23 5:00 AM,-2.0°C,-,-3.0°C,93%,-,0.8km,Calm,Calm,-,N/A,Fog,Fog
1997-11-23 6:00 AM,-4.0°C,-,-4.0°C,100%,-,0.9km,SE,3.6km/h/1.0m/s,-,N/A,Fog,Fog
1997-11-23 7:00 AM,-4.0°C,-,-4.0°C,100%,1017hPa,0.8km,Calm,Calm,-,N/A,Fog,Fog
1997-11-23 8:00 AM,-4.0°C,-,-4.0°C,100%,1017hPa,0.7km,WNW,3.6km/h/1.0m/s,-,N/A,Fog,Fog
1997-11-23 9:00 AM,-1.0°C,-,-2.0°C,93%,1017hPa,0.7km,ENE,3.6km/h/1.0m/s,-,N/A,Fog,Fog
1997-11-23 10:00 AM,1.0°C,-,-1.0°C,87%,1017hPa,0.6km,Calm,Calm,-,N/A,Fog,Fog
1997-11-23 11:00 AM,4.0°C,-,0.0°C,75%,1017hPa,0.8km,Calm,Calm,-,N/A,Fog,Fog
1997-11-23 12:00 PM,6.0°C,-,0.0°C,66%,1015hPa,1.1km,Calm,Calm,-,N/A,,Smoke
1997-11-23 1:00 PM,9.0°C,-,0.0°C,54%,1014hPa,1.3km,SSE,7.2km/h/2.0m/s,-,N/A,,Smoke
1997-11-23 2:00 PM,11.0°C,-,0.0°C,47%,1012hPa,1.8km,SSE,7.2km/h/2.0m/s,-,N/A,,Smoke
1997-11-23 3:00 PM,12.0°C,-,-1.0°C,41%,1012hPa,2.6km,SE,3.6km/h/1.0m/s,-,N/A,,Smoke
1997-11-23 4:00 PM,12.0°C,-,-1.0°C,41%,1011hPa,2.6km,Calm,Calm,-,N/A,,Smoke
1997-11-23 5:00 PM,8.0°C,-,-1.0°C,53%,1011hPa,2.6km,East,3.6km/h/1.0m/s,-,N/A,,Smoke
1997-11-23 6:00 PM,5.0°C,3.4°C,-2.0°C,61%,1011hPa,2.6km,ENE,7.2km/h/2.0m/s,-,N/A,,Smoke
1997-11-23 7:00 PM,2.0°C,-,-4.0°C,65%,1011hPa,0.9km,SE,3.6km/h/1.0m/s,-,N/A,,Smoke
1997-11-23 8:00 PM,1.0°C,-,-4.0°C,70%,1011hPa,1.8km,Calm,Calm,-,N/A,,Smoke
1997-11-23 9:00 PM,-1.0°C,-,-5.0°C,75%,1011hPa,3.0km,SE,3.6km/h/1.0m/s,-,N/A,,Smoke
1997-11-23 10:00 PM,-1.0°C,-,-6.0°C,69%,1011hPa,2.8km,Calm,Calm,-,N/A,,Smoke
1997-11-23 11:00 PM,-2.0°C,-,-6.0°C,74%,1011hPa,2.7km,Calm,Calm,-,N/A,,Clear
