Time (CST),Temp.,Windchill,Dew Point,Humidity,Pressure,Visibility,Wind Dir,Wind Speed,Gust Speed,Precip,Events,Conditions
1997-3-5 12:00 AM,5.0°C,2.5°C,-8.0°C,39%,1016hPa,10.0km,East,10.8km/h/3.0m/s,-,N/A,,Clear
1997-3-5 1:00 AM,5.0°C,3.4°C,-8.0°C,39%,1016hPa,10.0km,East,7.2km/h/2.0m/s,-,N/A,,Clear
1997-3-5 2:00 AM,3.0°C,-,-8.0°C,45%,1016hPa,10.0km,Calm,Calm,-,N/A,,Clear
1997-3-5 3:00 AM,2.0°C,-0.1°C,-7.0°C,52%,1015hPa,10.0km,South,7.2km/h/2.0m/s,-,N/A,,Clear
1997-3-5 4:00 AM,2.0°C,-,-7.0°C,52%,1015hPa,10.0km,Calm,Calm,-,N/A,,Clear
1997-3-5 5:00 AM,1.0°C,-,-7.0°C,56%,1015hPa,10.0km,Calm,Calm,-,N/A,,Clear
1997-3-5 6:00 AM,1.0°C,-,-7.0°C,56%,1015hPa,10.0km,Calm,Calm,-,N/A,,Clear
1997-3-5 7:00 AM,-2.0°C,-4.8°C,-7.0°C,69%,1015hPa,8.0km,ENE,7.2km/h/2.0m/s,-,N/A,,Clear
1997-3-5 8:00 AM,0.0°C,-2.5°C,-6.0°C,64%,1015hPa,8.0km,South,7.2km/h/2.0m/s,-,N/A,,Mostly Cloudy
1997-3-5 9:00 AM,2.0°C,-,-5.0°C,60%,1015hPa,8.0km,Calm,Calm,-,N/A,,Mostly Cloudy
1997-3-5 10:00 AM,6.0°C,-,-4.0°C,49%,1015hPa,8.0km,Calm,Calm,-,N/A,,Mostly Cloudy
1997-3-5 11:00 AM,9.0°C,-,-6.0°C,34%,1015hPa,8.0km,South,7.2km/h/2.0m/s,-,N/A,,Mostly Cloudy
1997-3-5 12:00 PM,10.0°C,-,-5.0°C,35%,1014hPa,8.0km,Calm,Calm,-,N/A,,Mostly Cloudy
1997-3-5 1:00 PM,11.0°C,-,-5.0°C,33%,1013hPa,-,South,18.0km/h/5.0m/s,-,N/A,,Clear
1997-3-5 2:00 PM,11.0°C,-,-4.0°C,35%,1012hPa,-,SSW,21.6km/h/6.0m/s,-,N/A,,Clear
1997-3-5 3:00 PM,11.0°C,-,-2.0°C,41%,1011hPa,8.0km,South,10.8km/h/3.0m/s,-,N/A,,Overcast
1997-3-5 4:00 PM,11.0°C,-,-2.0°C,41%,1011hPa,8.0km,South,14.4km/h/4.0m/s,-,N/A,,Overcast
1997-3-5 5:00 PM,11.0°C,-,-1.0°C,44%,1011hPa,8.0km,Calm,Calm,-,N/A,,Overcast
1997-3-5 6:00 PM,11.0°C,-,0.0°C,47%,1012hPa,8.0km,SW,7.2km/h/2.0m/s,-,N/A,,Overcast
1997-3-5 7:00 PM,10.0°C,-,0.0°C,50%,1012hPa,7.0km,West,7.2km/h/2.0m/s,-,N/A,,Mostly Cloudy
1997-3-5 8:00 PM,10.0°C,-,-1.0°C,47%,1013hPa,8.0km,NW,21.6km/h/6.0m/s,-,N/A,,Mostly Cloudy
1997-3-5 11:00 PM,8.0°C,5.6°C,-7.0°C,34%,1015hPa,-,WNW,14.4km/h/4.0m/s,-,N/A,,Clear
