Time (CST),Temp.,Dew Point,Humidity,Pressure,Visibility,Wind Dir,Wind Speed,Gust Speed,Precip,Events,Conditions
1998-10-18 12:00 AM,41.0°F,24.8°F,53%,30.04in,6.2mi,Calm,Calm,-,N/A,,Clear
1998-10-18 3:00 AM,35.6°F,24.8°F,65%,30.01in,6.2mi,ESE,2.2mph,-,N/A,,Clear
1998-10-18 4:00 AM,37.4°F,24.8°F,60%,30.01in,6.2mi,ESE,2.2mph,-,N/A,,Clear
1998-10-18 5:00 AM,33.8°F,24.8°F,70%,30.04in,6.2mi,ESE,2.2mph,-,N/A,,Clear
1998-10-18 6:00 AM,33.8°F,24.8°F,70%,30.04in,6.2mi,East,2.2mph,-,N/A,,Clear
1998-10-18 7:00 AM,35.6°F,24.8°F,65%,30.06in,6.2mi,East,2.2mph,-,N/A,,Clear
1998-10-18 8:00 AM,41.0°F,24.8°F,53%,30.09in,6.2mi,Calm,Calm,-,N/A,,Clear
1998-10-18 9:00 AM,46.4°F,24.8°F,43%,30.12in,4.3mi,Calm,Calm,-,N/A,,Clear
1998-10-18 10:00 AM,51.8°F,26.6°F,38%,30.12in,3.7mi,South,2.2mph,-,N/A,,Clear
1998-10-18 11:00 AM,57.2°F,28.4°F,33%,30.12in,4.3mi,Calm,Calm,-,N/A,,Clear
1998-10-18 12:00 PM,60.8°F,26.6°F,27%,30.09in,4.3mi,ENE,2.2mph,-,N/A,,Clear
1998-10-18 1:00 PM,62.6°F,24.8°F,24%,30.06in,-,Calm,Calm,-,N/A,,Clear
1998-10-18 2:00 PM,64.4°F,21.2°F,19%,30.06in,-,WNW,2.2mph,-,N/A,,Clear
1998-10-18 3:00 PM,66.2°F,21.2°F,18%,30.04in,6.2mi,NNW,8.9mph,-,N/A,,Clear
1998-10-18 4:00 PM,64.4°F,21.2°F,19%,30.06in,6.2mi,North,2.2mph,-,N/A,,Clear
1998-10-18 5:00 PM,62.6°F,21.2°F,20%,30.06in,6.2mi,North,4.5mph,-,N/A,,Clear
1998-10-18 6:00 PM,57.2°F,21.2°F,25%,30.09in,6.2mi,North,4.5mph,-,N/A,,Clear
1998-10-18 7:00 PM,51.8°F,19.4°F,28%,30.12in,6.2mi,NNW,8.9mph,-,N/A,,Clear
1998-10-18 8:00 PM,50.0°F,19.4°F,30%,30.15in,6.2mi,NNW,4.5mph,-,N/A,,Clear
1998-10-18 9:00 PM,50.0°F,19.4°F,30%,30.18in,6.2mi,NNE,4.5mph,-,N/A,,Clear
1998-10-18 10:00 PM,46.4°F,17.6°F,32%,30.21in,6.2mi,NW,2.2mph,-,N/A,,Clear
1998-10-18 11:00 PM,41.0°F,21.2°F,45%,30.21in,6.2mi,Calm,Calm,-,N/A,,Clear
