Time (CST),Temp.,Heat Index,Dew Point,Humidity,Pressure,Visibility,Wind Dir,Wind Speed,Gust Speed,Precip,Events,Conditions
1997-7-13 12:00 AM,23.0°C,-,15.0°C,61%,1008hPa,-,East,3.6km/h/1.0m/s,-,N/A,,Clear
1997-7-13 1:00 AM,21.0°C,-,15.0°C,68%,1008hPa,-,West,3.6km/h/1.0m/s,-,N/A,,Clear
1997-7-13 2:00 AM,19.0°C,-,16.0°C,83%,1008hPa,-,ESE,7.2km/h/2.0m/s,-,N/A,,Clear
1997-7-13 3:00 AM,19.0°C,-,15.0°C,78%,1008hPa,-,SE,7.2km/h/2.0m/s,-,N/A,,Clear
1997-7-13 4:00 AM,19.0°C,-,14.0°C,73%,1008hPa,-,SSE,3.6km/h/1.0m/s,-,N/A,,Clear
1997-7-13 5:00 AM,19.0°C,-,15.0°C,78%,1008hPa,10.0km,SE,3.6km/h/1.0m/s,-,N/A,,Mostly Cloudy
1997-7-13 6:00 AM,19.0°C,-,16.0°C,83%,1009hPa,10.0km,Calm,Calm,-,N/A,,Mostly Cloudy
1997-7-13 7:00 AM,21.0°C,-,17.0°C,78%,1009hPa,-,Calm,Calm,-,N/A,,Clear
1997-7-13 8:00 AM,23.0°C,-,17.0°C,69%,1009hPa,-,Calm,Calm,-,N/A,,Clear
1997-7-13 9:00 AM,26.0°C,-,16.0°C,54%,1009hPa,-,SSE,7.2km/h/2.0m/s,-,N/A,,Clear
1997-7-13 10:00 AM,27.0°C,27.5°C,16.0°C,51%,1009hPa,-,South,7.2km/h/2.0m/s,-,N/A,,Clear
1997-7-13 11:00 AM,29.0°C,29.1°C,16.0°C,45%,1009hPa,-,West,7.2km/h/2.0m/s,-,N/A,,Clear
1997-7-13 12:00 PM,31.0°C,30.9°C,16.0°C,40%,1008hPa,10.0km,WSW,3.6km/h/1.0m/s,-,N/A,,Scattered Clouds
1997-7-13 1:00 PM,32.0°C,31.2°C,14.0°C,33%,1006hPa,-,South,3.6km/h/1.0m/s,-,N/A,,Clear
1997-7-13 2:00 PM,33.0°C,32.1°C,14.0°C,31%,1006hPa,10.0km,West,3.6km/h/1.0m/s,-,N/A,,Mostly Cloudy
1997-7-13 3:00 PM,33.0°C,32.6°C,15.0°C,34%,1005hPa,10.0km,WSW,10.8km/h/3.0m/s,-,N/A,,Scattered Clouds
1997-7-13 4:00 PM,33.0°C,32.6°C,15.0°C,34%,1004hPa,10.0km,WNW,14.4km/h/4.0m/s,-,N/A,,Scattered Clouds
1997-7-13 5:00 PM,34.0°C,34.5°C,17.0°C,36%,1004hPa,10.0km,West,7.2km/h/2.0m/s,-,N/A,,Scattered Clouds
1997-7-13 6:00 PM,32.0°C,32.3°C,17.0°C,40%,1004hPa,10.0km,West,7.2km/h/2.0m/s,-,N/A,,Mostly Cloudy
1997-7-13 7:00 PM,32.0°C,32.8°C,18.0°C,43%,1004hPa,10.0km,South,7.2km/h/2.0m/s,-,N/A,,Scattered Clouds
1997-7-13 8:00 PM,30.0°C,29.7°C,15.0°C,40%,1005hPa,-,SSW,7.2km/h/2.0m/s,-,N/A,,Clear
1997-7-13 9:00 PM,27.0°C,27.3°C,15.0°C,48%,1006hPa,-,Calm,Calm,-,N/A,,Clear
1997-7-13 10:00 PM,28.0°C,-,11.0°C,35%,1006hPa,-,ESE,7.2km/h/2.0m/s,-,N/A,,Clear
1997-7-13 11:00 PM,27.0°C,-,11.0°C,37%,1008hPa,-,ESE,10.8km/h/3.0m/s,-,N/A,,Clear
