Time (CST),Temp.,Windchill,Dew Point,Humidity,Pressure,Visibility,Wind Dir,Wind Speed,Gust Speed,Precip,Events,Conditions
1998-12-4 12:00 AM,24.8°F,19.2°F,19.4°F,80%,30.06in,3.1mi,ESE,4.5mph,-,N/A,,Haze
1998-12-4 1:00 AM,24.8°F,-,21.2°F,86%,30.06in,3.1mi,East,2.2mph,-,N/A,,Haze
1998-12-4 4:00 AM,19.4°F,12.9°F,17.6°F,93%,30.04in,2.5mi,ESE,4.5mph,-,N/A,,Haze
1998-12-4 5:00 AM,21.2°F,-,19.4°F,93%,30.04in,2.5mi,ESE,2.2mph,-,N/A,,Haze
1998-12-4 6:00 AM,19.4°F,-,19.4°F,100%,30.06in,2.5mi,ESE,2.2mph,-,N/A,,Haze
1998-12-4 7:00 AM,19.4°F,-,17.6°F,93%,30.06in,1.9mi,Calm,Calm,-,N/A,,Haze
1998-12-4 8:00 AM,19.4°F,-,17.6°F,93%,30.09in,1.9mi,Calm,Calm,-,N/A,,Haze
1998-12-4 9:00 AM,23.0°F,-,21.2°F,93%,30.12in,0.7mi,SE,2.2mph,-,N/A,,Haze
1998-12-4 10:00 AM,28.4°F,-,24.8°F,86%,30.15in,0.9mi,Calm,Calm,-,N/A,,Haze
1998-12-4 11:00 AM,33.8°F,-,24.8°F,70%,30.15in,0.9mi,Calm,Calm,-,N/A,,Haze
1998-12-4 12:00 PM,35.6°F,-,26.6°F,70%,30.15in,1.1mi,North,2.2mph,-,N/A,,Haze
1998-12-4 1:00 PM,39.2°F,-,26.6°F,61%,30.15in,1.2mi,Calm,Calm,-,N/A,,Haze
1998-12-4 2:00 PM,44.6°F,-,23.0°F,43%,30.15in,1.6mi,Calm,Calm,-,N/A,,Haze
1998-12-4 3:00 PM,46.4°F,39.9°F,6.8°F,20%,30.15in,4.3mi,NNW,15.7mph,-,N/A,,Partly Cloudy
1998-12-4 4:00 PM,46.4°F,39.9°F,5.0°F,18%,30.18in,-,NW,15.7mph,-,N/A,,Clear
1998-12-4 5:00 PM,42.8°F,35.2°F,3.2°F,19%,30.21in,-,NW,15.7mph,-,N/A,,Clear
1998-12-4 6:00 PM,37.4°F,-,6.8°F,28%,30.27in,-,WNW,2.2mph,-,N/A,,Clear
1998-12-4 7:00 PM,33.8°F,-,3.2°F,28%,30.30in,-,NNW,2.2mph,-,N/A,,Clear
1998-12-4 8:00 PM,28.4°F,-,3.2°F,34%,30.33in,-,NNW,2.2mph,-,N/A,,Clear
1998-12-4 9:00 PM,28.4°F,-,3.2°F,34%,30.36in,-,Calm,Calm,-,N/A,,Clear
1998-12-4 10:00 PM,26.6°F,-,5.0°F,40%,30.39in,-,South,2.2mph,-,N/A,,Clear
1998-12-4 11:00 PM,24.8°F,19.2°F,6.8°F,46%,30.42in,-,SW,4.5mph,-,N/A,,Clear
