Time (CST),Temp.,Windchill,Dew Point,Humidity,Pressure,Visibility,Wind Dir,Wind Speed,Gust Speed,Precip,Events,Conditions
1997-1-21 12:00 AM,-5.0°C,-,-13.0°C,54%,1023hPa,10.0km,Calm,Calm,-,N/A,,Clear
1997-1-21 1:00 AM,-5.0°C,-9.5°C,-13.0°C,54%,1024hPa,10.0km,North,10.8km/h/3.0m/s,-,N/A,,Clear
1997-1-21 2:00 AM,-6.0°C,-,-13.0°C,58%,1024hPa,10.0km,NE,3.6km/h/1.0m/s,-,N/A,,Clear
1997-1-21 3:00 AM,-7.0°C,-10.6°C,-14.0°C,58%,1025hPa,10.0km,SSE,7.2km/h/2.0m/s,-,N/A,,Clear
1997-1-21 4:00 AM,-6.0°C,-10.7°C,-12.0°C,63%,1025hPa,10.0km,North,10.8km/h/3.0m/s,-,N/A,,Clear
1997-1-21 5:00 AM,-6.0°C,-10.7°C,-13.0°C,58%,1025hPa,8.0km,NE,10.8km/h/3.0m/s,-,N/A,,Clear
1997-1-21 6:00 AM,-6.0°C,-,-14.0°C,54%,1026hPa,6.0km,Calm,Calm,-,N/A,,Clear
1997-1-21 7:00 AM,-6.0°C,-9.4°C,-14.0°C,54%,1026hPa,6.0km,SSW,7.2km/h/2.0m/s,-,N/A,,Clear
1997-1-21 8:00 AM,-6.0°C,-10.7°C,-14.0°C,54%,1028hPa,4.0km,West,10.8km/h/3.0m/s,-,N/A,,Smoke
1997-1-21 9:00 AM,-6.0°C,-9.4°C,-14.0°C,54%,1028hPa,4.0km,ENE,7.2km/h/2.0m/s,-,N/A,,Smoke
1997-1-21 10:00 AM,-3.0°C,-5.9°C,-14.0°C,43%,1029hPa,3.0km,SSW,7.2km/h/2.0m/s,-,N/A,,Smoke
1997-1-21 11:00 AM,1.0°C,-,-12.0°C,38%,1029hPa,5.0km,Calm,Calm,-,N/A,,Smoke
1997-1-21 12:00 PM,3.0°C,0.1°C,-13.0°C,30%,1028hPa,7.0km,East,10.8km/h/3.0m/s,-,N/A,,Clear
1997-1-21 1:00 PM,4.0°C,1.3°C,-13.0°C,28%,1027hPa,7.0km,SSE,10.8km/h/3.0m/s,-,N/A,,Clear
1997-1-21 2:00 PM,4.0°C,0.6°C,-13.0°C,28%,1025hPa,8.0km,SSW,14.4km/h/4.0m/s,-,N/A,,Clear
1997-1-21 3:00 PM,5.0°C,2.5°C,-12.0°C,29%,1025hPa,10.0km,SSE,10.8km/h/3.0m/s,-,N/A,,Clear
1997-1-21 4:00 PM,5.0°C,2.5°C,-11.0°C,31%,1025hPa,10.0km,South,10.8km/h/3.0m/s,-,N/A,,Clear
1997-1-21 5:00 PM,3.0°C,0.1°C,-12.0°C,33%,1025hPa,10.0km,South,10.8km/h/3.0m/s,-,N/A,,Clear
1997-1-21 7:00 PM,-2.0°C,-8.5°C,-10.0°C,55%,1025hPa,10.0km,ENE,25.2km/h/7.0m/s,-,N/A,,Clear
1997-1-21 8:00 PM,-3.0°C,-9.8°C,-10.0°C,59%,1026hPa,10.0km,ENE,25.2km/h/7.0m/s,-,N/A,,Clear
1997-1-21 10:00 PM,-4.0°C,-9.9°C,-11.0°C,59%,1027hPa,10.0km,ENE,18.0km/h/5.0m/s,-,N/A,,Clear
1997-1-21 11:00 PM,-5.0°C,-9.5°C,-10.0°C,68%,1026hPa,10.0km,NE,10.8km/h/3.0m/s,-,N/A,,Clear
