Time (CST),Temp.,Windchill,Dew Point,Humidity,Pressure,Visibility,Wind Dir,Wind Speed,Gust Speed,Precip,Events,Conditions
1998-12-23 12:00 AM,24.8°F,-,14.0°F,64%,30.21in,3.7mi,ESE,2.2mph,-,N/A,,Clear
1998-12-23 1:00 AM,24.8°F,19.2°F,14.0°F,64%,30.24in,3.7mi,ESE,4.5mph,-,N/A,,Clear
1998-12-23 2:00 AM,21.2°F,-,14.0°F,74%,30.24in,3.7mi,ESE,2.2mph,-,N/A,,Clear
1998-12-23 3:00 AM,23.0°F,-,14.0°F,68%,30.27in,3.7mi,ENE,2.2mph,-,N/A,,Clear
1998-12-23 4:00 AM,26.6°F,21.3°F,14.0°F,59%,30.27in,4.3mi,NW,4.5mph,-,N/A,,Clear
1998-12-23 5:00 AM,17.6°F,-,10.4°F,73%,30.27in,-,Calm,Calm,-,N/A,,Clear
1998-12-23 6:00 AM,24.8°F,19.2°F,15.8°F,69%,30.30in,-,North,4.5mph,-,N/A,,Clear
1998-12-23 8:00 AM,24.8°F,-,12.2°F,59%,30.33in,-,North,2.2mph,-,N/A,,Clear
1998-12-23 9:00 AM,24.8°F,19.2°F,14.0°F,64%,30.33in,-,SE,4.5mph,-,N/A,,Clear
1998-12-23 10:00 AM,35.6°F,28.7°F,14.0°F,41%,30.33in,-,NNW,8.9mph,-,N/A,,Clear
1998-12-23 11:00 AM,37.4°F,32.2°F,14.0°F,38%,30.33in,-,NE,6.7mph,-,N/A,,Clear
1998-12-23 12:00 PM,41.0°F,33.6°F,12.2°F,31%,30.30in,-,NNW,13.4mph,-,N/A,,Clear
1998-12-23 1:00 PM,42.8°F,36.7°F,10.4°F,27%,30.30in,-,NNW,11.2mph,-,N/A,,Clear
1998-12-23 2:00 PM,44.6°F,38.9°F,6.8°F,21%,30.27in,-,NNW,11.2mph,-,N/A,,Clear
1998-12-23 3:00 PM,44.6°F,-,6.8°F,21%,30.24in,-,North,2.2mph,-,N/A,,Clear
1998-12-23 4:00 PM,44.6°F,42.3°F,8.6°F,23%,30.27in,-,SSE,4.5mph,-,N/A,,Clear
1998-12-23 5:00 PM,41.0°F,-,8.6°F,26%,30.27in,6.2mi,Calm,Calm,-,N/A,,Clear
1998-12-23 6:00 PM,37.4°F,-,8.6°F,30%,30.27in,-,SE,2.2mph,-,N/A,,Clear
1998-12-23 7:00 PM,30.2°F,-,8.6°F,40%,30.30in,-,East,2.2mph,-,N/A,,Clear
1998-12-23 8:00 PM,28.4°F,-,6.8°F,40%,30.30in,-,ESE,2.2mph,-,N/A,,Clear
1998-12-23 9:00 PM,23.0°F,17.1°F,6.8°F,50%,30.33in,-,ESE,4.5mph,-,N/A,,Clear
1998-12-23 10:00 PM,23.0°F,-,5.0°F,46%,30.33in,-,Calm,Calm,-,N/A,,Clear
1998-12-23 11:00 PM,23.0°F,-,6.8°F,50%,30.33in,-,SSE,2.2mph,-,N/A,,Clear
