Time (CST),Temp.,Windchill,Dew Point,Humidity,Pressure,Visibility,Wind Dir,Wind Speed,Gust Speed,Precip,Events,Conditions
1997-3-25 12:00 AM,7.0°C,-,1.0°C,66%,1019hPa,5.0km,Calm,Calm,-,N/A,,Smoke
1997-3-25 1:00 AM,6.0°C,-,1.0°C,70%,1019hPa,5.0km,Calm,Calm,-,N/A,,Smoke
1997-3-25 2:00 AM,6.0°C,4.5°C,1.0°C,70%,1018hPa,5.0km,SSE,7.2km/h/2.0m/s,-,N/A,,Smoke
1997-3-25 3:00 AM,6.0°C,3.7°C,1.0°C,70%,1018hPa,5.0km,SSE,10.8km/h/3.0m/s,-,N/A,,Smoke
1997-3-25 4:00 AM,6.0°C,-,1.0°C,70%,1018hPa,5.0km,Calm,Calm,-,N/A,,Smoke
1997-3-25 5:00 AM,5.0°C,2.5°C,1.0°C,76%,1018hPa,5.0km,South,10.8km/h/3.0m/s,-,N/A,,Smoke
1997-3-25 6:00 AM,5.0°C,3.4°C,1.0°C,76%,1018hPa,6.0km,South,7.2km/h/2.0m/s,-,N/A,,Overcast
1997-3-25 7:00 AM,5.0°C,-,1.0°C,76%,1019hPa,4.0km,SE,3.6km/h/1.0m/s,-,N/A,,Smoke
1997-3-25 8:00 AM,6.0°C,-,1.0°C,70%,1019hPa,4.0km,SSE,3.6km/h/1.0m/s,-,N/A,,Smoke
1997-3-25 9:00 AM,7.0°C,5.7°C,1.0°C,66%,1019hPa,4.0km,SSE,7.2km/h/2.0m/s,-,N/A,,Smoke
1997-3-25 10:00 AM,8.0°C,-,1.0°C,62%,1019hPa,4.0km,Calm,Calm,-,N/A,,Smoke
1997-3-25 11:00 AM,9.0°C,-,2.0°C,62%,1019hPa,4.0km,SW,14.4km/h/4.0m/s,-,N/A,,Smoke
1997-3-25 12:00 PM,10.0°C,-,4.0°C,66%,1019hPa,6.0km,WSW,10.8km/h/3.0m/s,-,N/A,,Clear
1997-3-25 1:00 PM,13.0°C,-,1.0°C,44%,1018hPa,8.0km,SSW,14.4km/h/4.0m/s,-,N/A,,Partly Cloudy
1997-3-25 2:00 PM,14.0°C,-,2.0°C,44%,1017hPa,8.0km,SW,18.0km/h/5.0m/s,-,N/A,,Partly Cloudy
1997-3-25 3:00 PM,14.0°C,-,3.0°C,48%,1016hPa,-,WSW,21.6km/h/6.0m/s,-,N/A,,Clear
1997-3-25 4:00 PM,14.0°C,-,3.0°C,48%,1016hPa,8.0km,WSW,18.0km/h/5.0m/s,-,N/A,,Scattered Clouds
1997-3-25 5:00 PM,14.0°C,-,4.0°C,51%,1016hPa,8.0km,Calm,Calm,-,N/A,,Scattered Clouds
1997-3-25 6:00 PM,12.0°C,-,5.0°C,62%,1017hPa,8.0km,NE,7.2km/h/2.0m/s,-,N/A,,Partly Cloudy
1997-3-25 7:00 PM,12.0°C,-,4.0°C,58%,1018hPa,10.0km,NNE,10.8km/h/3.0m/s,-,N/A,,Mostly Cloudy
1997-3-25 8:00 PM,10.0°C,-,5.0°C,71%,1019hPa,-,North,10.8km/h/3.0m/s,-,N/A,,Clear
1997-3-25 9:00 PM,10.0°C,-,4.0°C,66%,1021hPa,10.0km,North,10.8km/h/3.0m/s,-,N/A,,Mostly Cloudy
1997-3-25 10:00 PM,9.0°C,-,3.0°C,66%,1022hPa,10.0km,NE,14.4km/h/4.0m/s,-,N/A,,Mostly Cloudy
1997-3-25 11:00 PM,10.0°C,-,3.0°C,62%,1022hPa,10.0km,NE,14.4km/h/4.0m/s,-,N/A,,Mostly Cloudy
