Time (CST),Temp.,Heat Index,Dew Point,Humidity,Pressure,Visibility,Wind Dir,Wind Speed,Gust Speed,Precip,Events,Conditions
1997-7-3 12:00 AM,28.0°C,31.9°C,24.0°C,79%,1002hPa,10.0km,East,10.8km/h/3.0m/s,-,N/A,"Rain
	,
Thunderstorm",Light Thunderstorms and Rain
1997-7-3 1:00 AM,24.0°C,-,24.0°C,100%,1003hPa,10.0km,NNE,7.2km/h/2.0m/s,-,N/A,"Rain
	,
Thunderstorm",Light Thunderstorms and Rain
1997-7-3 2:00 AM,24.0°C,-,24.0°C,100%,1002hPa,10.0km,NE,3.6km/h/1.0m/s,-,N/A,Rain,Light Rain Showers
1997-7-3 3:00 AM,24.0°C,-,24.0°C,100%,1002hPa,10.0km,SE,7.2km/h/2.0m/s,-,N/A,Rain,Light Rain
1997-7-3 4:00 AM,24.0°C,-,24.0°C,100%,1002hPa,6.0km,Calm,Calm,-,N/A,Rain,Light Rain
1997-7-3 5:00 AM,24.0°C,-,24.0°C,100%,1002hPa,6.0km,Calm,Calm,-,N/A,Rain,Light Rain
1997-7-3 6:00 AM,24.0°C,-,24.0°C,100%,1002hPa,5.0km,South,7.2km/h/2.0m/s,-,N/A,,Overcast
1997-7-3 7:00 AM,24.0°C,-,24.0°C,100%,1002hPa,5.0km,SSW,3.6km/h/1.0m/s,-,N/A,,Overcast
1997-7-3 8:00 AM,24.0°C,-,24.0°C,100%,1003hPa,3.0km,WSW,7.2km/h/2.0m/s,-,N/A,Rain,Light Rain
1997-7-3 9:00 AM,23.0°C,-,22.0°C,94%,1003hPa,10.0km,NNW,21.6km/h/6.0m/s,-,N/A,,Overcast
1997-7-3 10:00 AM,23.0°C,-,20.0°C,83%,1004hPa,10.0km,North,28.8km/h/8.0m/s,-,N/A,,Overcast
1997-7-3 11:00 AM,23.0°C,-,19.0°C,78%,1004hPa,10.0km,North,36.0km/h/10.0m/s,-,N/A,,Overcast
1997-7-3 12:00 PM,23.0°C,-,19.0°C,78%,1004hPa,10.0km,North,25.2km/h/7.0m/s,43.2km/h/12.0m/s,N/A,,Overcast
1997-7-3 1:00 PM,25.0°C,-,20.0°C,74%,1004hPa,10.0km,North,25.2km/h/7.0m/s,-,N/A,,Mostly Cloudy
1997-7-3 2:00 PM,24.0°C,-,19.0°C,73%,1004hPa,10.0km,North,32.4km/h/9.0m/s,-,N/A,,Overcast
1997-7-3 3:00 PM,24.0°C,-,19.0°C,73%,1004hPa,10.0km,North,21.6km/h/6.0m/s,-,N/A,,Overcast
1997-7-3 4:00 PM,24.0°C,-,19.0°C,73%,1005hPa,10.0km,North,21.6km/h/6.0m/s,-,N/A,,Overcast
1997-7-3 5:00 PM,24.0°C,-,18.0°C,69%,1005hPa,10.0km,NNE,18.0km/h/5.0m/s,-,N/A,,Overcast
1997-7-3 6:00 PM,24.0°C,-,19.0°C,73%,1005hPa,10.0km,North,10.8km/h/3.0m/s,-,N/A,,Overcast
1997-7-3 7:00 PM,24.0°C,-,19.0°C,73%,1006hPa,10.0km,ENE,7.2km/h/2.0m/s,-,N/A,,Overcast
1997-7-3 8:00 PM,22.0°C,-,19.0°C,83%,1006hPa,10.0km,ENE,3.6km/h/1.0m/s,-,N/A,,Overcast
1997-7-3 9:00 PM,22.0°C,-,19.0°C,83%,1006hPa,10.0km,North,7.2km/h/2.0m/s,-,N/A,,Overcast
1997-7-3 10:00 PM,21.0°C,-,21.0°C,100%,1008hPa,10.0km,NNW,7.2km/h/2.0m/s,-,N/A,,Overcast
1997-7-3 11:00 PM,21.0°C,-,21.0°C,100%,1008hPa,10.0km,NW,7.2km/h/2.0m/s,-,N/A,,Overcast
