Time (CST),Temp.,Windchill,Dew Point,Humidity,Pressure,Visibility,Wind Dir,Wind Speed,Gust Speed,Precip,Events,Conditions
1997-12-27 12:00 AM,-7.0°C,-10.6°C,-12.0°C,68%,1026hPa,10.0km,East,7.2km/h/2.0m/s,-,N/A,,Clear
1997-12-27 1:00 AM,-7.0°C,-10.6°C,-13.0°C,63%,1026hPa,10.0km,ESE,7.2km/h/2.0m/s,-,N/A,,Clear
1997-12-27 2:00 AM,-8.0°C,-,-14.0°C,63%,1026hPa,10.0km,Calm,Calm,-,N/A,,Clear
1997-12-27 3:00 AM,-10.0°C,-,-15.0°C,67%,1026hPa,10.0km,ENE,3.6km/h/1.0m/s,-,N/A,,Clear
1997-12-27 4:00 AM,-10.0°C,-,-14.0°C,73%,1026hPa,10.0km,ESE,3.6km/h/1.0m/s,-,N/A,,Clear
1997-12-27 5:00 AM,-7.0°C,-,-13.0°C,63%,1026hPa,10.0km,SE,3.6km/h/1.0m/s,-,N/A,,Clear
1997-12-27 6:00 AM,-8.0°C,-,-14.0°C,63%,1026hPa,10.0km,Calm,Calm,-,N/A,,Clear
1997-12-27 7:00 AM,-10.0°C,-,-14.0°C,73%,1026hPa,10.0km,SE,3.6km/h/1.0m/s,-,N/A,,Clear
1997-12-27 8:00 AM,-10.0°C,-,-14.0°C,73%,1027hPa,-,SE,3.6km/h/1.0m/s,-,N/A,,Clear
1997-12-27 9:00 AM,-9.0°C,-,-13.0°C,73%,1027hPa,6.0km,SSE,3.6km/h/1.0m/s,-,N/A,,Mostly Cloudy
1997-12-27 10:00 AM,-2.0°C,-,-12.0°C,47%,1028hPa,4.0km,South,3.6km/h/1.0m/s,-,N/A,,Smoke
1997-12-27 11:00 AM,0.0°C,-,-12.0°C,41%,1028hPa,3.5km,West,3.6km/h/1.0m/s,-,N/A,,Smoke
1997-12-27 12:00 PM,2.0°C,-,-12.0°C,35%,1027hPa,4.0km,SW,3.6km/h/1.0m/s,-,N/A,,Smoke
1997-12-27 1:00 PM,4.0°C,2.2°C,-13.0°C,28%,1026hPa,7.0km,WSW,7.2km/h/2.0m/s,-,N/A,,Clear
1997-12-27 2:00 PM,5.0°C,3.4°C,-14.0°C,24%,1025hPa,10.0km,WSW,7.2km/h/2.0m/s,-,N/A,,Clear
1997-12-27 3:00 PM,5.0°C,-,-14.0°C,24%,1024hPa,-,SSW,3.6km/h/1.0m/s,-,N/A,,Clear
1997-12-27 5:00 PM,1.0°C,-,-13.0°C,35%,1025hPa,-,North,3.6km/h/1.0m/s,-,N/A,,Clear
1997-12-27 6:00 PM,-1.0°C,-,-14.0°C,37%,1025hPa,6.0km,Calm,Calm,-,N/A,,Clear
1997-12-27 7:00 PM,-3.0°C,-,-14.0°C,43%,1026hPa,4.0km,East,3.6km/h/1.0m/s,-,N/A,,Smoke
1997-12-27 8:00 PM,-5.0°C,-,-15.0°C,46%,1027hPa,6.0km,ESE,3.6km/h/1.0m/s,-,N/A,,Clear
1997-12-27 9:00 PM,-5.0°C,-,-16.0°C,43%,1027hPa,5.0km,North,3.6km/h/1.0m/s,-,N/A,,Smoke
1997-12-27 10:00 PM,-6.0°C,-,-14.0°C,54%,1028hPa,5.0km,East,3.6km/h/1.0m/s,-,N/A,,Smoke
1997-12-27 11:00 PM,-6.0°C,-9.4°C,-16.0°C,46%,1028hPa,5.0km,ENE,7.2km/h/2.0m/s,-,N/A,,Smoke
