Time (CST),Temp.,Windchill,Dew Point,Humidity,Pressure,Visibility,Wind Dir,Wind Speed,Gust Speed,Precip,Events,Conditions
1997-10-4 12:00 AM,8.0°C,5.6°C,2.0°C,66%,1028hPa,-,North,14.4km/h/4.0m/s,-,N/A,,Clear
1997-10-4 2:00 AM,8.0°C,5.6°C,2.0°C,66%,1027hPa,-,North,14.4km/h/4.0m/s,-,N/A,,Clear
1997-10-4 3:00 AM,8.0°C,5.6°C,2.0°C,66%,1027hPa,-,North,14.4km/h/4.0m/s,-,N/A,,Clear
1997-10-4 4:00 AM,7.0°C,5.7°C,2.0°C,71%,1027hPa,-,North,7.2km/h/2.0m/s,-,N/A,,Clear
1997-10-4 5:00 AM,7.0°C,4.9°C,1.0°C,66%,1027hPa,-,North,10.8km/h/3.0m/s,-,N/A,,Clear
1997-10-4 6:00 AM,4.0°C,1.3°C,2.0°C,87%,1027hPa,10.0km,NW,10.8km/h/3.0m/s,-,N/A,,Clear
1997-10-4 7:00 AM,6.0°C,3.7°C,2.0°C,76%,1028hPa,-,North,10.8km/h/3.0m/s,-,N/A,,Clear
1997-10-4 8:00 AM,8.0°C,5.6°C,2.0°C,66%,1028hPa,-,North,14.4km/h/4.0m/s,-,N/A,,Clear
1997-10-4 9:00 AM,10.0°C,-,2.0°C,58%,1028hPa,-,North,18.0km/h/5.0m/s,-,N/A,,Clear
1997-10-4 10:00 AM,12.0°C,-,0.0°C,44%,1028hPa,-,NNW,14.4km/h/4.0m/s,-,N/A,,Clear
1997-10-4 11:00 AM,12.0°C,-,0.0°C,44%,1027hPa,-,WNW,7.2km/h/2.0m/s,-,N/A,,Clear
1997-10-4 12:00 PM,14.0°C,-,0.0°C,38%,1027hPa,-,NNE,7.2km/h/2.0m/s,-,N/A,,Clear
1997-10-4 1:00 PM,15.0°C,-,0.0°C,36%,1025hPa,10.0km,WNW,10.8km/h/3.0m/s,-,N/A,,Clear
1997-10-4 2:00 PM,16.0°C,-,0.0°C,34%,1024hPa,10.0km,West,10.8km/h/3.0m/s,-,N/A,,Clear
1997-10-4 3:00 PM,16.0°C,-,1.0°C,36%,1024hPa,10.0km,SW,7.2km/h/2.0m/s,-,N/A,,Clear
1997-10-4 4:00 PM,16.0°C,-,1.0°C,36%,1023hPa,10.0km,SSW,10.8km/h/3.0m/s,-,N/A,,Clear
1997-10-4 5:00 PM,16.0°C,-,1.0°C,36%,1023hPa,10.0km,SW,10.8km/h/3.0m/s,-,N/A,,Clear
1997-10-4 6:00 PM,14.0°C,-,1.0°C,41%,1023hPa,10.0km,SSW,3.6km/h/1.0m/s,-,N/A,,Clear
1997-10-4 7:00 PM,9.0°C,-,4.0°C,71%,1023hPa,10.0km,SE,7.2km/h/2.0m/s,-,N/A,,Clear
1997-10-4 8:00 PM,9.0°C,-,3.0°C,66%,1024hPa,10.0km,Calm,Calm,-,N/A,,Clear
1997-10-4 9:00 PM,8.0°C,6.9°C,4.0°C,76%,1024hPa,10.0km,NW,7.2km/h/2.0m/s,-,N/A,,Clear
1997-10-4 10:00 PM,6.0°C,4.5°C,3.0°C,81%,1025hPa,10.0km,ESE,7.2km/h/2.0m/s,-,N/A,,Clear
1997-10-4 11:00 PM,4.0°C,-,3.0°C,93%,1025hPa,10.0km,Calm,Calm,-,N/A,,Clear
