Time (CST),Temp.,Windchill,Dew Point,Humidity,Pressure,Visibility,Wind Dir,Wind Speed,Gust Speed,Precip,Events,Conditions
1997-1-27 1:00 AM,0.0°C,-5.4°C,-14.0°C,35%,1018hPa,10.0km,NNW,21.6km/h/6.0m/s,-,N/A,,Clear
1997-1-27 2:00 AM,-1.0°C,-6.2°C,-14.0°C,37%,1018hPa,10.0km,West,18.0km/h/5.0m/s,-,N/A,,Clear
1997-1-27 3:00 AM,-1.0°C,-6.2°C,-15.0°C,34%,1018hPa,10.0km,West,18.0km/h/5.0m/s,-,N/A,,Clear
1997-1-27 4:00 AM,-2.0°C,-8.0°C,-14.0°C,40%,1018hPa,10.0km,West,21.6km/h/6.0m/s,-,N/A,,Clear
1997-1-27 7:00 AM,-3.0°C,-8.7°C,-14.0°C,43%,1017hPa,10.0km,WSW,18.0km/h/5.0m/s,-,N/A,,Clear
1997-1-27 8:00 AM,-4.0°C,-10.5°C,-13.0°C,50%,1017hPa,10.0km,West,21.6km/h/6.0m/s,-,N/A,,Clear
1997-1-27 9:00 AM,-3.0°C,-8.0°C,-15.0°C,40%,1017hPa,10.0km,WSW,14.4km/h/4.0m/s,-,N/A,,Clear
1997-1-27 10:00 AM,0.0°C,-5.9°C,-12.0°C,41%,1011hPa,10.0km,WNW,25.2km/h/7.0m/s,-,N/A,,Clear
1997-1-27 11:00 AM,2.0°C,-4.7°C,-13.0°C,33%,1017hPa,10.0km,WNW,39.6km/h/11.0m/s,-,N/A,,Clear
1997-1-27 12:00 PM,3.0°C,-2.8°C,-19.0°C,19%,1016hPa,10.0km,WNW,32.4km/h/9.0m/s,-,N/A,,Partly Cloudy
1997-1-27 1:00 PM,4.0°C,-1.4°C,-15.0°C,24%,1015hPa,10.0km,West,32.4km/h/9.0m/s,-,N/A,,Partly Cloudy
1997-1-27 2:00 PM,4.0°C,-1.4°C,-8.0°C,42%,1014hPa,10.0km,WNW,32.4km/h/9.0m/s,-,N/A,,Partly Cloudy
1997-1-27 3:00 PM,4.0°C,-2.0°C,-8.0°C,42%,1014hPa,10.0km,South,39.6km/h/11.0m/s,-,N/A,,Partly Cloudy
1997-1-27 4:00 PM,4.0°C,-0.8°C,-7.0°C,45%,1014hPa,10.0km,WNW,25.2km/h/7.0m/s,-,N/A,,Unknown
1997-1-27 5:00 PM,3.0°C,-2.8°C,-8.0°C,45%,1014hPa,10.0km,WNW,32.4km/h/9.0m/s,-,N/A,,Partly Cloudy
1997-1-27 6:00 PM,2.0°C,-4.1°C,-9.0°C,44%,1015hPa,10.0km,WNW,32.4km/h/9.0m/s,-,N/A,,Clear
1997-1-27 7:00 PM,1.0°C,-3.7°C,-12.0°C,38%,1015hPa,10.0km,WNW,18.0km/h/5.0m/s,-,N/A,,Clear
1997-1-27 8:00 PM,0.0°C,-3.5°C,-15.0°C,32%,1016hPa,10.0km,WNW,10.8km/h/3.0m/s,-,N/A,,Clear
1997-1-27 10:00 PM,-3.0°C,-5.9°C,-15.0°C,40%,1016hPa,10.0km,NE,7.2km/h/2.0m/s,-,N/A,,Clear
1997-1-27 11:00 PM,-4.0°C,-,-18.0°C,34%,1016hPa,10.0km,Calm,Calm,-,N/A,,Clear
