Time (CST),Temp.,Dew Point,Humidity,Pressure,Visibility,Wind Dir,Wind Speed,Gust Speed,Precip,Events,Conditions
1998-10-11 12:00 AM,62.6°F,55.4°F,77%,30.15in,3.1mi,East,4.5mph,-,N/A,,Overcast
1998-10-11 1:00 AM,60.8°F,55.4°F,82%,30.15in,3.1mi,ENE,6.7mph,-,N/A,,Overcast
1998-10-11 3:00 AM,57.2°F,51.8°F,82%,30.15in,3.7mi,ENE,2.2mph,-,N/A,,Scattered Clouds
1998-10-11 4:00 AM,57.2°F,51.8°F,82%,30.15in,3.7mi,Calm,Calm,-,N/A,,Clear
1998-10-11 5:00 AM,55.4°F,51.8°F,88%,30.15in,2.5mi,Calm,Calm,-,N/A,,Clear
1998-10-11 6:00 AM,55.4°F,51.8°F,88%,30.15in,2.5mi,ESE,2.2mph,-,N/A,,Clear
1998-10-11 7:00 AM,51.8°F,51.8°F,100%,30.15in,0.9mi,Calm,Calm,-,N/A,,Partly Cloudy
1998-10-11 8:00 AM,53.6°F,53.6°F,100%,30.18in,0.9mi,Calm,Calm,-,N/A,,Scattered Clouds
1998-10-11 9:00 AM,59.0°F,55.4°F,88%,30.18in,0.7mi,Calm,Calm,-,N/A,,Scattered Clouds
1998-10-11 10:00 AM,62.6°F,55.4°F,77%,30.21in,1.1mi,East,6.7mph,-,N/A,,Mostly Cloudy
1998-10-11 11:00 AM,64.4°F,55.4°F,73%,30.18in,3.7mi,East,6.7mph,-,N/A,,Mostly Cloudy
1998-10-11 12:00 PM,68.0°F,51.8°F,56%,30.15in,6.2mi,NE,4.5mph,-,N/A,,Mostly Cloudy
1998-10-11 1:00 PM,68.0°F,50.0°F,52%,30.15in,6.2mi,East,4.5mph,-,N/A,,Mostly Cloudy
1998-10-11 2:00 PM,69.8°F,50.0°F,49%,30.12in,6.2mi,ESE,2.2mph,-,N/A,,Mostly Cloudy
1998-10-11 3:00 PM,68.0°F,51.8°F,56%,30.12in,6.2mi,ENE,11.2mph,-,N/A,,Unknown
1998-10-11 4:00 PM,66.2°F,53.6°F,64%,30.12in,4.3mi,ENE,11.2mph,-,N/A,,Overcast
1998-10-11 5:00 PM,64.4°F,53.6°F,68%,30.12in,3.1mi,East,11.2mph,-,N/A,,Overcast
1998-10-11 6:00 PM,62.6°F,53.6°F,72%,30.15in,3.1mi,East,11.2mph,-,N/A,,Overcast
1998-10-11 7:00 PM,60.8°F,53.6°F,77%,30.15in,5.0mi,East,11.2mph,-,N/A,,Overcast
1998-10-11 8:00 PM,60.8°F,51.8°F,72%,30.18in,6.2mi,ENE,11.2mph,-,N/A,,Mostly Cloudy
1998-10-11 9:00 PM,59.0°F,53.6°F,82%,30.18in,6.2mi,East,6.7mph,-,N/A,,Scattered Clouds
1998-10-11 10:00 PM,59.0°F,53.6°F,82%,30.21in,6.2mi,East,8.9mph,-,N/A,,Clear
1998-10-11 11:00 PM,57.2°F,51.8°F,82%,30.21in,6.2mi,East,8.9mph,-,N/A,,Clear
