Time (CST),Temp.,Windchill,Dew Point,Humidity,Pressure,Visibility,Wind Dir,Wind Speed,Gust Speed,Precip,Events,Conditions
1997-11-29 12:00 AM,-5.0°C,-,-6.0°C,93%,1026hPa,1.2km,East,3.6km/h/1.0m/s,-,N/A,,Overcast
1997-11-29 1:00 AM,-6.0°C,-,-7.0°C,93%,1026hPa,1.2km,ESE,3.6km/h/1.0m/s,-,N/A,,Overcast
1997-11-29 2:00 AM,-6.0°C,-,-7.0°C,93%,1026hPa,1.2km,ESE,3.6km/h/1.0m/s,-,N/A,,Overcast
1997-11-29 3:00 AM,-3.0°C,-,-4.0°C,93%,1026hPa,0.3km,SE,3.6km/h/1.0m/s,-,N/A,Fog,Fog
1997-11-29 4:00 AM,-3.0°C,-,-3.0°C,100%,1025hPa,0.6km,NE,3.6km/h/1.0m/s,-,N/A,Fog,Fog
1997-11-29 5:00 AM,-2.0°C,-,-2.0°C,100%,1025hPa,0.5km,NE,3.6km/h/1.0m/s,-,N/A,Fog,Fog
1997-11-29 7:00 AM,-2.0°C,-,-2.0°C,100%,1026hPa,0.6km,NNE,3.6km/h/1.0m/s,-,N/A,Fog,Fog
1997-11-29 8:00 AM,-2.0°C,-,-2.0°C,100%,1027hPa,0.7km,ENE,3.6km/h/1.0m/s,-,N/A,Fog,Fog
1997-11-29 9:00 AM,-2.0°C,-4.8°C,-2.0°C,100%,1027hPa,0.7km,ENE,7.2km/h/2.0m/s,-,N/A,Fog,Fog
1997-11-29 10:00 AM,-2.0°C,-,-3.0°C,93%,1028hPa,0.9km,Calm,Calm,-,N/A,Fog,Fog
1997-11-29 11:00 AM,-1.0°C,-,-2.0°C,93%,1028hPa,0.9km,East,3.6km/h/1.0m/s,-,N/A,Fog,Fog
1997-11-29 12:00 PM,0.0°C,-,-2.0°C,87%,1027hPa,1.0km,ESE,3.6km/h/1.0m/s,-,N/A,,Overcast
1997-11-29 1:00 PM,0.0°C,-,-2.0°C,87%,-,1.1km,SE,3.6km/h/1.0m/s,-,N/A,,Overcast
1997-11-29 2:00 PM,1.0°C,-,-2.0°C,81%,-,1.3km,SE,3.6km/h/1.0m/s,-,N/A,,Overcast
1997-11-29 3:00 PM,1.0°C,-,-2.0°C,81%,1023hPa,1.4km,Calm,Calm,-,N/A,,Mostly Cloudy
1997-11-29 4:00 PM,2.0°C,-,-2.0°C,75%,1023hPa,1.5km,Calm,Calm,-,N/A,,Mostly Cloudy
1997-11-29 5:00 PM,0.0°C,-,-2.0°C,87%,-,1.3km,West,3.6km/h/1.0m/s,-,N/A,,Mostly Cloudy
1997-11-29 6:00 PM,-2.0°C,-,-3.0°C,93%,1024hPa,0.9km,Calm,Calm,-,N/A,Fog,Fog
1997-11-29 7:00 PM,-3.0°C,-,-4.0°C,93%,1025hPa,0.8km,ENE,3.6km/h/1.0m/s,-,N/A,Fog,Fog
1997-11-29 8:00 PM,-5.0°C,-,-5.0°C,100%,1025hPa,0.9km,East,3.6km/h/1.0m/s,-,N/A,Fog,Fog
1997-11-29 9:00 PM,-5.0°C,-,-6.0°C,93%,1026hPa,1.0km,East,3.6km/h/1.0m/s,-,N/A,,Overcast
1997-11-29 10:00 PM,-5.0°C,-,-6.0°C,93%,1026hPa,1.4km,SE,3.6km/h/1.0m/s,-,N/A,,Overcast
1997-11-29 11:00 PM,-6.0°C,-,-7.0°C,93%,1025hPa,1.4km,ESE,3.6km/h/1.0m/s,-,N/A,,Mostly Cloudy
