Time (CST),Temp.,Windchill,Dew Point,Humidity,Pressure,Visibility,Wind Dir,Wind Speed,Gust Speed,Precip,Events,Conditions
1997-12-25 12:00 AM,-1.0°C,-,-5.0°C,75%,1022hPa,1.6km,Calm,Calm,-,N/A,,Smoke
1997-12-25 1:00 AM,-1.0°C,-,-5.0°C,75%,1022hPa,1.6km,Calm,Calm,-,N/A,,Smoke
1997-12-25 2:00 AM,-1.0°C,-,-5.0°C,75%,1022hPa,1.6km,Calm,Calm,-,N/A,,Smoke
1997-12-25 3:00 AM,-1.0°C,-,-4.0°C,80%,1022hPa,3.0km,East,3.6km/h/1.0m/s,-,N/A,,Smoke
1997-12-25 4:00 AM,-1.0°C,-,-4.0°C,80%,1022hPa,5.0km,Calm,Calm,-,N/A,,Smoke
1997-12-25 5:00 AM,0.0°C,-,-4.0°C,75%,1021hPa,2.0km,NNW,3.6km/h/1.0m/s,-,N/A,,Overcast
1997-12-25 6:00 AM,0.0°C,-,-3.0°C,80%,1021hPa,1.5km,Calm,Calm,-,N/A,,Overcast
1997-12-25 7:00 AM,0.0°C,-,-4.0°C,75%,1022hPa,1.3km,Calm,Calm,-,N/A,,Overcast
1997-12-25 8:00 AM,-1.0°C,-,-5.0°C,75%,1022hPa,3.0km,SE,3.6km/h/1.0m/s,-,N/A,,Overcast
1997-12-25 9:00 AM,-1.0°C,-,-4.0°C,80%,1023hPa,1.2km,Calm,Calm,-,N/A,,Smoke
1997-12-25 10:00 AM,0.0°C,-,-4.0°C,75%,1024hPa,0.7km,SE,3.6km/h/1.0m/s,-,N/A,,Smoke
1997-12-25 11:00 AM,2.0°C,-,-4.0°C,65%,1023hPa,0.7km,Calm,Calm,-,N/A,,Smoke
1997-12-25 12:00 PM,3.0°C,-,-4.0°C,60%,1023hPa,1.0km,SE,3.6km/h/1.0m/s,-,N/A,,Smoke
1997-12-25 1:00 PM,4.0°C,-,-4.0°C,56%,1022hPa,1.6km,South,3.6km/h/1.0m/s,-,N/A,,Smoke
1997-12-25 2:00 PM,5.0°C,-,-4.0°C,53%,1021hPa,1.1km,SSW,3.6km/h/1.0m/s,-,N/A,,Smoke
1997-12-25 3:00 PM,6.0°C,4.5°C,-3.0°C,53%,1021hPa,1.6km,WSW,7.2km/h/2.0m/s,-,N/A,,Smoke
1997-12-25 4:00 PM,5.0°C,-,-4.0°C,53%,1021hPa,1.6km,NNE,3.6km/h/1.0m/s,-,N/A,,Smoke
1997-12-25 5:00 PM,4.0°C,-,-4.0°C,56%,-,1.5km,SSE,3.6km/h/1.0m/s,-,N/A,,Smoke
1997-12-25 6:00 PM,1.0°C,-,-5.0°C,65%,1021hPa,2.0km,Calm,Calm,-,N/A,,Smoke
1997-12-25 7:00 PM,-1.0°C,-,-5.0°C,75%,1022hPa,2.0km,ESE,3.6km/h/1.0m/s,-,N/A,,Smoke
1997-12-25 8:00 PM,0.0°C,-2.5°C,-5.0°C,69%,1022hPa,2.0km,ESE,7.2km/h/2.0m/s,-,N/A,,Smoke
1997-12-25 9:00 PM,1.0°C,-,-4.0°C,70%,1022hPa,2.0km,SSE,3.6km/h/1.0m/s,-,N/A,,Smoke
1997-12-25 11:00 PM,1.0°C,-,-3.0°C,75%,1023hPa,2.4km,SSW,3.6km/h/1.0m/s,-,N/A,,Smoke
