Time (CST),Temp.,Windchill,Dew Point,Humidity,Pressure,Visibility,Wind Dir,Wind Speed,Gust Speed,Precip,Events,Conditions
1997-10-18 12:00 AM,7.0°C,-,-4.0°C,46%,1021hPa,10.0km,NE,3.6km/h/1.0m/s,-,N/A,,Clear
1997-10-18 1:00 AM,4.0°C,2.2°C,-4.0°C,56%,1021hPa,10.0km,ESE,7.2km/h/2.0m/s,-,N/A,,Clear
1997-10-18 2:00 AM,3.0°C,0.1°C,-6.0°C,52%,1021hPa,10.0km,SE,10.8km/h/3.0m/s,-,N/A,,Clear
1997-10-18 3:00 AM,3.0°C,-,-6.0°C,52%,1021hPa,10.0km,Calm,Calm,-,N/A,,Clear
1997-10-18 4:00 AM,5.0°C,3.4°C,-6.0°C,45%,1021hPa,10.0km,East,7.2km/h/2.0m/s,-,N/A,,Clear
1997-10-18 5:00 AM,3.0°C,-,-6.0°C,52%,1020hPa,10.0km,East,3.6km/h/1.0m/s,-,N/A,,Clear
1997-10-18 6:00 AM,0.0°C,-,-4.0°C,75%,1021hPa,10.0km,SSE,3.6km/h/1.0m/s,-,N/A,,Clear
1997-10-18 7:00 AM,2.0°C,-,-4.0°C,65%,1021hPa,10.0km,Calm,Calm,-,N/A,,Clear
1997-10-18 8:00 AM,6.0°C,4.5°C,-3.0°C,53%,1021hPa,5.0km,SE,7.2km/h/2.0m/s,-,N/A,,Smoke
1997-10-18 9:00 AM,11.0°C,-,-5.0°C,33%,1021hPa,6.0km,ESE,7.2km/h/2.0m/s,-,N/A,,Clear
1997-10-18 10:00 AM,13.0°C,-,-4.0°C,31%,1021hPa,7.0km,SE,7.2km/h/2.0m/s,-,N/A,,Clear
1997-10-18 11:00 AM,16.0°C,-,-4.0°C,25%,1020hPa,10.0km,SSE,7.2km/h/2.0m/s,-,N/A,,Clear
1997-10-18 12:00 PM,18.0°C,-,-4.0°C,22%,1018hPa,10.0km,West,7.2km/h/2.0m/s,-,N/A,,Clear
1997-10-18 1:00 PM,21.0°C,-,-4.0°C,18%,1017hPa,10.0km,SSW,10.8km/h/3.0m/s,-,N/A,,Clear
1997-10-18 2:00 PM,23.0°C,-,-5.0°C,15%,1015hPa,10.0km,West,10.8km/h/3.0m/s,-,N/A,,Clear
1997-10-18 3:00 PM,24.0°C,-,-7.0°C,12%,1014hPa,10.0km,WSW,7.2km/h/2.0m/s,-,N/A,,Clear
1997-10-18 4:00 PM,24.0°C,-,-8.0°C,11%,1014hPa,10.0km,NW,7.2km/h/2.0m/s,-,N/A,,Clear
1997-10-18 5:00 PM,23.0°C,-,-9.0°C,11%,1014hPa,10.0km,WNW,7.2km/h/2.0m/s,-,N/A,,Clear
1997-10-18 6:00 PM,18.0°C,-,-10.0°C,14%,1014hPa,-,NW,10.8km/h/3.0m/s,-,N/A,,Clear
1997-10-18 8:00 PM,16.0°C,-,-8.0°C,19%,1015hPa,10.0km,NW,7.2km/h/2.0m/s,-,N/A,,Clear
1997-10-18 9:00 PM,9.0°C,-,-5.0°C,37%,1016hPa,10.0km,West,3.6km/h/1.0m/s,-,N/A,,Clear
1997-10-18 10:00 PM,9.0°C,-,-4.0°C,40%,1016hPa,10.0km,Calm,Calm,-,N/A,,Clear
1997-10-18 11:00 PM,8.0°C,6.9°C,-5.0°C,40%,1016hPa,10.0km,ESE,7.2km/h/2.0m/s,-,N/A,,Clear
