Time (CST),Temp.,Windchill,Dew Point,Humidity,Pressure,Visibility,Wind Dir,Wind Speed,Gust Speed,Precip,Events,Conditions
1998-11-8 12:00 AM,41.0°F,-,21.2°F,45%,30.01in,-,SE,2.2mph,-,N/A,,Clear
1998-11-8 2:00 AM,37.4°F,-,23.0°F,56%,30.01in,-,East,2.2mph,-,N/A,,Clear
1998-11-8 4:00 AM,33.8°F,-,21.2°F,60%,29.95in,-,East,2.2mph,-,N/A,,Clear
1998-11-8 5:00 AM,32.0°F,-,23.0°F,69%,29.95in,6.2mi,East,2.2mph,-,N/A,,Clear
1998-11-8 6:00 AM,33.8°F,26.5°F,21.2°F,60%,29.95in,6.2mi,ESE,8.9mph,-,N/A,,Clear
1998-11-8 7:00 AM,32.0°F,-,21.2°F,64%,29.95in,5.0mi,Calm,Calm,-,N/A,,Clear
1998-11-8 8:00 AM,32.0°F,-,23.0°F,69%,29.98in,3.1mi,Calm,Calm,-,N/A,,Smoke
1998-11-8 9:00 AM,42.8°F,-,24.8°F,49%,29.98in,3.1mi,ESE,2.2mph,-,N/A,,Smoke
1998-11-8 10:00 AM,48.2°F,-,24.8°F,40%,29.98in,2.5mi,Calm,Calm,-,N/A,,Smoke
1998-11-8 11:00 AM,53.6°F,-,23.0°F,30%,29.95in,3.7mi,South,2.2mph,-,N/A,,Clear
1998-11-8 12:00 PM,59.0°F,-,24.8°F,27%,29.92in,3.7mi,SW,2.2mph,-,N/A,,Clear
1998-11-8 1:00 PM,62.6°F,-,26.6°F,26%,29.89in,3.7mi,West,4.5mph,-,N/A,,Clear
1998-11-8 2:00 PM,66.2°F,-,21.2°F,18%,29.86in,6.2mi,WSW,4.5mph,-,N/A,,Clear
1998-11-8 3:00 PM,68.0°F,-,15.8°F,13%,29.86in,6.2mi,NW,20.1mph,-,N/A,,Clear
1998-11-8 4:00 PM,66.2°F,-,15.8°F,14%,29.86in,6.2mi,WNW,15.7mph,-,N/A,,Clear
1998-11-8 5:00 PM,62.6°F,-,17.6°F,18%,29.89in,6.2mi,West,6.7mph,-,N/A,,Clear
1998-11-8 6:00 PM,57.2°F,-,19.4°F,23%,29.92in,6.2mi,NW,11.2mph,-,N/A,,Clear
1998-11-8 7:00 PM,53.6°F,-,19.4°F,26%,29.98in,6.2mi,NNW,6.7mph,-,N/A,,Clear
1998-11-8 8:00 PM,51.8°F,-,21.2°F,30%,30.01in,6.2mi,NNW,8.9mph,-,N/A,,Clear
1998-11-8 9:00 PM,51.8°F,-,19.4°F,28%,30.04in,6.2mi,North,8.9mph,-,N/A,,Clear
1998-11-8 10:00 PM,46.4°F,44.4°F,21.2°F,37%,30.06in,6.2mi,North,4.5mph,-,N/A,,Clear
