Time (CST),Temp.,Heat Index,Dew Point,Humidity,Pressure,Visibility,Wind Dir,Wind Speed,Gust Speed,Precip,Events,Conditions
1997-6-21 12:00 AM,25.0°C,-,8.0°C,34%,1009hPa,-,Calm,Calm,-,N/A,,Clear
1997-6-21 1:00 AM,25.0°C,-,6.0°C,29%,1009hPa,-,East,10.8km/h/3.0m/s,-,N/A,,Clear
1997-6-21 3:00 AM,22.0°C,-,9.0°C,43%,1009hPa,-,ESE,7.2km/h/2.0m/s,-,N/A,,Clear
1997-6-21 4:00 AM,20.0°C,-,8.0°C,46%,1009hPa,-,ESE,7.2km/h/2.0m/s,-,N/A,,Clear
1997-6-21 5:00 AM,20.0°C,-,10.0°C,52%,1010hPa,-,East,10.8km/h/3.0m/s,-,N/A,,Clear
1997-6-21 6:00 AM,19.0°C,-,9.0°C,52%,1010hPa,-,East,3.6km/h/1.0m/s,-,N/A,,Clear
1997-6-21 7:00 AM,19.0°C,-,11.0°C,60%,1011hPa,6.0km,East,3.6km/h/1.0m/s,-,N/A,,Partly Cloudy
1997-6-21 8:00 AM,22.0°C,-,12.0°C,53%,1011hPa,4.0km,Calm,Calm,-,N/A,,Smoke
1997-6-21 9:00 AM,26.0°C,-,11.0°C,39%,1011hPa,6.0km,Calm,Calm,-,N/A,,Partly Cloudy
1997-6-21 10:00 AM,28.0°C,-,10.0°C,32%,1011hPa,6.0km,South,7.2km/h/2.0m/s,-,N/A,,Partly Cloudy
1997-6-21 11:00 AM,31.0°C,-,11.0°C,29%,1010hPa,-,West,7.2km/h/2.0m/s,-,N/A,,Clear
1997-6-21 12:00 PM,32.0°C,-,11.0°C,27%,1010hPa,-,West,10.8km/h/3.0m/s,-,N/A,,Clear
1997-6-21 1:00 PM,34.0°C,-,10.0°C,23%,1009hPa,10.0km,West,7.2km/h/2.0m/s,-,N/A,,Scattered Clouds
1997-6-21 2:00 PM,36.0°C,-,6.0°C,16%,1008hPa,10.0km,Calm,Calm,-,N/A,,Partly Cloudy
1997-6-21 3:00 PM,36.0°C,-,5.0°C,15%,1008hPa,10.0km,Calm,Calm,-,N/A,,Scattered Clouds
1997-6-21 4:00 PM,34.0°C,-,4.0°C,15%,1008hPa,10.0km,NNE,28.8km/h/8.0m/s,-,N/A,,Mostly Cloudy
1997-6-21 5:00 PM,32.0°C,-,5.0°C,18%,1009hPa,10.0km,East,18.0km/h/5.0m/s,-,N/A,,Mostly Cloudy
1997-6-21 6:00 PM,31.0°C,-,6.0°C,21%,1009hPa,10.0km,South,32.4km/h/9.0m/s,-,N/A,,Scattered Clouds
1997-6-21 7:00 PM,30.0°C,-,11.0°C,31%,1010hPa,10.0km,WSW,10.8km/h/3.0m/s,-,N/A,,Scattered Clouds
1997-6-21 8:00 PM,28.0°C,27.5°C,12.0°C,37%,1010hPa,-,NE,7.2km/h/2.0m/s,-,N/A,,Clear
1997-6-21 9:00 PM,26.0°C,-,11.0°C,39%,1010hPa,-,North,7.2km/h/2.0m/s,-,N/A,,Clear
1997-6-21 10:00 PM,24.0°C,-,10.0°C,41%,1011hPa,-,SE,14.4km/h/4.0m/s,-,N/A,,Clear
1997-6-21 11:00 PM,23.0°C,-,9.0°C,41%,1011hPa,-,ENE,7.2km/h/2.0m/s,-,N/A,,Clear
