Time (CST),Temp.,Dew Point,Humidity,Pressure,Visibility,Wind Dir,Wind Speed,Gust Speed,Precip,Events,Conditions
1998-10-5 12:00 AM,59.0°F,55.4°F,88%,30.18in,1.2mi,SE,2.2mph,-,N/A,,Smoke
1998-10-5 1:00 AM,59.0°F,55.4°F,88%,30.18in,1.1mi,Calm,Calm,-,N/A,Rain,Light Rain
1998-10-5 2:00 AM,57.2°F,55.4°F,94%,30.18in,1.1mi,Calm,Calm,-,N/A,Rain,Light Rain
1998-10-5 3:00 AM,57.2°F,57.2°F,100%,30.21in,1.1mi,Calm,Calm,-,N/A,Rain,Light Rain
1998-10-5 4:00 AM,55.4°F,55.4°F,100%,30.21in,0.9mi,Calm,Calm,-,N/A,Rain,Light Rain
1998-10-5 5:00 AM,55.4°F,55.4°F,100%,30.15in,0.9mi,Calm,Calm,-,N/A,Rain,Light Rain
1998-10-5 6:00 AM,55.4°F,55.4°F,100%,30.15in,0.9mi,ESE,2.2mph,-,N/A,Rain,Light Rain
1998-10-5 7:00 AM,55.4°F,55.4°F,100%,30.15in,0.6mi,Calm,Calm,-,N/A,Rain,Light Rain
1998-10-5 8:00 AM,55.4°F,55.4°F,100%,30.15in,0.4mi,Calm,Calm,-,N/A,"Fog
	,
Rain",Light Rain
1998-10-5 9:00 AM,57.2°F,57.2°F,100%,30.15in,0.4mi,Calm,Calm,-,N/A,"Fog
	,
Rain",Light Rain
1998-10-5 10:00 AM,57.2°F,57.2°F,100%,30.18in,0.4mi,Calm,Calm,-,N/A,"Fog
	,
Rain",Light Rain
1998-10-5 11:00 AM,59.0°F,59.0°F,100%,30.15in,0.5mi,Calm,Calm,-,N/A,"Fog
	,
Rain",Light Rain
1998-10-5 12:00 PM,60.8°F,59.0°F,94%,30.15in,0.9mi,NW,2.2mph,-,N/A,,Overcast
1998-10-5 1:00 PM,62.6°F,59.0°F,88%,-,1.2mi,Calm,Calm,-,N/A,,Overcast
1998-10-5 2:00 PM,64.4°F,59.0°F,83%,30.09in,1.6mi,South,2.2mph,-,N/A,,Overcast
1998-10-5 3:00 PM,64.4°F,60.8°F,88%,30.09in,1.8mi,Calm,Calm,-,N/A,,Overcast
1998-10-5 4:00 PM,66.2°F,59.0°F,78%,30.06in,1.9mi,Calm,Calm,-,N/A,,Mostly Cloudy
1998-10-5 6:00 PM,62.6°F,60.8°F,94%,30.09in,1.9mi,Calm,Calm,-,N/A,,Overcast
1998-10-5 7:00 PM,60.8°F,60.8°F,100%,30.09in,1.9mi,Calm,Calm,-,N/A,,Overcast
1998-10-5 8:00 PM,60.8°F,59.0°F,94%,30.09in,1.3mi,SE,2.2mph,-,N/A,,Overcast
1998-10-5 9:00 PM,59.0°F,59.0°F,100%,30.12in,1.2mi,Calm,Calm,-,N/A,,Overcast
1998-10-5 11:00 PM,57.2°F,57.2°F,100%,30.12in,1.2mi,Calm,Calm,-,N/A,,Mostly Cloudy
