Time (CST),Temp.,Windchill,Dew Point,Humidity,Pressure,Visibility,Wind Dir,Wind Speed,Gust Speed,Precip,Events,Conditions
1997-11-21 12:00 AM,0.0°C,-,-4.0°C,75%,1020hPa,1.2km,Calm,Calm,-,N/A,,Smoke
1997-11-21 1:00 AM,0.0°C,-,-4.0°C,75%,1020hPa,1.2km,Calm,Calm,-,N/A,,Smoke
1997-11-21 2:00 AM,-2.0°C,-,-5.0°C,80%,1020hPa,1.2km,Calm,Calm,-,N/A,,Overcast
1997-11-21 6:00 AM,-4.0°C,-,-6.0°C,86%,1019hPa,1.6km,SE,3.6km/h/1.0m/s,-,N/A,,Overcast
1997-11-21 7:00 AM,-5.0°C,-8.3°C,-7.0°C,86%,1020hPa,1.6km,NNW,7.2km/h/2.0m/s,-,N/A,,Partly Cloudy
1997-11-21 8:00 AM,-4.0°C,-,-6.0°C,86%,1021hPa,1.2km,Calm,Calm,-,N/A,,Clear
1997-11-21 9:00 AM,-2.0°C,-,-4.0°C,86%,1022hPa,1.2km,SE,3.6km/h/1.0m/s,-,N/A,,Clear
1997-11-21 10:00 AM,1.0°C,-,-4.0°C,70%,1022hPa,1.2km,SE,3.6km/h/1.0m/s,-,N/A,,Smoke
1997-11-21 11:00 AM,4.0°C,-,-4.0°C,56%,1022hPa,1.4km,SSW,3.6km/h/1.0m/s,-,N/A,,Smoke
1997-11-21 12:00 PM,7.0°C,-,-4.0°C,46%,1021hPa,1.8km,WSW,3.6km/h/1.0m/s,-,N/A,,Smoke
1997-11-21 1:00 PM,9.0°C,-,-4.0°C,40%,1020hPa,1.2km,SSW,3.6km/h/1.0m/s,-,N/A,,Smoke
1997-11-21 2:00 PM,10.0°C,-,-6.0°C,32%,1019hPa,1.6km,WSW,3.6km/h/1.0m/s,-,N/A,,Smoke
1997-11-21 3:00 PM,11.0°C,-,-7.0°C,28%,1019hPa,4.0km,WSW,3.6km/h/1.0m/s,-,N/A,,Smoke
1997-11-21 4:00 PM,10.0°C,-,-6.0°C,32%,1019hPa,3.0km,West,3.6km/h/1.0m/s,-,N/A,,Smoke
1997-11-21 5:00 PM,6.0°C,-,-5.0°C,46%,1019hPa,2.6km,Calm,Calm,-,N/A,,Smoke
1997-11-21 6:00 PM,3.0°C,-,-5.0°C,56%,1019hPa,2.2km,East,3.6km/h/1.0m/s,-,N/A,,Smoke
1997-11-21 7:00 PM,2.0°C,-0.1°C,-5.0°C,60%,1020hPa,3.5km,SE,7.2km/h/2.0m/s,-,N/A,,Smoke
1997-11-21 8:00 PM,0.0°C,-2.5°C,-5.0°C,69%,1020hPa,2.3km,ESE,7.2km/h/2.0m/s,-,N/A,,Smoke
1997-11-21 9:00 PM,1.0°C,-,-6.0°C,60%,1020hPa,3.0km,East,3.6km/h/1.0m/s,-,N/A,,Smoke
1997-11-21 10:00 PM,0.0°C,-,-5.0°C,69%,1020hPa,3.0km,SE,3.6km/h/1.0m/s,-,N/A,,Clear
1997-11-21 11:00 PM,-3.0°C,-5.9°C,-6.0°C,80%,1021hPa,2.6km,SE,7.2km/h/2.0m/s,-,N/A,,Clear
