Time (CST),Temp.,Dew Point,Humidity,Pressure,Visibility,Wind Dir,Wind Speed,Gust Speed,Precip,Events,Conditions
1997-4-26 12:00 AM,12.0°C,3.0°C,54%,1017hPa,10.0km,East,10.8km/h/3.0m/s,-,N/A,,Clear
1997-4-26 1:00 AM,12.0°C,4.0°C,58%,1017hPa,10.0km,East,10.8km/h/3.0m/s,-,N/A,,Clear
1997-4-26 2:00 AM,13.0°C,3.0°C,51%,1017hPa,10.0km,East,7.2km/h/2.0m/s,-,N/A,,Clear
1997-4-26 3:00 AM,11.0°C,3.0°C,58%,1017hPa,10.0km,East,7.2km/h/2.0m/s,-,N/A,,Clear
1997-4-26 4:00 AM,10.0°C,4.0°C,66%,1017hPa,10.0km,East,7.2km/h/2.0m/s,-,N/A,,Clear
1997-4-26 5:00 AM,8.0°C,3.0°C,71%,1017hPa,10.0km,Calm,Calm,-,N/A,,Clear
1997-4-26 6:00 AM,7.0°C,4.0°C,81%,1017hPa,10.0km,Calm,Calm,-,N/A,,Clear
1997-4-26 7:00 AM,8.0°C,4.0°C,76%,1017hPa,10.0km,Calm,Calm,-,N/A,,Clear
1997-4-26 8:00 AM,11.0°C,5.0°C,67%,1017hPa,6.0km,Calm,Calm,-,N/A,,Clear
1997-4-26 9:00 AM,14.0°C,4.0°C,51%,1017hPa,8.0km,South,7.2km/h/2.0m/s,-,N/A,,Partly Cloudy
1997-4-26 10:00 AM,16.0°C,4.0°C,45%,1017hPa,-,SW,3.6km/h/1.0m/s,-,N/A,,Clear
1997-4-26 11:00 AM,18.0°C,3.0°C,37%,1016hPa,10.0km,South,18.0km/h/5.0m/s,-,N/A,,Clear
1997-4-26 12:00 PM,21.0°C,5.0°C,35%,1015hPa,10.0km,WSW,25.2km/h/7.0m/s,-,N/A,,Clear
1997-4-26 1:00 PM,22.0°C,1.0°C,25%,1014hPa,-,SW,18.0km/h/5.0m/s,-,N/A,,Clear
1997-4-26 2:00 PM,23.0°C,1.0°C,23%,1013hPa,-,West,21.6km/h/6.0m/s,-,N/A,,Clear
1997-4-26 3:00 PM,23.0°C,1.0°C,23%,1012hPa,-,WSW,18.0km/h/5.0m/s,-,N/A,,Clear
1997-4-26 4:00 PM,24.0°C,1.0°C,22%,1011hPa,-,SW,14.4km/h/4.0m/s,-,N/A,,Clear
1997-4-26 5:00 PM,23.0°C,0.0°C,22%,1011hPa,-,WSW,21.6km/h/6.0m/s,-,N/A,,Clear
1997-4-26 6:00 PM,23.0°C,3.0°C,27%,1011hPa,-,WSW,18.0km/h/5.0m/s,-,N/A,,Clear
1997-4-26 7:00 PM,21.0°C,5.0°C,35%,1011hPa,10.0km,West,7.2km/h/2.0m/s,-,N/A,,Mostly Cloudy
1997-4-26 8:00 PM,16.0°C,7.0°C,55%,1015hPa,10.0km,North,43.2km/h/12.0m/s,-,N/A,"Rain
	,
Thunderstorm",Thunderstorms and Rain
1997-4-26 9:00 PM,15.0°C,9.0°C,67%,1014hPa,10.0km,ENE,18.0km/h/5.0m/s,-,N/A,,Mostly Cloudy
