Time (CST),Temp.,Windchill,Dew Point,Humidity,Pressure,Visibility,Wind Dir,Wind Speed,Gust Speed,Precip,Events,Conditions
1998-11-4 12:00 AM,53.6°F,-,23.0°F,30%,30.15in,6.2mi,NNW,13.4mph,-,N/A,,Clear
1998-11-4 2:00 AM,46.4°F,42.0°F,21.2°F,37%,30.18in,6.2mi,NNW,8.9mph,-,N/A,,Clear
1998-11-4 5:00 AM,42.8°F,40.2°F,19.4°F,39%,30.21in,6.2mi,North,4.5mph,-,N/A,,Clear
1998-11-4 6:00 AM,33.8°F,-,23.0°F,65%,30.24in,6.2mi,Calm,Calm,-,N/A,,Clear
1998-11-4 7:00 AM,30.2°F,-,23.0°F,75%,30.27in,6.2mi,ENE,2.2mph,-,N/A,,Clear
1998-11-4 8:00 AM,35.6°F,-,23.0°F,60%,30.30in,6.2mi,Calm,Calm,-,N/A,,Clear
1998-11-4 9:00 AM,46.4°F,-,21.2°F,37%,30.30in,6.2mi,NNW,2.2mph,-,N/A,,Clear
1998-11-4 10:00 AM,51.8°F,-,19.4°F,28%,30.30in,6.2mi,NNW,2.2mph,-,N/A,,Clear
1998-11-4 11:00 AM,55.4°F,-,21.2°F,26%,30.30in,6.2mi,NNW,4.5mph,-,N/A,,Clear
1998-11-4 12:00 PM,57.2°F,-,19.4°F,23%,30.27in,6.2mi,Calm,Calm,-,N/A,,Clear
1998-11-4 1:00 PM,60.8°F,-,19.4°F,20%,30.24in,6.2mi,South,2.2mph,-,N/A,,Clear
1998-11-4 2:00 PM,62.6°F,-,19.4°F,19%,30.21in,6.2mi,Calm,Calm,-,N/A,,Clear
1998-11-4 3:00 PM,62.6°F,-,19.4°F,19%,30.18in,6.2mi,SSE,2.2mph,-,N/A,,Clear
1998-11-4 4:00 PM,64.4°F,-,21.2°F,19%,30.15in,6.2mi,SE,2.2mph,-,N/A,,Clear
1998-11-4 5:00 PM,62.6°F,-,21.2°F,20%,30.15in,6.2mi,Calm,Calm,-,N/A,,Clear
1998-11-4 6:00 PM,55.4°F,-,24.8°F,31%,30.18in,6.2mi,ESE,6.7mph,-,N/A,,Clear
1998-11-4 7:00 PM,53.6°F,-,21.2°F,28%,30.18in,6.2mi,East,13.4mph,-,N/A,,Clear
1998-11-4 8:00 PM,51.8°F,-,19.4°F,28%,30.21in,6.2mi,East,15.7mph,-,N/A,,Clear
1998-11-4 9:00 PM,50.0°F,-,19.4°F,30%,30.21in,6.2mi,East,13.4mph,-,N/A,,Clear
1998-11-4 10:00 PM,48.2°F,-,21.2°F,34%,30.24in,6.2mi,ENE,6.7mph,-,N/A,,Clear
1998-11-4 11:00 PM,46.4°F,42.0°F,23.0°F,40%,30.24in,6.2mi,East,8.9mph,-,N/A,,Clear
