Time (CST),Temp.,Dew Point,Humidity,Pressure,Visibility,Wind Dir,Wind Speed,Gust Speed,Precip,Events,Conditions
1998-10-16 12:00 AM,41.0°F,30.2°F,65%,30.01in,6.2mi,ESE,2.2mph,-,N/A,,Clear
1998-10-16 1:00 AM,42.8°F,30.2°F,61%,30.01in,6.2mi,Calm,Calm,-,N/A,,Clear
1998-10-16 2:00 AM,41.0°F,30.2°F,65%,30.01in,6.2mi,Calm,Calm,-,N/A,,Clear
1998-10-16 4:00 AM,39.2°F,30.2°F,70%,30.01in,6.2mi,Calm,Calm,-,N/A,,Clear
1998-10-16 5:00 AM,37.4°F,30.2°F,75%,30.01in,-,SSE,2.2mph,-,N/A,,Clear
1998-10-16 6:00 AM,39.2°F,30.2°F,70%,30.01in,-,Calm,Calm,-,N/A,,Clear
1998-10-16 7:00 AM,37.4°F,32.0°F,81%,30.04in,-,Calm,Calm,-,N/A,,Clear
1998-10-16 8:00 AM,42.8°F,32.0°F,66%,30.06in,5.0mi,SE,2.2mph,-,N/A,,Mostly Cloudy
1998-10-16 9:00 AM,48.2°F,30.2°F,50%,30.06in,5.0mi,South,2.2mph,-,N/A,,Scattered Clouds
1998-10-16 10:00 AM,55.4°F,30.2°F,38%,30.06in,-,Calm,Calm,-,N/A,,Clear
1998-10-16 11:00 AM,57.2°F,30.2°F,36%,30.04in,3.1mi,Calm,Calm,-,N/A,,Smoke
1998-10-16 12:00 PM,60.8°F,32.0°F,34%,30.01in,3.1mi,South,2.2mph,-,N/A,,Smoke
1998-10-16 1:00 PM,64.4°F,32.0°F,30%,29.98in,3.7mi,WSW,8.9mph,-,N/A,,Mostly Cloudy
1998-10-16 2:00 PM,64.4°F,30.2°F,28%,29.98in,2.5mi,SSW,4.5mph,-,N/A,,Smoke
1998-10-16 3:00 PM,66.2°F,32.0°F,28%,29.95in,3.7mi,SSE,2.2mph,-,N/A,,Overcast
1998-10-16 4:00 PM,64.4°F,33.8°F,32%,29.98in,2.5mi,South,2.2mph,-,N/A,,Smoke
1998-10-16 5:00 PM,62.6°F,35.6°F,37%,30.01in,1.9mi,Calm,Calm,-,N/A,,Smoke
1998-10-16 6:00 PM,59.0°F,37.4°F,45%,30.01in,1.9mi,SW,2.2mph,-,N/A,,Smoke
1998-10-16 7:00 PM,59.0°F,39.2°F,48%,30.04in,1.2mi,Calm,Calm,-,N/A,,Smoke
1998-10-16 8:00 PM,59.0°F,37.4°F,45%,30.04in,2.5mi,WSW,2.2mph,-,N/A,,Smoke
1998-10-16 9:00 PM,55.4°F,39.2°F,54%,30.04in,5.0mi,NW,2.2mph,-,N/A,,Overcast
1998-10-16 10:00 PM,59.0°F,35.6°F,42%,30.06in,-,WNW,4.5mph,-,N/A,,Clear
1998-10-16 11:00 PM,60.8°F,32.0°F,34%,30.09in,-,WNW,8.9mph,-,N/A,,Clear
