Time (CST),Temp.,Dew Point,Humidity,Pressure,Visibility,Wind Dir,Wind Speed,Gust Speed,Precip,Events,Conditions
1997-4-14 8:00 AM,9.0°C,3.0°C,66%,1019hPa,10.0km,Calm,Calm,-,N/A,,Clear
1997-4-14 11:00 AM,16.0°C,5.0°C,48%,1018hPa,10.0km,NE,14.4km/h/4.0m/s,-,N/A,,Clear
1997-4-14 12:00 PM,18.0°C,5.0°C,42%,1017hPa,10.0km,ESE,14.4km/h/4.0m/s,-,N/A,,Mostly Cloudy
1997-4-14 1:00 PM,19.0°C,3.0°C,35%,1017hPa,10.0km,SW,10.8km/h/3.0m/s,-,N/A,,Mostly Cloudy
1997-4-14 2:00 PM,20.0°C,1.0°C,28%,1016hPa,10.0km,WNW,10.8km/h/3.0m/s,-,N/A,,Mostly Cloudy
1997-4-14 3:00 PM,20.0°C,1.0°C,28%,1016hPa,10.0km,East,28.8km/h/8.0m/s,-,N/A,,Partly Cloudy
1997-4-14 5:00 PM,18.0°C,-2.0°C,26%,1016hPa,10.0km,ENE,32.4km/h/9.0m/s,-,N/A,,Scattered Clouds
1997-4-14 6:00 PM,17.0°C,0.0°C,32%,1017hPa,10.0km,East,21.6km/h/6.0m/s,-,N/A,,Mostly Cloudy
1997-4-14 7:00 PM,16.0°C,0.0°C,34%,1017hPa,10.0km,East,18.0km/h/5.0m/s,-,N/A,,Mostly Cloudy
1997-4-14 8:00 PM,15.0°C,2.0°C,42%,1018hPa,10.0km,East,18.0km/h/5.0m/s,-,N/A,,Mostly Cloudy
1997-4-14 9:00 PM,15.0°C,2.0°C,42%,1019hPa,10.0km,SSW,21.6km/h/6.0m/s,-,N/A,,Scattered Clouds
1997-4-14 10:00 PM,14.0°C,4.0°C,51%,1019hPa,10.0km,SSW,14.4km/h/4.0m/s,-,N/A,,Mostly Cloudy
1997-4-14 11:00 PM,12.0°C,4.0°C,58%,1018hPa,-,South,3.6km/h/1.0m/s,-,N/A,,Clear
