Time (CST),Temp.,Windchill,Dew Point,Humidity,Pressure,Visibility,Wind Dir,Wind Speed,Gust Speed,Precip,Events,Conditions
1998-1-12 12:00 AM,-4.0°C,-8.3°C,-9.0°C,69%,1019hPa,6.0km,East,10.8km/h/3.0m/s,-,N/A,,Partly Cloudy
1998-1-12 2:00 AM,-7.0°C,-10.6°C,-10.0°C,80%,1019hPa,6.0km,East,7.2km/h/2.0m/s,-,N/A,,Partly Cloudy
1998-1-12 3:00 AM,-7.0°C,-10.6°C,-9.0°C,86%,1019hPa,6.0km,East,7.2km/h/2.0m/s,-,N/A,,Partly Cloudy
1998-1-12 4:00 AM,-8.0°C,-11.8°C,-10.0°C,86%,1019hPa,4.0km,East,7.2km/h/2.0m/s,-,N/A,,Partly Cloudy
1998-1-12 5:00 AM,-8.0°C,-13.1°C,-10.0°C,86%,1018hPa,4.0km,ESE,10.8km/h/3.0m/s,-,N/A,,Partly Cloudy
1998-1-12 6:00 AM,-8.0°C,-,-11.0°C,79%,1018hPa,4.0km,East,3.6km/h/1.0m/s,-,N/A,,Partly Cloudy
1998-1-12 7:00 AM,-7.0°C,-10.6°C,-10.0°C,80%,1019hPa,4.0km,East,7.2km/h/2.0m/s,-,N/A,,Partly Cloudy
1998-1-12 8:00 AM,-8.0°C,-,-11.0°C,79%,1019hPa,4.0km,ENE,3.6km/h/1.0m/s,-,N/A,,Mostly Cloudy
1998-1-12 9:00 AM,-7.0°C,-,-9.0°C,86%,1020hPa,1.6km,East,3.6km/h/1.0m/s,-,N/A,,Mostly Cloudy
1998-1-12 10:00 AM,-4.0°C,-7.1°C,-9.0°C,69%,1020hPa,2.3km,ESE,7.2km/h/2.0m/s,-,N/A,,Mostly Cloudy
1998-1-12 11:00 AM,-1.0°C,-,-8.0°C,60%,1020hPa,2.3km,East,3.6km/h/1.0m/s,-,N/A,,Smoke
1998-1-12 12:00 PM,1.0°C,-,-8.0°C,52%,1019hPa,2.6km,SE,3.6km/h/1.0m/s,-,N/A,,Smoke
1998-1-12 1:00 PM,2.0°C,-,-7.0°C,52%,1018hPa,2.6km,SSE,3.6km/h/1.0m/s,-,N/A,,Smoke
1998-1-12 2:00 PM,4.0°C,2.2°C,-6.0°C,49%,1017hPa,3.0km,SSE,7.2km/h/2.0m/s,-,N/A,,Smoke
1998-1-12 3:00 PM,5.0°C,-,-7.0°C,42%,1016hPa,3.0km,SSE,3.6km/h/1.0m/s,-,N/A,,Smoke
1998-1-12 4:00 PM,5.0°C,-,-7.0°C,42%,1016hPa,3.5km,SE,3.6km/h/1.0m/s,-,N/A,,Smoke
1998-1-12 5:00 PM,4.0°C,-,-7.0°C,45%,1016hPa,3.0km,Calm,Calm,-,N/A,,Smoke
1998-1-12 6:00 PM,2.0°C,-0.1°C,-7.0°C,52%,1017hPa,5.0km,South,7.2km/h/2.0m/s,-,N/A,,Smoke
1998-1-12 7:00 PM,0.0°C,-3.5°C,-7.0°C,60%,1018hPa,5.0km,SE,10.8km/h/3.0m/s,-,N/A,,Smoke
1998-1-12 8:00 PM,-3.0°C,-9.8°C,-8.0°C,69%,1018hPa,4.0km,ESE,25.2km/h/7.0m/s,-,N/A,,Smoke
1998-1-12 9:00 PM,-4.0°C,-9.9°C,-7.0°C,80%,1019hPa,3.0km,East,18.0km/h/5.0m/s,-,N/A,,Smoke
1998-1-12 10:00 PM,-5.0°C,-11.2°C,-8.0°C,80%,1019hPa,5.0km,ESE,18.0km/h/5.0m/s,-,N/A,,Smoke
1998-1-12 11:00 PM,-5.0°C,-10.4°C,-8.0°C,80%,1020hPa,8.0km,ESE,14.4km/h/4.0m/s,-,N/A,,Partly Cloudy
