Time (CST),Temp.,Windchill,Dew Point,Humidity,Pressure,Visibility,Wind Dir,Wind Speed,Gust Speed,Precip,Events,Conditions
1997-10-15 12:00 AM,10.0°C,-,-1.0°C,47%,1017hPa,-,East,7.2km/h/2.0m/s,-,N/A,,Clear
1997-10-15 1:00 AM,7.0°C,5.7°C,0.0°C,61%,1017hPa,-,WNW,7.2km/h/2.0m/s,-,N/A,,Clear
1997-10-15 2:00 AM,6.0°C,4.5°C,0.0°C,66%,1017hPa,-,SSE,7.2km/h/2.0m/s,-,N/A,,Clear
1997-10-15 3:00 AM,6.0°C,-,-1.0°C,61%,1017hPa,-,Calm,Calm,-,N/A,,Clear
1997-10-15 4:00 AM,6.0°C,-,1.0°C,70%,1017hPa,-,Calm,Calm,-,N/A,,Clear
1997-10-15 5:00 AM,4.0°C,2.2°C,0.0°C,75%,1017hPa,-,SE,7.2km/h/2.0m/s,-,N/A,,Clear
1997-10-15 6:00 AM,5.0°C,-,1.0°C,76%,1017hPa,-,Calm,Calm,-,N/A,,Clear
1997-10-15 7:00 AM,4.0°C,2.2°C,1.0°C,81%,1017hPa,6.0km,SSE,7.2km/h/2.0m/s,-,N/A,,Partly Cloudy
1997-10-15 8:00 AM,8.0°C,-,3.0°C,71%,1018hPa,4.0km,Calm,Calm,-,N/A,,Smoke
1997-10-15 9:00 AM,12.0°C,-,2.0°C,51%,1018hPa,4.0km,South,3.6km/h/1.0m/s,-,N/A,,Smoke
1997-10-15 10:00 AM,14.0°C,-,0.0°C,38%,1019hPa,6.0km,ESE,10.8km/h/3.0m/s,-,N/A,,Scattered Clouds
1997-10-15 11:00 AM,17.0°C,-,-1.0°C,30%,1018hPa,6.0km,SE,7.2km/h/2.0m/s,-,N/A,,Scattered Clouds
1997-10-15 12:00 PM,17.0°C,-,-1.0°C,30%,1018hPa,6.0km,SE,7.2km/h/2.0m/s,-,N/A,,Scattered Clouds
1997-10-15 1:00 PM,22.0°C,-,0.0°C,23%,1016hPa,7.0km,SW,10.8km/h/3.0m/s,-,N/A,,Mostly Cloudy
1997-10-15 2:00 PM,22.0°C,-,0.0°C,23%,1015hPa,6.0km,SW,10.8km/h/3.0m/s,-,N/A,,Scattered Clouds
1997-10-15 3:00 PM,23.0°C,-,-1.0°C,20%,1014hPa,6.0km,WSW,14.4km/h/4.0m/s,-,N/A,,Mostly Cloudy
1997-10-15 4:00 PM,23.0°C,-,-6.0°C,14%,1015hPa,-,West,21.6km/h/6.0m/s,-,N/A,,Clear
1997-10-15 5:00 PM,21.0°C,-,-2.0°C,21%,1015hPa,-,West,7.2km/h/2.0m/s,-,N/A,,Clear
1997-10-15 6:00 PM,19.0°C,-,-6.0°C,18%,1015hPa,-,NW,10.8km/h/3.0m/s,-,N/A,,Clear
1997-10-15 7:00 PM,18.0°C,-,-5.0°C,21%,1016hPa,10.0km,NW,10.8km/h/3.0m/s,-,N/A,,Clear
1997-10-15 8:00 PM,16.0°C,-,-3.0°C,27%,1017hPa,10.0km,NW,10.8km/h/3.0m/s,-,N/A,,Clear
1997-10-15 9:00 PM,16.0°C,-,-2.0°C,29%,1018hPa,10.0km,West,7.2km/h/2.0m/s,-,N/A,,Clear
1997-10-15 10:00 PM,17.0°C,-,-4.0°C,24%,1018hPa,10.0km,WSW,7.2km/h/2.0m/s,-,N/A,,Clear
1997-10-15 11:00 PM,12.0°C,-,-1.0°C,41%,1019hPa,10.0km,Calm,Calm,-,N/A,,Clear
