Time (CST),Temp.,Windchill,Dew Point,Humidity,Pressure,Visibility,Wind Dir,Wind Speed,Gust Speed,Precip,Events,Conditions
1997-4-24 12:00 AM,7.0°C,3.8°C,7.0°C,100%,1029hPa,3.0km,North,18.0km/h/5.0m/s,-,N/A,,Mostly Cloudy
1997-4-24 1:00 AM,8.0°C,-,7.0°C,93%,1028hPa,7.0km,Calm,Calm,-,N/A,,Mostly Cloudy
1997-4-24 2:00 AM,8.0°C,6.9°C,7.0°C,93%,1027hPa,6.0km,NW,7.2km/h/2.0m/s,-,N/A,,Mostly Cloudy
1997-4-24 3:00 AM,7.0°C,-,7.0°C,100%,1027hPa,6.0km,Calm,Calm,-,N/A,,Partly Cloudy
1997-4-24 4:00 AM,7.0°C,-,7.0°C,100%,1027hPa,6.0km,Calm,Calm,-,N/A,,Partly Cloudy
1997-4-24 5:00 AM,6.0°C,4.5°C,6.0°C,100%,1027hPa,3.0km,WNW,7.2km/h/2.0m/s,-,N/A,,Partly Cloudy
1997-4-24 6:00 AM,6.0°C,4.5°C,6.0°C,100%,1027hPa,1.2km,WNW,7.2km/h/2.0m/s,-,N/A,,Partly Cloudy
1997-4-24 7:00 AM,6.0°C,3.7°C,4.0°C,87%,1027hPa,0.5km,WSW,10.8km/h/3.0m/s,-,N/A,,Scattered Clouds
1997-4-24 8:00 AM,5.0°C,-,5.0°C,100%,1027hPa,0.0km,West,3.6km/h/1.0m/s,-,N/A,Fog,Fog
1997-4-24 9:00 AM,6.0°C,4.5°C,6.0°C,100%,1028hPa,0.2km,South,7.2km/h/2.0m/s,-,N/A,Fog,Fog
1997-4-24 10:00 AM,10.0°C,-,6.0°C,76%,1027hPa,2.7km,South,7.2km/h/2.0m/s,-,N/A,,Partly Cloudy
1997-4-24 11:00 AM,12.0°C,-,6.0°C,67%,1027hPa,4.0km,SW,7.2km/h/2.0m/s,-,N/A,,Partly Cloudy
1997-4-24 12:00 PM,13.0°C,-,6.0°C,63%,1026hPa,5.0km,Calm,Calm,-,N/A,,Clear
1997-4-24 1:00 PM,14.0°C,-,6.0°C,59%,1025hPa,8.0km,WSW,7.2km/h/2.0m/s,-,N/A,,Scattered Clouds
1997-4-24 2:00 PM,16.0°C,-,4.0°C,45%,1024hPa,10.0km,SW,14.4km/h/4.0m/s,-,N/A,,Mostly Cloudy
1997-4-24 3:00 PM,17.0°C,-,3.0°C,39%,1023hPa,10.0km,WSW,7.2km/h/2.0m/s,-,N/A,,Scattered Clouds
1997-4-24 4:00 PM,18.0°C,-,2.0°C,34%,1022hPa,10.0km,SSW,7.2km/h/2.0m/s,-,N/A,,Partly Cloudy
1997-4-24 5:00 PM,18.0°C,-,2.0°C,34%,1022hPa,10.0km,SW,7.2km/h/2.0m/s,-,N/A,,Scattered Clouds
1997-4-24 6:00 PM,17.0°C,-,2.0°C,37%,1022hPa,10.0km,West,21.6km/h/6.0m/s,-,N/A,,Partly Cloudy
1997-4-24 7:00 PM,16.0°C,-,4.0°C,45%,1022hPa,10.0km,WSW,14.4km/h/4.0m/s,-,N/A,,Clear
1997-4-24 8:00 PM,15.0°C,-,4.0°C,48%,1022hPa,10.0km,SW,7.2km/h/2.0m/s,-,N/A,,Clear
1997-4-24 9:00 PM,14.0°C,-,4.0°C,51%,1023hPa,10.0km,South,3.6km/h/1.0m/s,-,N/A,,Clear
1997-4-24 10:00 PM,12.0°C,-,5.0°C,62%,1023hPa,10.0km,ESE,7.2km/h/2.0m/s,-,N/A,,Clear
1997-4-24 11:00 PM,11.0°C,-,5.0°C,67%,1023hPa,10.0km,SE,14.4km/h/4.0m/s,-,N/A,,Clear
