Time (CST),Temp.,Heat Index,Dew Point,Humidity,Pressure,Visibility,Wind Dir,Wind Speed,Gust Speed,Precip,Events,Conditions
1997-6-6 12:00 AM,21.0°C,-,12.0°C,56%,1009hPa,10.0km,East,25.2km/h/7.0m/s,-,N/A,,Overcast
1997-6-6 1:00 AM,21.0°C,-,13.0°C,60%,1009hPa,10.0km,ENE,18.0km/h/5.0m/s,-,N/A,,Overcast
1997-6-6 2:00 AM,20.0°C,-,13.0°C,64%,1008hPa,10.0km,East,10.8km/h/3.0m/s,-,N/A,,Overcast
1997-6-6 3:00 AM,20.0°C,-,13.0°C,64%,1008hPa,10.0km,East,21.6km/h/6.0m/s,-,N/A,,Overcast
1997-6-6 4:00 AM,19.0°C,-,13.0°C,68%,1008hPa,10.0km,East,21.6km/h/6.0m/s,-,N/A,,Overcast
1997-6-6 5:00 AM,18.0°C,-,14.0°C,77%,1009hPa,7.0km,East,21.6km/h/6.0m/s,-,N/A,,Overcast
1997-6-6 6:00 AM,18.0°C,-,13.0°C,73%,1009hPa,7.0km,ENE,18.0km/h/5.0m/s,-,N/A,,Overcast
1997-6-6 7:00 AM,19.0°C,-,13.0°C,68%,1009hPa,7.0km,East,10.8km/h/3.0m/s,-,N/A,,Overcast
1997-6-6 8:00 AM,20.0°C,-,14.0°C,68%,1009hPa,7.0km,ENE,10.8km/h/3.0m/s,-,N/A,,Overcast
1997-6-6 9:00 AM,23.0°C,-,12.0°C,50%,1010hPa,8.0km,West,7.2km/h/2.0m/s,-,N/A,,Mostly Cloudy
1997-6-6 10:00 AM,23.0°C,-,15.0°C,61%,1009hPa,6.0km,NW,7.2km/h/2.0m/s,-,N/A,,Mostly Cloudy
1997-6-6 11:00 AM,25.0°C,-,14.0°C,50%,1009hPa,8.0km,Calm,Calm,-,N/A,,Mostly Cloudy
1997-6-6 12:00 PM,27.0°C,27.1°C,14.0°C,45%,1008hPa,8.0km,Calm,Calm,-,N/A,,Mostly Cloudy
1997-6-6 1:00 PM,28.0°C,28.0°C,15.0°C,45%,1008hPa,8.0km,West,10.8km/h/3.0m/s,-,N/A,,Mostly Cloudy
1997-6-6 2:00 PM,29.0°C,29.1°C,16.0°C,45%,1007hPa,8.0km,WSW,25.2km/h/7.0m/s,-,N/A,,Mostly Cloudy
1997-6-6 3:00 PM,30.0°C,30.1°C,16.0°C,43%,1006hPa,8.0km,SSW,18.0km/h/5.0m/s,-,N/A,,Mostly Cloudy
1997-6-6 4:00 PM,31.0°C,30.9°C,16.0°C,40%,1005hPa,-,SSW,21.6km/h/6.0m/s,-,N/A,,Clear
1997-6-6 5:00 PM,30.0°C,30.1°C,16.0°C,43%,1005hPa,10.0km,SSW,28.8km/h/8.0m/s,-,N/A,,Mostly Cloudy
1997-6-6 6:00 PM,30.0°C,29.4°C,14.0°C,37%,1005hPa,10.0km,SSW,25.2km/h/7.0m/s,-,N/A,,Scattered Clouds
1997-6-6 7:00 PM,26.0°C,-,15.0°C,51%,1006hPa,10.0km,WSW,36.0km/h/10.0m/s,-,N/A,,Mostly Cloudy
1997-6-6 8:00 PM,25.0°C,-,15.0°C,54%,1007hPa,10.0km,SW,28.8km/h/8.0m/s,-,N/A,,Mostly Cloudy
1997-6-6 9:00 PM,24.0°C,-,15.0°C,57%,1008hPa,10.0km,East,21.6km/h/6.0m/s,-,N/A,,Mostly Cloudy
1997-6-6 10:00 PM,23.0°C,-,14.0°C,57%,1009hPa,10.0km,East,7.2km/h/2.0m/s,-,N/A,,Mostly Cloudy
1997-6-6 11:00 PM,22.0°C,-,14.0°C,60%,1009hPa,10.0km,East,7.2km/h/2.0m/s,-,N/A,,Overcast
