Time (CST),Temp.,Windchill,Dew Point,Humidity,Pressure,Visibility,Wind Dir,Wind Speed,Gust Speed,Precip,Events,Conditions
1997-11-20 12:00 AM,-5.0°C,-,-9.0°C,74%,1021hPa,10.0km,Calm,Calm,-,N/A,,Clear
1997-11-20 1:00 AM,-6.0°C,-,-9.0°C,80%,1022hPa,10.0km,SE,3.6km/h/1.0m/s,-,N/A,,Clear
1997-11-20 2:00 AM,-5.0°C,-,-9.0°C,74%,1022hPa,10.0km,East,3.6km/h/1.0m/s,-,N/A,,Clear
1997-11-20 5:00 AM,-8.0°C,-,-10.0°C,86%,1021hPa,10.0km,SE,3.6km/h/1.0m/s,-,N/A,,Clear
1997-11-20 6:00 AM,-6.0°C,-,-9.0°C,80%,1021hPa,10.0km,ENE,3.6km/h/1.0m/s,-,N/A,,Clear
1997-11-20 7:00 AM,-7.0°C,-,-9.0°C,86%,1021hPa,10.0km,East,3.6km/h/1.0m/s,-,N/A,,Clear
1997-11-20 8:00 AM,-6.0°C,-,-9.0°C,80%,1021hPa,6.0km,SSW,3.6km/h/1.0m/s,-,N/A,,Clear
1997-11-20 9:00 AM,-3.0°C,-,-6.0°C,80%,1022hPa,3.0km,ESE,3.6km/h/1.0m/s,-,N/A,,Scattered Clouds
1997-11-20 10:00 AM,1.0°C,-,-8.0°C,52%,1022hPa,3.0km,Calm,Calm,-,N/A,,Smoke
1997-11-20 11:00 AM,3.0°C,-,-9.0°C,41%,1021hPa,3.0km,NE,3.6km/h/1.0m/s,-,N/A,,Smoke
1997-11-20 12:00 PM,6.0°C,-,-8.0°C,36%,1020hPa,4.0km,Calm,Calm,-,N/A,,Smoke
1997-11-20 1:00 PM,7.0°C,-,-8.0°C,34%,1019hPa,4.0km,West,3.6km/h/1.0m/s,-,N/A,,Smoke
1997-11-20 2:00 PM,8.0°C,-,-7.0°C,34%,1018hPa,4.0km,South,3.6km/h/1.0m/s,-,N/A,,Smoke
1997-11-20 3:00 PM,7.0°C,-,-4.0°C,46%,-,1.4km,West,3.6km/h/1.0m/s,-,N/A,,Smoke
1997-11-20 4:00 PM,6.0°C,4.5°C,-4.0°C,49%,1018hPa,1.5km,WSW,7.2km/h/2.0m/s,-,N/A,,Smoke
1997-11-20 5:00 PM,4.0°C,-,-5.0°C,52%,-,1.4km,Calm,Calm,-,N/A,,Smoke
1997-11-20 6:00 PM,4.0°C,-,-6.0°C,49%,1019hPa,1.6km,ENE,3.6km/h/1.0m/s,-,N/A,,Smoke
1997-11-20 7:00 PM,3.0°C,-,-5.0°C,56%,1019hPa,1.4km,Calm,Calm,-,N/A,,Smoke
1997-11-20 8:00 PM,2.0°C,-,-5.0°C,60%,1019hPa,1.4km,Calm,Calm,-,N/A,,Smoke
1997-11-20 9:00 PM,2.0°C,-,-4.0°C,65%,1019hPa,1.4km,Calm,Calm,-,N/A,,Smoke
1997-11-20 10:00 PM,2.0°C,-,-4.0°C,65%,1019hPa,1.2km,Calm,Calm,-,N/A,,Smoke
1997-11-20 11:00 PM,-1.0°C,-,-4.0°C,80%,1020hPa,1.2km,NW,3.6km/h/1.0m/s,-,N/A,,Smoke
