Time (CST),Temp.,Heat Index,Dew Point,Humidity,Pressure,Visibility,Wind Dir,Wind Speed,Gust Speed,Precip,Events,Conditions
1997-6-7 12:00 AM,21.0°C,-,14.0°C,64%,1009hPa,10.0km,East,7.2km/h/2.0m/s,-,N/A,,Overcast
1997-6-7 1:00 AM,20.0°C,-,15.0°C,73%,1009hPa,10.0km,East,7.2km/h/2.0m/s,-,N/A,,Overcast
1997-6-7 2:00 AM,18.0°C,-,15.0°C,83%,1009hPa,10.0km,SSE,7.2km/h/2.0m/s,-,N/A,,Overcast
1997-6-7 3:00 AM,18.0°C,-,15.0°C,83%,1008hPa,10.0km,Calm,Calm,-,N/A,,Overcast
1997-6-7 4:00 AM,18.0°C,-,15.0°C,83%,1008hPa,10.0km,East,7.2km/h/2.0m/s,-,N/A,,Overcast
1997-6-7 5:00 AM,17.0°C,-,14.0°C,82%,1008hPa,6.0km,Calm,Calm,-,N/A,,Overcast
1997-6-7 6:00 AM,17.0°C,-,14.0°C,82%,1009hPa,6.0km,Calm,Calm,-,N/A,,Mostly Cloudy
1997-6-7 7:00 AM,19.0°C,-,14.0°C,73%,1009hPa,6.0km,Calm,Calm,-,N/A,,Scattered Clouds
1997-6-7 8:00 AM,19.0°C,-,15.0°C,78%,1009hPa,6.0km,Calm,Calm,-,N/A,,Mostly Cloudy
1997-6-7 9:00 AM,22.0°C,-,15.0°C,64%,1009hPa,-,SSE,7.2km/h/2.0m/s,-,N/A,,Clear
1997-6-7 10:00 AM,23.0°C,-,16.0°C,65%,1009hPa,-,South,14.4km/h/4.0m/s,-,N/A,,Clear
1997-6-7 11:00 AM,24.0°C,-,14.0°C,53%,1009hPa,-,SW,21.6km/h/6.0m/s,-,N/A,,Clear
1997-6-7 12:00 PM,26.0°C,-,14.0°C,47%,1009hPa,-,SSW,21.6km/h/6.0m/s,-,N/A,,Clear
1997-6-7 1:00 PM,28.0°C,27.8°C,14.0°C,42%,1008hPa,10.0km,South,25.2km/h/7.0m/s,-,N/A,,Mostly Cloudy
1997-6-7 2:00 PM,28.0°C,27.5°C,12.0°C,37%,1007hPa,10.0km,SW,18.0km/h/5.0m/s,-,N/A,,Mostly Cloudy
1997-6-7 3:00 PM,28.0°C,-,11.0°C,35%,1007hPa,10.0km,SW,25.2km/h/7.0m/s,-,N/A,,Mostly Cloudy
1997-6-7 4:00 PM,27.0°C,26.8°C,12.0°C,39%,1006hPa,10.0km,SW,14.4km/h/4.0m/s,-,N/A,,Mostly Cloudy
1997-6-7 5:00 PM,23.0°C,-,12.0°C,50%,1007hPa,10.0km,NNE,36.0km/h/10.0m/s,-,N/A,,Mostly Cloudy
1997-6-7 6:00 PM,18.0°C,-,11.0°C,64%,1009hPa,10.0km,North,39.6km/h/11.0m/s,-,N/A,,Overcast
1997-6-7 7:00 PM,17.0°C,-,10.0°C,63%,1009hPa,10.0km,North,43.2km/h/12.0m/s,75.6km/h/21.0m/s,N/A,,Overcast
1997-6-7 8:00 PM,17.0°C,-,10.0°C,63%,1011hPa,10.0km,North,32.4km/h/9.0m/s,57.6km/h/16.0m/s,N/A,,Overcast
1997-6-7 9:00 PM,16.0°C,-,10.0°C,68%,1013hPa,10.0km,NNE,25.2km/h/7.0m/s,50.4km/h/14.0m/s,N/A,,Overcast
1997-6-7 10:00 PM,16.0°C,-,9.0°C,63%,1015hPa,10.0km,NE,21.6km/h/6.0m/s,-,N/A,,Overcast
1997-6-7 11:00 PM,15.0°C,-,10.0°C,72%,1015hPa,10.0km,NNE,18.0km/h/5.0m/s,-,N/A,Rain,Light Rain
