Time (CST),Temp.,Dew Point,Humidity,Pressure,Visibility,Wind Dir,Wind Speed,Gust Speed,Precip,Events,Conditions
1997-9-2 12:00 AM,19.0°C,9.0°C,52%,1016hPa,10.0km,North,14.4km/h/4.0m/s,-,N/A,,Mostly Cloudy
1997-9-2 1:00 AM,18.0°C,9.0°C,56%,1016hPa,10.0km,North,21.6km/h/6.0m/s,-,N/A,,Mostly Cloudy
1997-9-2 2:00 AM,18.0°C,9.0°C,56%,1016hPa,10.0km,North,25.2km/h/7.0m/s,-,N/A,,Mostly Cloudy
1997-9-2 6:00 AM,16.0°C,7.0°C,55%,1017hPa,-,North,18.0km/h/5.0m/s,-,N/A,,Clear
1997-9-2 7:00 AM,16.0°C,6.0°C,52%,1018hPa,-,NNW,21.6km/h/6.0m/s,-,N/A,,Clear
1997-9-2 8:00 AM,17.0°C,5.0°C,45%,1018hPa,-,North,21.6km/h/6.0m/s,-,N/A,,Clear
1997-9-2 9:00 AM,18.0°C,5.0°C,42%,1018hPa,10.0km,North,25.2km/h/7.0m/s,-,N/A,,Clear
1997-9-2 10:00 AM,20.0°C,5.0°C,37%,1018hPa,10.0km,North,21.6km/h/6.0m/s,-,N/A,,Clear
