Time (CST),Temp.,Windchill,Dew Point,Humidity,Pressure,Visibility,Wind Dir,Wind Speed,Gust Speed,Precip,Events,Conditions
1998-11-29 12:00 AM,26.6°F,-,19.4°F,74%,29.98in,5.0mi,Calm,Calm,-,N/A,,Clear
1998-11-29 2:00 AM,28.4°F,-,21.2°F,74%,29.95in,5.0mi,Calm,Calm,-,N/A,,Clear
1998-11-29 4:00 AM,24.8°F,-,19.4°F,80%,29.95in,5.0mi,Calm,Calm,-,N/A,,Clear
1998-11-29 5:00 AM,23.0°F,17.1°F,19.4°F,86%,29.95in,3.7mi,SE,4.5mph,-,N/A,,Clear
1998-11-29 6:00 AM,24.8°F,-,19.4°F,80%,29.95in,3.7mi,Calm,Calm,-,N/A,,Clear
1998-11-29 7:00 AM,23.0°F,-,19.4°F,86%,29.98in,3.1mi,Calm,Calm,-,N/A,,Clear
1998-11-29 8:00 AM,23.0°F,-,19.4°F,86%,29.98in,1.9mi,Calm,Calm,-,N/A,,Clear
1998-11-29 9:00 AM,26.6°F,-,23.0°F,86%,30.01in,1.1mi,ESE,2.2mph,-,N/A,,Clear
1998-11-29 11:00 AM,39.2°F,-,24.8°F,56%,29.98in,1.1mi,Calm,Calm,-,N/A,,Smoke
1998-11-29 12:00 PM,42.8°F,-,26.6°F,53%,29.95in,1.9mi,Calm,Calm,-,N/A,,Smoke
1998-11-29 1:00 PM,44.6°F,-,26.6°F,49%,29.92in,1.9mi,Calm,Calm,-,N/A,,Smoke
1998-11-29 2:00 PM,46.4°F,-,26.6°F,46%,29.92in,1.9mi,Calm,Calm,-,N/A,,Smoke
1998-11-29 3:00 PM,46.4°F,-,28.4°F,50%,29.92in,1.9mi,SSE,2.2mph,-,N/A,,Smoke
1998-11-29 4:00 PM,46.4°F,-,28.4°F,50%,29.89in,1.9mi,Calm,Calm,-,N/A,,Smoke
1998-11-29 5:00 PM,44.6°F,-,28.4°F,53%,29.92in,1.4mi,Calm,Calm,-,N/A,,Smoke
1998-11-29 6:00 PM,39.2°F,-,26.6°F,61%,29.92in,1.9mi,NW,2.2mph,-,N/A,,Smoke
1998-11-29 7:00 PM,37.4°F,-,26.6°F,65%,29.95in,1.9mi,Calm,Calm,-,N/A,,Smoke
1998-11-29 8:00 PM,32.0°F,-,24.8°F,75%,29.98in,1.9mi,SE,2.2mph,-,N/A,,Smoke
1998-11-29 9:00 PM,30.2°F,-,23.0°F,75%,30.01in,2.5mi,SE,2.2mph,-,N/A,,Smoke
1998-11-29 10:00 PM,28.4°F,-,23.0°F,80%,30.01in,-,East,2.2mph,-,N/A,,Smoke
1998-11-29 11:00 PM,28.4°F,-,24.8°F,86%,30.01in,3.1mi,ESE,2.2mph,-,N/A,,Smoke
