Time (CST),Temp.,Dew Point,Humidity,Pressure,Visibility,Wind Dir,Wind Speed,Gust Speed,Precip,Events,Conditions
1998-11-12 12:00 AM,35.6°F,23.0°F,60%,30.21in,6.2mi,East,2.2mph,-,N/A,,Clear
1998-11-12 4:00 AM,30.2°F,23.0°F,75%,30.12in,6.2mi,ESE,2.2mph,-,N/A,,Clear
1998-11-12 5:00 AM,28.4°F,23.0°F,80%,30.12in,6.2mi,East,2.2mph,-,N/A,,Clear
1998-11-12 6:00 AM,26.6°F,21.2°F,80%,30.09in,6.2mi,ESE,2.2mph,-,N/A,,Clear
1998-11-12 7:00 AM,28.4°F,23.0°F,80%,30.09in,4.3mi,Calm,Calm,-,N/A,,Clear
1998-11-12 8:00 AM,32.0°F,23.0°F,69%,30.12in,2.5mi,WNW,2.2mph,-,N/A,,Clear
1998-11-12 9:00 AM,37.4°F,24.8°F,60%,30.12in,1.9mi,Calm,Calm,-,N/A,,Smoke
1998-11-12 10:00 AM,42.8°F,26.6°F,53%,30.09in,1.2mi,Calm,Calm,-,N/A,,Smoke
1998-11-12 11:00 AM,48.2°F,24.8°F,40%,30.09in,2.5mi,South,2.2mph,-,N/A,,Smoke
1998-11-12 12:00 PM,51.8°F,24.8°F,35%,30.06in,2.5mi,South,2.2mph,-,N/A,,Smoke
1998-11-12 1:00 PM,57.2°F,24.8°F,29%,30.01in,3.1mi,SSE,2.2mph,-,N/A,,Smoke
1998-11-12 2:00 PM,60.8°F,24.8°F,25%,29.98in,5.0mi,Calm,Calm,-,N/A,,Clear
1998-11-12 3:00 PM,62.6°F,24.8°F,24%,29.95in,5.0mi,South,2.2mph,-,N/A,,Clear
1998-11-12 4:00 PM,62.6°F,24.8°F,24%,29.92in,5.0mi,Calm,Calm,-,N/A,,Clear
1998-11-12 5:00 PM,57.2°F,26.6°F,31%,29.92in,5.0mi,ENE,2.2mph,-,N/A,,Clear
1998-11-12 6:00 PM,51.8°F,24.8°F,35%,29.92in,5.0mi,Calm,Calm,-,N/A,,Clear
1998-11-12 8:00 PM,44.6°F,24.8°F,46%,29.95in,5.0mi,ESE,2.2mph,-,N/A,,Clear
1998-11-12 9:00 PM,37.4°F,24.8°F,60%,29.95in,4.3mi,ESE,2.2mph,-,N/A,,Clear
1998-11-12 10:00 PM,39.2°F,24.8°F,56%,29.95in,5.0mi,ESE,2.2mph,-,N/A,,Clear
1998-11-12 11:00 PM,39.2°F,24.8°F,56%,29.95in,6.2mi,East,2.2mph,-,N/A,,Clear
