Time (CST),Temp.,Dew Point,Humidity,Pressure,Visibility,Wind Dir,Wind Speed,Gust Speed,Precip,Events,Conditions
1997-5-20 12:00 AM,15.0°C,1.0°C,39%,1015hPa,10.0km,NE,7.2km/h/2.0m/s,-,N/A,,Clear
1997-5-20 1:00 AM,15.0°C,0.0°C,36%,1015hPa,10.0km,North,10.8km/h/3.0m/s,-,N/A,,Clear
1997-5-20 2:00 AM,14.0°C,1.0°C,41%,1015hPa,10.0km,Calm,Calm,-,N/A,,Clear
1997-5-20 3:00 AM,13.0°C,0.0°C,41%,1015hPa,10.0km,Calm,Calm,-,N/A,,Clear
1997-5-20 4:00 AM,12.0°C,0.0°C,44%,1015hPa,10.0km,Calm,Calm,-,N/A,,Clear
1997-5-20 5:00 AM,11.0°C,0.0°C,47%,1016hPa,10.0km,Calm,Calm,-,N/A,,Clear
1997-5-20 6:00 AM,11.0°C,1.0°C,50%,1016hPa,10.0km,ENE,10.8km/h/3.0m/s,-,N/A,,Clear
1997-5-20 7:00 AM,12.0°C,1.0°C,47%,1016hPa,10.0km,SE,7.2km/h/2.0m/s,-,N/A,,Clear
1997-5-20 8:00 AM,16.0°C,2.0°C,39%,1016hPa,10.0km,Calm,Calm,-,N/A,,Clear
1997-5-20 9:00 AM,18.0°C,4.0°C,40%,1016hPa,10.0km,NE,18.0km/h/5.0m/s,-,N/A,,Partly Cloudy
1997-5-20 10:00 AM,19.0°C,4.0°C,37%,1016hPa,10.0km,North,14.4km/h/4.0m/s,-,N/A,,Partly Cloudy
1997-5-20 11:00 AM,20.0°C,3.0°C,33%,1016hPa,10.0km,NNW,10.8km/h/3.0m/s,-,N/A,,Clear
1997-5-20 12:00 PM,21.0°C,1.0°C,27%,1015hPa,10.0km,NE,10.8km/h/3.0m/s,-,N/A,,Clear
1997-5-20 1:00 PM,23.0°C,1.0°C,23%,1014hPa,10.0km,NNW,7.2km/h/2.0m/s,-,N/A,,Clear
1997-5-20 2:00 PM,23.0°C,0.0°C,22%,1013hPa,-,North,-,-,N/A,,Clear
1997-5-20 3:00 PM,24.0°C,0.0°C,21%,1012hPa,-,NNE,14.4km/h/4.0m/s,-,N/A,,Clear
1997-5-20 4:00 PM,24.0°C,1.0°C,22%,1011hPa,-,NNE,10.8km/h/3.0m/s,-,N/A,,Clear
1997-5-20 5:00 PM,24.0°C,1.0°C,22%,1010hPa,-,North,21.6km/h/6.0m/s,-,N/A,,Clear
1997-5-20 6:00 PM,24.0°C,3.0°C,25%,1011hPa,-,NE,21.6km/h/6.0m/s,-,N/A,,Clear
1997-5-20 7:00 PM,23.0°C,1.0°C,23%,1011hPa,-,NE,21.6km/h/6.0m/s,-,N/A,,Clear
1997-5-20 8:00 PM,22.0°C,2.0°C,27%,1012hPa,-,North,14.4km/h/4.0m/s,-,N/A,,Clear
1997-5-20 9:00 PM,21.0°C,3.0°C,31%,1013hPa,10.0km,NE,7.2km/h/2.0m/s,-,N/A,,Clear
1997-5-20 10:00 PM,19.0°C,4.0°C,37%,1014hPa,10.0km,NNE,14.4km/h/4.0m/s,-,N/A,,Clear
1997-5-20 11:00 PM,17.0°C,3.0°C,39%,1014hPa,10.0km,East,10.8km/h/3.0m/s,-,N/A,,Clear
