Time (CST),Temp.,Windchill,Dew Point,Humidity,Pressure,Visibility,Wind Dir,Wind Speed,Gust Speed,Precip,Events,Conditions
1997-3-3 12:00 AM,-1.0°C,-,-15.0°C,34%,1026hPa,10.0km,Calm,Calm,-,N/A,,Clear
1997-3-3 1:00 AM,-1.0°C,-3.6°C,-12.0°C,44%,1026hPa,10.0km,SSW,7.2km/h/2.0m/s,-,N/A,,Clear
1997-3-3 2:00 AM,-2.0°C,-4.8°C,-12.0°C,47%,1026hPa,10.0km,ENE,7.2km/h/2.0m/s,-,N/A,,Clear
1997-3-3 3:00 AM,-4.0°C,-7.1°C,-14.0°C,46%,1025hPa,10.0km,East,7.2km/h/2.0m/s,-,N/A,,Clear
1997-3-3 4:00 AM,-4.0°C,-7.1°C,-14.0°C,46%,1025hPa,10.0km,East,7.2km/h/2.0m/s,-,N/A,,Clear
1997-3-3 5:00 AM,-4.0°C,-7.1°C,-14.0°C,46%,1024hPa,10.0km,East,7.2km/h/2.0m/s,-,N/A,,Clear
1997-3-3 6:00 AM,-5.0°C,-8.3°C,-14.0°C,50%,1024hPa,10.0km,ENE,7.2km/h/2.0m/s,-,N/A,,Clear
1997-3-3 7:00 AM,-4.0°C,-7.1°C,-13.0°C,50%,1025hPa,10.0km,East,7.2km/h/2.0m/s,-,N/A,,Clear
1997-3-3 8:00 AM,-4.0°C,-,-14.0°C,46%,1025hPa,10.0km,Calm,Calm,-,N/A,,Clear
1997-3-3 9:00 AM,-1.0°C,-3.6°C,-14.0°C,37%,1025hPa,10.0km,SSE,7.2km/h/2.0m/s,-,N/A,,Clear
1997-3-3 10:00 AM,1.0°C,-1.3°C,-16.0°C,28%,1025hPa,10.0km,South,7.2km/h/2.0m/s,-,N/A,,Clear
1997-3-3 11:00 AM,4.0°C,2.2°C,-12.0°C,31%,1024hPa,10.0km,South,7.2km/h/2.0m/s,-,N/A,,Clear
1997-3-3 12:00 PM,6.0°C,3.7°C,-14.0°C,23%,1023hPa,10.0km,South,10.8km/h/3.0m/s,-,N/A,,Clear
1997-3-3 1:00 PM,8.0°C,5.1°C,-12.0°C,23%,1022hPa,10.0km,SSW,18.0km/h/5.0m/s,-,N/A,,Clear
1997-3-3 2:00 PM,10.0°C,-,-11.0°C,22%,1021hPa,10.0km,SSW,25.2km/h/7.0m/s,-,N/A,,Clear
1997-3-3 3:00 PM,11.0°C,-,-14.0°C,16%,1020hPa,10.0km,SW,25.2km/h/7.0m/s,-,N/A,,Clear
1997-3-3 4:00 PM,12.0°C,-,-11.0°C,19%,1019hPa,10.0km,SW,18.0km/h/5.0m/s,-,N/A,,Clear
1997-3-3 5:00 PM,13.0°C,-,-9.0°C,21%,1018hPa,10.0km,SSW,10.8km/h/3.0m/s,-,N/A,,Clear
1997-3-3 6:00 PM,12.0°C,-,-4.0°C,33%,1018hPa,10.0km,Calm,Calm,-,N/A,,Clear
1997-3-3 7:00 PM,8.0°C,-,-4.0°C,43%,1019hPa,10.0km,Calm,Calm,-,N/A,,Clear
1997-3-3 8:00 PM,5.0°C,-,-5.0°C,49%,1020hPa,10.0km,Calm,Calm,-,N/A,,Clear
1997-3-3 9:00 PM,4.0°C,-,-7.0°C,45%,1020hPa,10.0km,Calm,Calm,-,N/A,,Clear
1997-3-3 10:00 PM,4.0°C,-,-5.0°C,52%,1021hPa,10.0km,Calm,Calm,-,N/A,,Clear
1997-3-3 11:00 PM,2.0°C,-1.1°C,-10.0°C,41%,1021hPa,10.0km,ESE,10.8km/h/3.0m/s,-,N/A,,Clear
