Time (CST),Temp.,Windchill,Dew Point,Humidity,Pressure,Visibility,Wind Dir,Wind Speed,Gust Speed,Precip,Events,Conditions
1997-1-11 12:00 AM,-8.0°C,-11.8°C,-13.0°C,68%,1026hPa,10.0km,East,7.2km/h/2.0m/s,-,N/A,,Clear
1997-1-11 1:00 AM,-9.0°C,-,-14.0°C,68%,1025hPa,10.0km,Calm,Calm,-,N/A,,Clear
1997-1-11 2:00 AM,-9.0°C,-,-14.0°C,68%,1025hPa,10.0km,Calm,Calm,-,N/A,,Clear
1997-1-11 3:00 AM,-9.0°C,-,-14.0°C,68%,1026hPa,10.0km,Calm,Calm,-,N/A,,Clear
1997-1-11 4:00 AM,-10.0°C,-,-14.0°C,73%,1025hPa,10.0km,Calm,Calm,-,N/A,,Clear
1997-1-11 5:00 AM,-10.0°C,-,-14.0°C,73%,1025hPa,10.0km,Calm,Calm,-,N/A,,Clear
1997-1-11 6:00 AM,-9.0°C,-,-14.0°C,68%,1024hPa,10.0km,Calm,Calm,-,N/A,,Clear
1997-1-11 7:00 AM,-11.0°C,-,-15.0°C,73%,1025hPa,10.0km,Calm,Calm,-,N/A,,Clear
1997-1-11 8:00 AM,-10.0°C,-14.1°C,-14.0°C,73%,1025hPa,2.5km,ENE,7.2km/h/2.0m/s,-,N/A,,Smoke
1997-1-11 9:00 AM,-9.0°C,-,-13.0°C,73%,1025hPa,2.0km,Calm,Calm,-,N/A,,Smoke
1997-1-11 10:00 AM,-6.0°C,-,-11.0°C,68%,1025hPa,2.0km,Calm,Calm,-,N/A,,Smoke
1997-1-11 11:00 AM,-3.0°C,-,-14.0°C,43%,1024hPa,3.0km,Calm,Calm,-,N/A,,Smoke
1997-1-11 12:00 PM,0.0°C,-,-12.0°C,41%,1023hPa,4.0km,Calm,Calm,-,N/A,,Smoke
1997-1-11 1:00 PM,2.0°C,-0.1°C,-12.0°C,35%,1022hPa,5.0km,South,7.2km/h/2.0m/s,-,N/A,,Smoke
1997-1-11 2:00 PM,3.0°C,0.1°C,-12.0°C,33%,1021hPa,8.0km,South,10.8km/h/3.0m/s,-,N/A,,Clear
1997-1-11 3:00 PM,4.0°C,0.6°C,-9.0°C,39%,1020hPa,10.0km,South,14.4km/h/4.0m/s,-,N/A,,Clear
1997-1-11 4:00 PM,5.0°C,2.5°C,-10.0°C,33%,1019hPa,10.0km,South,10.8km/h/3.0m/s,-,N/A,,Clear
1997-1-11 5:00 PM,4.0°C,2.2°C,-10.0°C,36%,1019hPa,10.0km,South,7.2km/h/2.0m/s,-,N/A,,Clear
1997-1-11 6:00 PM,2.0°C,-1.1°C,-12.0°C,35%,1020hPa,-,East,10.8km/h/3.0m/s,-,N/A,,Clear
1997-1-11 7:00 PM,-2.0°C,-,-11.0°C,51%,1020hPa,-,Calm,Calm,-,N/A,,Clear
1997-1-11 8:00 PM,-3.0°C,-,-12.0°C,51%,1021hPa,10.0km,Calm,Calm,-,N/A,,Clear
1997-1-11 9:00 PM,-4.0°C,-,-12.0°C,54%,1021hPa,10.0km,Calm,Calm,-,N/A,,Clear
1997-1-11 10:00 PM,-5.0°C,-,-12.0°C,59%,1021hPa,10.0km,East,3.6km/h/1.0m/s,-,N/A,,Clear
1997-1-11 11:00 PM,-6.0°C,-,-13.0°C,58%,1021hPa,10.0km,Calm,Calm,-,N/A,,Clear
