Time (CST),Temp.,Dew Point,Humidity,Pressure,Visibility,Wind Dir,Wind Speed,Gust Speed,Precip,Events,Conditions
1998-10-7 12:00 AM,57.2°F,55.4°F,94%,30.06in,-,ESE,2.2mph,-,N/A,,Clear
1998-10-7 1:00 AM,55.4°F,53.6°F,94%,30.06in,-,SE,4.5mph,-,N/A,,Clear
1998-10-7 7:00 AM,51.8°F,51.8°F,100%,30.06in,2.5mi,Calm,Calm,-,N/A,,Overcast
1998-10-7 8:00 AM,55.4°F,55.4°F,100%,30.09in,1.9mi,Calm,Calm,-,N/A,,Overcast
1998-10-7 9:00 AM,57.2°F,55.4°F,94%,30.09in,1.9mi,South,2.2mph,-,N/A,,Overcast
1998-10-7 10:00 AM,59.0°F,57.2°F,94%,30.12in,0.9mi,South,2.2mph,-,N/A,,Overcast
1998-10-7 11:00 AM,60.8°F,57.2°F,88%,30.09in,1.1mi,South,2.2mph,-,N/A,,Overcast
1998-10-7 12:00 PM,62.6°F,57.2°F,82%,30.09in,1.1mi,SE,2.2mph,-,N/A,,Mostly Cloudy
1998-10-7 1:00 PM,66.2°F,59.0°F,78%,30.06in,1.9mi,SSW,2.2mph,-,N/A,,Scattered Clouds
1998-10-7 2:00 PM,69.8°F,59.0°F,68%,30.01in,2.2mi,SSE,2.2mph,-,N/A,,Mostly Cloudy
1998-10-7 3:00 PM,73.4°F,57.2°F,57%,30.01in,2.5mi,Calm,Calm,-,N/A,,Smoke
1998-10-7 4:00 PM,75.2°F,55.4°F,50%,29.98in,3.1mi,South,2.2mph,-,N/A,,Smoke
1998-10-7 5:00 PM,73.4°F,51.8°F,47%,29.98in,5.0mi,South,2.2mph,-,N/A,,Partly Cloudy
1998-10-7 6:00 PM,71.6°F,53.6°F,53%,29.98in,4.3mi,Calm,Calm,-,N/A,,Partly Cloudy
1998-10-7 8:00 PM,59.0°F,55.4°F,88%,30.01in,-,ESE,2.2mph,-,N/A,,Clear
1998-10-7 10:00 PM,57.2°F,53.6°F,88%,30.04in,-,Calm,Calm,-,N/A,,Clear
1998-10-7 11:00 PM,55.4°F,53.6°F,94%,30.06in,6.2mi,ENE,2.2mph,-,N/A,,Clear
