Time (CST),Temp.,Windchill,Dew Point,Humidity,Pressure,Visibility,Wind Dir,Wind Speed,Gust Speed,Precip,Events,Conditions
1997-2-17 12:00 AM,-4.0°C,-,-17.0°C,36%,1022hPa,-,Calm,Calm,-,N/A,,Clear
1997-2-17 1:00 AM,-5.0°C,-9.5°C,-19.0°C,33%,1021hPa,-,ENE,10.8km/h/3.0m/s,-,N/A,,Clear
1997-2-17 2:00 AM,-5.0°C,-9.5°C,-19.0°C,33%,1021hPa,-,ENE,10.8km/h/3.0m/s,-,N/A,,Clear
1997-2-17 3:00 AM,-6.0°C,-9.4°C,-19.0°C,36%,1021hPa,-,ENE,7.2km/h/2.0m/s,-,N/A,,Clear
1997-2-17 4:00 AM,-7.0°C,-,-17.0°C,46%,1021hPa,10.0km,Calm,Calm,-,N/A,,Clear
1997-2-17 5:00 AM,-8.0°C,-13.1°C,-19.0°C,42%,1022hPa,10.0km,East,10.8km/h/3.0m/s,-,N/A,,Clear
1997-2-17 6:00 AM,-8.0°C,-13.1°C,-20.0°C,38%,1022hPa,10.0km,ENE,10.8km/h/3.0m/s,-,N/A,,Clear
1997-2-17 7:00 AM,-9.0°C,-,-21.0°C,38%,1022hPa,10.0km,Calm,Calm,-,N/A,,Clear
1997-2-17 8:00 AM,-8.0°C,-13.1°C,-21.0°C,35%,1023hPa,10.0km,East,10.8km/h/3.0m/s,-,N/A,,Clear
1997-2-17 9:00 AM,-7.0°C,-,-20.0°C,36%,1023hPa,8.0km,Calm,Calm,-,N/A,,Clear
1997-2-17 10:00 AM,-2.0°C,-5.9°C,-19.0°C,27%,1023hPa,8.0km,SW,10.8km/h/3.0m/s,-,N/A,,Clear
1997-2-17 11:00 AM,1.0°C,-3.0°C,-19.0°C,22%,1023hPa,10.0km,South,14.4km/h/4.0m/s,-,N/A,,Clear
1997-2-17 12:00 PM,4.0°C,0.6°C,-24.0°C,11%,1022hPa,10.0km,SSW,14.4km/h/4.0m/s,-,N/A,,Clear
1997-2-17 1:00 PM,6.0°C,2.2°C,-23.0°C,11%,1020hPa,10.0km,WNW,21.6km/h/6.0m/s,-,N/A,,Clear
1997-2-17 2:00 PM,7.0°C,2.8°C,-22.0°C,11%,1019hPa,10.0km,WSW,28.8km/h/8.0m/s,-,N/A,,Clear
1997-2-17 3:00 PM,8.0°C,4.4°C,-28.0°C,6%,1018hPa,10.0km,West,25.2km/h/7.0m/s,-,N/A,,Clear
1997-2-17 4:00 PM,8.0°C,4.7°C,-30.0°C,5%,1018hPa,10.0km,NNW,21.6km/h/6.0m/s,-,N/A,,Clear
1997-2-17 5:00 PM,7.0°C,2.5°C,-39.0°C,4%,1018hPa,10.0km,WNW,32.4km/h/9.0m/s,-,N/A,,Clear
1997-2-17 6:00 PM,5.0°C,0.2°C,-28.0°C,8%,1019hPa,10.0km,WNW,28.8km/h/8.0m/s,-,N/A,,Clear
1997-2-17 7:00 PM,3.0°C,-2.1°C,-27.0°C,9%,1021hPa,10.0km,WNW,25.2km/h/7.0m/s,-,N/A,,Clear
1997-2-17 8:00 PM,1.0°C,-4.2°C,-24.0°C,14%,1021hPa,10.0km,West,21.6km/h/6.0m/s,-,N/A,,Clear
1997-2-17 9:00 PM,1.0°C,-3.0°C,-9.0°C,48%,1022hPa,10.0km,West,14.4km/h/4.0m/s,-,N/A,,Clear
1997-2-17 10:00 PM,-1.0°C,-,-24.0°C,16%,1023hPa,10.0km,Calm,Calm,-,N/A,,Clear
1997-2-17 11:00 PM,-3.0°C,-,-21.0°C,24%,1023hPa,10.0km,NE,3.6km/h/1.0m/s,-,N/A,,Clear
