Time (CST),Temp.,Heat Index,Dew Point,Humidity,Pressure,Visibility,Wind Dir,Wind Speed,Gust Speed,Precip,Events,Conditions
1997-7-5 12:00 AM,21.0°C,-,18.0°C,83%,1009hPa,-,ENE,7.2km/h/2.0m/s,-,N/A,,Clear
1997-7-5 3:00 AM,17.0°C,-,16.0°C,94%,1008hPa,10.0km,East,7.2km/h/2.0m/s,-,N/A,,Clear
1997-7-5 4:00 AM,17.0°C,-,15.0°C,88%,1008hPa,10.0km,ENE,3.6km/h/1.0m/s,-,N/A,,Clear
1997-7-5 5:00 AM,16.0°C,-,16.0°C,100%,1009hPa,-,SE,7.2km/h/2.0m/s,-,N/A,,Clear
1997-7-5 6:00 AM,17.0°C,-,15.0°C,88%,1009hPa,-,East,7.2km/h/2.0m/s,-,N/A,,Clear
1997-7-5 7:00 AM,18.0°C,-,17.0°C,94%,1009hPa,-,SE,3.6km/h/1.0m/s,-,N/A,,Clear
1997-7-5 8:00 AM,20.0°C,-,17.0°C,83%,1009hPa,6.0km,East,3.6km/h/1.0m/s,-,N/A,,Mostly Cloudy
1997-7-5 9:00 AM,22.0°C,-,18.0°C,78%,1009hPa,8.0km,SW,7.2km/h/2.0m/s,-,N/A,,Mostly Cloudy
1997-7-5 10:00 AM,24.0°C,-,18.0°C,69%,1008hPa,-,WNW,7.2km/h/2.0m/s,-,N/A,,Clear
1997-7-5 11:00 AM,26.0°C,-,16.0°C,54%,1008hPa,-,NNE,3.6km/h/1.0m/s,-,N/A,,Clear
1997-7-5 12:00 PM,27.0°C,27.5°C,16.0°C,51%,1006hPa,-,West,3.6km/h/1.0m/s,-,N/A,,Clear
1997-7-5 1:00 PM,29.0°C,28.6°C,14.0°C,40%,1005hPa,-,West,7.2km/h/2.0m/s,-,N/A,,Clear
1997-7-5 2:00 PM,30.0°C,29.0°C,12.0°C,33%,1005hPa,-,WSW,7.2km/h/2.0m/s,-,N/A,,Clear
1997-7-5 3:00 PM,31.0°C,-,9.0°C,25%,1005hPa,-,West,7.2km/h/2.0m/s,-,N/A,,Clear
1997-7-5 4:00 PM,29.0°C,28.6°C,14.0°C,40%,1004hPa,-,West,10.8km/h/3.0m/s,-,N/A,,Clear
1997-7-5 5:00 PM,28.0°C,28.3°C,16.0°C,48%,1004hPa,-,West,7.2km/h/2.0m/s,-,N/A,,Clear
1997-7-5 6:00 PM,27.0°C,27.5°C,16.0°C,51%,1004hPa,-,WSW,7.2km/h/2.0m/s,-,N/A,,Clear
1997-7-5 7:00 PM,26.0°C,-,18.0°C,61%,1004hPa,-,West,7.2km/h/2.0m/s,-,N/A,,Clear
1997-7-5 8:00 PM,25.0°C,-,20.0°C,74%,1004hPa,4.0km,SW,7.2km/h/2.0m/s,-,N/A,,Smoke
1997-7-5 9:00 PM,24.0°C,-,19.0°C,73%,1005hPa,5.0km,SSW,7.2km/h/2.0m/s,-,N/A,,Smoke
1997-7-5 10:00 PM,24.0°C,-,19.0°C,73%,1005hPa,6.0km,SE,7.2km/h/2.0m/s,-,N/A,,Overcast
1997-7-5 11:00 PM,23.0°C,-,19.0°C,78%,1005hPa,-,SW,7.2km/h/2.0m/s,-,N/A,,Clear
