Time (CST),Temp.,Windchill,Dew Point,Humidity,Pressure,Visibility,Wind Dir,Wind Speed,Gust Speed,Precip,Events,Conditions
1997-4-5 12:00 AM,7.0°C,5.7°C,3.0°C,76%,1014hPa,10.0km,East,7.2km/h/2.0m/s,-,N/A,,Clear
1997-4-5 1:00 AM,7.0°C,4.9°C,4.0°C,81%,1014hPa,10.0km,SE,10.8km/h/3.0m/s,-,N/A,,Clear
1997-4-5 2:00 AM,6.0°C,3.7°C,4.0°C,87%,1014hPa,7.0km,East,10.8km/h/3.0m/s,-,N/A,,Clear
1997-4-5 3:00 AM,6.0°C,3.7°C,4.0°C,87%,1014hPa,6.0km,East,10.8km/h/3.0m/s,-,N/A,,Clear
1997-4-5 4:00 AM,6.0°C,3.7°C,4.0°C,87%,1014hPa,5.0km,East,10.8km/h/3.0m/s,-,N/A,,Clear
1997-4-5 5:00 AM,7.0°C,5.7°C,5.0°C,87%,1014hPa,5.0km,ESE,7.2km/h/2.0m/s,-,N/A,,Scattered Clouds
1997-4-5 6:00 AM,6.0°C,-,4.0°C,87%,1014hPa,2.0km,Calm,Calm,-,N/A,,Mostly Cloudy
1997-4-5 7:00 AM,5.0°C,3.4°C,4.0°C,93%,1015hPa,1.7km,East,7.2km/h/2.0m/s,-,N/A,,Partly Cloudy
1997-4-5 8:00 AM,7.0°C,-,4.0°C,81%,1015hPa,1.5km,Calm,Calm,-,N/A,,Partly Cloudy
1997-4-5 9:00 AM,10.0°C,-,4.0°C,66%,1015hPa,2.0km,Calm,Calm,-,N/A,,Partly Cloudy
1997-4-5 10:00 AM,12.0°C,-,5.0°C,62%,1015hPa,2.0km,West,14.4km/h/4.0m/s,-,N/A,,Smoke
1997-4-5 11:00 AM,15.0°C,-,3.0°C,45%,1015hPa,4.0km,WNW,7.2km/h/2.0m/s,-,N/A,,Smoke
1997-4-5 12:00 PM,18.0°C,-,-5.0°C,21%,1014hPa,10.0km,North,25.2km/h/7.0m/s,-,N/A,,Clear
1997-4-5 1:00 PM,18.0°C,-,-4.0°C,22%,1013hPa,10.0km,NNW,14.4km/h/4.0m/s,-,N/A,,Clear
1997-4-5 2:00 PM,19.0°C,-,-5.0°C,19%,1012hPa,10.0km,NNW,7.2km/h/2.0m/s,-,N/A,,Clear
1997-4-5 3:00 PM,21.0°C,-,-2.0°C,21%,1011hPa,10.0km,West,21.6km/h/6.0m/s,-,N/A,,Clear
1997-4-5 4:00 PM,21.0°C,-,-2.0°C,21%,1011hPa,10.0km,WSW,18.0km/h/5.0m/s,-,N/A,,Clear
1997-4-5 5:00 PM,21.0°C,-,-2.0°C,21%,1011hPa,10.0km,SW,21.6km/h/6.0m/s,-,N/A,,Clear
1997-4-5 6:00 PM,18.0°C,-,2.0°C,34%,1011hPa,10.0km,WSW,18.0km/h/5.0m/s,-,N/A,,Clear
1997-4-5 7:00 PM,17.0°C,-,3.0°C,39%,1011hPa,10.0km,WSW,7.2km/h/2.0m/s,-,N/A,,Clear
1997-4-5 9:00 PM,13.0°C,-,4.0°C,54%,1013hPa,10.0km,ENE,3.6km/h/1.0m/s,-,N/A,,Clear
1997-4-5 10:00 PM,12.0°C,-,3.0°C,54%,1013hPa,10.0km,East,7.2km/h/2.0m/s,-,N/A,,Clear
1997-4-5 11:00 PM,10.0°C,-,2.0°C,58%,1013hPa,10.0km,South,10.8km/h/3.0m/s,-,N/A,,Clear
