Time (CST),Temp.,Dew Point,Humidity,Pressure,Visibility,Wind Dir,Wind Speed,Gust Speed,Precip,Events,Conditions
1997-9-16 12:00 AM,14.0°C,13.0°C,94%,1020hPa,10.0km,SSE,3.6km/h/1.0m/s,-,N/A,,Overcast
1997-9-16 1:00 AM,12.0°C,12.0°C,100%,1020hPa,4.0km,SSE,3.6km/h/1.0m/s,-,N/A,,Scattered Clouds
1997-9-16 2:00 AM,12.0°C,12.0°C,100%,1020hPa,2.5km,Calm,Calm,-,N/A,,Scattered Clouds
1997-9-16 3:00 AM,11.0°C,11.0°C,100%,1020hPa,2.0km,SSE,7.2km/h/2.0m/s,-,N/A,,Clear
1997-9-16 4:00 AM,11.0°C,11.0°C,100%,1019hPa,1.6km,ESE,3.6km/h/1.0m/s,-,N/A,,Clear
1997-9-16 5:00 AM,11.0°C,11.0°C,100%,1019hPa,1.2km,SE,3.6km/h/1.0m/s,-,N/A,,Overcast
1997-9-16 6:00 AM,12.0°C,12.0°C,100%,1020hPa,0.7km,WNW,7.2km/h/2.0m/s,-,N/A,,Mostly Cloudy
1997-9-16 7:00 AM,10.0°C,10.0°C,100%,1020hPa,0.6km,Calm,Calm,-,N/A,,Scattered Clouds
1997-9-16 8:00 AM,12.0°C,12.0°C,100%,1020hPa,0.8km,Calm,Calm,-,N/A,,Partly Cloudy
1997-9-16 9:00 AM,13.0°C,13.0°C,100%,1021hPa,0.4km,SSE,3.6km/h/1.0m/s,-,N/A,,Scattered Clouds
1997-9-16 10:00 AM,16.0°C,14.0°C,88%,1021hPa,1.1km,SSW,7.2km/h/2.0m/s,-,N/A,,Scattered Clouds
1997-9-16 11:00 AM,18.0°C,12.0°C,68%,1021hPa,5.0km,WSW,10.8km/h/3.0m/s,-,N/A,,Mostly Cloudy
1997-9-16 12:00 PM,21.0°C,11.0°C,53%,1020hPa,10.0km,WNW,7.2km/h/2.0m/s,-,N/A,,Clear
1997-9-16 1:00 PM,23.0°C,7.0°C,36%,1018hPa,10.0km,NNW,21.6km/h/6.0m/s,-,N/A,,Partly Cloudy
1997-9-16 2:00 PM,24.0°C,6.0°C,31%,1018hPa,10.0km,WNW,21.6km/h/6.0m/s,-,N/A,,Partly Cloudy
1997-9-16 3:00 PM,24.0°C,4.0°C,27%,1018hPa,10.0km,NW,25.2km/h/7.0m/s,-,N/A,,Partly Cloudy
1997-9-16 4:00 PM,23.0°C,2.0°C,25%,1018hPa,10.0km,NNW,32.4km/h/9.0m/s,-,N/A,,Partly Cloudy
1997-9-16 5:00 PM,23.0°C,1.0°C,23%,1018hPa,10.0km,NNW,28.8km/h/8.0m/s,-,N/A,,Partly Cloudy
1997-9-16 6:00 PM,21.0°C,6.0°C,38%,1018hPa,10.0km,NNE,14.4km/h/4.0m/s,-,N/A,,Clear
1997-9-16 7:00 PM,16.0°C,7.0°C,55%,1019hPa,10.0km,NNE,10.8km/h/3.0m/s,-,N/A,,Partly Cloudy
1997-9-16 8:00 PM,14.0°C,8.0°C,67%,1020hPa,10.0km,North,10.8km/h/3.0m/s,-,N/A,,Clear
1997-9-16 9:00 PM,14.0°C,8.0°C,67%,1021hPa,10.0km,North,14.4km/h/4.0m/s,-,N/A,,Clear
1997-9-16 10:00 PM,13.0°C,7.0°C,67%,1022hPa,10.0km,North,10.8km/h/3.0m/s,-,N/A,,Clear
