Time (CST),Temp.,Windchill,Dew Point,Humidity,Pressure,Visibility,Wind Dir,Wind Speed,Gust Speed,Precip,Events,Conditions
1997-2-26 12:00 AM,5.0°C,1.3°C,0.0°C,70%,1022hPa,10.0km,NNE,18.0km/h/5.0m/s,-,N/A,,Overcast
1997-2-26 1:00 AM,5.0°C,3.4°C,0.0°C,70%,1022hPa,10.0km,NE,7.2km/h/2.0m/s,-,N/A,,Overcast
1997-2-26 2:00 AM,5.0°C,-,0.0°C,70%,1023hPa,10.0km,Calm,Calm,-,N/A,,Overcast
1997-2-26 3:00 AM,5.0°C,3.4°C,0.0°C,70%,1023hPa,10.0km,NE,7.2km/h/2.0m/s,-,N/A,,Overcast
1997-2-26 4:00 AM,5.0°C,3.4°C,0.0°C,70%,1021hPa,10.0km,NE,7.2km/h/2.0m/s,-,N/A,,Overcast
1997-2-26 5:00 AM,5.0°C,-,0.0°C,70%,1020hPa,10.0km,Calm,Calm,-,N/A,,Overcast
1997-2-26 6:00 AM,4.0°C,-,0.0°C,75%,1021hPa,5.0km,West,3.6km/h/1.0m/s,-,N/A,,Overcast
1997-2-26 7:00 AM,4.0°C,-,1.0°C,81%,1022hPa,3.0km,NNE,3.6km/h/1.0m/s,-,N/A,,Overcast
1997-2-26 8:00 AM,5.0°C,-,1.0°C,76%,1023hPa,1.5km,Calm,Calm,-,N/A,Rain,Light Rain
1997-2-26 9:00 AM,4.0°C,-,2.0°C,87%,1024hPa,1.2km,Calm,Calm,-,N/A,Rain,Light Rain
1997-2-26 10:00 AM,4.0°C,-,2.0°C,87%,1023hPa,1.2km,Calm,Calm,-,N/A,,Overcast
1997-2-26 11:00 AM,6.0°C,-,2.0°C,76%,1023hPa,1.2km,Calm,Calm,-,N/A,,Overcast
1997-2-26 12:00 PM,6.0°C,-,2.0°C,76%,1023hPa,1.2km,WNW,3.6km/h/1.0m/s,-,N/A,,Overcast
1997-2-26 1:00 PM,7.0°C,5.7°C,2.0°C,71%,1022hPa,1.0km,NNE,7.2km/h/2.0m/s,-,N/A,,Overcast
1997-2-26 2:00 PM,8.0°C,6.1°C,2.0°C,66%,1022hPa,1.7km,North,10.8km/h/3.0m/s,-,N/A,,Smoke
1997-2-26 3:00 PM,8.0°C,6.9°C,2.0°C,66%,1021hPa,1.7km,ENE,7.2km/h/2.0m/s,-,N/A,,Smoke
1997-2-26 4:00 PM,9.0°C,-,2.0°C,62%,1021hPa,4.0km,Calm,Calm,-,N/A,,Smoke
1997-2-26 5:00 PM,9.0°C,-,2.0°C,62%,1021hPa,4.0km,SW,7.2km/h/2.0m/s,-,N/A,,Smoke
1997-2-26 6:00 PM,8.0°C,6.9°C,2.0°C,66%,1021hPa,4.0km,South,7.2km/h/2.0m/s,-,N/A,,Smoke
1997-2-26 7:00 PM,7.0°C,5.7°C,2.0°C,71%,1021hPa,4.0km,SW,7.2km/h/2.0m/s,-,N/A,,Overcast
1997-2-26 8:00 PM,6.0°C,-,2.0°C,76%,1021hPa,4.0km,Calm,Calm,-,N/A,,Overcast
1997-2-26 9:00 PM,6.0°C,-,1.0°C,70%,1021hPa,4.0km,Calm,Calm,-,N/A,,Overcast
1997-2-26 10:00 PM,6.0°C,-,1.0°C,70%,1022hPa,4.0km,Calm,Calm,-,N/A,,Overcast
1997-2-26 11:00 PM,6.0°C,4.5°C,1.0°C,70%,1022hPa,4.0km,East,7.2km/h/2.0m/s,-,N/A,,Overcast
