Time (CST),Temp.,Windchill,Dew Point,Humidity,Pressure,Visibility,Wind Dir,Wind Speed,Gust Speed,Precip,Events,Conditions
1998-2-10 12:00 AM,15.8°F,-,-9.4°F,32%,30.21in,6.2mi,ENE,2.2mph,-,N/A,,Clear
1998-2-10 1:00 AM,15.8°F,-,-7.6°F,35%,30.18in,6.2mi,East,2.2mph,-,N/A,,Clear
1998-2-10 2:00 AM,14.0°F,6.6°F,-7.6°F,38%,30.18in,6.2mi,SE,4.5mph,-,N/A,,Clear
1998-2-10 3:00 AM,15.8°F,-,-7.6°F,35%,30.18in,6.2mi,NNE,2.2mph,-,N/A,,Clear
1998-2-10 5:00 AM,10.4°F,-,-5.8°F,48%,30.12in,6.2mi,ESE,2.2mph,-,N/A,,Clear
1998-2-10 6:00 AM,10.4°F,2.4°F,-5.8°F,48%,30.12in,6.2mi,ESE,4.5mph,-,N/A,,Clear
1998-2-10 7:00 AM,10.4°F,-,-7.6°F,44%,30.09in,6.2mi,ENE,2.2mph,-,N/A,,Clear
1998-2-10 8:00 AM,12.2°F,-,-5.8°F,45%,30.09in,6.2mi,Calm,Calm,-,N/A,,Clear
1998-2-10 9:00 AM,19.4°F,-,-4.0°F,36%,30.12in,6.2mi,Calm,Calm,-,N/A,,Clear
1998-2-10 10:00 AM,26.6°F,-,-0.4°F,31%,30.09in,2.5mi,Calm,Calm,-,N/A,,Smoke
1998-2-10 11:00 AM,32.0°F,-,-0.4°F,25%,30.06in,3.7mi,SSE,2.2mph,-,N/A,,Clear
1998-2-10 12:00 PM,37.4°F,32.2°F,-2.2°F,19%,30.04in,6.2mi,SSE,6.7mph,-,N/A,,Clear
1998-2-10 1:00 PM,41.0°F,36.5°F,-0.4°F,18%,29.98in,6.2mi,SW,6.7mph,-,N/A,,Clear
1998-2-10 2:00 PM,44.6°F,40.8°F,-0.4°F,15%,29.92in,6.2mi,SW,6.7mph,-,N/A,,Clear
1998-2-10 3:00 PM,44.6°F,40.8°F,1.4°F,17%,29.86in,6.2mi,SSW,6.7mph,-,N/A,,Clear
1998-2-10 4:00 PM,46.4°F,42.0°F,3.2°F,17%,29.83in,6.2mi,South,8.9mph,-,N/A,,Clear
1998-2-10 5:00 PM,46.4°F,44.4°F,5.0°F,18%,29.83in,6.2mi,South,4.5mph,-,N/A,,Clear
1998-2-10 6:00 PM,39.2°F,36.0°F,5.0°F,24%,29.80in,6.2mi,SE,4.5mph,-,N/A,,Clear
1998-2-10 7:00 PM,33.8°F,29.7°F,5.0°F,30%,29.83in,6.2mi,ESE,4.5mph,-,N/A,,Clear
1998-2-10 8:00 PM,42.8°F,-,10.4°F,27%,29.80in,6.2mi,South,2.2mph,-,N/A,,Clear
1998-2-10 9:00 PM,35.6°F,31.8°F,-,4%,29.83in,6.2mi,SSE,4.5mph,-,N/A,,Clear
1998-2-10 10:00 PM,39.2°F,36.0°F,15.8°F,39%,29.80in,6.2mi,South,4.5mph,-,N/A,,Clear
1998-2-10 11:00 PM,37.4°F,32.2°F,12.2°F,36%,29.77in,6.2mi,SSE,6.7mph,-,N/A,,Clear
