Time (CST),Temp.,Windchill,Dew Point,Humidity,Pressure,Visibility,Wind Dir,Wind Speed,Gust Speed,Precip,Events,Conditions
1997-10-11 12:00 AM,7.0°C,5.7°C,-1.0°C,57%,1019hPa,10.0km,ESE,7.2km/h/2.0m/s,-,N/A,,Clear
1997-10-11 1:00 AM,6.0°C,-,-1.0°C,61%,1019hPa,10.0km,Calm,Calm,-,N/A,,Clear
1997-10-11 2:00 AM,4.0°C,2.2°C,-2.0°C,65%,1019hPa,10.0km,SE,7.2km/h/2.0m/s,-,N/A,,Clear
1997-10-11 5:00 AM,4.0°C,-,-1.0°C,70%,1019hPa,10.0km,Calm,Calm,-,N/A,,Clear
1997-10-11 6:00 AM,3.0°C,-,-1.0°C,75%,1020hPa,10.0km,Calm,Calm,-,N/A,,Clear
1997-10-11 7:00 AM,3.0°C,-,-1.0°C,75%,1020hPa,-,Calm,Calm,-,N/A,,Clear
1997-10-11 8:00 AM,6.0°C,-,1.0°C,70%,1021hPa,8.0km,ESE,3.6km/h/1.0m/s,-,N/A,,Partly Cloudy
1997-10-11 10:00 AM,15.0°C,-,0.0°C,36%,1021hPa,6.0km,SSE,3.6km/h/1.0m/s,-,N/A,,Clear
1997-10-11 11:00 AM,18.0°C,-,0.0°C,30%,1021hPa,8.0km,West,3.6km/h/1.0m/s,-,N/A,,Partly Cloudy
1997-10-11 12:00 PM,21.0°C,-,0.0°C,25%,1020hPa,8.0km,SSW,3.6km/h/1.0m/s,-,N/A,,Partly Cloudy
1997-10-11 1:00 PM,22.0°C,-,-3.0°C,19%,1018hPa,-,SSE,7.2km/h/2.0m/s,-,N/A,,Clear
1997-10-11 2:00 PM,23.0°C,-,-3.0°C,18%,1017hPa,-,SSE,10.8km/h/3.0m/s,-,N/A,,Clear
1997-10-11 3:00 PM,24.0°C,-,-2.0°C,18%,1016hPa,-,SSW,10.8km/h/3.0m/s,-,N/A,,Clear
1997-10-11 4:00 PM,24.0°C,-,-3.0°C,17%,1016hPa,-,South,7.2km/h/2.0m/s,-,N/A,,Clear
1997-10-11 5:00 PM,23.0°C,-,-4.0°C,16%,1016hPa,-,SW,3.6km/h/1.0m/s,-,N/A,,Clear
1997-10-11 6:00 PM,19.0°C,-,0.0°C,28%,1017hPa,-,West,7.2km/h/2.0m/s,-,N/A,,Clear
1997-10-11 7:00 PM,15.0°C,-,0.0°C,36%,1018hPa,-,NE,7.2km/h/2.0m/s,-,N/A,,Clear
1997-10-11 8:00 PM,17.0°C,-,2.0°C,37%,1018hPa,-,East,18.0km/h/5.0m/s,-,N/A,,Clear
1997-10-11 9:00 PM,16.0°C,-,2.0°C,39%,1019hPa,-,ENE,14.4km/h/4.0m/s,-,N/A,,Clear
1997-10-11 10:00 PM,16.0°C,-,3.0°C,42%,1020hPa,-,ENE,10.8km/h/3.0m/s,-,N/A,,Clear
1997-10-11 11:00 PM,12.0°C,-,1.0°C,47%,1020hPa,-,North,3.6km/h/1.0m/s,-,N/A,,Clear
