Time (CST),Temp.,Windchill,Dew Point,Humidity,Pressure,Visibility,Wind Dir,Wind Speed,Gust Speed,Precip,Events,Conditions
1997-4-23 12:00 AM,14.0°C,-,8.0°C,67%,1026hPa,-,East,10.8km/h/3.0m/s,-,N/A,,Clear
1997-4-23 1:00 AM,13.0°C,-,7.0°C,67%,1026hPa,-,East,21.6km/h/6.0m/s,-,N/A,,Clear
1997-4-23 2:00 AM,13.0°C,-,7.0°C,67%,1027hPa,-,ESE,10.8km/h/3.0m/s,-,N/A,,Clear
1997-4-23 3:00 AM,12.0°C,-,7.0°C,72%,1027hPa,-,East,21.6km/h/6.0m/s,-,N/A,,Clear
1997-4-23 4:00 AM,13.0°C,-,7.0°C,67%,1027hPa,-,ENE,28.8km/h/8.0m/s,-,N/A,,Clear
1997-4-23 5:00 AM,12.0°C,-,6.0°C,67%,1027hPa,-,ENE,28.8km/h/8.0m/s,-,N/A,,Clear
1997-4-23 6:00 AM,12.0°C,-,5.0°C,62%,1027hPa,-,East,21.6km/h/6.0m/s,-,N/A,,Clear
1997-4-23 7:00 AM,11.0°C,-,3.0°C,58%,1028hPa,10.0km,East,14.4km/h/4.0m/s,-,N/A,Rain,Light Rain
1997-4-23 8:00 AM,11.0°C,-,3.0°C,58%,1029hPa,10.0km,ENE,21.6km/h/6.0m/s,-,N/A,Rain,Light Rain
1997-4-23 9:00 AM,12.0°C,-,3.0°C,54%,1029hPa,10.0km,East,21.6km/h/6.0m/s,-,N/A,Rain,Light Rain
1997-4-23 11:00 AM,12.0°C,-,2.0°C,51%,1029hPa,-,ENE,25.2km/h/7.0m/s,-,N/A,,Clear
1997-4-23 12:00 PM,12.0°C,-,3.0°C,54%,1029hPa,-,ENE,32.4km/h/9.0m/s,-,N/A,,Clear
1997-4-23 1:00 PM,11.0°C,-,4.0°C,62%,1028hPa,10.0km,ENE,32.4km/h/9.0m/s,-,N/A,Rain,Light Rain
1997-4-23 2:00 PM,10.0°C,-,5.0°C,71%,1028hPa,10.0km,ENE,21.6km/h/6.0m/s,-,N/A,Rain,Light Rain
1997-4-23 3:00 PM,10.0°C,-,7.0°C,82%,1028hPa,6.0km,Calm,Calm,-,N/A,Rain,Light Rain
1997-4-23 4:00 PM,9.0°C,-,7.0°C,87%,1028hPa,10.0km,NE,7.2km/h/2.0m/s,-,N/A,Rain,Light Rain
1997-4-23 5:00 PM,9.0°C,-,7.0°C,87%,1028hPa,10.0km,NE,7.2km/h/2.0m/s,-,N/A,Rain,Light Rain
1997-4-23 6:00 PM,9.0°C,-,7.0°C,87%,1028hPa,7.0km,Calm,Calm,-,N/A,Rain,Light Rain
1997-4-23 8:00 PM,8.0°C,5.6°C,7.0°C,93%,1028hPa,3.0km,NNW,14.4km/h/4.0m/s,-,N/A,Rain,Light Rain
1997-4-23 9:00 PM,8.0°C,6.1°C,7.0°C,93%,1029hPa,3.0km,North,10.8km/h/3.0m/s,-,N/A,Rain,Light Rain
1997-4-23 10:00 PM,7.0°C,-,7.0°C,100%,1028hPa,3.0km,Calm,Calm,-,N/A,Rain,Light Rain
1997-4-23 11:00 PM,7.0°C,-,7.0°C,100%,1028hPa,2.0km,Calm,Calm,-,N/A,,Mostly Cloudy
