Time (CST),Temp.,Windchill,Dew Point,Humidity,Pressure,Visibility,Wind Dir,Wind Speed,Gust Speed,Precip,Events,Conditions
1998-12-13 12:00 AM,26.6°F,-,10.4°F,51%,30.33in,-,Calm,Calm,-,N/A,,Clear
1998-12-13 1:00 AM,21.2°F,-,8.6°F,58%,30.33in,4.3mi,Calm,Calm,-,N/A,,Clear
1998-12-13 2:00 AM,21.2°F,-,10.4°F,63%,30.33in,2.5mi,NE,2.2mph,-,N/A,,Smoke
1998-12-13 3:00 AM,30.2°F,23.5°F,10.4°F,44%,30.33in,5.0mi,NNW,6.7mph,-,N/A,,Clear
1998-12-13 4:00 AM,33.8°F,27.9°F,14.0°F,44%,30.33in,-,WNW,6.7mph,-,N/A,,Clear
1998-12-13 5:00 AM,24.8°F,-,10.4°F,54%,30.33in,-,SE,2.2mph,-,N/A,,Clear
1998-12-13 6:00 AM,26.6°F,-,12.2°F,55%,30.33in,-,Calm,Calm,-,N/A,,Clear
1998-12-13 7:00 AM,32.0°F,-,12.2°F,44%,30.33in,-,Calm,Calm,-,N/A,,Clear
1998-12-13 9:00 AM,30.2°F,25.5°F,14.0°F,51%,30.33in,-,SW,4.5mph,-,N/A,,Clear
1998-12-13 10:00 AM,35.6°F,31.8°F,15.8°F,44%,30.36in,5.0mi,SSW,4.5mph,-,N/A,,Mostly Cloudy
1998-12-13 11:00 AM,41.0°F,-,17.6°F,39%,30.33in,5.0mi,SSW,2.2mph,-,N/A,,Mostly Cloudy
1998-12-13 12:00 PM,41.0°F,-,17.6°F,39%,30.30in,-,Calm,Calm,-,N/A,,Clear
1998-12-13 1:00 PM,44.6°F,-,17.6°F,34%,30.27in,-,SW,2.2mph,-,N/A,,Clear
1998-12-13 3:00 PM,46.4°F,40.5°F,10.4°F,23%,30.21in,-,NNW,13.4mph,-,N/A,,Clear
1998-12-13 4:00 PM,46.4°F,41.2°F,15.8°F,29%,30.21in,-,NW,11.2mph,-,N/A,,Clear
1998-12-13 5:00 PM,42.8°F,38.7°F,15.8°F,34%,30.21in,6.2mi,WNW,6.7mph,-,N/A,,Partly Cloudy
1998-12-13 6:00 PM,37.4°F,29.9°F,15.8°F,41%,30.24in,6.2mi,West,11.2mph,-,N/A,,Partly Cloudy
1998-12-13 8:00 PM,37.4°F,29.9°F,15.8°F,41%,30.27in,-,West,11.2mph,-,N/A,,Clear
1998-12-13 9:00 PM,37.4°F,30.9°F,15.8°F,41%,30.27in,-,West,8.9mph,-,N/A,,Clear
1998-12-13 10:00 PM,39.2°F,30.6°F,12.2°F,33%,30.30in,-,NW,15.7mph,-,N/A,,Clear
1998-12-13 11:00 PM,37.4°F,29.1°F,12.2°F,36%,30.30in,-,WNW,13.4mph,-,N/A,,Clear
