Time (CST),Temp.,Dew Point,Humidity,Pressure,Visibility,Wind Dir,Wind Speed,Gust Speed,Precip,Events,Conditions
1998-10-12 12:00 AM,57.2°F,51.8°F,82%,30.21in,6.2mi,East,8.9mph,-,N/A,,Clear
1998-10-12 1:00 AM,57.2°F,51.8°F,82%,30.21in,6.2mi,East,11.2mph,-,N/A,,Partly Cloudy
1998-10-12 2:00 AM,55.4°F,51.8°F,88%,30.21in,6.2mi,East,4.5mph,-,N/A,,Clear
1998-10-12 3:00 AM,-,-,N/A%,30.21in,6.2mi,NE,2.2mph,-,N/A,,Clear
1998-10-12 6:00 AM,48.2°F,48.2°F,100%,30.24in,3.1mi,Calm,Calm,-,N/A,,Clear
1998-10-12 7:00 AM,48.2°F,48.2°F,100%,30.24in,2.5mi,ESE,2.2mph,-,N/A,,Clear
1998-10-12 8:00 AM,51.8°F,51.8°F,100%,30.21in,3.7mi,Calm,Calm,-,N/A,,Clear
1998-10-12 9:00 AM,57.2°F,51.8°F,82%,30.24in,3.1mi,Calm,Calm,-,N/A,,Mostly Cloudy
1998-10-12 10:00 AM,59.0°F,51.8°F,77%,30.24in,2.5mi,North,2.2mph,-,N/A,,Mostly Cloudy
1998-10-12 11:00 AM,64.4°F,53.6°F,68%,30.21in,6.2mi,ENE,6.7mph,-,N/A,,Clear
1998-10-12 12:00 PM,68.0°F,53.6°F,60%,30.21in,6.2mi,ENE,4.5mph,-,N/A,,Partly Cloudy
1998-10-12 1:00 PM,68.0°F,51.8°F,56%,30.15in,6.2mi,ENE,13.4mph,-,N/A,,Partly Cloudy
1998-10-12 2:00 PM,68.0°F,51.8°F,56%,30.12in,-,ENE,17.9mph,-,N/A,,Clear
1998-10-12 3:00 PM,68.0°F,51.8°F,56%,30.12in,-,ENE,15.7mph,-,N/A,,Clear
1998-10-12 4:00 PM,68.0°F,51.8°F,56%,30.12in,6.2mi,ENE,17.9mph,-,N/A,,Mostly Cloudy
1998-10-12 6:00 PM,64.4°F,53.6°F,68%,30.12in,6.2mi,East,17.9mph,-,N/A,,Overcast
1998-10-12 7:00 PM,62.6°F,53.6°F,72%,30.15in,6.2mi,East,13.4mph,-,N/A,,Overcast
1998-10-12 8:00 PM,62.6°F,53.6°F,72%,30.18in,6.2mi,ENE,15.7mph,-,N/A,,Overcast
1998-10-12 9:00 PM,62.6°F,53.6°F,72%,30.18in,6.2mi,East,8.9mph,-,N/A,,Overcast
1998-10-12 10:00 PM,60.8°F,53.6°F,77%,30.15in,6.2mi,East,8.9mph,-,N/A,,Overcast
1998-10-12 11:00 PM,59.0°F,55.4°F,88%,30.18in,6.2mi,NE,6.7mph,-,N/A,Rain,Light Rain
