Time (CST),Temp.,Windchill,Dew Point,Humidity,Pressure,Visibility,Wind Dir,Wind Speed,Gust Speed,Precip,Events,Conditions
1997-3-30 12:00 AM,8.0°C,6.1°C,-1.0°C,53%,1020hPa,10.0km,SE,10.8km/h/3.0m/s,-,N/A,,Clear
1997-3-30 1:00 AM,7.0°C,4.9°C,-1.0°C,57%,1020hPa,10.0km,East,10.8km/h/3.0m/s,-,N/A,,Clear
1997-3-30 3:00 AM,5.0°C,-,-2.0°C,61%,1021hPa,10.0km,Calm,Calm,-,N/A,,Clear
1997-3-30 4:00 AM,4.0°C,-,-2.0°C,65%,1021hPa,10.0km,Calm,Calm,-,N/A,,Clear
1997-3-30 5:00 AM,4.0°C,2.2°C,-4.0°C,56%,1021hPa,10.0km,SE,7.2km/h/2.0m/s,-,N/A,,Clear
1997-3-30 6:00 AM,3.0°C,-,-3.0°C,65%,1022hPa,10.0km,Calm,Calm,-,N/A,,Clear
1997-3-30 8:00 AM,4.0°C,-,1.0°C,81%,1023hPa,10.0km,Calm,Calm,-,N/A,,Clear
1997-3-30 9:00 AM,7.0°C,-,-1.0°C,57%,1024hPa,10.0km,Calm,Calm,-,N/A,,Clear
1997-3-30 10:00 AM,11.0°C,-,0.0°C,47%,1023hPa,10.0km,South,10.8km/h/3.0m/s,-,N/A,,Clear
1997-3-30 11:00 AM,13.0°C,-,0.0°C,41%,1023hPa,-,East,14.4km/h/4.0m/s,-,N/A,,Clear
1997-3-30 12:00 PM,14.0°C,-,0.0°C,38%,1022hPa,-,East,10.8km/h/3.0m/s,-,N/A,,Clear
1997-3-30 1:00 PM,16.0°C,-,1.0°C,36%,1020hPa,10.0km,South,10.8km/h/3.0m/s,-,N/A,,Clear
1997-3-30 2:00 PM,17.0°C,-,1.0°C,34%,1019hPa,10.0km,SSW,18.0km/h/5.0m/s,-,N/A,,Clear
1997-3-30 3:00 PM,19.0°C,-,1.0°C,30%,1018hPa,10.0km,WSW,14.4km/h/4.0m/s,-,N/A,,Clear
1997-3-30 4:00 PM,19.0°C,-,0.0°C,28%,1016hPa,10.0km,SW,14.4km/h/4.0m/s,-,N/A,,Clear
1997-3-30 5:00 PM,18.0°C,-,0.0°C,30%,1016hPa,10.0km,WSW,18.0km/h/5.0m/s,-,N/A,,Clear
1997-3-30 6:00 PM,18.0°C,-,2.0°C,34%,1016hPa,10.0km,WSW,10.8km/h/3.0m/s,-,N/A,,Clear
1997-3-30 7:00 PM,17.0°C,-,5.0°C,45%,1016hPa,10.0km,South,10.8km/h/3.0m/s,-,N/A,,Clear
1997-3-30 8:00 PM,13.0°C,-,4.0°C,54%,1016hPa,10.0km,East,25.2km/h/7.0m/s,-,N/A,,Clear
1997-3-30 9:00 PM,12.0°C,-,2.0°C,51%,1017hPa,10.0km,ENE,25.2km/h/7.0m/s,-,N/A,,Clear
1997-3-30 10:00 PM,11.0°C,-,1.0°C,50%,1017hPa,10.0km,East,25.2km/h/7.0m/s,-,N/A,,Clear
1997-3-30 11:00 PM,10.0°C,-,1.0°C,54%,1017hPa,10.0km,East,25.2km/h/7.0m/s,-,N/A,,Clear
