Time (CST),Temp.,Windchill,Dew Point,Humidity,Pressure,Visibility,Wind Dir,Wind Speed,Gust Speed,Precip,Events,Conditions
1997-10-29 12:00 AM,-1.0°C,-3.6°C,-11.0°C,47%,1029hPa,10.0km,South,7.2km/h/2.0m/s,-,N/A,,Clear
1997-10-29 1:00 AM,-1.0°C,-3.6°C,-11.0°C,47%,1029hPa,10.0km,SE,7.2km/h/2.0m/s,-,N/A,,Clear
1997-10-29 2:00 AM,-1.0°C,-,-11.0°C,47%,1029hPa,10.0km,East,3.6km/h/1.0m/s,-,N/A,,Clear
1997-10-29 3:00 AM,-2.0°C,-4.8°C,-11.0°C,51%,1028hPa,10.0km,East,7.2km/h/2.0m/s,-,N/A,,Clear
1997-10-29 4:00 AM,-2.0°C,-5.9°C,-10.0°C,55%,1028hPa,10.0km,ESE,10.8km/h/3.0m/s,-,N/A,,Clear
1997-10-29 5:00 AM,-2.0°C,-,-11.0°C,51%,1028hPa,10.0km,ESE,3.6km/h/1.0m/s,-,N/A,,Clear
1997-10-29 6:00 AM,-3.0°C,-7.1°C,-11.0°C,55%,1028hPa,10.0km,ESE,10.8km/h/3.0m/s,-,N/A,,Clear
1997-10-29 7:00 AM,-3.0°C,-5.9°C,-11.0°C,55%,1029hPa,10.0km,ESE,7.2km/h/2.0m/s,-,N/A,,Clear
1997-10-29 8:00 AM,-1.0°C,-,-10.0°C,51%,1029hPa,4.0km,Calm,Calm,-,N/A,,Smoke
1997-10-29 9:00 AM,4.0°C,2.2°C,-10.0°C,36%,1030hPa,10.0km,ESE,7.2km/h/2.0m/s,-,N/A,,Clear
1997-10-29 10:00 AM,7.0°C,5.7°C,-10.0°C,29%,1030hPa,7.0km,SSW,7.2km/h/2.0m/s,-,N/A,,Clear
1997-10-29 11:00 AM,11.0°C,-,-9.0°C,24%,1029hPa,6.0km,SSW,7.2km/h/2.0m/s,-,N/A,,Clear
1997-10-29 1:00 PM,13.0°C,-,-10.0°C,20%,1027hPa,10.0km,NNE,3.6km/h/1.0m/s,-,N/A,,Clear
1997-10-29 2:00 PM,15.0°C,-,-10.0°C,17%,1027hPa,10.0km,NNE,3.6km/h/1.0m/s,-,N/A,,Clear
1997-10-29 3:00 PM,15.0°C,-,-10.0°C,17%,1026hPa,10.0km,SE,10.8km/h/3.0m/s,-,N/A,,Clear
1997-10-29 4:00 PM,15.0°C,-,-10.0°C,17%,1026hPa,10.0km,South,7.2km/h/2.0m/s,-,N/A,,Clear
1997-10-29 5:00 PM,14.0°C,-,-8.0°C,21%,1026hPa,10.0km,ESE,3.6km/h/1.0m/s,-,N/A,,Clear
1997-10-29 6:00 PM,9.0°C,-,-8.0°C,30%,1027hPa,10.0km,North,7.2km/h/2.0m/s,-,N/A,,Clear
1997-10-29 7:00 PM,9.0°C,-,-8.0°C,30%,1027hPa,10.0km,Calm,Calm,-,N/A,,Clear
1997-10-29 8:00 PM,6.0°C,4.5°C,-9.0°C,34%,1028hPa,10.0km,NW,7.2km/h/2.0m/s,-,N/A,,Clear
1997-10-29 9:00 PM,4.0°C,2.2°C,-7.0°C,45%,1028hPa,10.0km,North,7.2km/h/2.0m/s,-,N/A,,Clear
1997-10-29 10:00 PM,3.0°C,1.0°C,-8.0°C,45%,1029hPa,10.0km,North,7.2km/h/2.0m/s,-,N/A,,Clear
1997-10-29 11:00 PM,3.0°C,1.0°C,-8.0°C,45%,1029hPa,10.0km,North,7.2km/h/2.0m/s,-,N/A,,Clear
