Time (CST),Temp.,Windchill,Dew Point,Humidity,Pressure,Visibility,Wind Dir,Wind Speed,Gust Speed,Precip,Events,Conditions
1998-2-18 12:00 AM,33.8°F,23.0°F,6.8°F,32%,30.27in,-,East,17.9mph,-,N/A,,Clear
1998-2-18 1:00 AM,33.8°F,23.7°F,6.8°F,32%,30.27in,-,East,15.7mph,-,N/A,,Clear
1998-2-18 2:00 AM,32.0°F,20.6°F,6.8°F,35%,30.27in,-,East,17.9mph,-,N/A,,Clear
1998-2-18 3:00 AM,32.0°F,21.4°F,8.6°F,38%,30.27in,6.2mi,East,15.7mph,-,N/A,,Overcast
1998-2-18 4:00 AM,32.0°F,23.2°F,8.6°F,38%,30.24in,-,ENE,11.2mph,-,N/A,,Clear
1998-2-18 5:00 AM,32.0°F,23.2°F,8.6°F,38%,30.24in,-,East,11.2mph,-,N/A,,Clear
1998-2-18 6:00 AM,32.0°F,25.7°F,8.6°F,38%,30.24in,-,ENE,6.7mph,-,N/A,,Clear
1998-2-18 7:00 AM,30.2°F,20.9°F,15.8°F,55%,30.24in,6.2mi,East,11.2mph,-,N/A,Snow,Light Snow
1998-2-18 8:00 AM,28.4°F,19.9°F,23.0°F,80%,30.27in,3.7mi,NNE,8.9mph,-,N/A,Snow,Light Snow
1998-2-18 10:00 AM,30.2°F,20.9°F,19.4°F,64%,30.27in,6.2mi,NE,11.2mph,-,N/A,Snow,Light Snow
1998-2-18 11:00 AM,32.0°F,22.2°F,19.4°F,60%,30.27in,-,ENE,13.4mph,-,N/A,,Clear
1998-2-18 12:00 PM,32.0°F,23.2°F,19.4°F,60%,30.24in,-,NE,11.2mph,-,N/A,,Clear
1998-2-18 2:00 PM,35.6°F,27.7°F,14.0°F,41%,30.18in,6.2mi,ENE,11.2mph,-,N/A,,Overcast
1998-2-18 3:00 PM,33.8°F,24.5°F,14.0°F,44%,30.15in,6.2mi,East,13.4mph,-,N/A,,Overcast
1998-2-18 8:00 PM,28.4°F,19.9°F,24.8°F,86%,30.21in,5.0mi,East,8.9mph,-,N/A,"Rain
	,
Snow",Light Snow
1998-2-18 9:00 PM,30.2°F,22.1°F,24.8°F,80%,30.21in,6.2mi,ENE,8.9mph,-,N/A,,Overcast
1998-2-18 10:00 PM,30.2°F,22.1°F,23.0°F,75%,30.21in,-,East,8.9mph,-,N/A,,Clear
1998-2-18 11:00 PM,30.2°F,20.9°F,23.0°F,75%,30.21in,-,East,11.2mph,-,N/A,,Clear
