Time (CST),Temp.,Windchill,Dew Point,Humidity,Pressure,Visibility,Wind Dir,Wind Speed,Gust Speed,Precip,Events,Conditions
1998-1-11 12:00 AM,-4.0°C,-7.1°C,-11.0°C,59%,1024hPa,3.5km,ESE,7.2km/h/2.0m/s,-,N/A,,Smoke
1998-1-11 1:00 AM,-4.0°C,-,-10.0°C,64%,1023hPa,3.5km,ENE,3.6km/h/1.0m/s,-,N/A,,Smoke
1998-1-11 2:00 AM,-4.0°C,-,-10.0°C,64%,1023hPa,4.0km,East,3.6km/h/1.0m/s,-,N/A,,Smoke
1998-1-11 6:00 AM,-4.0°C,-,-10.0°C,64%,1022hPa,3.0km,Calm,Calm,-,N/A,,Smoke
1998-1-11 7:00 AM,-3.0°C,-5.9°C,-9.0°C,64%,1022hPa,3.0km,ESE,7.2km/h/2.0m/s,-,N/A,,Smoke
1998-1-11 8:00 AM,-3.0°C,-,-9.0°C,64%,1022hPa,2.8km,Calm,Calm,-,N/A,,Smoke
1998-1-11 9:00 AM,-3.0°C,-,-9.0°C,64%,1022hPa,1.7km,Calm,Calm,-,N/A,,Smoke
1998-1-11 10:00 AM,-1.0°C,-,-8.0°C,60%,1021hPa,1.7km,East,3.6km/h/1.0m/s,-,N/A,,Smoke
1998-1-11 11:00 AM,1.0°C,-,-8.0°C,52%,-,1.4km,Calm,Calm,-,N/A,,Smoke
1998-1-11 12:00 PM,3.0°C,-,-8.0°C,45%,1020hPa,1.6km,SSW,3.6km/h/1.0m/s,-,N/A,,Smoke
1998-1-11 1:00 PM,4.0°C,1.3°C,-9.0°C,39%,1018hPa,2.1km,WSW,10.8km/h/3.0m/s,-,N/A,,Smoke
1998-1-11 2:00 PM,5.0°C,3.4°C,-10.0°C,33%,1017hPa,2.6km,SW,7.2km/h/2.0m/s,-,N/A,,Smoke
1998-1-11 3:00 PM,6.0°C,4.5°C,-11.0°C,29%,1017hPa,-,WSW,7.2km/h/2.0m/s,-,N/A,,Clear
1998-1-11 4:00 PM,6.0°C,-,-11.0°C,29%,1017hPa,8.0km,WSW,3.6km/h/1.0m/s,-,N/A,,Scattered Clouds
1998-1-11 5:00 PM,5.0°C,-,-11.0°C,31%,1017hPa,6.0km,SSW,3.6km/h/1.0m/s,-,N/A,,Scattered Clouds
1998-1-11 6:00 PM,0.0°C,-,-10.0°C,48%,1017hPa,6.0km,East,3.6km/h/1.0m/s,-,N/A,,Mostly Cloudy
1998-1-11 7:00 PM,-3.0°C,-,-11.0°C,55%,1017hPa,7.0km,East,3.6km/h/1.0m/s,-,N/A,,Scattered Clouds
1998-1-11 8:00 PM,-2.0°C,-,-12.0°C,47%,1018hPa,6.0km,ESE,3.6km/h/1.0m/s,-,N/A,,Scattered Clouds
1998-1-11 9:00 PM,-2.0°C,-,-12.0°C,47%,1018hPa,6.0km,East,3.6km/h/1.0m/s,-,N/A,,Mostly Cloudy
1998-1-11 11:00 PM,-4.0°C,-8.3°C,-10.0°C,64%,1019hPa,6.0km,East,10.8km/h/3.0m/s,-,N/A,,Partly Cloudy
