Time (CST),Temp.,Dew Point,Humidity,Pressure,Visibility,Wind Dir,Wind Speed,Gust Speed,Precip,Events,Conditions
1997-5-4 12:00 AM,24.0°C,17.0°C,65%,1004hPa,10.0km,ESE,3.6km/h/1.0m/s,-,N/A,,Mostly Cloudy
1997-5-4 1:00 AM,21.0°C,14.0°C,64%,1004hPa,10.0km,NNW,18.0km/h/5.0m/s,-,N/A,,Clear
1997-5-4 2:00 AM,23.0°C,4.0°C,29%,1004hPa,10.0km,NNW,32.4km/h/9.0m/s,-,N/A,,Clear
1997-5-4 3:00 AM,22.0°C,3.0°C,29%,1005hPa,10.0km,NNE,18.0km/h/5.0m/s,-,N/A,,Clear
1997-5-4 4:00 AM,21.0°C,2.0°C,28%,1006hPa,10.0km,North,25.2km/h/7.0m/s,-,N/A,,Clear
1997-5-4 5:00 AM,21.0°C,-1.0°C,23%,1007hPa,10.0km,NNE,25.2km/h/7.0m/s,-,N/A,,Clear
1997-5-4 6:00 AM,20.0°C,2.0°C,30%,1009hPa,10.0km,NE,10.8km/h/3.0m/s,-,N/A,,Clear
1997-5-4 7:00 AM,20.0°C,11.0°C,56%,1010hPa,8.0km,NE,46.8km/h/13.0m/s,-,N/A,,Clear
1997-5-4 8:00 AM,20.0°C,4.0°C,35%,1011hPa,10.0km,ENE,50.4km/h/14.0m/s,-,N/A,,Clear
1997-5-4 9:00 AM,21.0°C,5.0°C,35%,1011hPa,10.0km,ENE,36.0km/h/10.0m/s,-,N/A,,Clear
1997-5-4 10:00 AM,21.0°C,3.0°C,31%,1012hPa,10.0km,ENE,43.2km/h/12.0m/s,-,N/A,,Clear
1997-5-4 11:00 AM,22.0°C,2.0°C,27%,1012hPa,10.0km,East,36.0km/h/10.0m/s,-,N/A,,Clear
1997-5-4 12:00 PM,23.0°C,2.0°C,25%,1012hPa,10.0km,East,28.8km/h/8.0m/s,-,N/A,,Clear
1997-5-4 2:00 PM,25.0°C,4.0°C,26%,1009hPa,10.0km,East,28.8km/h/8.0m/s,-,N/A,,Clear
1997-5-4 3:00 PM,26.0°C,4.0°C,24%,1009hPa,10.0km,East,28.8km/h/8.0m/s,-,N/A,,Clear
1997-5-4 4:00 PM,26.0°C,5.0°C,26%,1008hPa,10.0km,East,36.0km/h/10.0m/s,-,N/A,,Clear
1997-5-4 5:00 PM,25.0°C,6.0°C,29%,1008hPa,10.0km,ENE,18.0km/h/5.0m/s,-,N/A,,Clear
1997-5-4 6:00 PM,23.0°C,4.0°C,29%,1008hPa,10.0km,ENE,43.2km/h/12.0m/s,-,N/A,,Clear
1997-5-4 7:00 PM,22.0°C,4.0°C,31%,1008hPa,-,East,39.6km/h/11.0m/s,-,N/A,,Clear
1997-5-4 8:00 PM,20.0°C,5.0°C,37%,1009hPa,-,East,39.6km/h/11.0m/s,-,N/A,,Clear
1997-5-4 9:00 PM,19.0°C,6.0°C,43%,1010hPa,-,East,46.8km/h/13.0m/s,-,N/A,,Clear
1997-5-4 10:00 PM,18.0°C,7.0°C,49%,1010hPa,-,East,36.0km/h/10.0m/s,-,N/A,,Clear
1997-5-4 11:00 PM,18.0°C,7.0°C,49%,1011hPa,-,ENE,21.6km/h/6.0m/s,-,N/A,,Clear
