Time (CST),Temp.,Heat Index,Dew Point,Humidity,Pressure,Visibility,Wind Dir,Wind Speed,Gust Speed,Precip,Events,Conditions
1997-8-11 12:00 AM,19.0°C,-,12.0°C,64%,1006hPa,10.0km,Calm,Calm,-,N/A,,Partly Cloudy
1997-8-11 1:00 AM,16.0°C,-,13.0°C,82%,1008hPa,10.0km,ESE,7.2km/h/2.0m/s,-,N/A,,Clear
1997-8-11 2:00 AM,17.0°C,-,12.0°C,72%,1008hPa,10.0km,SE,7.2km/h/2.0m/s,-,N/A,,Clear
1997-8-11 3:00 AM,16.0°C,-,13.0°C,82%,1008hPa,10.0km,East,7.2km/h/2.0m/s,-,N/A,,Clear
1997-8-11 4:00 AM,15.0°C,-,12.0°C,82%,1008hPa,10.0km,SE,7.2km/h/2.0m/s,-,N/A,,Clear
1997-8-11 5:00 AM,14.0°C,-,12.0°C,88%,1008hPa,10.0km,Calm,Calm,-,N/A,,Clear
1997-8-11 6:00 AM,14.0°C,-,12.0°C,88%,1008hPa,-,Calm,Calm,-,N/A,,Clear
1997-8-11 7:00 AM,16.0°C,-,14.0°C,88%,1009hPa,10.0km,SE,7.2km/h/2.0m/s,-,N/A,,Clear
1997-8-11 8:00 AM,20.0°C,-,13.0°C,64%,1009hPa,-,SE,3.6km/h/1.0m/s,-,N/A,,Clear
1997-8-11 9:00 AM,23.0°C,-,15.0°C,61%,1009hPa,-,SE,3.6km/h/1.0m/s,-,N/A,,Clear
1997-8-11 10:00 AM,25.0°C,-,15.0°C,54%,1009hPa,-,SSE,7.2km/h/2.0m/s,-,N/A,,Clear
1997-8-11 11:00 AM,28.0°C,28.3°C,16.0°C,48%,1008hPa,10.0km,WSW,3.6km/h/1.0m/s,-,N/A,,Clear
1997-8-11 12:00 PM,29.0°C,29.1°C,16.0°C,45%,1008hPa,10.0km,SSW,7.2km/h/2.0m/s,-,N/A,,Partly Cloudy
1997-8-11 1:00 PM,31.0°C,30.9°C,16.0°C,40%,1006hPa,10.0km,ENE,3.6km/h/1.0m/s,-,N/A,,Partly Cloudy
1997-8-11 2:00 PM,33.0°C,32.6°C,15.0°C,34%,1006hPa,10.0km,South,14.4km/h/4.0m/s,-,N/A,,Partly Cloudy
1997-8-11 3:00 PM,33.0°C,32.1°C,14.0°C,31%,1005hPa,10.0km,SW,10.8km/h/3.0m/s,-,N/A,,Partly Cloudy
1997-8-11 4:00 PM,33.0°C,32.6°C,15.0°C,34%,1005hPa,10.0km,West,10.8km/h/3.0m/s,-,N/A,,Partly Cloudy
1997-8-11 5:00 PM,31.0°C,30.6°C,15.0°C,38%,1005hPa,10.0km,West,3.6km/h/1.0m/s,-,N/A,,Scattered Clouds
1997-8-11 6:00 PM,31.0°C,31.4°C,17.0°C,43%,1005hPa,10.0km,West,3.6km/h/1.0m/s,-,N/A,,Scattered Clouds
1997-8-11 7:00 PM,29.0°C,29.1°C,16.0°C,45%,1005hPa,10.0km,ESE,3.6km/h/1.0m/s,-,N/A,,Scattered Clouds
1997-8-11 8:00 PM,27.0°C,26.8°C,12.0°C,39%,1006hPa,10.0km,East,14.4km/h/4.0m/s,-,N/A,,Partly Cloudy
1997-8-11 9:00 PM,28.0°C,28.0°C,15.0°C,45%,1008hPa,-,East,14.4km/h/4.0m/s,-,N/A,,Clear
1997-8-11 10:00 PM,27.0°C,27.3°C,15.0°C,48%,1008hPa,-,East,14.4km/h/4.0m/s,-,N/A,,Clear
1997-8-11 11:00 PM,27.0°C,27.7°C,17.0°C,54%,1009hPa,-,East,10.8km/h/3.0m/s,-,N/A,,Clear
