Time (CST),Temp.,Dew Point,Humidity,Pressure,Visibility,Wind Dir,Wind Speed,Gust Speed,Precip,Events,Conditions
1997-12-13 12:00 AM,-13.0°C,-21.0°C,52%,1022hPa,10.0km,East,3.6km/h/1.0m/s,-,N/A,,Clear
1997-12-13 1:00 AM,-12.0°C,-21.0°C,48%,1022hPa,10.0km,Calm,Calm,-,N/A,,Clear
1997-12-13 2:00 AM,-11.0°C,-22.0°C,41%,1021hPa,10.0km,East,3.6km/h/1.0m/s,-,N/A,,Clear
1997-12-13 3:00 AM,-3.0°C,-11.0°C,55%,1021hPa,10.0km,East,3.6km/h/1.0m/s,-,N/A,,Clear
1997-12-13 4:00 AM,-12.0°C,-19.0°C,57%,1021hPa,10.0km,East,3.6km/h/1.0m/s,-,N/A,,Clear
1997-12-13 5:00 AM,-13.0°C,-21.0°C,52%,1020hPa,10.0km,SE,3.6km/h/1.0m/s,-,N/A,,Clear
1997-12-13 6:00 AM,-12.0°C,-20.0°C,52%,1020hPa,10.0km,NNE,3.6km/h/1.0m/s,-,N/A,,Clear
1997-12-13 7:00 AM,-14.0°C,-20.0°C,61%,1020hPa,10.0km,East,3.6km/h/1.0m/s,-,N/A,,Clear
1997-12-13 8:00 AM,-14.0°C,-20.0°C,61%,1020hPa,5.0km,ESE,3.6km/h/1.0m/s,-,N/A,,Smoke
1997-12-13 9:00 AM,-10.0°C,-17.0°C,57%,1021hPa,3.0km,ESE,3.6km/h/1.0m/s,-,N/A,,Smoke
1997-12-13 10:00 AM,-7.0°C,-17.0°C,46%,1021hPa,2.1km,Calm,Calm,-,N/A,,Smoke
1997-12-13 11:00 AM,-4.0°C,-18.0°C,34%,1021hPa,2.5km,ESE,3.6km/h/1.0m/s,-,N/A,,Smoke
1997-12-13 12:00 PM,-1.0°C,-16.0°C,32%,1020hPa,3.0km,Calm,Calm,-,N/A,,Smoke
1997-12-13 1:00 PM,0.0°C,-17.0°C,27%,1020hPa,5.0km,Calm,Calm,-,N/A,,Smoke
1997-12-13 2:00 PM,1.0°C,-16.0°C,28%,1018hPa,5.0km,SSW,3.6km/h/1.0m/s,-,N/A,,Smoke
1997-12-13 3:00 PM,2.0°C,-15.0°C,28%,1018hPa,5.0km,Calm,Calm,-,N/A,,Smoke
1997-12-13 4:00 PM,2.0°C,-15.0°C,28%,1018hPa,5.0km,Calm,Calm,-,N/A,,Smoke
1997-12-13 5:00 PM,0.0°C,-15.0°C,32%,1018hPa,4.0km,Calm,Calm,-,N/A,,Smoke
1997-12-13 6:00 PM,-3.0°C,-15.0°C,40%,1018hPa,2.6km,NNW,3.6km/h/1.0m/s,-,N/A,,Smoke
1997-12-13 7:00 PM,-6.0°C,-16.0°C,46%,1018hPa,2.2km,ENE,3.6km/h/1.0m/s,-,N/A,,Smoke
1997-12-13 8:00 PM,-8.0°C,-15.0°C,58%,1019hPa,2.4km,SE,3.6km/h/1.0m/s,-,N/A,,Smoke
1997-12-13 9:00 PM,-9.0°C,-16.0°C,58%,1019hPa,2.6km,SSE,3.6km/h/1.0m/s,-,N/A,,Smoke
1997-12-13 10:00 PM,-8.0°C,-16.0°C,53%,1020hPa,2.7km,Calm,Calm,-,N/A,,Smoke
1997-12-13 11:00 PM,-8.0°C,-15.0°C,58%,1021hPa,2.4km,Calm,Calm,-,N/A,,Smoke
