Time (CST),Temp.,Dew Point,Humidity,Pressure,Visibility,Wind Dir,Wind Speed,Gust Speed,Precip,Events,Conditions
1997-9-13 12:00 AM,13.0°C,13.0°C,100%,1025hPa,10.0km,East,7.2km/h/2.0m/s,-,N/A,,Mostly Cloudy
1997-9-13 2:00 AM,12.0°C,12.0°C,100%,1024hPa,-,Calm,Calm,-,N/A,,Clear
1997-9-13 5:00 AM,11.0°C,11.0°C,100%,1025hPa,-,ESE,7.2km/h/2.0m/s,-,N/A,,Clear
1997-9-13 6:00 AM,11.0°C,11.0°C,100%,1024hPa,-,East,7.2km/h/2.0m/s,-,N/A,,Clear
1997-9-13 7:00 AM,13.0°C,13.0°C,100%,1025hPa,10.0km,East,7.2km/h/2.0m/s,-,N/A,,Overcast
1997-9-13 8:00 AM,13.0°C,13.0°C,100%,1025hPa,-,NE,3.6km/h/1.0m/s,-,N/A,,Clear
1997-9-13 9:00 AM,14.0°C,13.0°C,94%,1026hPa,2.0km,ENE,3.6km/h/1.0m/s,-,N/A,,Mostly Cloudy
1997-9-13 10:00 AM,17.0°C,14.0°C,82%,1026hPa,-,Calm,Calm,-,N/A,,Clear
1997-9-13 11:00 AM,18.0°C,13.0°C,73%,1026hPa,10.0km,North,18.0km/h/5.0m/s,-,N/A,,Mostly Cloudy
1997-9-13 12:00 PM,18.0°C,13.0°C,73%,1025hPa,10.0km,NNW,14.4km/h/4.0m/s,-,N/A,,Mostly Cloudy
1997-9-13 1:00 PM,18.0°C,13.0°C,73%,1025hPa,10.0km,North,10.8km/h/3.0m/s,-,N/A,,Overcast
1997-9-13 2:00 PM,18.0°C,12.0°C,68%,1024hPa,10.0km,NE,7.2km/h/2.0m/s,-,N/A,,Overcast
1997-9-13 3:00 PM,19.0°C,12.0°C,64%,1024hPa,10.0km,East,10.8km/h/3.0m/s,-,N/A,,Overcast
1997-9-13 4:00 PM,18.0°C,12.0°C,68%,1024hPa,10.0km,East,10.8km/h/3.0m/s,-,N/A,,Overcast
1997-9-13 5:00 PM,18.0°C,12.0°C,68%,1024hPa,10.0km,East,10.8km/h/3.0m/s,-,N/A,,Overcast
1997-9-13 6:00 PM,17.0°C,13.0°C,77%,1024hPa,10.0km,East,10.8km/h/3.0m/s,-,N/A,,Overcast
1997-9-13 7:00 PM,17.0°C,13.0°C,77%,1024hPa,10.0km,East,7.2km/h/2.0m/s,-,N/A,,Overcast
1997-9-13 8:00 PM,16.0°C,13.0°C,82%,1024hPa,10.0km,ENE,7.2km/h/2.0m/s,-,N/A,,Overcast
1997-9-13 9:00 PM,15.0°C,12.0°C,82%,1025hPa,10.0km,ENE,3.6km/h/1.0m/s,-,N/A,,Overcast
1997-9-13 10:00 PM,15.0°C,13.0°C,88%,1026hPa,10.0km,NE,7.2km/h/2.0m/s,-,N/A,,Overcast
1997-9-13 11:00 PM,15.0°C,13.0°C,88%,1026hPa,10.0km,ENE,7.2km/h/2.0m/s,-,N/A,,Overcast
