Time (CST),Temp.,Windchill,Dew Point,Humidity,Pressure,Visibility,Wind Dir,Wind Speed,Gust Speed,Precip,Events,Conditions
1998-12-19 12:00 AM,24.8°F,-,10.4°F,54%,30.18in,3.1mi,East,2.2mph,-,N/A,,Smoke
1998-12-19 1:00 AM,24.8°F,19.2°F,10.4°F,54%,30.18in,3.1mi,SE,4.5mph,-,N/A,,Smoke
1998-12-19 2:00 AM,26.6°F,-,14.0°F,59%,30.18in,3.1mi,East,2.2mph,-,N/A,,Smoke
1998-12-19 3:00 AM,26.6°F,-,10.4°F,51%,30.18in,2.5mi,ENE,2.2mph,-,N/A,,Smoke
1998-12-19 4:00 AM,23.0°F,-,10.4°F,59%,30.18in,3.1mi,East,2.2mph,-,N/A,,Smoke
1998-12-19 5:00 AM,23.0°F,-,10.4°F,59%,30.18in,3.1mi,ESE,2.2mph,-,N/A,,Smoke
1998-12-19 6:00 AM,21.2°F,-,8.6°F,58%,30.18in,3.1mi,Calm,Calm,-,N/A,,Smoke
1998-12-19 7:00 AM,21.2°F,-,8.6°F,58%,30.18in,3.1mi,Calm,Calm,-,N/A,,Smoke
1998-12-19 8:00 AM,19.4°F,-,10.4°F,68%,30.18in,3.1mi,SE,2.2mph,-,N/A,,Smoke
1998-12-19 9:00 AM,23.0°F,-,10.4°F,59%,30.21in,3.1mi,ESE,2.2mph,-,N/A,,Smoke
1998-12-19 10:00 AM,32.0°F,27.6°F,14.0°F,48%,30.21in,1.9mi,ESE,4.5mph,-,N/A,,Smoke
1998-12-19 11:00 AM,35.6°F,-,15.8°F,44%,30.21in,2.5mi,SSE,2.2mph,-,N/A,,Smoke
1998-12-19 12:00 PM,39.2°F,36.0°F,15.8°F,39%,30.18in,1.9mi,SSE,4.5mph,-,N/A,,Smoke
1998-12-19 1:00 PM,42.8°F,-,15.8°F,34%,30.12in,1.9mi,South,2.2mph,-,N/A,,Smoke
1998-12-19 2:00 PM,46.4°F,-,15.8°F,29%,30.09in,2.5mi,SSW,2.2mph,-,N/A,,Smoke
1998-12-19 3:00 PM,48.2°F,-,17.6°F,30%,30.06in,3.7mi,SW,2.2mph,-,N/A,,Clear
1998-12-19 4:00 PM,50.0°F,-,17.6°F,28%,30.06in,3.7mi,SW,2.2mph,-,N/A,,Clear
1998-12-19 5:00 PM,44.6°F,-,15.8°F,31%,30.06in,3.7mi,Calm,Calm,-,N/A,,Clear
1998-12-19 6:00 PM,35.6°F,-,12.2°F,38%,30.06in,4.3mi,East,2.2mph,-,N/A,,Clear
1998-12-19 7:00 PM,30.2°F,25.5°F,10.4°F,44%,30.06in,5.0mi,ESE,4.5mph,-,N/A,,Clear
1998-12-19 8:00 PM,30.2°F,-,12.2°F,47%,30.09in,-,NNE,2.2mph,-,N/A,,Clear
1998-12-19 9:00 PM,28.4°F,23.4°F,10.4°F,47%,30.06in,-,ESE,4.5mph,-,N/A,,Clear
1998-12-19 10:00 PM,26.6°F,-,10.4°F,51%,30.06in,-,East,2.2mph,-,N/A,,Clear
1998-12-19 11:00 PM,26.6°F,-,10.4°F,51%,30.06in,-,East,2.2mph,-,N/A,,Clear
