Time (CST),Temp.,Windchill,Dew Point,Humidity,Pressure,Visibility,Wind Dir,Wind Speed,Gust Speed,Precip,Events,Conditions
1997-11-30 12:00 AM,-4.0°C,-,-5.0°C,93%,1025hPa,1.4km,ESE,3.6km/h/1.0m/s,-,N/A,,Overcast
1997-11-30 1:00 AM,-6.0°C,-,-6.0°C,100%,-,1.0km,Calm,Calm,-,N/A,,Scattered Clouds
1997-11-30 2:00 AM,-5.0°C,-,-5.0°C,100%,-,1.0km,SSE,3.6km/h/1.0m/s,-,N/A,,Mostly Cloudy
1997-11-30 3:00 AM,-4.0°C,-,-5.0°C,93%,-,1.0km,Calm,Calm,-,N/A,,Mostly Cloudy
1997-11-30 4:00 AM,-3.0°C,-,-4.0°C,93%,-,0.8km,SE,3.6km/h/1.0m/s,-,N/A,Fog,Fog
1997-11-30 5:00 AM,-3.0°C,-,-4.0°C,93%,-,1.0km,ESE,3.6km/h/1.0m/s,-,N/A,,Overcast
1997-11-30 6:00 AM,-2.0°C,-,-3.0°C,93%,-,0.8km,Calm,Calm,-,N/A,Fog,Fog
1997-11-30 7:00 AM,-2.0°C,-,-2.0°C,100%,1024hPa,0.6km,Calm,Calm,-,N/A,Fog,Fog
1997-11-30 8:00 AM,-2.0°C,-,-3.0°C,93%,1025hPa,0.6km,Calm,Calm,-,N/A,Fog,Fog
1997-11-30 9:00 AM,-2.0°C,-4.8°C,-2.0°C,100%,-,0.5km,SE,7.2km/h/2.0m/s,-,N/A,Fog,Fog
1997-11-30 10:00 AM,-1.0°C,-,-2.0°C,93%,1025hPa,0.7km,SE,3.6km/h/1.0m/s,-,N/A,Fog,Fog
1997-11-30 11:00 AM,-1.0°C,-,-2.0°C,93%,-,0.9km,SW,3.6km/h/1.0m/s,-,N/A,Fog,Fog
1997-11-30 12:00 PM,0.0°C,-,-2.0°C,87%,-,0.9km,SE,3.6km/h/1.0m/s,-,N/A,Fog,Fog
1997-11-30 1:00 PM,1.0°C,-,-2.0°C,81%,-,1.1km,South,3.6km/h/1.0m/s,-,N/A,,Mostly Cloudy
1997-11-30 2:00 PM,1.0°C,-,-2.0°C,81%,-,0.8km,South,3.6km/h/1.0m/s,-,N/A,Fog,Fog
1997-11-30 3:00 PM,1.0°C,-,-2.0°C,81%,-,1.0km,Calm,Calm,-,N/A,,Overcast
1997-11-30 4:00 PM,1.0°C,-,-2.0°C,81%,-,1.0km,NNE,3.6km/h/1.0m/s,-,N/A,,Overcast
1997-11-30 5:00 PM,0.0°C,-2.5°C,-2.0°C,87%,1025hPa,1.2km,NW,7.2km/h/2.0m/s,-,N/A,,Overcast
1997-11-30 6:00 PM,0.0°C,-,-2.0°C,87%,1026hPa,0.8km,West,3.6km/h/1.0m/s,-,N/A,Fog,Fog
1997-11-30 7:00 PM,0.0°C,-,-2.0°C,87%,-,0.6km,NW,3.6km/h/1.0m/s,-,N/A,Fog,Fog
1997-11-30 8:00 PM,0.0°C,-,-2.0°C,87%,-,0.9km,NNE,3.6km/h/1.0m/s,-,N/A,Fog,Fog
1997-11-30 9:00 PM,0.0°C,-,-2.0°C,87%,-,0.8km,NNE,3.6km/h/1.0m/s,-,N/A,Fog,Fog
1997-11-30 10:00 PM,0.0°C,-,-3.0°C,80%,1031hPa,1.6km,ESE,3.6km/h/1.0m/s,-,N/A,,Overcast
