Time (CST),Temp.,Windchill,Dew Point,Humidity,Pressure,Visibility,Wind Dir,Wind Speed,Gust Speed,Precip,Events,Conditions
1998-1-22 12:00 AM,-9.0°C,-14.3°C,-21.0°C,38%,1023hPa,10.0km,NW,10.8km/h/3.0m/s,-,N/A,,Clear
1998-1-22 2:00 AM,-12.0°C,-,-18.0°C,62%,1023hPa,10.0km,SE,3.6km/h/1.0m/s,-,N/A,,Clear
1998-1-22 3:00 AM,-13.0°C,-,-18.0°C,67%,1024hPa,10.0km,South,3.6km/h/1.0m/s,-,N/A,,Clear
1998-1-22 4:00 AM,-12.0°C,-,-17.0°C,67%,1024hPa,10.0km,NNW,3.6km/h/1.0m/s,-,N/A,,Clear
1998-1-22 6:00 AM,-10.0°C,-14.1°C,-18.0°C,53%,1024hPa,10.0km,WNW,7.2km/h/2.0m/s,-,N/A,,Clear
1998-1-22 7:00 AM,-11.0°C,-,-17.0°C,62%,1024hPa,10.0km,SW,3.6km/h/1.0m/s,-,N/A,,Clear
1998-1-22 8:00 AM,-13.0°C,-,-20.0°C,57%,1025hPa,10.0km,ESE,3.6km/h/1.0m/s,-,N/A,,Clear
1998-1-22 9:00 AM,-7.0°C,-,-15.0°C,54%,1026hPa,10.0km,NW,3.6km/h/1.0m/s,-,N/A,,Clear
1998-1-22 10:00 AM,-6.0°C,-,-16.0°C,46%,1026hPa,6.0km,SSW,3.6km/h/1.0m/s,-,N/A,,Clear
1998-1-22 11:00 AM,-2.0°C,-4.8°C,-18.0°C,29%,1027hPa,10.0km,WNW,7.2km/h/2.0m/s,-,N/A,,Clear
1998-1-22 12:00 PM,-1.0°C,-5.5°C,-18.0°C,27%,1026hPa,10.0km,NW,14.4km/h/4.0m/s,-,N/A,,Clear
1998-1-22 1:00 PM,0.0°C,-5.9°C,-19.0°C,23%,1024hPa,10.0km,NNW,25.2km/h/7.0m/s,-,N/A,,Clear
1998-1-22 2:00 PM,0.0°C,-4.3°C,-17.0°C,27%,1023hPa,10.0km,West,14.4km/h/4.0m/s,-,N/A,,Clear
1998-1-22 3:00 PM,0.0°C,-5.4°C,-19.0°C,23%,1022hPa,10.0km,NNW,21.6km/h/6.0m/s,-,N/A,,Clear
1998-1-22 4:00 PM,0.0°C,-4.9°C,-19.0°C,23%,1023hPa,10.0km,NW,18.0km/h/5.0m/s,-,N/A,,Clear
1998-1-22 5:00 PM,0.0°C,-4.9°C,-19.0°C,23%,1022hPa,10.0km,NW,18.0km/h/5.0m/s,-,N/A,,Clear
1998-1-22 6:00 PM,-3.0°C,-8.0°C,-18.0°C,31%,1023hPa,10.0km,NNW,14.4km/h/4.0m/s,-,N/A,,Clear
1998-1-22 7:00 PM,-,-,-,N/A%,1024hPa,10.0km,NW,10.8km/h/3.0m/s,-,N/A,,Clear
1998-1-22 8:00 PM,-4.0°C,-9.9°C,-18.0°C,34%,1024hPa,10.0km,NW,18.0km/h/5.0m/s,-,N/A,,Clear
1998-1-22 10:00 PM,-6.0°C,-11.6°C,-19.0°C,36%,1025hPa,10.0km,NW,14.4km/h/4.0m/s,-,N/A,,Clear
1998-1-22 11:00 PM,-7.0°C,-,-19.0°C,39%,1026hPa,10.0km,North,3.6km/h/1.0m/s,-,N/A,,Clear
