Time (CST),Temp.,Dew Point,Humidity,Pressure,Visibility,Wind Dir,Wind Speed,Gust Speed,Precip,Events,Conditions
1997-4-29 12:00 AM,16.0°C,5.0°C,48%,1010hPa,-,North,10.8km/h/3.0m/s,-,N/A,,Clear
1997-4-29 1:00 AM,17.0°C,5.0°C,45%,1010hPa,-,North,7.2km/h/2.0m/s,-,N/A,,Clear
1997-4-29 2:00 AM,16.0°C,5.0°C,48%,1010hPa,-,North,7.2km/h/2.0m/s,-,N/A,,Clear
1997-4-29 4:00 AM,12.0°C,6.0°C,67%,1010hPa,10.0km,Calm,Calm,-,N/A,,Clear
1997-4-29 5:00 AM,12.0°C,5.0°C,62%,1011hPa,10.0km,North,14.4km/h/4.0m/s,-,N/A,,Clear
1997-4-29 6:00 AM,14.0°C,2.0°C,44%,1011hPa,10.0km,NNW,10.8km/h/3.0m/s,-,N/A,,Clear
1997-4-29 7:00 AM,14.0°C,4.0°C,51%,1012hPa,10.0km,North,10.8km/h/3.0m/s,-,N/A,,Clear
1997-4-29 8:00 AM,17.0°C,4.0°C,42%,1012hPa,10.0km,Calm,Calm,-,N/A,,Clear
1997-4-29 9:00 AM,19.0°C,2.0°C,32%,1012hPa,8.0km,WSW,7.2km/h/2.0m/s,-,N/A,,Clear
1997-4-29 10:00 AM,20.0°C,1.0°C,28%,1012hPa,10.0km,SSW,14.4km/h/4.0m/s,-,N/A,,Clear
1997-4-29 11:00 AM,22.0°C,1.0°C,25%,1011hPa,10.0km,SW,21.6km/h/6.0m/s,-,N/A,,Partly Cloudy
1997-4-29 12:00 PM,23.0°C,-2.0°C,19%,1010hPa,10.0km,SW,39.6km/h/11.0m/s,-,N/A,,Partly Cloudy
1997-4-29 1:00 PM,24.0°C,-3.0°C,17%,1009hPa,10.0km,SW,36.0km/h/10.0m/s,-,N/A,,Mostly Cloudy
1997-4-29 2:00 PM,27.0°C,-8.0°C,10%,1008hPa,10.0km,NNW,36.0km/h/10.0m/s,-,N/A,,Scattered Clouds
1997-4-29 3:00 PM,27.0°C,-4.0°C,13%,1008hPa,10.0km,NNW,36.0km/h/10.0m/s,-,N/A,,Partly Cloudy
1997-4-29 4:00 PM,26.0°C,-6.0°C,12%,1007hPa,10.0km,NNE,36.0km/h/10.0m/s,-,N/A,,Partly Cloudy
1997-4-29 5:00 PM,25.0°C,-5.0°C,13%,1007hPa,10.0km,NNE,7.2km/h/2.0m/s,-,N/A,,Partly Cloudy
1997-4-29 6:00 PM,25.0°C,-1.0°C,18%,1007hPa,10.0km,North,21.6km/h/6.0m/s,-,N/A,,Scattered Clouds
1997-4-29 7:00 PM,24.0°C,-1.0°C,19%,1007hPa,10.0km,North,10.8km/h/3.0m/s,-,N/A,,Scattered Clouds
1997-4-29 8:00 PM,22.0°C,1.0°C,25%,1008hPa,10.0km,NNE,10.8km/h/3.0m/s,-,N/A,,Clear
1997-4-29 9:00 PM,20.0°C,0.0°C,26%,1009hPa,10.0km,North,14.4km/h/4.0m/s,-,N/A,,Clear
1997-4-29 10:00 PM,20.0°C,-2.0°C,23%,1010hPa,10.0km,North,14.4km/h/4.0m/s,-,N/A,,Clear
1997-4-29 11:00 PM,19.0°C,-4.0°C,21%,1011hPa,10.0km,NE,28.8km/h/8.0m/s,-,N/A,,Clear
