Time (CST),Temp.,Windchill,Dew Point,Humidity,Pressure,Visibility,Wind Dir,Wind Speed,Gust Speed,Precip,Events,Conditions
1997-10-5 12:00 AM,6.0°C,-,3.0°C,81%,1025hPa,10.0km,Calm,Calm,-,N/A,,Clear
1997-10-5 1:00 AM,4.0°C,-,3.0°C,93%,1025hPa,10.0km,ENE,3.6km/h/1.0m/s,-,N/A,,Clear
1997-10-5 2:00 AM,3.0°C,-,2.0°C,93%,1025hPa,10.0km,East,3.6km/h/1.0m/s,-,N/A,,Clear
1997-10-5 3:00 AM,3.0°C,1.0°C,2.0°C,93%,1024hPa,10.0km,East,7.2km/h/2.0m/s,-,N/A,,Clear
1997-10-5 5:00 AM,1.0°C,-1.3°C,0.0°C,93%,1024hPa,10.0km,ESE,7.2km/h/2.0m/s,-,N/A,,Clear
1997-10-5 6:00 AM,0.0°C,-2.5°C,0.0°C,100%,1025hPa,10.0km,SE,7.2km/h/2.0m/s,-,N/A,,Clear
1997-10-5 7:00 AM,0.0°C,-2.5°C,0.0°C,100%,1025hPa,6.0km,SE,7.2km/h/2.0m/s,-,N/A,,Clear
1997-10-5 8:00 AM,3.0°C,-,2.0°C,93%,1025hPa,8.0km,Calm,Calm,-,N/A,,Clear
1997-10-5 9:00 AM,7.0°C,5.7°C,3.0°C,76%,1025hPa,10.0km,SSE,7.2km/h/2.0m/s,-,N/A,,Clear
1997-10-5 10:00 AM,10.0°C,-,2.0°C,58%,1025hPa,10.0km,East,7.2km/h/2.0m/s,-,N/A,,Clear
1997-10-5 11:00 AM,13.0°C,-,0.0°C,41%,1024hPa,10.0km,SE,10.8km/h/3.0m/s,-,N/A,,Clear
1997-10-5 12:00 PM,15.0°C,-,-2.0°C,31%,1022hPa,10.0km,SSW,10.8km/h/3.0m/s,-,N/A,,Clear
1997-10-5 1:00 PM,17.0°C,-,-1.0°C,30%,1021hPa,10.0km,SSE,10.8km/h/3.0m/s,-,N/A,,Clear
1997-10-5 2:00 PM,18.0°C,-,-1.0°C,28%,1019hPa,10.0km,SSW,14.4km/h/4.0m/s,-,N/A,,Clear
1997-10-5 3:00 PM,18.0°C,-,-1.0°C,28%,1018hPa,10.0km,SW,10.8km/h/3.0m/s,-,N/A,,Clear
1997-10-5 4:00 PM,18.0°C,-,-1.0°C,28%,1018hPa,10.0km,SSW,10.8km/h/3.0m/s,-,N/A,,Clear
1997-10-5 5:00 PM,18.0°C,-,-1.0°C,28%,1017hPa,10.0km,SW,7.2km/h/2.0m/s,-,N/A,,Clear
1997-10-5 6:00 PM,16.0°C,-,0.0°C,34%,1017hPa,10.0km,Calm,Calm,-,N/A,,Clear
1997-10-5 7:00 PM,12.0°C,-,3.0°C,54%,1017hPa,10.0km,ENE,7.2km/h/2.0m/s,-,N/A,,Clear
1997-10-5 8:00 PM,8.0°C,6.1°C,3.0°C,71%,1018hPa,10.0km,SE,10.8km/h/3.0m/s,-,N/A,,Clear
1997-10-5 9:00 PM,7.0°C,4.9°C,3.0°C,76%,1019hPa,10.0km,SE,10.8km/h/3.0m/s,-,N/A,,Clear
1997-10-5 10:00 PM,6.0°C,3.7°C,3.0°C,81%,1019hPa,10.0km,SE,10.8km/h/3.0m/s,-,N/A,,Clear
1997-10-5 11:00 PM,7.0°C,5.7°C,2.0°C,71%,1019hPa,10.0km,East,7.2km/h/2.0m/s,-,N/A,,Clear
