Time (CST),Temp.,Windchill,Dew Point,Humidity,Pressure,Visibility,Wind Dir,Wind Speed,Gust Speed,Precip,Events,Conditions
1997-11-4 12:00 AM,5.0°C,-,-9.0°C,36%,1029hPa,10.0km,North,3.6km/h/1.0m/s,-,N/A,,Clear
1997-11-4 1:00 AM,3.0°C,0.1°C,-9.0°C,41%,1030hPa,10.0km,North,10.8km/h/3.0m/s,-,N/A,,Clear
1997-11-4 2:00 AM,4.0°C,0.6°C,-8.0°C,42%,1030hPa,10.0km,NNW,14.4km/h/4.0m/s,-,N/A,,Clear
1997-11-4 3:00 AM,4.0°C,0.6°C,-8.0°C,42%,1030hPa,10.0km,NNW,14.4km/h/4.0m/s,-,N/A,,Clear
1997-11-4 4:00 AM,2.0°C,-1.1°C,-8.0°C,48%,1031hPa,10.0km,NNW,10.8km/h/3.0m/s,-,N/A,,Clear
1997-11-4 5:00 AM,1.0°C,-,-9.0°C,48%,1031hPa,10.0km,Calm,Calm,-,N/A,,Clear
1997-11-4 6:00 AM,-1.0°C,-,-9.0°C,55%,1031hPa,10.0km,ESE,3.6km/h/1.0m/s,-,N/A,,Clear
1997-11-4 7:00 AM,1.0°C,-,-9.0°C,48%,1032hPa,10.0km,Calm,Calm,-,N/A,,Clear
1997-11-4 8:00 AM,1.0°C,-,-9.0°C,48%,1033hPa,10.0km,North,3.6km/h/1.0m/s,-,N/A,,Clear
1997-11-4 9:00 AM,5.0°C,2.5°C,-9.0°C,36%,1033hPa,10.0km,North,10.8km/h/3.0m/s,-,N/A,,Clear
1997-11-4 10:00 AM,6.0°C,-,-9.0°C,34%,1033hPa,10.0km,East,3.6km/h/1.0m/s,-,N/A,,Clear
1997-11-4 11:00 AM,8.0°C,-,-8.0°C,32%,1033hPa,10.0km,ENE,3.6km/h/1.0m/s,-,N/A,,Clear
1997-11-4 12:00 PM,10.0°C,-,-9.0°C,26%,1032hPa,10.0km,WNW,7.2km/h/2.0m/s,-,N/A,,Clear
1997-11-4 1:00 PM,11.0°C,-,-8.0°C,26%,1031hPa,10.0km,NW,3.6km/h/1.0m/s,-,N/A,,Clear
1997-11-4 3:00 PM,13.0°C,-,-9.0°C,21%,1029hPa,10.0km,WSW,7.2km/h/2.0m/s,-,N/A,,Clear
1997-11-4 5:00 PM,12.0°C,-,-10.0°C,21%,1029hPa,10.0km,SSW,3.6km/h/1.0m/s,-,N/A,,Clear
1997-11-4 6:00 PM,8.0°C,-,-8.0°C,32%,1029hPa,10.0km,ESE,3.6km/h/1.0m/s,-,N/A,,Clear
1997-11-4 7:00 PM,4.0°C,-,-10.0°C,36%,1029hPa,10.0km,ESE,3.6km/h/1.0m/s,-,N/A,,Clear
1997-11-4 8:00 PM,2.0°C,-0.1°C,-10.0°C,41%,1030hPa,10.0km,ESE,7.2km/h/2.0m/s,-,N/A,,Clear
1997-11-4 9:00 PM,1.0°C,-,-10.0°C,44%,1029hPa,10.0km,Calm,Calm,-,N/A,,Clear
1997-11-4 10:00 PM,1.0°C,-,-9.0°C,48%,1029hPa,10.0km,ESE,3.6km/h/1.0m/s,-,N/A,,Clear
