Time (CST),Temp.,Heat Index,Dew Point,Humidity,Pressure,Visibility,Wind Dir,Wind Speed,Gust Speed,Precip,Events,Conditions
1997-8-26 12:00 AM,23.0°C,-,20.0°C,83%,1012hPa,10.0km,SE,10.8km/h/3.0m/s,-,N/A,,Clear
1997-8-26 1:00 AM,22.0°C,-,20.0°C,88%,1012hPa,10.0km,SE,10.8km/h/3.0m/s,-,N/A,,Clear
1997-8-26 3:00 AM,21.0°C,-,19.0°C,88%,1012hPa,10.0km,SE,10.8km/h/3.0m/s,-,N/A,,Clear
1997-8-26 4:00 AM,21.0°C,-,21.0°C,100%,1012hPa,10.0km,SE,10.8km/h/3.0m/s,-,N/A,,Clear
1997-8-26 5:00 AM,22.0°C,-,21.0°C,94%,1012hPa,10.0km,East,10.8km/h/3.0m/s,-,N/A,,Clear
1997-8-26 6:00 AM,19.0°C,-,19.0°C,100%,1012hPa,6.0km,Calm,Calm,-,N/A,,Clear
1997-8-26 7:00 AM,20.0°C,-,19.0°C,94%,1013hPa,6.0km,SSE,7.2km/h/2.0m/s,-,N/A,,Clear
1997-8-26 8:00 AM,23.0°C,-,21.0°C,88%,1013hPa,3.0km,SE,7.2km/h/2.0m/s,-,N/A,,Clear
1997-8-26 9:00 AM,26.0°C,-,21.0°C,74%,1013hPa,3.0km,Calm,Calm,-,N/A,,Clear
1997-8-26 10:00 AM,28.0°C,29.7°C,20.0°C,62%,1013hPa,6.0km,SSE,7.2km/h/2.0m/s,-,N/A,,Clear
1997-8-26 11:00 AM,31.0°C,31.4°C,17.0°C,43%,1013hPa,10.0km,Calm,Calm,-,N/A,,Clear
1997-8-26 12:00 PM,32.0°C,30.9°C,13.0°C,31%,1012hPa,10.0km,WSW,7.2km/h/2.0m/s,-,N/A,,Clear
1997-8-26 1:00 PM,33.0°C,32.1°C,14.0°C,31%,1012hPa,10.0km,WSW,7.2km/h/2.0m/s,-,N/A,,Clear
1997-8-26 2:00 PM,34.0°C,33.3°C,14.0°C,30%,1011hPa,10.0km,SW,14.4km/h/4.0m/s,-,N/A,,Clear
1997-8-26 3:00 PM,34.0°C,33.0°C,13.0°C,28%,1010hPa,10.0km,WSW,10.8km/h/3.0m/s,-,N/A,,Clear
1997-8-26 4:00 PM,34.0°C,33.0°C,13.0°C,28%,1010hPa,10.0km,WSW,7.2km/h/2.0m/s,-,N/A,,Clear
1997-8-26 5:00 PM,34.0°C,33.3°C,14.0°C,30%,1009hPa,10.0km,SW,7.2km/h/2.0m/s,-,N/A,,Clear
1997-8-26 6:00 PM,32.0°C,31.6°C,15.0°C,36%,1010hPa,10.0km,SW,3.6km/h/1.0m/s,-,N/A,,Clear
1997-8-26 7:00 PM,27.0°C,28.2°C,19.0°C,61%,1010hPa,10.0km,ESE,7.2km/h/2.0m/s,-,N/A,,Clear
1997-8-26 8:00 PM,24.0°C,-,14.0°C,53%,1011hPa,10.0km,SE,7.2km/h/2.0m/s,-,N/A,,Clear
1997-8-26 9:00 PM,26.0°C,-,10.0°C,36%,1012hPa,10.0km,ENE,10.8km/h/3.0m/s,-,N/A,,Clear
1997-8-26 10:00 PM,26.0°C,-,13.0°C,44%,1013hPa,10.0km,East,14.4km/h/4.0m/s,-,N/A,,Clear
1997-8-26 11:00 PM,26.0°C,-,14.0°C,47%,1013hPa,10.0km,East,18.0km/h/5.0m/s,-,N/A,,Clear
