Time (CST),Temp.,Heat Index,Dew Point,Humidity,Pressure,Visibility,Wind Dir,Wind Speed,Gust Speed,Precip,Events,Conditions
1997-7-24 12:00 AM,27.0°C,30.1°C,24.0°C,84%,1013hPa,10.0km,ESE,10.8km/h/3.0m/s,-,N/A,,Scattered Clouds
1997-7-24 1:00 AM,25.0°C,-,22.0°C,83%,1013hPa,10.0km,ESE,7.2km/h/2.0m/s,-,N/A,,Partly Cloudy
1997-7-24 2:00 AM,24.0°C,-,22.0°C,89%,1013hPa,-,SSE,10.8km/h/3.0m/s,-,N/A,,Clear
1997-7-24 3:00 AM,24.0°C,-,22.0°C,89%,1013hPa,10.0km,ESE,7.2km/h/2.0m/s,-,N/A,,Clear
1997-7-24 4:00 AM,22.0°C,-,22.0°C,100%,1013hPa,10.0km,ESE,7.2km/h/2.0m/s,-,N/A,,Clear
1997-7-24 5:00 AM,22.0°C,-,21.0°C,94%,1013hPa,10.0km,East,7.2km/h/2.0m/s,-,N/A,,Clear
1997-7-24 7:00 AM,24.0°C,-,22.0°C,89%,1013hPa,10.0km,East,7.2km/h/2.0m/s,-,N/A,,Clear
1997-7-24 8:00 AM,26.0°C,-,22.0°C,78%,1013hPa,-,SE,7.2km/h/2.0m/s,-,N/A,,Clear
1997-7-24 9:00 AM,27.0°C,29.6°C,23.0°C,79%,1013hPa,-,ESE,7.2km/h/2.0m/s,-,N/A,,Clear
1997-7-24 10:00 AM,28.0°C,30.7°C,22.0°C,70%,1013hPa,-,SSW,7.2km/h/2.0m/s,-,N/A,,Clear
1997-7-24 11:00 AM,29.0°C,32.0°C,22.0°C,66%,1013hPa,-,SSW,10.8km/h/3.0m/s,-,N/A,,Clear
1997-7-24 12:00 PM,30.0°C,33.2°C,22.0°C,62%,1012hPa,10.0km,WSW,7.2km/h/2.0m/s,-,N/A,,Partly Cloudy
1997-7-24 1:00 PM,31.0°C,34.4°C,22.0°C,58%,1012hPa,10.0km,WSW,7.2km/h/2.0m/s,-,N/A,,Clear
1997-7-24 2:00 PM,31.0°C,34.4°C,22.0°C,58%,1011hPa,-,WNW,7.2km/h/2.0m/s,-,N/A,,Clear
1997-7-24 3:00 PM,32.0°C,35.6°C,22.0°C,55%,1010hPa,-,West,10.8km/h/3.0m/s,-,N/A,,Clear
1997-7-24 4:00 PM,32.0°C,35.6°C,22.0°C,55%,1010hPa,10.0km,WNW,7.2km/h/2.0m/s,-,N/A,,Clear
1997-7-24 5:00 PM,32.0°C,36.8°C,23.0°C,59%,1009hPa,10.0km,WNW,7.2km/h/2.0m/s,-,N/A,,Clear
1997-7-24 6:00 PM,32.0°C,36.8°C,23.0°C,59%,1009hPa,-,NW,7.2km/h/2.0m/s,-,N/A,,Clear
1997-7-24 7:00 PM,31.0°C,36.4°C,24.0°C,66%,1009hPa,-,WSW,3.6km/h/1.0m/s,-,N/A,,Clear
1997-7-24 8:00 PM,29.0°C,30.7°C,20.0°C,58%,1009hPa,-,SW,7.2km/h/2.0m/s,-,N/A,,Clear
1997-7-24 9:00 PM,28.0°C,30.7°C,22.0°C,70%,1010hPa,-,WSW,7.2km/h/2.0m/s,-,N/A,,Clear
1997-7-24 10:00 PM,28.0°C,30.7°C,22.0°C,70%,1010hPa,-,ENE,10.8km/h/3.0m/s,-,N/A,,Clear
1997-7-24 11:00 PM,29.0°C,33.5°C,24.0°C,74%,1010hPa,-,East,7.2km/h/2.0m/s,-,N/A,,Clear
