Time (CST),Temp.,Windchill,Dew Point,Humidity,Pressure,Visibility,Wind Dir,Wind Speed,Gust Speed,Precip,Events,Conditions
1998-12-20 12:00 AM,23.0°F,-,10.4°F,59%,30.06in,-,East,2.2mph,-,N/A,,Clear
1998-12-20 1:00 AM,24.8°F,-,12.2°F,59%,30.06in,-,ESE,2.2mph,-,N/A,,Clear
1998-12-20 2:00 AM,23.0°F,17.1°F,10.4°F,59%,30.06in,-,ESE,4.5mph,-,N/A,,Clear
1998-12-20 3:00 AM,24.8°F,-,12.2°F,59%,30.04in,6.2mi,ESE,2.2mph,-,N/A,,Clear
1998-12-20 4:00 AM,21.2°F,-,12.2°F,68%,30.04in,-,Calm,Calm,-,N/A,,Clear
1998-12-20 5:00 AM,21.2°F,-,10.4°F,63%,30.01in,-,Calm,Calm,-,N/A,,Clear
1998-12-20 6:00 AM,23.0°F,-,12.2°F,63%,30.01in,-,ESE,2.2mph,-,N/A,,Clear
1998-12-20 7:00 AM,21.2°F,-,10.4°F,63%,30.01in,4.3mi,North,2.2mph,-,N/A,,Clear
1998-12-20 8:00 AM,15.8°F,8.7°F,8.6°F,73%,30.01in,3.7mi,ESE,4.5mph,-,N/A,,Clear
1998-12-20 9:00 AM,21.2°F,-,12.2°F,68%,30.01in,3.1mi,Calm,Calm,-,N/A,,Smoke
1998-12-20 10:00 AM,28.4°F,-,14.0°F,55%,30.01in,2.5mi,SE,2.2mph,-,N/A,,Smoke
1998-12-20 11:00 AM,35.6°F,-,15.8°F,44%,30.01in,2.5mi,Calm,Calm,-,N/A,,Smoke
1998-12-20 12:00 PM,41.0°F,-,15.8°F,36%,29.95in,2.5mi,SSE,2.2mph,-,N/A,,Smoke
1998-12-20 1:00 PM,44.6°F,42.3°F,19.4°F,37%,29.89in,2.5mi,South,4.5mph,-,N/A,,Haze
1998-12-20 2:00 PM,48.2°F,-,19.4°F,32%,29.86in,2.5mi,South,2.2mph,-,N/A,,Haze
1998-12-20 3:00 PM,50.0°F,-,19.4°F,30%,29.86in,3.1mi,South,2.2mph,-,N/A,,Haze
1998-12-20 4:00 PM,48.2°F,-,19.4°F,32%,29.83in,3.1mi,ESE,4.5mph,-,N/A,,Haze
1998-12-20 6:00 PM,41.0°F,-,15.8°F,36%,29.86in,3.1mi,ENE,2.2mph,-,N/A,,Clear
1998-12-20 7:00 PM,33.8°F,-,14.0°F,44%,29.89in,4.3mi,East,2.2mph,-,N/A,,Clear
1998-12-20 9:00 PM,32.0°F,-,14.0°F,48%,29.89in,4.3mi,Calm,Calm,-,N/A,,Clear
1998-12-20 10:00 PM,30.2°F,-,15.8°F,55%,29.89in,4.3mi,ESE,2.2mph,-,N/A,,Clear
1998-12-20 11:00 PM,30.2°F,25.5°F,15.8°F,55%,29.89in,4.3mi,ESE,4.5mph,-,N/A,,Clear
