Time (CST),Temp.,Windchill,Dew Point,Humidity,Pressure,Visibility,Wind Dir,Wind Speed,Gust Speed,Precip,Events,Conditions
1997-1-4 12:00 AM,-6.0°C,-11.6°C,-14.0°C,54%,1020hPa,10.0km,East,14.4km/h/4.0m/s,-,N/A,,Clear
1997-1-4 1:00 AM,-6.0°C,-12.4°C,-16.0°C,46%,1019hPa,10.0km,East,18.0km/h/5.0m/s,-,N/A,,Clear
1997-1-4 2:00 AM,-6.0°C,-11.6°C,-16.0°C,46%,1018hPa,10.0km,ESE,14.4km/h/4.0m/s,-,N/A,,Clear
1997-1-4 4:00 AM,-6.0°C,-9.4°C,-15.0°C,50%,1017hPa,10.0km,East,7.2km/h/2.0m/s,-,N/A,,Clear
1997-1-4 5:00 AM,-6.0°C,-,-14.0°C,54%,1017hPa,10.0km,Calm,Calm,-,N/A,,Clear
1997-1-4 6:00 AM,-7.0°C,-10.6°C,-15.0°C,54%,1017hPa,10.0km,SE,7.2km/h/2.0m/s,-,N/A,,Clear
1997-1-4 7:00 AM,-5.0°C,-8.3°C,-12.0°C,59%,1018hPa,-,NNE,7.2km/h/2.0m/s,-,N/A,,Clear
1997-1-4 8:00 AM,-4.0°C,-,-11.0°C,59%,1019hPa,1.8km,Calm,Calm,-,N/A,,Smoke
1997-1-4 9:00 AM,-5.0°C,-9.5°C,-11.0°C,63%,1020hPa,1.6km,West,10.8km/h/3.0m/s,-,N/A,,Smoke
1997-1-4 10:00 AM,-5.0°C,-8.3°C,-9.0°C,74%,1021hPa,0.8km,WNW,7.2km/h/2.0m/s,-,N/A,,Smoke
1997-1-4 11:00 AM,-2.0°C,-6.7°C,-9.0°C,59%,1022hPa,1.5km,WNW,14.4km/h/4.0m/s,-,N/A,,Smoke
1997-1-4 12:00 PM,-1.0°C,-6.2°C,-8.0°C,60%,1023hPa,3.0km,North,18.0km/h/5.0m/s,-,N/A,,Sand
1997-1-4 1:00 PM,-2.0°C,-8.9°C,-11.0°C,51%,1024hPa,4.0km,North,28.8km/h/8.0m/s,-,N/A,,Sand
1997-1-4 2:00 PM,-3.0°C,-9.8°C,-14.0°C,43%,1025hPa,10.0km,NE,25.2km/h/7.0m/s,-,N/A,,Scattered Clouds
1997-1-4 3:00 PM,-4.0°C,-11.0°C,-14.0°C,46%,1026hPa,-,North,25.2km/h/7.0m/s,-,N/A,,Clear
1997-1-4 4:00 PM,-4.0°C,-10.5°C,-15.0°C,43%,1027hPa,-,NNE,21.6km/h/6.0m/s,-,N/A,,Clear
1997-1-4 5:00 PM,-5.0°C,-11.8°C,-17.0°C,39%,1028hPa,10.0km,North,21.6km/h/6.0m/s,-,N/A,,Clear
1997-1-4 6:00 PM,-7.0°C,-13.7°C,-18.0°C,42%,1030hPa,10.0km,WNW,18.0km/h/5.0m/s,-,N/A,,Clear
1997-1-4 7:00 PM,-8.0°C,-15.6°C,-22.0°C,32%,1031hPa,10.0km,NW,21.6km/h/6.0m/s,-,N/A,,Clear
1997-1-4 8:00 PM,-8.0°C,-16.2°C,-23.0°C,30%,1032hPa,10.0km,NNW,25.2km/h/7.0m/s,-,N/A,,Clear
1997-1-4 9:00 PM,-9.0°C,-16.9°C,-23.0°C,32%,1033hPa,10.0km,NNW,21.6km/h/6.0m/s,-,N/A,,Clear
1997-1-4 10:00 PM,-10.0°C,-18.1°C,-22.0°C,38%,1033hPa,10.0km,North,21.6km/h/6.0m/s,-,N/A,,Clear
1997-1-4 11:00 PM,-10.0°C,-18.8°C,-23.0°C,35%,1033hPa,10.0km,North,25.2km/h/7.0m/s,-,N/A,,Clear
