Time (CST),Temp.,Windchill,Dew Point,Humidity,Pressure,Visibility,Wind Dir,Wind Speed,Gust Speed,Precip,Events,Conditions
1997-1-17 12:00 AM,-4.0°C,-8.3°C,-8.0°C,74%,1021hPa,2.0km,East,10.8km/h/3.0m/s,-,N/A,,Smoke
1997-1-17 1:00 AM,-6.0°C,-,-9.0°C,80%,1021hPa,2.0km,Calm,Calm,-,N/A,,Partly Cloudy
1997-1-17 2:00 AM,-6.0°C,-9.4°C,-9.0°C,80%,1022hPa,2.0km,WSW,7.2km/h/2.0m/s,-,N/A,,Partly Cloudy
1997-1-17 3:00 AM,-4.0°C,-9.9°C,-10.0°C,64%,1023hPa,3.0km,North,18.0km/h/5.0m/s,-,N/A,,Smoke
1997-1-17 4:00 AM,-4.0°C,-8.3°C,-16.0°C,40%,1024hPa,10.0km,North,10.8km/h/3.0m/s,-,N/A,,Clear
1997-1-17 5:00 AM,-5.0°C,-9.5°C,-16.0°C,43%,1025hPa,10.0km,NNW,10.8km/h/3.0m/s,-,N/A,,Clear
1997-1-17 6:00 AM,-5.0°C,-11.2°C,-17.0°C,39%,1025hPa,10.0km,North,18.0km/h/5.0m/s,-,N/A,,Clear
1997-1-17 7:00 AM,-6.0°C,-11.6°C,-20.0°C,33%,1025hPa,10.0km,North,14.4km/h/4.0m/s,-,N/A,,Clear
1997-1-17 8:00 AM,-6.0°C,-11.6°C,-23.0°C,26%,1026hPa,-,North,14.4km/h/4.0m/s,-,N/A,,Clear
1997-1-17 9:00 AM,-7.0°C,-14.3°C,-22.0°C,30%,1027hPa,-,North,21.6km/h/6.0m/s,-,N/A,,Clear
1997-1-17 10:00 AM,-4.0°C,-9.9°C,-22.0°C,24%,1027hPa,-,NNE,18.0km/h/5.0m/s,-,N/A,,Clear
1997-1-17 11:00 AM,-2.0°C,-8.5°C,-22.0°C,21%,1028hPa,-,NNE,25.2km/h/7.0m/s,-,N/A,,Clear
1997-1-17 12:00 PM,-3.0°C,-9.8°C,-25.0°C,17%,1027hPa,-,NNE,25.2km/h/7.0m/s,-,N/A,,Clear
1997-1-17 1:00 PM,-1.0°C,-4.7°C,-18.0°C,27%,1026hPa,-,NNE,10.8km/h/3.0m/s,-,N/A,,Clear
1997-1-17 2:00 PM,0.0°C,-4.3°C,-20.0°C,21%,1025hPa,-,West,14.4km/h/4.0m/s,-,N/A,,Clear
1997-1-17 3:00 PM,0.0°C,-4.3°C,-22.0°C,18%,1025hPa,-,SSW,14.4km/h/4.0m/s,-,N/A,,Clear
1997-1-17 4:00 PM,0.0°C,-4.3°C,-22.0°C,18%,1024hPa,-,SW,14.4km/h/4.0m/s,-,N/A,,Clear
1997-1-17 5:00 PM,-1.0°C,-4.7°C,-19.0°C,25%,1024hPa,-,WSW,10.8km/h/3.0m/s,-,N/A,,Clear
1997-1-17 6:00 PM,-2.0°C,-6.7°C,-21.0°C,23%,1025hPa,-,NNW,14.4km/h/4.0m/s,-,N/A,,Clear
1997-1-17 7:00 PM,-3.0°C,-5.9°C,-24.0°C,19%,1025hPa,-,North,7.2km/h/2.0m/s,-,N/A,,Clear
1997-1-17 8:00 PM,-4.0°C,-,-24.0°C,20%,1026hPa,-,North,3.6km/h/1.0m/s,-,N/A,,Clear
1997-1-17 9:00 PM,-6.0°C,-,-23.0°C,26%,1026hPa,-,Calm,Calm,-,N/A,,Clear
1997-1-17 10:00 PM,-7.0°C,-,-23.0°C,28%,1026hPa,10.0km,Calm,Calm,-,N/A,,Clear
1997-1-17 11:00 PM,-8.0°C,-,-23.0°C,30%,1026hPa,10.0km,Calm,Calm,-,N/A,,Clear
