Time (CST),Temp.,Dew Point,Humidity,Pressure,Visibility,Wind Dir,Wind Speed,Gust Speed,Precip,Events,Conditions
1998-10-23 12:00 AM,37.4°F,21.2°F,52%,30.21in,6.2mi,SE,2.2mph,-,N/A,,Clear
1998-10-23 1:00 AM,35.6°F,19.4°F,52%,30.21in,6.2mi,ESE,2.2mph,-,N/A,,Clear
1998-10-23 3:00 AM,33.8°F,19.4°F,56%,30.21in,6.2mi,Calm,Calm,-,N/A,,Clear
1998-10-23 4:00 AM,32.0°F,19.4°F,60%,30.21in,6.2mi,SE,2.2mph,-,N/A,,Clear
1998-10-23 5:00 AM,35.6°F,17.6°F,48%,30.21in,6.2mi,Calm,Calm,-,N/A,,Clear
1998-10-23 6:00 AM,30.2°F,19.4°F,64%,30.24in,6.2mi,Calm,Calm,-,N/A,,Clear
1998-10-23 7:00 AM,32.0°F,19.4°F,60%,30.24in,6.2mi,Calm,Calm,-,N/A,,Clear
1998-10-23 8:00 AM,37.4°F,19.4°F,48%,30.24in,6.2mi,Calm,Calm,-,N/A,,Clear
1998-10-23 11:00 AM,55.4°F,15.8°F,21%,30.24in,6.2mi,NNW,2.2mph,-,N/A,,Clear
1998-10-23 12:00 PM,59.0°F,15.8°F,19%,30.21in,-,Calm,Calm,-,N/A,,Clear
1998-10-23 1:00 PM,62.6°F,15.8°F,16%,30.18in,-,Calm,Calm,-,N/A,,Clear
1998-10-23 2:00 PM,64.4°F,10.4°F,12%,30.15in,-,NW,2.2mph,-,N/A,,Clear
1998-10-23 3:00 PM,66.2°F,10.4°F,11%,30.12in,-,Calm,Calm,-,N/A,,Clear
1998-10-23 4:00 PM,66.2°F,12.2°F,12%,30.12in,-,Calm,Calm,-,N/A,,Clear
1998-10-23 5:00 PM,64.4°F,17.6°F,16%,30.09in,-,West,2.2mph,-,N/A,,Clear
1998-10-23 6:00 PM,57.2°F,19.4°F,23%,30.12in,-,Calm,Calm,-,N/A,,Clear
1998-10-23 7:00 PM,59.0°F,24.8°F,27%,30.15in,-,ENE,8.9mph,-,N/A,,Clear
1998-10-23 8:00 PM,57.2°F,28.4°F,33%,30.15in,-,ENE,13.4mph,-,N/A,,Clear
1998-10-23 9:00 PM,55.4°F,28.4°F,36%,30.18in,6.2mi,NE,6.7mph,-,N/A,,Clear
1998-10-23 10:00 PM,53.6°F,28.4°F,38%,30.21in,-,NE,2.2mph,-,N/A,,Clear
1998-10-23 11:00 PM,51.8°F,28.4°F,41%,30.21in,-,East,2.2mph,-,N/A,,Clear
