Time (CST),Temp.,Windchill,Dew Point,Humidity,Pressure,Visibility,Wind Dir,Wind Speed,Gust Speed,Precip,Events,Conditions
1998-11-28 12:00 AM,28.4°F,-,12.2°F,51%,30.21in,-,East,2.2mph,-,N/A,,Clear
1998-11-28 1:00 AM,24.8°F,-,12.2°F,59%,30.18in,-,East,2.2mph,-,N/A,,Clear
1998-11-28 2:00 AM,23.0°F,-,12.2°F,63%,30.18in,-,East,2.2mph,-,N/A,,Clear
1998-11-28 3:00 AM,24.8°F,-,12.2°F,59%,30.18in,-,Calm,Calm,-,N/A,,Clear
1998-11-28 5:00 AM,23.0°F,-,12.2°F,63%,30.12in,-,ESE,2.2mph,-,N/A,,Clear
1998-11-28 6:00 AM,19.4°F,-,12.2°F,74%,30.12in,-,ESE,2.2mph,-,N/A,,Clear
1998-11-28 7:00 AM,21.2°F,-,12.2°F,68%,30.12in,-,Calm,Calm,-,N/A,,Clear
1998-11-28 8:00 AM,21.2°F,-,12.2°F,68%,30.12in,3.7mi,Calm,Calm,-,N/A,,Clear
1998-11-28 9:00 AM,26.6°F,-,14.0°F,59%,30.12in,3.7mi,Calm,Calm,-,N/A,,Clear
1998-11-28 11:00 AM,35.6°F,-,14.0°F,41%,30.09in,5.0mi,ESE,2.2mph,-,N/A,,Clear
1998-11-28 12:00 PM,39.2°F,36.0°F,15.8°F,39%,30.04in,5.0mi,SSE,4.5mph,-,N/A,,Clear
1998-11-28 1:00 PM,42.8°F,-,17.6°F,36%,30.01in,5.0mi,SSE,2.2mph,-,N/A,,Clear
1998-11-28 2:00 PM,46.4°F,44.4°F,19.4°F,34%,29.98in,5.0mi,South,4.5mph,-,N/A,,Clear
1998-11-28 3:00 PM,48.2°F,-,19.4°F,32%,29.95in,5.0mi,SSE,2.2mph,-,N/A,,Clear
1998-11-28 4:00 PM,48.2°F,-,21.2°F,34%,29.92in,5.0mi,ESE,2.2mph,-,N/A,,Clear
1998-11-28 5:00 PM,44.6°F,-,19.4°F,37%,29.92in,5.0mi,Calm,Calm,-,N/A,,Clear
1998-11-28 6:00 PM,41.0°F,-,19.4°F,42%,29.92in,5.0mi,East,2.2mph,-,N/A,,Clear
1998-11-28 7:00 PM,35.6°F,-,19.4°F,52%,29.92in,3.7mi,Calm,Calm,-,N/A,,Clear
1998-11-28 8:00 PM,30.2°F,-,17.6°F,60%,29.95in,3.7mi,ESE,2.2mph,-,N/A,,Clear
1998-11-28 9:00 PM,30.2°F,-,17.6°F,60%,29.95in,3.7mi,ESE,2.2mph,-,N/A,,Clear
1998-11-28 10:00 PM,30.2°F,-,19.4°F,64%,29.98in,3.7mi,ESE,2.2mph,-,N/A,,Clear
1998-11-28 11:00 PM,28.4°F,-,19.4°F,69%,29.98in,3.7mi,North,2.2mph,-,N/A,,Clear
