Time (CST),Temp.,Windchill,Dew Point,Humidity,Pressure,Visibility,Wind Dir,Wind Speed,Gust Speed,Precip,Events,Conditions
1997-1-10 12:00 AM,-4.0°C,-7.1°C,-12.0°C,54%,1025hPa,10.0km,North,7.2km/h/2.0m/s,-,N/A,,Clear
1997-1-10 1:00 AM,-5.0°C,-9.5°C,-12.0°C,59%,1025hPa,10.0km,NNE,10.8km/h/3.0m/s,-,N/A,,Clear
1997-1-10 2:00 AM,-6.0°C,-,-13.0°C,58%,1025hPa,10.0km,Calm,Calm,-,N/A,,Clear
1997-1-10 3:00 AM,-8.0°C,-,-13.0°C,68%,1025hPa,10.0km,Calm,Calm,-,N/A,,Clear
1997-1-10 4:00 AM,-9.0°C,-,-14.0°C,68%,1026hPa,10.0km,Calm,Calm,-,N/A,,Clear
1997-1-10 5:00 AM,-9.0°C,-,-14.0°C,68%,1025hPa,10.0km,Calm,Calm,-,N/A,,Clear
1997-1-10 6:00 AM,-10.0°C,-,-14.0°C,73%,1026hPa,10.0km,Calm,Calm,-,N/A,,Clear
1997-1-10 7:00 AM,-10.0°C,-,-14.0°C,73%,1026hPa,10.0km,Calm,Calm,-,N/A,,Clear
1997-1-10 8:00 AM,-10.0°C,-,-13.0°C,79%,1027hPa,8.0km,Calm,Calm,-,N/A,,Clear
1997-1-10 9:00 AM,-10.0°C,-14.1°C,-15.0°C,67%,1027hPa,4.0km,SSE,7.2km/h/2.0m/s,-,N/A,,Smoke
1997-1-10 10:00 AM,-7.0°C,-,-13.0°C,63%,1027hPa,2.0km,SSW,3.6km/h/1.0m/s,-,N/A,,Smoke
1997-1-10 11:00 AM,-3.0°C,-,-12.0°C,51%,1027hPa,3.0km,South,3.6km/h/1.0m/s,-,N/A,,Smoke
1997-1-10 12:00 PM,0.0°C,-3.5°C,-12.0°C,41%,1026hPa,10.0km,North,10.8km/h/3.0m/s,-,N/A,,Clear
1997-1-10 1:00 PM,1.0°C,-,-11.0°C,41%,1025hPa,10.0km,Calm,Calm,-,N/A,,Clear
1997-1-10 2:00 PM,2.0°C,-1.8°C,-11.0°C,38%,1025hPa,10.0km,West,14.4km/h/4.0m/s,-,N/A,,Clear
1997-1-10 3:00 PM,2.0°C,-1.8°C,-11.0°C,38%,1024hPa,10.0km,SW,14.4km/h/4.0m/s,-,N/A,,Clear
1997-1-10 4:00 PM,2.0°C,-1.8°C,-12.0°C,35%,1025hPa,10.0km,SW,14.4km/h/4.0m/s,-,N/A,,Clear
1997-1-10 5:00 PM,0.0°C,-2.5°C,-11.0°C,44%,1025hPa,10.0km,SW,7.2km/h/2.0m/s,-,N/A,,Clear
1997-1-10 6:00 PM,-1.0°C,-,-13.0°C,40%,1025hPa,10.0km,Calm,Calm,-,N/A,,Clear
1997-1-10 7:00 PM,-2.0°C,-4.8°C,-13.0°C,43%,1025hPa,10.0km,ENE,7.2km/h/2.0m/s,-,N/A,,Clear
1997-1-10 8:00 PM,-6.0°C,-,-14.0°C,54%,1025hPa,10.0km,Calm,Calm,-,N/A,,Clear
1997-1-10 9:00 PM,-6.0°C,-9.4°C,-14.0°C,54%,1026hPa,10.0km,SSE,7.2km/h/2.0m/s,-,N/A,,Clear
1997-1-10 10:00 PM,-6.0°C,-,-13.0°C,58%,1026hPa,10.0km,Calm,Calm,-,N/A,,Clear
1997-1-10 11:00 PM,-7.0°C,-,-13.0°C,63%,1026hPa,10.0km,Calm,Calm,-,N/A,,Clear
