Time (CST),Temp.,Heat Index,Dew Point,Humidity,Pressure,Visibility,Wind Dir,Wind Speed,Gust Speed,Precip,Events,Conditions
1997-9-5 12:00 AM,16.0°C,-,6.0°C,52%,1006hPa,10.0km,East,7.2km/h/2.0m/s,-,N/A,,Clear
1997-9-5 1:00 AM,16.0°C,-,7.0°C,55%,1006hPa,10.0km,East,3.6km/h/1.0m/s,-,N/A,,Clear
1997-9-5 2:00 AM,14.0°C,-,8.0°C,67%,1006hPa,10.0km,NW,3.6km/h/1.0m/s,-,N/A,,Clear
1997-9-5 3:00 AM,14.0°C,-,8.0°C,67%,1006hPa,10.0km,East,7.2km/h/2.0m/s,-,N/A,,Clear
1997-9-5 6:00 AM,12.0°C,-,9.0°C,82%,1006hPa,10.0km,SE,10.8km/h/3.0m/s,-,N/A,,Clear
1997-9-5 7:00 AM,14.0°C,-,9.0°C,72%,1008hPa,-,ESE,3.6km/h/1.0m/s,-,N/A,,Clear
1997-9-5 8:00 AM,18.0°C,-,10.0°C,59%,1008hPa,-,Calm,Calm,-,N/A,,Clear
1997-9-5 9:00 AM,22.0°C,-,11.0°C,50%,1006hPa,10.0km,SE,7.2km/h/2.0m/s,-,N/A,,Clear
1997-9-5 10:00 AM,25.0°C,-,13.0°C,47%,1006hPa,10.0km,South,7.2km/h/2.0m/s,-,N/A,,Clear
1997-9-5 11:00 AM,28.0°C,-,11.0°C,35%,1006hPa,10.0km,SW,10.8km/h/3.0m/s,-,N/A,,Clear
1997-9-5 12:00 PM,30.0°C,-,11.0°C,31%,1005hPa,10.0km,WSW,10.8km/h/3.0m/s,-,N/A,,Clear
1997-9-5 1:00 PM,32.0°C,-,11.0°C,27%,1004hPa,10.0km,SW,10.8km/h/3.0m/s,-,N/A,,Partly Cloudy
1997-9-5 2:00 PM,33.0°C,-,10.0°C,24%,1003hPa,10.0km,SW,14.4km/h/4.0m/s,-,N/A,,Scattered Clouds
1997-9-5 3:00 PM,32.0°C,-,11.0°C,27%,1003hPa,10.0km,SSW,7.2km/h/2.0m/s,-,N/A,,Scattered Clouds
1997-9-5 5:00 PM,34.0°C,-,9.0°C,21%,1002hPa,10.0km,SW,3.6km/h/1.0m/s,-,N/A,,Scattered Clouds
1997-9-5 6:00 PM,32.0°C,31.2°C,14.0°C,33%,1002hPa,10.0km,WNW,3.6km/h/1.0m/s,-,N/A,,Scattered Clouds
1997-9-5 7:00 PM,27.0°C,27.1°C,14.0°C,45%,1003hPa,-,WSW,3.6km/h/1.0m/s,-,N/A,,Clear
1997-9-5 8:00 PM,23.0°C,-,13.0°C,53%,1003hPa,-,SE,7.2km/h/2.0m/s,-,N/A,,Clear
1997-9-5 9:00 PM,23.0°C,-,10.0°C,44%,1004hPa,-,ESE,7.2km/h/2.0m/s,-,N/A,,Clear
1997-9-5 10:00 PM,21.0°C,-,10.0°C,49%,1005hPa,-,ESE,7.2km/h/2.0m/s,-,N/A,,Clear
1997-9-5 11:00 PM,26.0°C,-,11.0°C,39%,1005hPa,-,East,14.4km/h/4.0m/s,-,N/A,,Clear
