Time (CST),Temp.,Windchill,Dew Point,Humidity,Pressure,Visibility,Wind Dir,Wind Speed,Gust Speed,Precip,Events,Conditions
1998-10-24 12:00 AM,51.8°F,-,30.2°F,44%,30.18in,-,East,4.5mph,-,N/A,,Clear
1998-10-24 2:00 AM,44.6°F,-,30.2°F,57%,30.21in,3.7mi,Calm,Calm,-,N/A,,Clear
1998-10-24 3:00 AM,44.6°F,-,30.2°F,57%,30.21in,3.7mi,Calm,Calm,-,N/A,,Clear
1998-10-24 4:00 AM,44.6°F,-,30.2°F,57%,30.21in,3.7mi,SW,2.2mph,-,N/A,,Clear
1998-10-24 5:00 AM,44.6°F,-,32.0°F,61%,30.21in,5.0mi,Calm,Calm,-,N/A,,Mostly Cloudy
1998-10-24 6:00 AM,44.6°F,-,32.0°F,61%,30.18in,5.0mi,NNW,2.2mph,-,N/A,,Scattered Clouds
1998-10-24 7:00 AM,46.4°F,-,32.0°F,57%,30.21in,2.5mi,Calm,Calm,-,N/A,,Smoke
1998-10-24 8:00 AM,48.2°F,-,33.8°F,58%,30.21in,1.9mi,Calm,Calm,-,N/A,,Haze
1998-10-24 9:00 AM,51.8°F,-,32.0°F,47%,30.21in,1.9mi,NW,4.5mph,-,N/A,,Haze
1998-10-24 10:00 AM,53.6°F,-,32.0°F,44%,30.21in,2.5mi,NNW,4.5mph,-,N/A,,Haze
1998-10-24 11:00 AM,51.8°F,-,39.2°F,62%,30.21in,1.7mi,NW,2.2mph,-,N/A,Rain,Light Rain
1998-10-24 12:00 PM,46.4°F,44.4°F,44.6°F,93%,30.21in,1.1mi,WNW,4.5mph,-,N/A,Rain,Rain
1998-10-24 1:00 PM,44.6°F,42.3°F,44.6°F,100%,30.18in,1.1mi,NNW,4.5mph,-,N/A,Rain,Light Rain
1998-10-24 2:00 PM,44.6°F,39.8°F,44.6°F,100%,30.15in,1.1mi,NW,8.9mph,-,N/A,Rain,Light Rain
1998-10-24 3:00 PM,44.6°F,39.8°F,44.6°F,100%,30.15in,1.1mi,NW,8.9mph,-,N/A,Rain,Light Rain
1998-10-24 4:00 PM,44.6°F,42.3°F,44.6°F,100%,30.15in,1.2mi,NW,4.5mph,-,N/A,,Overcast
1998-10-24 5:00 PM,44.6°F,39.8°F,44.6°F,100%,30.18in,1.9mi,NNW,8.9mph,-,N/A,,Overcast
1998-10-24 6:00 PM,44.6°F,40.8°F,44.6°F,100%,30.18in,1.9mi,NNW,6.7mph,-,N/A,,Overcast
1998-10-24 7:00 PM,44.6°F,40.8°F,44.6°F,100%,30.18in,2.5mi,NW,6.7mph,-,N/A,,Overcast
1998-10-24 8:00 PM,44.6°F,40.8°F,44.6°F,100%,30.21in,2.2mi,NW,6.7mph,-,N/A,,Overcast
1998-10-24 9:00 PM,44.6°F,-,44.6°F,100%,30.21in,1.9mi,NW,2.2mph,-,N/A,,Overcast
1998-10-24 10:00 PM,44.6°F,-,42.8°F,93%,30.21in,1.9mi,WSW,2.2mph,-,N/A,,Mostly Cloudy
1998-10-24 11:00 PM,44.6°F,-,42.8°F,93%,30.21in,1.6mi,Calm,Calm,-,N/A,,Mostly Cloudy
