Time (CST),Temp.,Windchill,Dew Point,Humidity,Pressure,Visibility,Wind Dir,Wind Speed,Gust Speed,Precip,Events,Conditions
1997-11-22 12:00 AM,-2.0°C,-4.8°C,-5.0°C,80%,1021hPa,2.2km,East,7.2km/h/2.0m/s,-,N/A,,Clear
1997-11-22 1:00 AM,1.0°C,-1.3°C,-4.0°C,70%,1021hPa,2.2km,East,7.2km/h/2.0m/s,-,N/A,,Clear
1997-11-22 2:00 AM,-3.0°C,-,-5.0°C,86%,1021hPa,3.0km,East,3.6km/h/1.0m/s,-,N/A,,Clear
1997-11-22 3:00 AM,-3.0°C,-5.9°C,-5.0°C,86%,1020hPa,2.6km,ESE,7.2km/h/2.0m/s,-,N/A,,Clear
1997-11-22 4:00 AM,-3.0°C,-,-5.0°C,86%,1020hPa,1.7km,NW,3.6km/h/1.0m/s,-,N/A,,Clear
1997-11-22 5:00 AM,-4.0°C,-,-6.0°C,86%,1020hPa,1.6km,Calm,Calm,-,N/A,,Clear
1997-11-22 6:00 AM,-4.0°C,-,-4.0°C,100%,1020hPa,1.1km,SE,3.6km/h/1.0m/s,-,N/A,,Clear
1997-11-22 7:00 AM,-5.0°C,-,-6.0°C,93%,1021hPa,1.0km,East,3.6km/h/1.0m/s,-,N/A,,Clear
1997-11-22 8:00 AM,-4.0°C,-,-6.0°C,86%,1021hPa,0.8km,Calm,Calm,-,N/A,Fog,Fog
1997-11-22 9:00 AM,-2.0°C,-,-4.0°C,86%,1021hPa,0.7km,Calm,Calm,-,N/A,Fog,Fog
1997-11-22 10:00 AM,1.0°C,-,-2.0°C,81%,1021hPa,0.7km,Calm,Calm,-,N/A,Fog,Fog
1997-11-22 11:00 AM,5.0°C,-,-2.0°C,61%,1021hPa,1.0km,Calm,Calm,-,N/A,,Smoke
1997-11-22 12:00 PM,8.0°C,-,-2.0°C,50%,1020hPa,1.2km,SSE,3.6km/h/1.0m/s,-,N/A,,Smoke
1997-11-22 1:00 PM,10.0°C,-,-2.0°C,43%,1019hPa,1.4km,South,7.2km/h/2.0m/s,-,N/A,,Smoke
1997-11-22 2:00 PM,11.0°C,-,-1.0°C,44%,1018hPa,2.0km,SW,7.2km/h/2.0m/s,-,N/A,,Smoke
1997-11-22 5:00 PM,6.0°C,4.5°C,0.0°C,66%,1017hPa,3.0km,ESE,7.2km/h/2.0m/s,-,N/A,,Smoke
1997-11-22 6:00 PM,6.0°C,4.5°C,-1.0°C,61%,1017hPa,2.0km,East,7.2km/h/2.0m/s,-,N/A,,Smoke
1997-11-22 7:00 PM,2.0°C,-,-2.0°C,75%,1018hPa,2.4km,Calm,Calm,-,N/A,,Smoke
1997-11-22 8:00 PM,2.0°C,-,-2.0°C,75%,1018hPa,2.2km,SE,3.6km/h/1.0m/s,-,N/A,,Smoke
1997-11-22 9:00 PM,2.0°C,-,-2.0°C,75%,1019hPa,2.2km,Calm,Calm,-,N/A,,Smoke
1997-11-22 10:00 PM,0.0°C,-2.5°C,-2.0°C,87%,1019hPa,2.2km,ESE,7.2km/h/2.0m/s,-,N/A,,Smoke
1997-11-22 11:00 PM,1.0°C,-,-2.0°C,81%,1019hPa,2.3km,East,3.6km/h/1.0m/s,-,N/A,,Mostly Cloudy
