Time (CST),Temp.,Dew Point,Humidity,Pressure,Visibility,Wind Dir,Wind Speed,Gust Speed,Precip,Events,Conditions
1997-5-31 12:00 AM,17.0°C,2.0°C,37%,1003hPa,10.0km,East,14.4km/h/4.0m/s,-,N/A,,Clear
1997-5-31 1:00 AM,14.0°C,1.0°C,41%,1003hPa,10.0km,East,10.8km/h/3.0m/s,-,N/A,,Clear
1997-5-31 2:00 AM,13.0°C,1.0°C,44%,1003hPa,10.0km,ESE,7.2km/h/2.0m/s,-,N/A,,Clear
1997-5-31 3:00 AM,13.0°C,1.0°C,44%,1002hPa,10.0km,ENE,14.4km/h/4.0m/s,-,N/A,,Clear
1997-5-31 4:00 AM,12.0°C,2.0°C,51%,1002hPa,10.0km,East,7.2km/h/2.0m/s,-,N/A,,Clear
1997-5-31 5:00 AM,13.0°C,3.0°C,51%,1002hPa,10.0km,ESE,7.2km/h/2.0m/s,-,N/A,,Clear
1997-5-31 6:00 AM,11.0°C,4.0°C,62%,1002hPa,10.0km,ESE,14.4km/h/4.0m/s,-,N/A,,Clear
1997-5-31 7:00 AM,16.0°C,6.0°C,52%,1002hPa,-,East,18.0km/h/5.0m/s,-,N/A,,Clear
1997-5-31 8:00 AM,19.0°C,6.0°C,43%,1002hPa,-,Calm,Calm,-,N/A,,Clear
1997-5-31 9:00 AM,21.0°C,0.0°C,25%,1002hPa,-,South,10.8km/h/3.0m/s,-,N/A,,Clear
1997-5-31 10:00 AM,22.0°C,1.0°C,25%,1001hPa,-,East,10.8km/h/3.0m/s,-,N/A,,Clear
1997-5-31 11:00 AM,24.0°C,3.0°C,25%,1001hPa,-,South,10.8km/h/3.0m/s,-,N/A,,Clear
1997-5-31 12:00 PM,27.0°C,2.0°C,20%,999hPa,-,South,14.4km/h/4.0m/s,-,N/A,,Clear
1997-5-31 1:00 PM,30.0°C,1.0°C,15%,998hPa,10.0km,SSW,43.2km/h/12.0m/s,-,N/A,,Mostly Cloudy
1997-5-31 2:00 PM,29.0°C,-1.0°C,14%,997hPa,10.0km,WSW,21.6km/h/6.0m/s,-,N/A,,Mostly Cloudy
1997-5-31 3:00 PM,31.0°C,1.0°C,15%,996hPa,10.0km,WSW,21.6km/h/6.0m/s,-,N/A,,Mostly Cloudy
1997-5-31 4:00 PM,24.0°C,5.0°C,29%,999hPa,10.0km,ENE,36.0km/h/10.0m/s,-,N/A,,Mostly Cloudy
1997-5-31 5:00 PM,23.0°C,6.0°C,33%,1000hPa,10.0km,ENE,28.8km/h/8.0m/s,-,N/A,,Mostly Cloudy
1997-5-31 6:00 PM,22.0°C,6.0°C,35%,1001hPa,10.0km,NE,21.6km/h/6.0m/s,-,N/A,,Scattered Clouds
1997-5-31 7:00 PM,20.0°C,1.0°C,28%,1004hPa,10.0km,NNE,25.2km/h/7.0m/s,-,N/A,,Mostly Cloudy
1997-5-31 8:00 PM,16.0°C,1.0°C,36%,1005hPa,-,NE,39.6km/h/11.0m/s,64.8km/h/18.0m/s,N/A,,Clear
1997-5-31 9:00 PM,14.0°C,-1.0°C,36%,1009hPa,10.0km,NNE,46.8km/h/13.0m/s,-,N/A,,Clear
1997-5-31 10:00 PM,13.0°C,0.0°C,41%,1011hPa,10.0km,NNE,32.4km/h/9.0m/s,-,N/A,,Clear
1997-5-31 11:00 PM,12.0°C,0.0°C,44%,1011hPa,10.0km,NE,10.8km/h/3.0m/s,-,N/A,,Clear
