Time (CST),Temp.,Heat Index,Dew Point,Humidity,Pressure,Visibility,Wind Dir,Wind Speed,Gust Speed,Precip,Events,Conditions
1997-8-30 12:00 AM,24.0°C,-,21.0°C,83%,1012hPa,10.0km,ESE,10.8km/h/3.0m/s,-,N/A,,Clear
1997-8-30 1:00 AM,24.0°C,-,21.0°C,83%,1012hPa,10.0km,East,14.4km/h/4.0m/s,-,N/A,,Clear
1997-8-30 2:00 AM,23.0°C,-,21.0°C,88%,1012hPa,10.0km,East,10.8km/h/3.0m/s,-,N/A,,Clear
1997-8-30 3:00 AM,23.0°C,-,21.0°C,88%,1012hPa,10.0km,East,10.8km/h/3.0m/s,-,N/A,,Clear
1997-8-30 4:00 AM,22.0°C,-,21.0°C,94%,1012hPa,10.0km,East,10.8km/h/3.0m/s,-,N/A,,Clear
1997-8-30 5:00 AM,22.0°C,-,21.0°C,94%,1012hPa,10.0km,East,10.8km/h/3.0m/s,-,N/A,,Clear
1997-8-30 6:00 AM,22.0°C,-,21.0°C,94%,1012hPa,7.0km,ENE,7.2km/h/2.0m/s,-,N/A,,Overcast
1997-8-30 7:00 AM,23.0°C,-,21.0°C,88%,1012hPa,-,East,10.8km/h/3.0m/s,-,N/A,,Clear
1997-8-30 8:00 AM,24.0°C,-,21.0°C,83%,1013hPa,10.0km,ENE,3.6km/h/1.0m/s,-,N/A,,Clear
1997-8-30 9:00 AM,26.0°C,-,21.0°C,74%,1013hPa,10.0km,SSE,10.8km/h/3.0m/s,-,N/A,,Clear
1997-8-30 10:00 AM,27.0°C,28.9°C,21.0°C,70%,1013hPa,10.0km,WSW,7.2km/h/2.0m/s,-,N/A,,Clear
1997-8-30 11:00 AM,29.0°C,31.3°C,21.0°C,62%,1012hPa,10.0km,WSW,7.2km/h/2.0m/s,-,N/A,,Clear
1997-8-30 12:00 PM,31.0°C,33.7°C,21.0°C,55%,1011hPa,10.0km,West,7.2km/h/2.0m/s,-,N/A,,Clear
1997-8-30 1:00 PM,32.0°C,34.9°C,21.0°C,52%,1010hPa,10.0km,SW,10.8km/h/3.0m/s,-,N/A,,Clear
1997-8-30 2:00 PM,32.0°C,34.1°C,20.0°C,49%,1009hPa,10.0km,West,14.4km/h/4.0m/s,-,N/A,,Clear
1997-8-30 3:00 PM,33.0°C,35.2°C,20.0°C,46%,1008hPa,10.0km,WNW,3.6km/h/1.0m/s,-,N/A,,Clear
1997-8-30 4:00 PM,33.0°C,35.2°C,20.0°C,46%,1008hPa,10.0km,SW,10.8km/h/3.0m/s,-,N/A,,Clear
1997-8-30 5:00 PM,33.0°C,34.5°C,19.0°C,43%,1006hPa,10.0km,SSW,7.2km/h/2.0m/s,-,N/A,,Clear
1997-8-30 6:00 PM,32.0°C,34.9°C,21.0°C,52%,1006hPa,10.0km,Calm,Calm,-,N/A,,Clear
1997-8-30 7:00 PM,29.0°C,33.5°C,24.0°C,74%,1006hPa,10.0km,Calm,Calm,-,N/A,,Clear
1997-8-30 8:00 PM,27.0°C,29.2°C,22.0°C,74%,1008hPa,10.0km,SE,7.2km/h/2.0m/s,-,N/A,,Clear
1997-8-30 9:00 PM,26.0°C,-,20.0°C,69%,1008hPa,10.0km,ESE,7.2km/h/2.0m/s,-,N/A,,Clear
1997-8-30 10:00 PM,28.0°C,29.2°C,19.0°C,58%,1009hPa,10.0km,East,14.4km/h/4.0m/s,-,N/A,,Clear
1997-8-30 11:00 PM,26.0°C,-,21.0°C,74%,1009hPa,10.0km,East,7.2km/h/2.0m/s,-,N/A,,Clear
