Time (CST),Temp.,Windchill,Dew Point,Humidity,Pressure,Visibility,Wind Dir,Wind Speed,Gust Speed,Precip,Events,Conditions
1997-1-1 12:00 AM,-6.0°C,-15.7°C,-17.0°C,42%,1023hPa,4.0km,WNW,43.2km/h/12.0m/s,-,N/A,,Sand
1997-1-1 1:00 AM,-9.0°C,-18.5°C,-25.0°C,27%,1024hPa,4.0km,North,32.4km/h/9.0m/s,-,N/A,,Sand
1997-1-1 2:00 AM,-10.0°C,-19.8°C,-27.0°C,25%,1025hPa,4.0km,WNW,32.4km/h/9.0m/s,-,N/A,,Sand
1997-1-1 3:00 AM,-11.0°C,-20.0°C,-28.0°C,24%,1025hPa,4.0km,West,25.2km/h/7.0m/s,-,N/A,,Sand
1997-1-1 6:00 AM,-11.0°C,-18.7°C,-23.0°C,38%,1028hPa,-,North,18.0km/h/5.0m/s,-,N/A,,Clear
1997-1-1 7:00 AM,-11.0°C,-19.4°C,-23.0°C,38%,1029hPa,10.0km,NW,21.6km/h/6.0m/s,-,N/A,,Clear
1997-1-1 8:00 AM,-12.0°C,-21.3°C,-23.0°C,41%,1029hPa,10.0km,NW,25.2km/h/7.0m/s,-,N/A,,Clear
1997-1-1 9:00 AM,-11.0°C,-19.4°C,-23.0°C,38%,1029hPa,10.0km,NW,21.6km/h/6.0m/s,-,N/A,,Clear
1997-1-1 10:00 AM,-10.0°C,-18.1°C,-25.0°C,29%,1029hPa,10.0km,NW,21.6km/h/6.0m/s,-,N/A,,Clear
1997-1-1 11:00 AM,-8.0°C,-15.6°C,-25.0°C,25%,1029hPa,10.0km,NW,21.6km/h/6.0m/s,-,N/A,,Clear
1997-1-1 12:00 PM,-6.0°C,-13.1°C,-27.0°C,18%,1028hPa,10.0km,WNW,21.6km/h/6.0m/s,-,N/A,,Clear
1997-1-1 1:00 PM,-4.0°C,-8.3°C,-25.0°C,19%,1027hPa,10.0km,WNW,10.8km/h/3.0m/s,-,N/A,,Clear
1997-1-1 2:00 PM,-3.0°C,-9.8°C,-24.0°C,19%,1026hPa,10.0km,SW,25.2km/h/7.0m/s,-,N/A,,Clear
1997-1-1 3:00 PM,-3.0°C,-10.2°C,-24.0°C,19%,1025hPa,10.0km,SW,28.8km/h/8.0m/s,-,N/A,,Clear
1997-1-1 4:00 PM,-2.0°C,-8.9°C,-23.0°C,19%,1024hPa,10.0km,WSW,28.8km/h/8.0m/s,-,N/A,,Clear
1997-1-1 5:00 PM,-3.0°C,-9.3°C,-24.0°C,19%,1025hPa,10.0km,WSW,21.6km/h/6.0m/s,-,N/A,,Clear
1997-1-1 6:00 PM,-5.0°C,-9.5°C,-23.0°C,24%,1025hPa,10.0km,WSW,10.8km/h/3.0m/s,-,N/A,,Clear
1997-1-1 7:00 PM,-6.0°C,-11.6°C,-23.0°C,26%,1025hPa,10.0km,WSW,14.4km/h/4.0m/s,-,N/A,,Clear
1997-1-1 8:00 PM,-6.0°C,-11.6°C,-22.0°C,28%,1025hPa,10.0km,SW,14.4km/h/4.0m/s,-,N/A,,Clear
1997-1-1 9:00 PM,-8.0°C,-14.1°C,-22.0°C,32%,1025hPa,10.0km,SW,14.4km/h/4.0m/s,-,N/A,,Clear
