Time (CST),Temp.,Dew Point,Humidity,Pressure,Visibility,Wind Dir,Wind Speed,Gust Speed,Precip,Events,Conditions
1997-6-15 1:00 AM,24.0°C,7.0°C,34%,1016hPa,-,ENE,10.8km/h/3.0m/s,-,N/A,,Clear
1997-6-15 2:00 AM,20.0°C,7.0°C,43%,1016hPa,-,East,7.2km/h/2.0m/s,-,N/A,,Clear
1997-6-15 3:00 AM,18.0°C,7.0°C,49%,1016hPa,10.0km,ENE,7.2km/h/2.0m/s,-,N/A,,Clear
1997-6-15 4:00 AM,19.0°C,7.0°C,46%,1016hPa,10.0km,East,7.2km/h/2.0m/s,-,N/A,,Clear
1997-6-15 5:00 AM,19.0°C,8.0°C,49%,1017hPa,-,East,7.2km/h/2.0m/s,-,N/A,,Clear
1997-6-15 6:00 AM,18.0°C,9.0°C,56%,1017hPa,-,WNW,7.2km/h/2.0m/s,-,N/A,,Clear
1997-6-15 7:00 AM,20.0°C,10.0°C,52%,1017hPa,-,Calm,Calm,-,N/A,,Clear
1997-6-15 8:00 AM,23.0°C,10.0°C,44%,1018hPa,8.0km,Calm,Calm,-,N/A,,Partly Cloudy
1997-6-15 9:00 AM,24.0°C,10.0°C,41%,1018hPa,-,Calm,Calm,-,N/A,,Clear
1997-6-15 10:00 AM,26.0°C,11.0°C,39%,1017hPa,10.0km,SSE,7.2km/h/2.0m/s,-,N/A,,Clear
1997-6-15 11:00 AM,27.0°C,11.0°C,37%,1017hPa,10.0km,South,14.4km/h/4.0m/s,-,N/A,,Clear
1997-6-15 12:00 PM,29.0°C,9.0°C,29%,1016hPa,10.0km,SSE,7.2km/h/2.0m/s,-,N/A,,Clear
1997-6-15 1:00 PM,30.0°C,10.0°C,29%,1015hPa,10.0km,WSW,18.0km/h/5.0m/s,-,N/A,,Clear
1997-6-15 2:00 PM,31.0°C,6.0°C,21%,1014hPa,10.0km,East,7.2km/h/2.0m/s,-,N/A,,Clear
1997-6-15 3:00 PM,32.0°C,9.0°C,24%,1013hPa,10.0km,SSE,7.2km/h/2.0m/s,-,N/A,,Partly Cloudy
1997-6-15 4:00 PM,32.0°C,8.0°C,22%,1013hPa,10.0km,South,18.0km/h/5.0m/s,-,N/A,,Partly Cloudy
1997-6-15 5:00 PM,31.0°C,8.0°C,24%,1012hPa,10.0km,South,10.8km/h/3.0m/s,-,N/A,,Scattered Clouds
1997-6-15 6:00 PM,31.0°C,9.0°C,25%,1011hPa,-,South,7.2km/h/2.0m/s,-,N/A,,Clear
1997-6-15 7:00 PM,31.0°C,9.0°C,25%,1011hPa,10.0km,Calm,Calm,-,N/A,,Scattered Clouds
1997-6-15 8:00 PM,30.0°C,9.0°C,27%,1012hPa,-,Calm,Calm,-,N/A,,Clear
1997-6-15 9:00 PM,28.0°C,7.0°C,26%,1013hPa,-,East,18.0km/h/5.0m/s,-,N/A,,Clear
1997-6-15 10:00 PM,27.0°C,7.0°C,28%,1014hPa,-,ENE,7.2km/h/2.0m/s,-,N/A,,Clear
1997-6-15 11:00 PM,26.0°C,8.0°C,32%,1014hPa,10.0km,ENE,7.2km/h/2.0m/s,-,N/A,,Clear
