Time (CST),Temp.,Heat Index,Dew Point,Humidity,Pressure,Visibility,Wind Dir,Wind Speed,Gust Speed,Precip,Events,Conditions
1997-7-25 12:00 AM,28.0°C,31.9°C,24.0°C,79%,1010hPa,-,East,7.2km/h/2.0m/s,-,N/A,,Clear
1997-7-25 4:00 AM,24.0°C,-,22.0°C,89%,1011hPa,-,SE,10.8km/h/3.0m/s,-,N/A,,Clear
1997-7-25 5:00 AM,23.0°C,-,21.0°C,88%,1011hPa,-,SE,7.2km/h/2.0m/s,-,N/A,,Clear
1997-7-25 6:00 AM,23.0°C,-,21.0°C,88%,1011hPa,-,Calm,Calm,-,N/A,,Clear
1997-7-25 7:00 AM,24.0°C,-,22.0°C,89%,1011hPa,-,SSE,7.2km/h/2.0m/s,-,N/A,,Clear
1997-7-25 8:00 AM,26.0°C,-,23.0°C,83%,1011hPa,-,SSE,7.2km/h/2.0m/s,-,N/A,,Clear
1997-7-25 9:00 AM,26.0°C,-,23.0°C,83%,1011hPa,-,South,3.6km/h/1.0m/s,-,N/A,,Clear
1997-7-25 10:00 AM,27.0°C,29.6°C,23.0°C,79%,1011hPa,-,SSE,3.6km/h/1.0m/s,-,N/A,,Clear
1997-7-25 11:00 AM,28.0°C,31.2°C,23.0°C,74%,1011hPa,-,SW,3.6km/h/1.0m/s,-,N/A,,Clear
1997-7-25 12:00 PM,31.0°C,36.4°C,24.0°C,66%,1010hPa,-,SW,3.6km/h/1.0m/s,-,N/A,,Clear
1997-7-25 1:00 PM,32.0°C,36.8°C,23.0°C,59%,1009hPa,-,Calm,Calm,-,N/A,,Clear
1997-7-25 2:00 PM,33.0°C,36.0°C,21.0°C,49%,1009hPa,10.0km,West,10.8km/h/3.0m/s,-,N/A,,Mostly Cloudy
1997-7-25 3:00 PM,33.0°C,35.2°C,20.0°C,46%,1008hPa,10.0km,West,10.8km/h/3.0m/s,-,N/A,,Scattered Clouds
1997-7-25 4:00 PM,34.0°C,36.5°C,20.0°C,44%,1006hPa,10.0km,NW,10.8km/h/3.0m/s,-,N/A,,Partly Cloudy
1997-7-25 5:00 PM,33.0°C,36.9°C,22.0°C,52%,1006hPa,10.0km,West,7.2km/h/2.0m/s,-,N/A,,Scattered Clouds
1997-7-25 6:00 PM,33.0°C,36.9°C,22.0°C,52%,1006hPa,10.0km,West,3.6km/h/1.0m/s,-,N/A,,Mostly Cloudy
1997-7-25 7:00 PM,32.0°C,36.8°C,23.0°C,59%,1006hPa,10.0km,East,10.8km/h/3.0m/s,-,N/A,,Mostly Cloudy
1997-7-25 8:00 PM,31.0°C,35.4°C,23.0°C,62%,1006hPa,10.0km,East,14.4km/h/4.0m/s,-,N/A,,Mostly Cloudy
1997-7-25 9:00 PM,29.0°C,33.5°C,24.0°C,74%,1008hPa,10.0km,East,18.0km/h/5.0m/s,-,N/A,,Mostly Cloudy
1997-7-25 10:00 PM,29.0°C,33.5°C,24.0°C,74%,1009hPa,10.0km,East,21.6km/h/6.0m/s,-,N/A,,Mostly Cloudy
1997-7-25 11:00 PM,28.0°C,31.9°C,24.0°C,79%,1009hPa,10.0km,East,18.0km/h/5.0m/s,-,N/A,,Mostly Cloudy
