Time (CST),Temp.,Windchill,Dew Point,Humidity,Pressure,Visibility,Wind Dir,Wind Speed,Gust Speed,Precip,Events,Conditions
1997-11-10 12:00 AM,1.0°C,-,1.0°C,100%,1025hPa,0.8km,Calm,Calm,-,N/A,Fog,Fog
1997-11-10 1:00 AM,1.0°C,-,0.0°C,93%,1025hPa,0.8km,SE,3.6km/h/1.0m/s,-,N/A,Fog,Fog
1997-11-10 3:00 AM,0.0°C,-,0.0°C,100%,1024hPa,0.7km,Calm,Calm,-,N/A,Fog,Fog
1997-11-10 4:00 AM,1.0°C,-,0.0°C,93%,1024hPa,0.7km,Calm,Calm,-,N/A,Fog,Fog
1997-11-10 5:00 AM,1.0°C,-,1.0°C,100%,1024hPa,0.6km,Calm,Calm,-,N/A,Fog,Fog
1997-11-10 6:00 AM,1.0°C,-,1.0°C,100%,1024hPa,0.6km,Calm,Calm,-,N/A,Fog,Fog
1997-11-10 7:00 AM,2.0°C,-,2.0°C,100%,1024hPa,0.7km,Calm,Calm,-,N/A,Fog,Fog
1997-11-10 8:00 AM,4.0°C,-,4.0°C,100%,1024hPa,0.6km,Calm,Calm,-,N/A,Fog,Fog
1997-11-10 9:00 AM,5.0°C,-,5.0°C,100%,1024hPa,0.6km,Calm,Calm,-,N/A,Fog,Fog
1997-11-10 10:00 AM,6.0°C,-,6.0°C,100%,1024hPa,0.6km,Calm,Calm,-,N/A,Fog,Fog
1997-11-10 11:00 AM,8.0°C,-,7.0°C,93%,1024hPa,0.6km,NNW,3.6km/h/1.0m/s,-,N/A,"Fog
	,
Rain",Fog
1997-11-10 12:00 PM,9.0°C,-,7.0°C,87%,1023hPa,0.9km,NNW,7.2km/h/2.0m/s,-,N/A,Fog,Fog
1997-11-10 1:00 PM,10.0°C,-,7.0°C,82%,-,1.2km,North,3.6km/h/1.0m/s,-,N/A,,Mostly Cloudy
1997-11-10 2:00 PM,12.0°C,-,6.0°C,67%,1021hPa,2.7km,East,3.6km/h/1.0m/s,-,N/A,,Mostly Cloudy
1997-11-10 3:00 PM,12.0°C,-,5.0°C,62%,1020hPa,2.0km,Calm,Calm,-,N/A,,Mostly Cloudy
1997-11-10 4:00 PM,11.0°C,-,7.0°C,76%,1020hPa,2.0km,NNW,7.2km/h/2.0m/s,-,N/A,,Mostly Cloudy
1997-11-10 5:00 PM,10.0°C,-,7.0°C,82%,1020hPa,1.7km,NE,3.6km/h/1.0m/s,-,N/A,,Overcast
1997-11-10 6:00 PM,10.0°C,-,6.0°C,76%,1021hPa,1.7km,Calm,Calm,-,N/A,,Overcast
1997-11-10 7:00 PM,10.0°C,-,6.0°C,76%,1021hPa,2.0km,East,7.2km/h/2.0m/s,-,N/A,,Overcast
1997-11-10 8:00 PM,8.0°C,-,5.0°C,81%,1021hPa,2.0km,NE,3.6km/h/1.0m/s,-,N/A,,Overcast
1997-11-10 9:00 PM,8.0°C,6.9°C,5.0°C,81%,1022hPa,1.1km,NNW,7.2km/h/2.0m/s,-,N/A,,Overcast
1997-11-10 10:00 PM,8.0°C,-,5.0°C,81%,1022hPa,1.1km,Calm,Calm,-,N/A,,Overcast
1997-11-10 11:00 PM,8.0°C,-,6.0°C,87%,1022hPa,1.2km,Calm,Calm,-,N/A,,Overcast
