Time (CST),Temp.,Windchill,Dew Point,Humidity,Pressure,Visibility,Wind Dir,Wind Speed,Gust Speed,Precip,Events,Conditions
1997-12-7 12:00 AM,0.0°C,-,-2.0°C,87%,1027hPa,0.7km,Calm,Calm,-,N/A,Fog,Light Freezing Fog
1997-12-7 3:00 AM,1.0°C,-4.2°C,-4.0°C,70%,1027hPa,3.0km,NNW,21.6km/h/6.0m/s,-,N/A,,Smoke
1997-12-7 4:00 AM,1.0°C,-4.2°C,-7.0°C,56%,1027hPa,5.0km,NNW,21.6km/h/6.0m/s,-,N/A,,Sand
1997-12-7 5:00 AM,1.0°C,-4.2°C,-8.0°C,52%,1028hPa,-,NW,21.6km/h/6.0m/s,-,N/A,,Clear
1997-12-7 6:00 AM,0.0°C,-5.4°C,-9.0°C,51%,1028hPa,-,WNW,21.6km/h/6.0m/s,-,N/A,,Clear
1997-12-7 7:00 AM,-1.0°C,-6.2°C,-9.0°C,55%,1029hPa,10.0km,NW,18.0km/h/5.0m/s,-,N/A,,Overcast
1997-12-7 8:00 AM,-1.0°C,-6.7°C,-10.0°C,51%,1030hPa,10.0km,WNW,21.6km/h/6.0m/s,-,N/A,,Overcast
1997-12-7 9:00 AM,-2.0°C,-7.4°C,-12.0°C,47%,1031hPa,-,WNW,18.0km/h/5.0m/s,-,N/A,,Clear
1997-12-7 10:00 AM,0.0°C,-6.3°C,-13.0°C,38%,1032hPa,-,NW,28.8km/h/8.0m/s,-,N/A,,Clear
1997-12-7 11:00 AM,0.0°C,-6.3°C,-14.0°C,35%,1031hPa,-,NNW,28.8km/h/8.0m/s,-,N/A,,Clear
1997-12-7 12:00 PM,0.0°C,-5.9°C,-14.0°C,35%,1031hPa,-,NW,25.2km/h/7.0m/s,-,N/A,,Clear
1997-12-7 1:00 PM,0.0°C,-6.3°C,-15.0°C,32%,1031hPa,-,NW,28.8km/h/8.0m/s,-,N/A,,Clear
1997-12-7 2:00 PM,0.0°C,-6.3°C,-15.0°C,32%,1030hPa,-,WNW,28.8km/h/8.0m/s,-,N/A,,Clear
1997-12-7 3:00 PM,-1.0°C,-7.6°C,-14.0°C,37%,1030hPa,-,WNW,28.8km/h/8.0m/s,-,N/A,,Clear
1997-12-7 4:00 PM,-2.0°C,-8.9°C,-16.0°C,34%,1031hPa,-,NW,28.8km/h/8.0m/s,-,N/A,,Clear
1997-12-7 5:00 PM,-3.0°C,-9.3°C,-16.0°C,37%,1032hPa,10.0km,NW,21.6km/h/6.0m/s,-,N/A,,Clear
1997-12-7 6:00 PM,-4.0°C,-9.9°C,-16.0°C,40%,1032hPa,10.0km,NW,18.0km/h/5.0m/s,-,N/A,,Clear
1997-12-7 7:00 PM,-5.0°C,-11.2°C,-16.0°C,43%,1033hPa,10.0km,NW,18.0km/h/5.0m/s,-,N/A,,Clear
1997-12-7 8:00 PM,-5.0°C,-11.2°C,-15.0°C,46%,1033hPa,10.0km,NW,18.0km/h/5.0m/s,-,N/A,,Clear
1997-12-7 9:00 PM,-5.0°C,-10.4°C,-15.0°C,46%,1033hPa,10.0km,NNW,14.4km/h/4.0m/s,-,N/A,,Clear
1997-12-7 10:00 PM,-6.0°C,-11.6°C,-16.0°C,46%,1033hPa,10.0km,WNW,14.4km/h/4.0m/s,-,N/A,,Clear
1997-12-7 11:00 PM,-7.0°C,-11.9°C,-16.0°C,49%,1033hPa,10.0km,West,10.8km/h/3.0m/s,-,N/A,,Clear
