Time (CST),Temp.,Windchill,Dew Point,Humidity,Pressure,Visibility,Wind Dir,Wind Speed,Gust Speed,Precip,Events,Conditions
1997-10-10 12:00 AM,8.0°C,-,1.0°C,62%,1017hPa,10.0km,East,3.6km/h/1.0m/s,-,N/A,,Clear
1997-10-10 1:00 AM,7.0°C,5.7°C,1.0°C,66%,1018hPa,10.0km,East,7.2km/h/2.0m/s,-,N/A,,Clear
1997-10-10 4:00 AM,5.0°C,3.4°C,1.0°C,76%,1018hPa,10.0km,North,7.2km/h/2.0m/s,-,N/A,,Clear
1997-10-10 5:00 AM,3.0°C,-,0.0°C,81%,1018hPa,10.0km,SE,3.6km/h/1.0m/s,-,N/A,,Clear
1997-10-10 6:00 AM,6.0°C,-,2.0°C,76%,1018hPa,10.0km,East,3.6km/h/1.0m/s,-,N/A,,Clear
1997-10-10 7:00 AM,4.0°C,2.2°C,2.0°C,87%,1019hPa,10.0km,East,7.2km/h/2.0m/s,-,N/A,,Clear
1997-10-10 8:00 AM,8.0°C,6.9°C,4.0°C,76%,1020hPa,7.0km,SE,7.2km/h/2.0m/s,-,N/A,,Clear
1997-10-10 9:00 AM,13.0°C,-,4.0°C,54%,1020hPa,2.6km,ESE,3.6km/h/1.0m/s,-,N/A,,Clear
1997-10-10 10:00 AM,15.0°C,-,4.0°C,48%,1020hPa,5.0km,SW,3.6km/h/1.0m/s,-,N/A,,Smoke
1997-10-10 11:00 AM,18.0°C,-,2.0°C,34%,1020hPa,6.0km,North,7.2km/h/2.0m/s,-,N/A,,Clear
1997-10-10 12:00 PM,22.0°C,-,0.0°C,23%,1019hPa,8.0km,SSW,7.2km/h/2.0m/s,-,N/A,,Clear
1997-10-10 1:00 PM,24.0°C,-,1.0°C,22%,1017hPa,10.0km,SW,7.2km/h/2.0m/s,-,N/A,,Clear
1997-10-10 2:00 PM,24.0°C,-,-2.0°C,18%,1016hPa,10.0km,SSE,10.8km/h/3.0m/s,-,N/A,,Clear
1997-10-10 3:00 PM,25.0°C,-,-1.0°C,18%,1016hPa,10.0km,ESE,7.2km/h/2.0m/s,-,N/A,,Clear
1997-10-10 4:00 PM,24.0°C,-,-1.0°C,19%,1015hPa,10.0km,SSE,10.8km/h/3.0m/s,-,N/A,,Clear
1997-10-10 5:00 PM,23.0°C,-,-2.0°C,19%,1015hPa,10.0km,ESE,7.2km/h/2.0m/s,-,N/A,,Clear
1997-10-10 6:00 PM,19.0°C,-,2.0°C,32%,1016hPa,-,NNE,7.2km/h/2.0m/s,-,N/A,,Clear
1997-10-10 7:00 PM,15.0°C,-,0.0°C,36%,1016hPa,10.0km,NW,7.2km/h/2.0m/s,-,N/A,,Clear
1997-10-10 8:00 PM,13.0°C,-,1.0°C,44%,1017hPa,10.0km,NW,7.2km/h/2.0m/s,-,N/A,,Clear
1997-10-10 10:00 PM,9.0°C,-,1.0°C,58%,1018hPa,10.0km,SE,7.2km/h/2.0m/s,-,N/A,,Clear
1997-10-10 11:00 PM,9.0°C,-,-1.0°C,50%,1019hPa,10.0km,East,7.2km/h/2.0m/s,-,N/A,,Clear
