Time (CST),Temp.,Windchill,Dew Point,Humidity,Pressure,Visibility,Wind Dir,Wind Speed,Gust Speed,Precip,Events,Conditions
1997-1-25 7:00 AM,-13.0°C,-,-20.0°C,57%,1020hPa,10.0km,Calm,Calm,-,N/A,,Clear
1997-1-25 11:00 AM,-4.0°C,-,-20.0°C,28%,1021hPa,-,Calm,Calm,-,N/A,,Clear
1997-1-25 12:00 PM,-2.0°C,-,-18.0°C,29%,1020hPa,6.0km,Calm,Calm,-,N/A,,Clear
1997-1-25 1:00 PM,0.0°C,-4.9°C,-18.0°C,25%,1019hPa,8.0km,SW,18.0km/h/5.0m/s,-,N/A,,Clear
1997-1-25 2:00 PM,1.0°C,-3.0°C,-21.0°C,18%,1018hPa,10.0km,SSW,14.4km/h/4.0m/s,-,N/A,,Clear
1997-1-25 3:00 PM,3.0°C,-0.6°C,-20.0°C,17%,1017hPa,10.0km,SSW,14.4km/h/4.0m/s,-,N/A,,Clear
1997-1-25 4:00 PM,3.0°C,1.0°C,-21.0°C,16%,1017hPa,10.0km,SW,7.2km/h/2.0m/s,-,N/A,,Clear
1997-1-25 6:00 PM,2.0°C,-0.1°C,-20.0°C,18%,1018hPa,10.0km,SSW,7.2km/h/2.0m/s,-,N/A,,Clear
1997-1-25 7:00 PM,-2.0°C,-,-23.0°C,19%,1018hPa,8.0km,Calm,Calm,-,N/A,,Clear
1997-1-25 9:00 PM,-7.0°C,-,-22.0°C,30%,1020hPa,8.0km,Calm,Calm,-,N/A,,Clear
1997-1-25 10:00 PM,-5.0°C,-,-22.0°C,26%,1020hPa,8.0km,Calm,Calm,-,N/A,,Clear
1997-1-25 11:00 PM,-6.0°C,-,-22.0°C,28%,1021hPa,8.0km,Calm,Calm,-,N/A,,Clear
