Time (CST),Temp.,Windchill,Dew Point,Humidity,Pressure,Visibility,Wind Dir,Wind Speed,Gust Speed,Precip,Events,Conditions
1998-1-30 12:00 AM,-9.0°C,-,-16.0°C,58%,1023hPa,6.0km,East,3.6km/h/1.0m/s,-,N/A,,Clear
1998-1-30 2:00 AM,-10.0°C,-,-16.0°C,62%,1023hPa,6.0km,East,3.6km/h/1.0m/s,-,N/A,,Clear
1998-1-30 3:00 AM,-11.0°C,-,-17.0°C,62%,1023hPa,6.0km,Calm,Calm,-,N/A,,Clear
1998-1-30 4:00 AM,-12.0°C,-,-16.0°C,73%,1023hPa,6.0km,SSE,3.6km/h/1.0m/s,-,N/A,,Clear
1998-1-30 5:00 AM,-12.0°C,-,-17.0°C,67%,1023hPa,6.0km,NE,3.6km/h/1.0m/s,-,N/A,,Clear
1998-1-30 6:00 AM,-12.0°C,-,-17.0°C,67%,1024hPa,5.0km,Calm,Calm,-,N/A,,Smoke
1998-1-30 7:00 AM,-12.0°C,-,-17.0°C,67%,1025hPa,5.0km,Calm,Calm,-,N/A,,Smoke
1998-1-30 8:00 AM,-14.0°C,-,-18.0°C,72%,1025hPa,4.0km,ESE,3.6km/h/1.0m/s,-,N/A,,Smoke
1998-1-30 9:00 AM,-9.0°C,-12.9°C,-14.0°C,68%,1026hPa,2.5km,NE,7.2km/h/2.0m/s,-,N/A,,Smoke
1998-1-30 10:00 AM,-1.0°C,-4.7°C,-13.0°C,40%,1026hPa,2.2km,North,10.8km/h/3.0m/s,-,N/A,,Smoke
1998-1-30 12:00 PM,5.0°C,1.9°C,-14.0°C,24%,1025hPa,10.0km,ENE,14.4km/h/4.0m/s,-,N/A,,Clear
1998-1-30 1:00 PM,6.0°C,3.1°C,-15.0°C,21%,1024hPa,10.0km,ENE,14.4km/h/4.0m/s,-,N/A,,Clear
1998-1-30 2:00 PM,7.0°C,4.3°C,-16.0°C,18%,1023hPa,10.0km,ENE,14.4km/h/4.0m/s,-,N/A,,Clear
1998-1-30 3:00 PM,8.0°C,5.1°C,-15.0°C,18%,1023hPa,10.0km,East,18.0km/h/5.0m/s,-,N/A,,Clear
1998-1-30 4:00 PM,7.0°C,3.8°C,-16.0°C,18%,1023hPa,10.0km,East,18.0km/h/5.0m/s,-,N/A,,Clear
1998-1-30 5:00 PM,5.0°C,0.9°C,-15.0°C,23%,1024hPa,10.0km,East,21.6km/h/6.0m/s,-,N/A,,Clear
1998-1-30 6:00 PM,3.0°C,-1.2°C,-14.0°C,28%,1025hPa,-,East,18.0km/h/5.0m/s,-,N/A,,Clear
1998-1-30 7:00 PM,1.0°C,-4.6°C,-12.0°C,38%,1026hPa,10.0km,East,25.2km/h/7.0m/s,-,N/A,,Clear
1998-1-30 8:00 PM,0.0°C,-5.4°C,-13.0°C,38%,1026hPa,10.0km,ENE,21.6km/h/6.0m/s,-,N/A,,Clear
1998-1-30 9:00 PM,0.0°C,-5.4°C,-14.0°C,35%,1027hPa,10.0km,ENE,21.6km/h/6.0m/s,-,N/A,,Clear
1998-1-30 10:00 PM,0.0°C,-4.9°C,-14.0°C,35%,1028hPa,10.0km,NE,18.0km/h/5.0m/s,-,N/A,,Clear
1998-1-30 11:00 PM,-1.0°C,-6.2°C,-15.0°C,34%,1028hPa,10.0km,NE,18.0km/h/5.0m/s,-,N/A,,Clear
