Time (CST),Temp.,Windchill,Dew Point,Humidity,Pressure,Visibility,Wind Dir,Wind Speed,Gust Speed,Precip,Events,Conditions
1998-10-27 12:00 AM,32.0°F,-,28.4°F,87%,30.27in,6.2mi,ESE,2.2mph,-,N/A,,Clear
1998-10-27 1:00 AM,33.8°F,-,30.2°F,87%,30.27in,6.2mi,Calm,Calm,-,N/A,,Clear
1998-10-27 2:00 AM,33.8°F,-,30.2°F,87%,30.24in,6.2mi,East,2.2mph,-,N/A,,Clear
1998-10-27 3:00 AM,32.0°F,-,30.2°F,93%,30.27in,6.2mi,Calm,Calm,-,N/A,,Clear
1998-10-27 4:00 AM,32.0°F,-,30.2°F,93%,30.24in,6.2mi,Calm,Calm,-,N/A,,Clear
1998-10-27 5:00 AM,28.4°F,-,28.4°F,100%,30.24in,6.2mi,ESE,2.2mph,-,N/A,,Clear
1998-10-27 6:00 AM,28.4°F,-,28.4°F,100%,30.24in,6.2mi,ESE,2.2mph,-,N/A,,Clear
1998-10-27 7:00 AM,28.4°F,-,28.4°F,100%,30.24in,-,Calm,Calm,-,N/A,,Clear
1998-10-27 8:00 AM,32.0°F,-,30.2°F,93%,30.27in,-,Calm,Calm,-,N/A,,Clear
1998-10-27 10:00 AM,39.2°F,-,32.0°F,75%,30.27in,-,East,2.2mph,-,N/A,,Clear
1998-10-27 11:00 AM,42.8°F,38.7°F,33.8°F,70%,30.24in,-,SE,6.7mph,-,N/A,,Clear
1998-10-27 12:00 PM,44.6°F,42.3°F,33.8°F,66%,30.24in,-,SSW,4.5mph,-,N/A,,Clear
1998-10-27 1:00 PM,48.2°F,-,33.8°F,58%,30.18in,-,South,2.2mph,-,N/A,,Clear
1998-10-27 2:00 PM,50.0°F,-,33.8°F,54%,30.15in,-,SE,4.5mph,-,N/A,,Clear
1998-10-27 3:00 PM,51.8°F,-,33.8°F,50%,30.12in,-,SSE,4.5mph,-,N/A,,Clear
1998-10-27 4:00 PM,51.8°F,-,33.8°F,50%,30.12in,-,South,2.2mph,-,N/A,,Clear
1998-10-27 5:00 PM,50.0°F,-,35.6°F,58%,30.12in,-,SE,2.2mph,-,N/A,,Clear
1998-10-27 6:00 PM,48.2°F,-,39.2°F,71%,30.12in,-,Calm,Calm,-,N/A,,Clear
1998-10-27 7:00 PM,46.4°F,-,39.2°F,76%,30.12in,-,SE,2.2mph,-,N/A,,Clear
1998-10-27 8:00 PM,44.6°F,-,39.2°F,81%,30.15in,-,ESE,2.2mph,-,N/A,,Clear
1998-10-27 9:00 PM,44.6°F,-,39.2°F,81%,30.15in,-,ESE,2.2mph,-,N/A,,Clear
1998-10-27 10:00 PM,42.8°F,-,39.2°F,87%,30.15in,-,ESE,2.2mph,-,N/A,,Clear
1998-10-27 11:00 PM,42.8°F,-,37.4°F,81%,30.15in,-,ESE,2.2mph,-,N/A,,Clear
