Time (CST),Temp.,Windchill,Dew Point,Humidity,Pressure,Visibility,Wind Dir,Wind Speed,Gust Speed,Precip,Events,Conditions
1997-11-19 12:00 AM,-1.0°C,-,-8.0°C,60%,1019hPa,-,East,3.6km/h/1.0m/s,-,N/A,,Clear
1997-11-19 2:00 AM,-1.0°C,-3.6°C,-9.0°C,55%,1019hPa,-,SSW,7.2km/h/2.0m/s,-,N/A,,Clear
1997-11-19 5:00 AM,-5.0°C,-8.3°C,-9.0°C,74%,1019hPa,-,ESE,7.2km/h/2.0m/s,-,N/A,,Clear
1997-11-19 6:00 AM,-5.0°C,-8.3°C,-9.0°C,74%,1019hPa,7.0km,ENE,7.2km/h/2.0m/s,-,N/A,,Scattered Clouds
1997-11-19 7:00 AM,-6.0°C,-9.4°C,-9.0°C,80%,1020hPa,7.0km,ENE,7.2km/h/2.0m/s,-,N/A,,Partly Cloudy
1997-11-19 8:00 AM,-5.0°C,-,-9.0°C,74%,1020hPa,5.0km,ESE,3.6km/h/1.0m/s,-,N/A,,Smoke
1997-11-19 9:00 AM,-2.0°C,-,-7.0°C,69%,1021hPa,2.6km,ESE,3.6km/h/1.0m/s,-,N/A,,Clear
1997-11-19 10:00 AM,0.0°C,-2.5°C,-7.0°C,60%,1021hPa,2.0km,SE,7.2km/h/2.0m/s,-,N/A,,Smoke
1997-11-19 11:00 AM,3.0°C,-,-7.0°C,48%,1021hPa,2.3km,SSE,3.6km/h/1.0m/s,-,N/A,,Smoke
1997-11-19 12:00 PM,5.0°C,3.4°C,-8.0°C,39%,1021hPa,6.0km,SSW,7.2km/h/2.0m/s,-,N/A,,Clear
1997-11-19 1:00 PM,7.0°C,-,-9.0°C,31%,1019hPa,8.0km,SSW,3.6km/h/1.0m/s,-,N/A,,Clear
1997-11-19 2:00 PM,8.0°C,6.9°C,-9.0°C,29%,1019hPa,8.0km,SSE,7.2km/h/2.0m/s,-,N/A,,Clear
1997-11-19 3:00 PM,8.0°C,6.9°C,-9.0°C,29%,1019hPa,10.0km,South,7.2km/h/2.0m/s,-,N/A,,Clear
1997-11-19 4:00 PM,8.0°C,6.9°C,-11.0°C,25%,1019hPa,10.0km,SSW,7.2km/h/2.0m/s,-,N/A,,Clear
1997-11-19 5:00 PM,6.0°C,-,-10.0°C,31%,1019hPa,10.0km,Calm,Calm,-,N/A,,Clear
1997-11-19 6:00 PM,3.0°C,-,-9.0°C,41%,1020hPa,10.0km,NE,3.6km/h/1.0m/s,-,N/A,,Clear
1997-11-19 7:00 PM,0.0°C,-,-9.0°C,51%,1020hPa,10.0km,East,3.6km/h/1.0m/s,-,N/A,,Clear
1997-11-19 8:00 PM,-3.0°C,-,-8.0°C,69%,1020hPa,10.0km,SE,3.6km/h/1.0m/s,-,N/A,,Clear
1997-11-19 9:00 PM,-3.0°C,-,-8.0°C,69%,1021hPa,10.0km,ESE,3.6km/h/1.0m/s,-,N/A,,Clear
1997-11-19 10:00 PM,-2.0°C,-,-9.0°C,59%,1021hPa,10.0km,Calm,Calm,-,N/A,,Clear
1997-11-19 11:00 PM,-4.0°C,-,-9.0°C,69%,1021hPa,10.0km,SSE,3.6km/h/1.0m/s,-,N/A,,Clear
