Time (CST),Temp.,Windchill,Dew Point,Humidity,Pressure,Visibility,Wind Dir,Wind Speed,Gust Speed,Precip,Events,Conditions
1998-10-26 12:00 AM,46.4°F,42.0°F,33.8°F,62%,30.24in,6.2mi,West,8.9mph,-,N/A,,Mostly Cloudy
1998-10-26 1:00 AM,44.6°F,40.8°F,33.8°F,66%,30.24in,6.2mi,West,6.7mph,-,N/A,,Mostly Cloudy
1998-10-26 2:00 AM,44.6°F,40.8°F,32.0°F,61%,30.24in,6.2mi,WNW,6.7mph,-,N/A,,Mostly Cloudy
1998-10-26 3:00 AM,39.2°F,-,33.8°F,81%,30.24in,6.2mi,Calm,Calm,-,N/A,,Mostly Cloudy
1998-10-26 4:00 AM,39.2°F,-,30.2°F,70%,30.24in,6.2mi,Calm,Calm,-,N/A,,Mostly Cloudy
1998-10-26 5:00 AM,41.0°F,38.1°F,28.4°F,61%,30.24in,6.2mi,WNW,4.5mph,-,N/A,,Mostly Cloudy
1998-10-26 6:00 AM,37.4°F,-,30.2°F,75%,30.24in,6.2mi,Calm,Calm,-,N/A,,Clear
1998-10-26 7:00 AM,32.0°F,-,30.2°F,93%,30.27in,-,ESE,2.2mph,-,N/A,,Clear
1998-10-26 9:00 AM,44.6°F,-,32.0°F,61%,30.30in,6.2mi,Calm,Calm,-,N/A,,Clear
1998-10-26 10:00 AM,46.4°F,44.4°F,30.2°F,53%,30.30in,6.2mi,North,4.5mph,-,N/A,,Clear
1998-10-26 11:00 AM,48.2°F,-,28.4°F,46%,30.30in,6.2mi,Calm,Calm,-,N/A,,Partly Cloudy
1998-10-26 12:00 PM,50.0°F,-,26.6°F,40%,3.10in,6.2mi,SSW,2.2mph,-,N/A,,Partly Cloudy
1998-10-26 1:00 PM,51.8°F,-,26.6°F,38%,30.24in,6.2mi,Calm,Calm,-,N/A,,Partly Cloudy
1998-10-26 2:00 PM,51.8°F,-,26.6°F,38%,30.21in,6.2mi,Calm,Calm,-,N/A,,Partly Cloudy
1998-10-26 3:00 PM,51.8°F,-,26.6°F,38%,30.21in,6.2mi,WNW,2.2mph,-,N/A,,Partly Cloudy
1998-10-26 4:00 PM,53.6°F,-,28.4°F,38%,30.21in,6.2mi,NNW,4.5mph,-,N/A,,Clear
1998-10-26 5:00 PM,51.8°F,-,28.4°F,41%,30.21in,6.2mi,NNE,6.7mph,-,N/A,,Clear
1998-10-26 6:00 PM,48.2°F,-,30.2°F,50%,30.21in,6.2mi,NNE,2.2mph,-,N/A,,Clear
1998-10-26 7:00 PM,42.8°F,-,32.0°F,66%,30.24in,6.2mi,NW,2.2mph,-,N/A,,Clear
1998-10-26 8:00 PM,41.0°F,-,30.2°F,65%,30.24in,6.2mi,West,2.2mph,-,N/A,,Clear
1998-10-26 9:00 PM,39.2°F,-,32.0°F,75%,30.24in,6.2mi,Calm,Calm,-,N/A,,Clear
1998-10-26 10:00 PM,37.4°F,-,33.8°F,87%,30.27in,6.2mi,ENE,2.2mph,-,N/A,,Clear
1998-10-26 11:00 PM,35.6°F,-,32.0°F,87%,30.27in,6.2mi,Calm,Calm,-,N/A,,Clear
