Time (CST),Temp.,Heat Index,Dew Point,Humidity,Pressure,Visibility,Wind Dir,Wind Speed,Gust Speed,Precip,Events,Conditions
1997-7-23 12:00 AM,26.0°C,-,23.0°C,83%,1012hPa,6.0km,East,10.8km/h/3.0m/s,-,N/A,,Clear
1997-7-23 1:00 AM,26.0°C,-,24.0°C,89%,1012hPa,6.0km,East,10.8km/h/3.0m/s,-,N/A,,Clear
1997-7-23 2:00 AM,25.0°C,-,24.0°C,94%,1012hPa,6.0km,East,7.2km/h/2.0m/s,-,N/A,,Clear
1997-7-23 4:00 AM,23.0°C,-,23.0°C,100%,1011hPa,6.0km,SE,7.2km/h/2.0m/s,-,N/A,,Clear
1997-7-23 5:00 AM,22.0°C,-,22.0°C,100%,1012hPa,8.0km,ESE,7.2km/h/2.0m/s,-,N/A,,Partly Cloudy
1997-7-23 6:00 AM,22.0°C,-,22.0°C,100%,1012hPa,-,ESE,7.2km/h/2.0m/s,-,N/A,,Clear
1997-7-23 7:00 AM,24.0°C,-,23.0°C,94%,1012hPa,-,ESE,14.4km/h/4.0m/s,-,N/A,,Clear
1997-7-23 8:00 AM,26.0°C,-,23.0°C,83%,1013hPa,-,East,18.0km/h/5.0m/s,-,N/A,,Clear
1997-7-23 9:00 AM,26.0°C,-,22.0°C,78%,1013hPa,-,ESE,14.4km/h/4.0m/s,-,N/A,,Clear
1997-7-23 10:00 AM,28.0°C,30.7°C,22.0°C,70%,1013hPa,-,SSW,7.2km/h/2.0m/s,-,N/A,,Clear
1997-7-23 11:00 AM,29.0°C,32.7°C,23.0°C,70%,1013hPa,-,South,10.8km/h/3.0m/s,-,N/A,,Clear
1997-7-23 1:00 PM,32.0°C,36.8°C,23.0°C,59%,1012hPa,10.0km,South,14.4km/h/4.0m/s,-,N/A,,Partly Cloudy
1997-7-23 2:00 PM,32.0°C,34.9°C,21.0°C,52%,1011hPa,10.0km,South,14.4km/h/4.0m/s,-,N/A,,Partly Cloudy
1997-7-23 3:00 PM,33.0°C,37.8°C,23.0°C,55%,1010hPa,10.0km,SSW,10.8km/h/3.0m/s,-,N/A,,Partly Cloudy
1997-7-23 4:00 PM,33.0°C,36.0°C,21.0°C,49%,1010hPa,10.0km,SW,7.2km/h/2.0m/s,-,N/A,,Partly Cloudy
1997-7-23 5:00 PM,33.0°C,36.9°C,22.0°C,52%,1010hPa,10.0km,SW,7.2km/h/2.0m/s,-,N/A,,Partly Cloudy
1997-7-23 6:00 PM,32.0°C,34.1°C,20.0°C,49%,-,10.0km,SSE,18.0km/h/5.0m/s,-,N/A,Thunderstorm,Light Thunderstorm
1997-7-23 7:00 PM,29.0°C,33.5°C,24.0°C,74%,1011hPa,10.0km,East,18.0km/h/5.0m/s,-,N/A,,Mostly Cloudy
1997-7-23 8:00 PM,28.0°C,31.9°C,24.0°C,79%,1011hPa,10.0km,East,14.4km/h/4.0m/s,-,N/A,,Mostly Cloudy
1997-7-23 9:00 PM,27.0°C,29.6°C,23.0°C,79%,1012hPa,-,East,14.4km/h/4.0m/s,-,N/A,,Clear
1997-7-23 10:00 PM,27.0°C,30.1°C,24.0°C,84%,1012hPa,10.0km,SE,10.8km/h/3.0m/s,-,N/A,,Mostly Cloudy
1997-7-23 11:00 PM,27.0°C,29.6°C,23.0°C,79%,1012hPa,10.0km,East,18.0km/h/5.0m/s,-,N/A,,Mostly Cloudy
