Time (CST),Temp.,Windchill,Dew Point,Humidity,Pressure,Visibility,Wind Dir,Wind Speed,Gust Speed,Precip,Events,Conditions
1997-2-13 12:00 AM,-3.0°C,-,-13.0°C,47%,1026hPa,10.0km,Calm,Calm,-,N/A,,Clear
1997-2-13 1:00 AM,-4.0°C,-7.1°C,-13.0°C,50%,1027hPa,10.0km,East,7.2km/h/2.0m/s,-,N/A,,Clear
1997-2-13 2:00 AM,-5.0°C,-,-14.0°C,50%,1027hPa,10.0km,Calm,Calm,-,N/A,,Clear
1997-2-13 3:00 AM,-6.0°C,-,-14.0°C,54%,1027hPa,10.0km,Calm,Calm,-,N/A,,Clear
1997-2-13 4:00 AM,-7.0°C,-,-15.0°C,54%,1026hPa,10.0km,Calm,Calm,-,N/A,,Clear
1997-2-13 5:00 AM,-8.0°C,-,-14.0°C,63%,1026hPa,10.0km,Calm,Calm,-,N/A,,Clear
1997-2-13 6:00 AM,-9.0°C,-,-16.0°C,58%,1026hPa,10.0km,Calm,Calm,-,N/A,,Clear
1997-2-13 7:00 AM,-10.0°C,-,-18.0°C,53%,1027hPa,10.0km,Calm,Calm,-,N/A,,Clear
1997-2-13 8:00 AM,-9.0°C,-,-20.0°C,41%,1027hPa,10.0km,Calm,Calm,-,N/A,,Clear
1997-2-13 9:00 AM,-9.0°C,-,-21.0°C,38%,1028hPa,10.0km,Calm,Calm,-,N/A,,Clear
1997-2-13 10:00 AM,-2.0°C,-4.8°C,-28.0°C,12%,1027hPa,10.0km,South,7.2km/h/2.0m/s,-,N/A,,Clear
1997-2-13 11:00 AM,0.0°C,-3.5°C,-17.0°C,27%,1027hPa,10.0km,WSW,10.8km/h/3.0m/s,-,N/A,,Clear
1997-2-13 12:00 PM,3.0°C,0.1°C,-17.0°C,22%,1027hPa,10.0km,NW,10.8km/h/3.0m/s,-,N/A,,Clear
1997-2-13 1:00 PM,4.0°C,-,-11.0°C,33%,1025hPa,10.0km,Calm,Calm,-,N/A,,Clear
1997-2-13 2:00 PM,5.0°C,3.4°C,-18.0°C,18%,1024hPa,10.0km,SSW,7.2km/h/2.0m/s,-,N/A,,Clear
1997-2-13 3:00 PM,6.0°C,3.7°C,-18.0°C,16%,1022hPa,10.0km,SW,10.8km/h/3.0m/s,-,N/A,,Clear
1997-2-13 4:00 PM,7.0°C,3.8°C,-21.0°C,12%,1022hPa,10.0km,SW,18.0km/h/5.0m/s,-,N/A,,Clear
1997-2-13 5:00 PM,7.0°C,4.9°C,-16.0°C,18%,1021hPa,10.0km,South,10.8km/h/3.0m/s,-,N/A,,Clear
1997-2-13 6:00 PM,5.0°C,3.4°C,-11.0°C,31%,1022hPa,10.0km,South,7.2km/h/2.0m/s,-,N/A,,Clear
1997-2-13 7:00 PM,3.0°C,-,-9.0°C,41%,1022hPa,-,Calm,Calm,-,N/A,,Clear
1997-2-13 8:00 PM,0.0°C,-2.5°C,-21.0°C,20%,1023hPa,-,East,7.2km/h/2.0m/s,-,N/A,,Clear
1997-2-13 9:00 PM,-2.0°C,-4.8°C,-18.0°C,29%,1023hPa,10.0km,East,7.2km/h/2.0m/s,-,N/A,,Clear
1997-2-13 10:00 PM,-3.0°C,-7.1°C,-20.0°C,26%,1023hPa,10.0km,East,10.8km/h/3.0m/s,-,N/A,,Clear
1997-2-13 11:00 PM,-5.0°C,-,-21.0°C,28%,1023hPa,10.0km,Calm,Calm,-,N/A,,Clear
