Time (CST),Temp.,Heat Index,Dew Point,Humidity,Pressure,Visibility,Wind Dir,Wind Speed,Gust Speed,Precip,Events,Conditions
1997-7-14 12:00 AM,26.0°C,-,11.0°C,39%,1008hPa,10.0km,East,7.2km/h/2.0m/s,-,N/A,,Clear
1997-7-14 1:00 AM,23.0°C,-,12.0°C,50%,1008hPa,10.0km,SE,10.8km/h/3.0m/s,-,N/A,,Clear
1997-7-14 2:00 AM,25.0°C,-,12.0°C,44%,1008hPa,10.0km,East,10.8km/h/3.0m/s,-,N/A,,Clear
1997-7-14 3:00 AM,25.0°C,-,12.0°C,44%,1008hPa,-,East,14.4km/h/4.0m/s,-,N/A,,Clear
1997-7-14 4:00 AM,24.0°C,-,13.0°C,50%,1008hPa,-,East,10.8km/h/3.0m/s,-,N/A,,Clear
1997-7-14 5:00 AM,20.0°C,-,14.0°C,68%,1008hPa,10.0km,Calm,Calm,-,N/A,,Clear
1997-7-14 6:00 AM,21.0°C,-,14.0°C,64%,1009hPa,-,SE,3.6km/h/1.0m/s,-,N/A,,Clear
1997-7-14 7:00 AM,19.0°C,-,15.0°C,78%,1009hPa,-,WNW,7.2km/h/2.0m/s,-,N/A,,Clear
1997-7-14 9:00 AM,28.0°C,28.0°C,15.0°C,45%,1009hPa,-,East,7.2km/h/2.0m/s,-,N/A,,Clear
1997-7-14 10:00 AM,28.0°C,27.8°C,14.0°C,42%,1008hPa,-,East,10.8km/h/3.0m/s,-,N/A,,Clear
1997-7-14 11:00 AM,31.0°C,-,9.0°C,25%,1008hPa,-,ENE,14.4km/h/4.0m/s,-,N/A,,Clear
1997-7-14 12:00 PM,32.0°C,-,11.0°C,27%,1006hPa,-,ESE,14.4km/h/4.0m/s,-,N/A,,Clear
1997-7-14 1:00 PM,33.0°C,-,10.0°C,24%,1006hPa,-,East,32.4km/h/9.0m/s,-,N/A,,Clear
1997-7-14 2:00 PM,32.0°C,-,11.0°C,27%,1006hPa,-,East,25.2km/h/7.0m/s,-,N/A,,Clear
1997-7-14 3:00 PM,31.0°C,29.8°C,12.0°C,31%,1005hPa,-,East,14.4km/h/4.0m/s,-,N/A,,Clear
1997-7-14 4:00 PM,32.0°C,-,9.0°C,24%,1004hPa,-,East,21.6km/h/6.0m/s,-,N/A,,Clear
1997-7-14 5:00 PM,32.0°C,-,11.0°C,27%,1004hPa,-,SE,14.4km/h/4.0m/s,-,N/A,,Clear
1997-7-14 6:00 PM,32.0°C,30.7°C,12.0°C,29%,1003hPa,10.0km,ESE,14.4km/h/4.0m/s,-,N/A,,Clear
1997-7-14 7:00 PM,31.0°C,-,10.0°C,27%,1003hPa,10.0km,East,14.4km/h/4.0m/s,-,N/A,,Clear
1997-7-14 8:00 PM,30.0°C,29.0°C,12.0°C,33%,1004hPa,10.0km,East,14.4km/h/4.0m/s,-,N/A,,Clear
1997-7-14 9:00 PM,28.0°C,-,11.0°C,35%,1005hPa,10.0km,East,14.4km/h/4.0m/s,-,N/A,,Clear
1997-7-14 10:00 PM,27.0°C,26.8°C,12.0°C,39%,1006hPa,10.0km,East,10.8km/h/3.0m/s,-,N/A,,Clear
1997-7-14 11:00 PM,24.0°C,-,13.0°C,50%,1006hPa,10.0km,East,7.2km/h/2.0m/s,-,N/A,,Clear
