Time (CST),Temp.,Windchill,Dew Point,Humidity,Pressure,Visibility,Wind Dir,Wind Speed,Gust Speed,Precip,Events,Conditions
1997-2-14 12:00 AM,-5.0°C,-,-21.0°C,28%,1022hPa,10.0km,Calm,Calm,-,N/A,,Clear
1997-2-14 1:00 AM,-5.0°C,-,-21.0°C,28%,1022hPa,10.0km,Calm,Calm,-,N/A,,Clear
1997-2-14 2:00 AM,-5.0°C,-,-20.0°C,31%,1021hPa,10.0km,Calm,Calm,-,N/A,,Clear
1997-2-14 3:00 AM,-5.0°C,-,-20.0°C,31%,1021hPa,10.0km,Calm,Calm,-,N/A,,Clear
1997-2-14 4:00 AM,-5.0°C,-,-18.0°C,36%,1020hPa,10.0km,Calm,Calm,-,N/A,,Clear
1997-2-14 5:00 AM,-5.0°C,-,-18.0°C,36%,1020hPa,10.0km,Calm,Calm,-,N/A,,Clear
1997-2-14 6:00 AM,-6.0°C,-,-19.0°C,36%,1020hPa,10.0km,Calm,Calm,-,N/A,,Clear
1997-2-14 7:00 AM,-6.0°C,-,-17.0°C,42%,1021hPa,-,SE,3.6km/h/1.0m/s,-,N/A,,Clear
1997-2-14 8:00 AM,-8.0°C,-,-18.0°C,45%,1021hPa,-,Calm,Calm,-,N/A,,Clear
1997-2-14 9:00 AM,-6.0°C,-,-19.0°C,36%,1021hPa,10.0km,Calm,Calm,-,N/A,,Clear
1997-2-14 10:00 AM,0.0°C,-,-19.0°C,23%,1020hPa,10.0km,Calm,Calm,-,N/A,,Clear
1997-2-14 11:00 AM,2.0°C,-1.1°C,-21.0°C,17%,1019hPa,10.0km,WSW,10.8km/h/3.0m/s,-,N/A,,Clear
1997-2-14 12:00 PM,5.0°C,1.9°C,-18.0°C,18%,1019hPa,10.0km,South,14.4km/h/4.0m/s,-,N/A,,Clear
1997-2-14 1:00 PM,7.0°C,3.8°C,-17.0°C,17%,1017hPa,10.0km,SW,18.0km/h/5.0m/s,-,N/A,,Clear
1997-2-14 2:00 PM,8.0°C,4.4°C,-12.0°C,23%,1016hPa,-,SW,25.2km/h/7.0m/s,-,N/A,,Clear
1997-2-14 3:00 PM,10.0°C,-,-9.0°C,26%,1015hPa,-,SW,18.0km/h/5.0m/s,-,N/A,,Clear
1997-2-14 4:00 PM,10.0°C,-,-9.0°C,26%,1014hPa,-,SW,21.6km/h/6.0m/s,-,N/A,,Clear
1997-2-14 5:00 PM,9.0°C,-,-9.0°C,27%,1014hPa,-,NW,18.0km/h/5.0m/s,-,N/A,,Clear
1997-2-14 6:00 PM,7.0°C,3.1°C,-17.0°C,17%,1015hPa,-,NW,25.2km/h/7.0m/s,-,N/A,,Clear
1997-2-14 7:00 PM,5.0°C,0.5°C,-23.0°C,12%,1016hPa,-,West,25.2km/h/7.0m/s,-,N/A,,Clear
1997-2-14 8:00 PM,3.0°C,-0.6°C,-17.0°C,22%,1017hPa,10.0km,West,14.4km/h/4.0m/s,-,N/A,,Clear
1997-2-14 9:00 PM,4.0°C,1.3°C,-18.0°C,19%,1018hPa,10.0km,West,10.8km/h/3.0m/s,-,N/A,,Clear
1997-2-14 10:00 PM,2.0°C,-1.1°C,-17.0°C,24%,1018hPa,10.0km,WSW,10.8km/h/3.0m/s,-,N/A,,Clear
