Time (CST),Temp.,Heat Index,Dew Point,Humidity,Pressure,Visibility,Wind Dir,Wind Speed,Gust Speed,Precip,Events,Conditions
1997-8-5 12:00 AM,25.0°C,-,19.0°C,69%,1005hPa,-,East,14.4km/h/4.0m/s,-,N/A,,Clear
1997-8-5 1:00 AM,25.0°C,-,19.0°C,69%,1005hPa,10.0km,East,14.4km/h/4.0m/s,-,N/A,,Overcast
1997-8-5 2:00 AM,24.0°C,-,18.0°C,69%,1005hPa,10.0km,East,10.8km/h/3.0m/s,-,N/A,,Mostly Cloudy
1997-8-5 3:00 AM,24.0°C,-,19.0°C,73%,1005hPa,-,East,7.2km/h/2.0m/s,-,N/A,,Clear
1997-8-5 4:00 AM,23.0°C,-,18.0°C,73%,1005hPa,-,ESE,7.2km/h/2.0m/s,-,N/A,,Clear
1997-8-5 5:00 AM,23.0°C,-,18.0°C,73%,1005hPa,-,SE,10.8km/h/3.0m/s,-,N/A,,Clear
1997-8-5 6:00 AM,21.0°C,-,18.0°C,83%,1005hPa,-,SE,7.2km/h/2.0m/s,-,N/A,,Clear
1997-8-5 7:00 AM,22.0°C,-,19.0°C,83%,1005hPa,-,Calm,Calm,-,N/A,,Clear
1997-8-5 8:00 AM,24.0°C,-,18.0°C,69%,1005hPa,-,ENE,7.2km/h/2.0m/s,-,N/A,,Clear
1997-8-5 9:00 AM,26.0°C,-,19.0°C,65%,1005hPa,-,ESE,7.2km/h/2.0m/s,-,N/A,,Clear
1997-8-5 10:00 AM,26.0°C,-,19.0°C,65%,1005hPa,-,NNW,3.6km/h/1.0m/s,-,N/A,,Clear
1997-8-5 11:00 AM,27.0°C,28.2°C,19.0°C,61%,1005hPa,-,NNW,7.2km/h/2.0m/s,-,N/A,,Clear
1997-8-5 12:00 PM,28.0°C,29.2°C,19.0°C,58%,1005hPa,-,West,7.2km/h/2.0m/s,-,N/A,,Clear
1997-8-5 1:00 PM,30.0°C,31.2°C,19.0°C,51%,1004hPa,-,West,3.6km/h/1.0m/s,-,N/A,,Clear
1997-8-5 2:00 PM,31.0°C,32.4°C,19.0°C,49%,1003hPa,-,WSW,10.8km/h/3.0m/s,-,N/A,,Clear
1997-8-5 3:00 PM,32.0°C,34.1°C,20.0°C,49%,1003hPa,-,South,10.8km/h/3.0m/s,-,N/A,,Clear
1997-8-5 4:00 PM,31.0°C,33.7°C,21.0°C,55%,1003hPa,10.0km,SW,10.8km/h/3.0m/s,-,N/A,,Mostly Cloudy
1997-8-5 5:00 PM,31.0°C,33.7°C,21.0°C,55%,1003hPa,10.0km,South,14.4km/h/4.0m/s,-,N/A,,Mostly Cloudy
1997-8-5 6:00 PM,29.0°C,31.3°C,21.0°C,62%,1003hPa,10.0km,SSE,14.4km/h/4.0m/s,-,N/A,,Mostly Cloudy
1997-8-5 7:00 PM,29.0°C,30.3°C,19.0°C,55%,1003hPa,-,ESE,10.8km/h/3.0m/s,-,N/A,,Clear
1997-8-5 8:00 PM,28.0°C,30.2°C,21.0°C,66%,1003hPa,-,East,10.8km/h/3.0m/s,-,N/A,,Clear
1997-8-5 9:00 PM,28.0°C,30.2°C,21.0°C,66%,1004hPa,-,East,14.4km/h/4.0m/s,-,N/A,,Clear
1997-8-5 10:00 PM,27.0°C,28.9°C,21.0°C,70%,1004hPa,10.0km,East,18.0km/h/5.0m/s,-,N/A,,Mostly Cloudy
1997-8-5 11:00 PM,26.0°C,-,22.0°C,78%,1004hPa,10.0km,East,18.0km/h/5.0m/s,-,N/A,,Mostly Cloudy
