Time (CST),Temp.,Windchill,Dew Point,Humidity,Pressure,Visibility,Wind Dir,Wind Speed,Gust Speed,Precip,Events,Conditions
1997-12-30 12:00 AM,-6.0°C,-,-9.0°C,80%,1023hPa,2.6km,East,3.6km/h/1.0m/s,-,N/A,,Mostly Cloudy
1997-12-30 1:00 AM,-8.0°C,-,-10.0°C,86%,1023hPa,2.0km,East,3.6km/h/1.0m/s,-,N/A,,Mostly Cloudy
1997-12-30 2:00 AM,-7.0°C,-,-10.0°C,80%,1023hPa,2.0km,East,3.6km/h/1.0m/s,-,N/A,,Mostly Cloudy
1997-12-30 3:00 AM,-8.0°C,-,-11.0°C,79%,1023hPa,3.0km,Calm,Calm,-,N/A,,Mostly Cloudy
1997-12-30 4:00 AM,-9.0°C,-,-12.0°C,79%,1023hPa,3.0km,Calm,Calm,-,N/A,,Mostly Cloudy
1997-12-30 5:00 AM,-10.0°C,-,-12.0°C,86%,1023hPa,3.0km,ESE,3.6km/h/1.0m/s,-,N/A,,Mostly Cloudy
1997-12-30 6:00 AM,-9.0°C,-,-11.0°C,86%,1023hPa,3.0km,ESE,3.6km/h/1.0m/s,-,N/A,,Mostly Cloudy
1997-12-30 7:00 AM,-9.0°C,-,-12.0°C,79%,1023hPa,3.0km,SE,3.6km/h/1.0m/s,-,N/A,,Partly Cloudy
1997-12-30 8:00 AM,-10.0°C,-,-12.0°C,86%,1024hPa,4.0km,East,3.6km/h/1.0m/s,-,N/A,,Clear
1997-12-30 9:00 AM,-8.0°C,-,-11.0°C,79%,1024hPa,10.0km,East,3.6km/h/1.0m/s,-,N/A,,Clear
1997-12-30 10:00 AM,-3.0°C,-,-9.0°C,64%,1025hPa,3.0km,Calm,Calm,-,N/A,,Smoke
1997-12-30 11:00 AM,0.0°C,-,-10.0°C,48%,1025hPa,3.5km,Calm,Calm,-,N/A,,Smoke
1997-12-30 12:00 PM,3.0°C,-,-12.0°C,33%,1024hPa,10.0km,Calm,Calm,-,N/A,,Clear
1997-12-30 1:00 PM,5.0°C,3.4°C,-12.0°C,29%,1022hPa,10.0km,SSW,7.2km/h/2.0m/s,-,N/A,,Clear
1997-12-30 2:00 PM,6.0°C,4.5°C,-13.0°C,25%,1021hPa,10.0km,SSW,7.2km/h/2.0m/s,-,N/A,,Clear
1997-12-30 5:00 PM,4.0°C,-,-11.0°C,33%,1020hPa,10.0km,Calm,Calm,-,N/A,,Clear
1997-12-30 6:00 PM,0.0°C,-,-13.0°C,38%,1020hPa,10.0km,East,3.6km/h/1.0m/s,-,N/A,,Clear
1997-12-30 7:00 PM,-4.0°C,-,-14.0°C,46%,1021hPa,10.0km,East,3.6km/h/1.0m/s,-,N/A,,Clear
1997-12-30 8:00 PM,-6.0°C,-,-14.0°C,54%,1021hPa,10.0km,ESE,3.6km/h/1.0m/s,-,N/A,,Clear
1997-12-30 9:00 PM,-6.0°C,-,-16.0°C,46%,1021hPa,10.0km,Calm,Calm,-,N/A,,Clear
1997-12-30 10:00 PM,-7.0°C,-,-15.0°C,54%,1021hPa,8.0km,SE,3.6km/h/1.0m/s,-,N/A,,Clear
1997-12-30 11:00 PM,-7.0°C,-,-15.0°C,54%,1022hPa,8.0km,SE,3.6km/h/1.0m/s,-,N/A,,Scattered Clouds
