Time (CST),Temp.,Heat Index,Dew Point,Humidity,Pressure,Visibility,Wind Dir,Wind Speed,Gust Speed,Precip,Events,Conditions
1997-8-12 12:00 AM,25.0°C,-,18.0°C,65%,1009hPa,-,East,3.6km/h/1.0m/s,-,N/A,,Clear
1997-8-12 1:00 AM,21.0°C,-,18.0°C,83%,1009hPa,10.0km,North,3.6km/h/1.0m/s,-,N/A,,Clear
1997-8-12 2:00 AM,22.0°C,-,19.0°C,83%,1009hPa,10.0km,East,7.2km/h/2.0m/s,-,N/A,,Clear
1997-8-12 3:00 AM,20.0°C,-,18.0°C,88%,1009hPa,10.0km,East,3.6km/h/1.0m/s,-,N/A,,Clear
1997-8-12 4:00 AM,18.0°C,-,17.0°C,94%,1009hPa,10.0km,East,7.2km/h/2.0m/s,-,N/A,,Clear
1997-8-12 5:00 AM,18.0°C,-,16.0°C,88%,1009hPa,10.0km,SE,7.2km/h/2.0m/s,-,N/A,,Clear
1997-8-12 6:00 AM,19.0°C,-,17.0°C,88%,1010hPa,10.0km,North,3.6km/h/1.0m/s,-,N/A,,Clear
1997-8-12 7:00 AM,19.0°C,-,18.0°C,94%,1010hPa,6.0km,Calm,Calm,-,N/A,,Clear
1997-8-12 8:00 AM,23.0°C,-,19.0°C,78%,1010hPa,3.0km,NW,7.2km/h/2.0m/s,-,N/A,,Smoke
1997-8-12 9:00 AM,26.0°C,-,19.0°C,65%,1010hPa,4.0km,SSW,3.6km/h/1.0m/s,-,N/A,,Smoke
1997-8-12 10:00 AM,27.0°C,28.2°C,19.0°C,61%,1010hPa,10.0km,SW,3.6km/h/1.0m/s,-,N/A,,Clear
1997-8-12 11:00 AM,29.0°C,29.8°C,18.0°C,51%,1009hPa,10.0km,East,7.2km/h/2.0m/s,-,N/A,,Clear
1997-8-12 12:00 PM,32.0°C,31.9°C,16.0°C,38%,1009hPa,10.0km,ESE,7.2km/h/2.0m/s,-,N/A,,Clear
1997-8-12 1:00 PM,33.0°C,33.4°C,17.0°C,38%,1008hPa,10.0km,South,10.8km/h/3.0m/s,-,N/A,,Clear
1997-8-12 2:00 PM,34.0°C,33.3°C,14.0°C,30%,1008hPa,10.0km,South,14.4km/h/4.0m/s,-,N/A,,Partly Cloudy
1997-8-12 3:00 PM,34.0°C,33.0°C,13.0°C,28%,1006hPa,10.0km,South,14.4km/h/4.0m/s,-,N/A,,Partly Cloudy
1997-8-12 4:00 PM,34.0°C,33.6°C,15.0°C,32%,1006hPa,10.0km,South,14.4km/h/4.0m/s,-,N/A,,Partly Cloudy
1997-8-12 7:00 PM,31.0°C,30.0°C,13.0°C,33%,1006hPa,10.0km,South,7.2km/h/2.0m/s,-,N/A,,Scattered Clouds
1997-8-12 8:00 PM,29.0°C,29.4°C,17.0°C,48%,1008hPa,10.0km,SSE,21.6km/h/6.0m/s,-,N/A,,Partly Cloudy
1997-8-12 11:00 PM,23.0°C,-,16.0°C,65%,1010hPa,10.0km,ESE,3.6km/h/1.0m/s,-,N/A,,Clear
