Time (CST),Temp.,Windchill,Dew Point,Humidity,Pressure,Visibility,Wind Dir,Wind Speed,Gust Speed,Precip,Events,Conditions
1997-4-13 12:00 AM,7.0°C,-,4.0°C,81%,1010hPa,10.0km,Calm,Calm,-,N/A,,Clear
1997-4-13 1:00 AM,7.0°C,-,5.0°C,87%,1011hPa,10.0km,Calm,Calm,-,N/A,,Clear
1997-4-13 2:00 AM,5.0°C,-,3.0°C,87%,1010hPa,10.0km,Calm,Calm,-,N/A,,Clear
1997-4-13 3:00 AM,5.0°C,-,3.0°C,87%,1010hPa,10.0km,Calm,Calm,-,N/A,,Clear
1997-4-13 4:00 AM,4.0°C,-,3.0°C,93%,1010hPa,10.0km,Calm,Calm,-,N/A,,Clear
1997-4-13 5:00 AM,5.0°C,-,4.0°C,93%,1011hPa,10.0km,Calm,Calm,-,N/A,,Clear
1997-4-13 6:00 AM,4.0°C,-,3.0°C,93%,1012hPa,4.0km,Calm,Calm,-,N/A,,Partly Cloudy
1997-4-13 7:00 AM,5.0°C,-,4.0°C,93%,1012hPa,4.0km,Calm,Calm,-,N/A,,Mostly Cloudy
1997-4-13 8:00 AM,8.0°C,6.9°C,5.0°C,81%,1013hPa,4.0km,South,7.2km/h/2.0m/s,-,N/A,,Overcast
1997-4-13 9:00 AM,10.0°C,-,7.0°C,82%,1013hPa,3.0km,SW,10.8km/h/3.0m/s,-,N/A,,Overcast
1997-4-13 10:00 AM,12.0°C,-,6.0°C,67%,1014hPa,3.0km,Calm,Calm,-,N/A,,Mostly Cloudy
1997-4-13 11:00 AM,14.0°C,-,6.0°C,59%,1013hPa,6.0km,SW,10.8km/h/3.0m/s,-,N/A,,Mostly Cloudy
1997-4-13 12:00 PM,16.0°C,-,5.0°C,48%,1013hPa,-,West,10.8km/h/3.0m/s,-,N/A,,Clear
1997-4-13 1:00 PM,18.0°C,-,2.0°C,34%,1012hPa,10.0km,SW,7.2km/h/2.0m/s,-,N/A,,Mostly Cloudy
1997-4-13 2:00 PM,19.0°C,-,-1.0°C,26%,1012hPa,10.0km,West,10.8km/h/3.0m/s,-,N/A,,Mostly Cloudy
1997-4-13 3:00 PM,19.0°C,-,-4.0°C,21%,1012hPa,10.0km,West,7.2km/h/2.0m/s,-,N/A,,Mostly Cloudy
1997-4-13 4:00 PM,18.0°C,-,-4.0°C,22%,1012hPa,10.0km,WNW,7.2km/h/2.0m/s,-,N/A,,Mostly Cloudy
1997-4-13 5:00 PM,18.0°C,-,-2.0°C,26%,1012hPa,10.0km,SSW,21.6km/h/6.0m/s,-,N/A,,Mostly Cloudy
1997-4-13 7:00 PM,17.0°C,-,-2.0°C,27%,1013hPa,10.0km,WSW,10.8km/h/3.0m/s,-,N/A,,Mostly Cloudy
1997-4-13 8:00 PM,14.0°C,-,0.0°C,38%,1014hPa,10.0km,ENE,7.2km/h/2.0m/s,-,N/A,,Mostly Cloudy
1997-4-13 9:00 PM,10.0°C,-,-1.0°C,47%,1015hPa,-,ENE,7.2km/h/2.0m/s,-,N/A,,Clear
