Time (CST),Temp.,Windchill,Dew Point,Humidity,Pressure,Visibility,Wind Dir,Wind Speed,Gust Speed,Precip,Events,Conditions
1997-9-17 12:00 AM,9.0°C,-,8.0°C,93%,1022hPa,10.0km,North,3.6km/h/1.0m/s,-,N/A,,Clear
1997-9-17 1:00 AM,11.0°C,-,6.0°C,71%,1023hPa,10.0km,East,7.2km/h/2.0m/s,-,N/A,,Clear
1997-9-17 2:00 AM,9.0°C,-,6.0°C,82%,1023hPa,10.0km,North,3.6km/h/1.0m/s,-,N/A,,Clear
1997-9-17 3:00 AM,10.0°C,-,4.0°C,66%,1023hPa,10.0km,NNW,14.4km/h/4.0m/s,-,N/A,,Clear
1997-9-17 4:00 AM,8.0°C,-,6.0°C,87%,1023hPa,-,Calm,Calm,-,N/A,,Clear
1997-9-17 5:00 AM,8.0°C,-,7.0°C,93%,1023hPa,-,SSW,3.6km/h/1.0m/s,-,N/A,,Clear
1997-9-17 6:00 AM,8.0°C,-,7.0°C,93%,1023hPa,-,ESE,3.6km/h/1.0m/s,-,N/A,,Clear
1997-9-17 7:00 AM,9.0°C,-,8.0°C,93%,1024hPa,-,NNE,3.6km/h/1.0m/s,-,N/A,,Clear
1997-9-17 8:00 AM,12.0°C,-,7.0°C,72%,1025hPa,-,NNW,14.4km/h/4.0m/s,-,N/A,,Clear
1997-9-17 9:00 AM,12.0°C,-,6.0°C,67%,1025hPa,-,North,21.6km/h/6.0m/s,-,N/A,,Clear
1997-9-17 10:00 AM,10.0°C,-,8.0°C,87%,1026hPa,10.0km,Calm,Calm,-,N/A,Rain,Light Rain
1997-9-17 11:00 AM,10.0°C,-,9.0°C,94%,1026hPa,10.0km,SSE,7.2km/h/2.0m/s,-,N/A,Rain,Light Rain
1997-9-17 12:00 PM,10.0°C,-,9.0°C,94%,1025hPa,10.0km,SSW,14.4km/h/4.0m/s,-,N/A,Rain,Light Rain
1997-9-17 1:00 PM,9.0°C,-,9.0°C,100%,1025hPa,10.0km,South,7.2km/h/2.0m/s,-,N/A,Rain,Light Rain
1997-9-17 2:00 PM,9.0°C,-,8.0°C,93%,1026hPa,10.0km,SW,10.8km/h/3.0m/s,-,N/A,Rain,Light Rain
1997-9-17 3:00 PM,8.0°C,5.6°C,8.0°C,100%,1025hPa,10.0km,SW,14.4km/h/4.0m/s,-,N/A,Rain,Light Rain
1997-9-17 4:00 PM,9.0°C,-,9.0°C,100%,1025hPa,10.0km,SW,7.2km/h/2.0m/s,-,N/A,Rain,Light Rain
1997-9-17 5:00 PM,9.0°C,-,9.0°C,100%,1025hPa,10.0km,SW,7.2km/h/2.0m/s,-,N/A,,Overcast
1997-9-17 6:00 PM,9.0°C,-,8.0°C,93%,1025hPa,10.0km,SW,7.2km/h/2.0m/s,-,N/A,,Mostly Cloudy
1997-9-17 7:00 PM,7.0°C,-,7.0°C,100%,1025hPa,10.0km,South,3.6km/h/1.0m/s,-,N/A,,Scattered Clouds
1997-9-17 8:00 PM,6.0°C,4.5°C,6.0°C,100%,1025hPa,10.0km,SE,7.2km/h/2.0m/s,-,N/A,,Clear
1997-9-17 9:00 PM,6.0°C,4.5°C,6.0°C,100%,1026hPa,10.0km,SE,7.2km/h/2.0m/s,-,N/A,,Clear
1997-9-17 10:00 PM,5.0°C,2.5°C,5.0°C,100%,1026hPa,10.0km,SE,10.8km/h/3.0m/s,-,N/A,,Clear
1997-9-17 11:00 PM,4.0°C,-,4.0°C,100%,1026hPa,10.0km,Calm,Calm,-,N/A,,Clear
