Time (CST),Temp.,Heat Index,Dew Point,Humidity,Pressure,Visibility,Wind Dir,Wind Speed,Gust Speed,Precip,Events,Conditions
1997-7-28 12:00 AM,24.0°C,-,20.0°C,78%,1010hPa,-,North,14.4km/h/4.0m/s,-,N/A,,Clear
1997-7-28 1:00 AM,25.0°C,-,21.0°C,78%,1010hPa,-,North,10.8km/h/3.0m/s,-,N/A,,Clear
1997-7-28 2:00 AM,24.0°C,-,21.0°C,83%,1010hPa,-,North,10.8km/h/3.0m/s,-,N/A,,Clear
1997-7-28 5:00 AM,23.0°C,-,22.0°C,94%,1010hPa,-,North,7.2km/h/2.0m/s,-,N/A,,Clear
1997-7-28 6:00 AM,23.0°C,-,21.0°C,88%,1010hPa,-,NNW,7.2km/h/2.0m/s,-,N/A,,Clear
1997-7-28 7:00 AM,23.0°C,-,22.0°C,94%,1010hPa,-,WNW,3.6km/h/1.0m/s,-,N/A,,Clear
1997-7-28 8:00 AM,24.0°C,-,22.0°C,89%,1010hPa,7.0km,NNW,7.2km/h/2.0m/s,-,N/A,,Overcast
1997-7-28 9:00 AM,25.0°C,-,22.0°C,83%,1011hPa,7.0km,NNW,14.4km/h/4.0m/s,-,N/A,,Mostly Cloudy
1997-7-28 10:00 AM,27.0°C,29.6°C,23.0°C,79%,1011hPa,-,NNW,3.6km/h/1.0m/s,-,N/A,,Clear
1997-7-28 11:00 AM,28.0°C,30.7°C,22.0°C,70%,1010hPa,-,SE,7.2km/h/2.0m/s,-,N/A,,Clear
1997-7-28 12:00 PM,30.0°C,33.2°C,22.0°C,62%,1010hPa,-,SSW,7.2km/h/2.0m/s,-,N/A,,Clear
1997-7-28 1:00 PM,30.0°C,31.9°C,20.0°C,55%,1010hPa,10.0km,WNW,7.2km/h/2.0m/s,-,N/A,,Mostly Cloudy
1997-7-28 1:30 PM,31.0°C,33.7°C,21.0°C,55%,1009hPa,10.0km,West,7.2km/h/2.0m/s,-,N/A,,Mostly Cloudy
1997-7-28 2:00 PM,29.0°C,30.7°C,20.0°C,58%,1009hPa,10.0km,WNW,7.2km/h/2.0m/s,-,N/A,,Mostly Cloudy
1997-7-28 3:00 PM,30.0°C,34.1°C,23.0°C,66%,1009hPa,10.0km,North,25.2km/h/7.0m/s,-,N/A,,Mostly Cloudy
1997-7-28 4:00 PM,30.0°C,32.4°C,21.0°C,58%,1008hPa,10.0km,North,21.6km/h/6.0m/s,-,N/A,,Mostly Cloudy
1997-7-28 5:00 PM,29.0°C,31.3°C,21.0°C,62%,1008hPa,-,North,21.6km/h/6.0m/s,-,N/A,,Clear
1997-7-28 6:00 PM,29.0°C,30.7°C,20.0°C,58%,1008hPa,-,North,21.6km/h/6.0m/s,-,N/A,,Clear
1997-7-28 7:00 PM,28.0°C,29.7°C,20.0°C,62%,1008hPa,10.0km,North,14.4km/h/4.0m/s,-,N/A,,Overcast
1997-7-28 8:00 PM,28.0°C,29.7°C,20.0°C,62%,1009hPa,10.0km,NNW,14.4km/h/4.0m/s,-,N/A,,Overcast
1997-7-28 9:00 PM,28.0°C,29.2°C,19.0°C,58%,1009hPa,10.0km,North,14.4km/h/4.0m/s,-,N/A,,Overcast
1997-7-28 10:00 PM,27.0°C,28.9°C,21.0°C,70%,1010hPa,10.0km,North,18.0km/h/5.0m/s,-,N/A,,Overcast
1997-7-28 11:00 PM,24.0°C,-,21.0°C,83%,1010hPa,-,North,21.6km/h/6.0m/s,-,N/A,,Clear
