Time (CST),Temp.,Windchill,Dew Point,Humidity,Pressure,Visibility,Wind Dir,Wind Speed,Gust Speed,Precip,Events,Conditions
1997-1-24 12:00 AM,-8.0°C,-13.1°C,-16.0°C,53%,1022hPa,10.0km,East,10.8km/h/3.0m/s,-,N/A,,Clear
1997-1-24 1:00 AM,-,-,-,N/A%,-,-,East,10.8km/h/3.0m/s,-,N/A,,Unknown
1997-1-24 2:00 AM,-9.0°C,-12.9°C,-18.0°C,49%,1022hPa,10.0km,NE,7.2km/h/2.0m/s,-,N/A,,Clear
1997-1-24 3:00 AM,-9.0°C,-12.9°C,-18.0°C,49%,1022hPa,10.0km,ENE,7.2km/h/2.0m/s,-,N/A,,Clear
1997-1-24 4:00 AM,-10.0°C,-,-18.0°C,53%,1022hPa,10.0km,Calm,Calm,-,N/A,,Clear
1997-1-24 5:00 AM,-11.0°C,-,-19.0°C,53%,1022hPa,10.0km,Calm,Calm,-,N/A,,Clear
1997-1-24 7:00 AM,-12.0°C,-16.4°C,-21.0°C,48%,1022hPa,10.0km,SW,7.2km/h/2.0m/s,-,N/A,,Clear
1997-1-24 8:00 AM,-12.0°C,-16.4°C,-20.0°C,52%,1022hPa,10.0km,South,7.2km/h/2.0m/s,-,N/A,,Clear
1997-1-24 9:00 AM,-12.0°C,-,-18.0°C,62%,1023hPa,10.0km,Calm,Calm,-,N/A,,Clear
1997-1-24 10:00 AM,-8.0°C,-,-20.0°C,38%,1024hPa,10.0km,Calm,Calm,-,N/A,,Clear
1997-1-24 11:00 AM,-3.0°C,-,-27.0°C,14%,1023hPa,10.0km,Calm,Calm,-,N/A,,Clear
1997-1-24 1:00 PM,1.0°C,-1.3°C,-20.0°C,20%,1021hPa,10.0km,NW,7.2km/h/2.0m/s,-,N/A,,Clear
1997-1-24 2:00 PM,1.0°C,-3.7°C,-17.0°C,25%,1020hPa,10.0km,WSW,18.0km/h/5.0m/s,-,N/A,,Clear
1997-1-24 3:00 PM,3.0°C,-1.2°C,-19.0°C,19%,1019hPa,10.0km,SW,18.0km/h/5.0m/s,-,N/A,,Clear
1997-1-24 5:00 PM,1.0°C,-3.7°C,-19.0°C,22%,1019hPa,10.0km,SW,18.0km/h/5.0m/s,-,N/A,,Clear
