Time (CST),Temp.,Windchill,Dew Point,Humidity,Pressure,Visibility,Wind Dir,Wind Speed,Gust Speed,Precip,Events,Conditions
1997-11-18 12:00 AM,-5.0°C,-,-11.0°C,63%,1025hPa,10.0km,SSE,3.6km/h/1.0m/s,-,N/A,,Clear
1997-11-18 1:00 AM,-7.0°C,-,-11.0°C,74%,1025hPa,10.0km,East,3.6km/h/1.0m/s,-,N/A,,Clear
1997-11-18 2:00 AM,-6.0°C,-,-12.0°C,63%,1025hPa,10.0km,ENE,3.6km/h/1.0m/s,-,N/A,,Clear
1997-11-18 4:00 AM,-8.0°C,-,-11.0°C,79%,1025hPa,10.0km,ENE,3.6km/h/1.0m/s,-,N/A,,Clear
1997-11-18 5:00 AM,-9.0°C,-,-11.0°C,86%,1025hPa,10.0km,Calm,Calm,-,N/A,,Clear
1997-11-18 6:00 AM,-8.0°C,-,-12.0°C,73%,1025hPa,10.0km,East,3.6km/h/1.0m/s,-,N/A,,Clear
1997-11-18 7:00 AM,-9.0°C,-,-12.0°C,79%,1025hPa,10.0km,Calm,Calm,-,N/A,,Clear
1997-11-18 8:00 AM,-8.0°C,-,-11.0°C,79%,1025hPa,10.0km,SE,3.6km/h/1.0m/s,-,N/A,,Clear
1997-11-18 9:00 AM,-5.0°C,-,-9.0°C,74%,1026hPa,10.0km,ESE,3.6km/h/1.0m/s,-,N/A,,Clear
1997-11-18 10:00 AM,-2.0°C,-,-9.0°C,59%,1026hPa,-,SSE,3.6km/h/1.0m/s,-,N/A,,Clear
1997-11-18 11:00 AM,0.0°C,-,-11.0°C,44%,1025hPa,8.0km,East,3.6km/h/1.0m/s,-,N/A,,Mostly Cloudy
1997-11-18 12:00 PM,2.0°C,-,-11.0°C,38%,1024hPa,8.0km,South,3.6km/h/1.0m/s,-,N/A,,Mostly Cloudy
1997-11-18 1:00 PM,4.0°C,2.2°C,-12.0°C,31%,1022hPa,-,SE,7.2km/h/2.0m/s,-,N/A,,Clear
1997-11-18 2:00 PM,5.0°C,-,-12.0°C,29%,1021hPa,-,SW,3.6km/h/1.0m/s,-,N/A,,Clear
1997-11-18 3:00 PM,6.0°C,-,-12.0°C,27%,1021hPa,-,WSW,3.6km/h/1.0m/s,-,N/A,,Clear
1997-11-18 4:00 PM,6.0°C,-,-12.0°C,27%,1020hPa,-,SW,3.6km/h/1.0m/s,-,N/A,,Clear
1997-11-18 5:00 PM,4.0°C,-,-11.0°C,33%,1020hPa,-,Calm,Calm,-,N/A,,Clear
1997-11-18 7:00 PM,3.0°C,-,-10.0°C,38%,1021hPa,-,SW,3.6km/h/1.0m/s,-,N/A,,Clear
1997-11-18 8:00 PM,2.0°C,-,-9.0°C,44%,1022hPa,-,East,3.6km/h/1.0m/s,-,N/A,,Clear
1997-11-18 9:00 PM,2.0°C,-,-8.0°C,48%,1021hPa,-,ESE,3.6km/h/1.0m/s,-,N/A,,Clear
1997-11-18 10:00 PM,2.0°C,-,-8.0°C,48%,1021hPa,-,East,3.6km/h/1.0m/s,-,N/A,,Clear
1997-11-18 11:00 PM,-1.0°C,-3.6°C,-7.0°C,64%,1031hPa,-,SE,7.2km/h/2.0m/s,-,N/A,,Clear
