Time (CST),Temp.,Windchill,Dew Point,Humidity,Pressure,Visibility,Wind Dir,Wind Speed,Gust Speed,Precip,Events,Conditions
1997-3-18 12:00 AM,6.0°C,-,2.0°C,76%,1021hPa,10.0km,Calm,Calm,-,N/A,,Clear
1997-3-18 2:00 AM,5.0°C,-,2.0°C,81%,1020hPa,10.0km,Calm,Calm,-,N/A,,Clear
1997-3-18 3:00 AM,5.0°C,-,2.0°C,81%,1020hPa,10.0km,Calm,Calm,-,N/A,,Clear
1997-3-18 4:00 AM,5.0°C,-,2.0°C,81%,1019hPa,10.0km,Calm,Calm,-,N/A,,Clear
1997-3-18 5:00 AM,5.0°C,-,3.0°C,87%,1020hPa,10.0km,Calm,Calm,-,N/A,,Clear
1997-3-18 6:00 AM,5.0°C,3.4°C,1.0°C,76%,1020hPa,10.0km,South,7.2km/h/2.0m/s,-,N/A,,Clear
1997-3-18 7:00 AM,4.0°C,-,2.0°C,87%,1020hPa,2.6km,Calm,Calm,-,N/A,,Overcast
1997-3-18 8:00 AM,5.0°C,1.9°C,2.0°C,81%,1021hPa,2.6km,East,14.4km/h/4.0m/s,-,N/A,,Overcast
1997-3-18 9:00 AM,5.0°C,0.9°C,2.0°C,81%,1021hPa,1.4km,ENE,21.6km/h/6.0m/s,-,N/A,,Overcast
1997-3-18 10:00 AM,6.0°C,2.2°C,2.0°C,76%,1021hPa,1.5km,ENE,21.6km/h/6.0m/s,-,N/A,,Overcast
1997-3-18 11:00 AM,7.0°C,3.4°C,3.0°C,76%,1021hPa,2.6km,East,21.6km/h/6.0m/s,-,N/A,,Overcast
1997-3-18 12:00 PM,7.0°C,3.4°C,3.0°C,76%,1021hPa,2.6km,East,21.6km/h/6.0m/s,-,N/A,,Overcast
1997-3-18 1:00 PM,7.0°C,3.1°C,3.0°C,76%,1020hPa,2.6km,ENE,25.2km/h/7.0m/s,-,N/A,,Overcast
1997-3-18 2:00 PM,7.0°C,2.8°C,3.0°C,76%,1020hPa,2.6km,ENE,28.8km/h/8.0m/s,-,N/A,,Overcast
1997-3-18 3:00 PM,7.0°C,2.8°C,2.0°C,71%,1020hPa,2.2km,East,28.8km/h/8.0m/s,-,N/A,,Overcast
1997-3-18 4:00 PM,7.0°C,3.1°C,2.0°C,71%,1020hPa,2.5km,East,25.2km/h/7.0m/s,-,N/A,,Overcast
1997-3-18 5:00 PM,7.0°C,3.1°C,2.0°C,71%,1020hPa,2.3km,East,25.2km/h/7.0m/s,-,N/A,,Overcast
1997-3-18 6:00 PM,7.0°C,3.4°C,1.0°C,66%,1020hPa,2.3km,East,21.6km/h/6.0m/s,-,N/A,,Overcast
1997-3-18 7:00 PM,6.0°C,2.6°C,1.0°C,70%,1021hPa,2.1km,East,18.0km/h/5.0m/s,-,N/A,,Mostly Cloudy
1997-3-18 8:00 PM,5.0°C,1.9°C,1.0°C,76%,1021hPa,2.1km,ENE,14.4km/h/4.0m/s,-,N/A,,Overcast
1997-3-18 9:00 PM,5.0°C,1.9°C,1.0°C,76%,1022hPa,2.1km,East,14.4km/h/4.0m/s,-,N/A,,Overcast
1997-3-18 10:00 PM,5.0°C,1.9°C,1.0°C,76%,1023hPa,2.1km,East,14.4km/h/4.0m/s,-,N/A,,Overcast
1997-3-18 11:00 PM,5.0°C,2.5°C,1.0°C,76%,1023hPa,2.1km,East,10.8km/h/3.0m/s,-,N/A,,Overcast
