Time (CST),Temp.,Windchill,Dew Point,Humidity,Pressure,Visibility,Wind Dir,Wind Speed,Gust Speed,Precip,Events,Conditions
1998-1-6 12:00 AM,-8.0°C,-,-23.0°C,30%,1026hPa,10.0km,East,3.6km/h/1.0m/s,-,N/A,,Clear
1998-1-6 1:00 AM,-10.0°C,-,-22.0°C,38%,1025hPa,10.0km,East,3.6km/h/1.0m/s,-,N/A,,Clear
1998-1-6 2:00 AM,-12.0°C,-,-22.0°C,44%,1025hPa,10.0km,East,3.6km/h/1.0m/s,-,N/A,,Clear
1998-1-6 3:00 AM,-12.0°C,-16.4°C,-23.0°C,41%,1026hPa,10.0km,ESE,7.2km/h/2.0m/s,-,N/A,,Clear
1998-1-6 4:00 AM,-12.0°C,-16.4°C,-24.0°C,37%,1026hPa,10.0km,ESE,7.2km/h/2.0m/s,-,N/A,,Clear
1998-1-6 5:00 AM,-13.0°C,-,-23.0°C,44%,1025hPa,10.0km,East,3.6km/h/1.0m/s,-,N/A,,Clear
1998-1-6 6:00 AM,-12.0°C,-,-23.0°C,41%,1025hPa,10.0km,Calm,Calm,-,N/A,,Clear
1998-1-6 7:00 AM,-14.0°C,-,-23.0°C,48%,1026hPa,10.0km,East,3.6km/h/1.0m/s,-,N/A,,Clear
1998-1-6 8:00 AM,-14.0°C,-,-23.0°C,48%,1026hPa,-,SE,3.6km/h/1.0m/s,-,N/A,,Clear
1998-1-6 9:00 AM,-10.0°C,-,-20.0°C,45%,1027hPa,-,SE,3.6km/h/1.0m/s,-,N/A,,Clear
1998-1-6 10:00 AM,-5.0°C,-,-20.0°C,31%,1027hPa,-,Calm,Calm,-,N/A,,Clear
1998-1-6 11:00 AM,-3.0°C,-,-20.0°C,26%,1027hPa,4.0km,Calm,Calm,-,N/A,,Smoke
1998-1-6 12:00 PM,-1.0°C,-,-21.0°C,21%,1026hPa,5.0km,Calm,Calm,-,N/A,,Smoke
1998-1-6 1:00 PM,0.0°C,-,-20.0°C,21%,1025hPa,6.0km,South,3.6km/h/1.0m/s,-,N/A,,Mostly Cloudy
1998-1-6 2:00 PM,2.0°C,-,-20.0°C,18%,1023hPa,-,Calm,Calm,-,N/A,,Clear
1998-1-6 3:00 PM,2.0°C,-0.1°C,-21.0°C,17%,1022hPa,-,West,7.2km/h/2.0m/s,-,N/A,,Clear
1998-1-6 4:00 PM,2.0°C,-0.1°C,-20.0°C,18%,1023hPa,-,West,7.2km/h/2.0m/s,-,N/A,,Clear
1998-1-6 5:00 PM,1.0°C,-,-19.0°C,22%,1023hPa,-,WNW,3.6km/h/1.0m/s,-,N/A,,Clear
1998-1-6 6:00 PM,-1.0°C,-,-19.0°C,25%,1023hPa,-,North,3.6km/h/1.0m/s,-,N/A,,Clear
1998-1-6 7:00 PM,-2.0°C,-,-18.0°C,29%,1023hPa,-,ENE,3.6km/h/1.0m/s,-,N/A,,Clear
1998-1-6 8:00 PM,-2.0°C,-,-18.0°C,29%,1023hPa,-,East,3.6km/h/1.0m/s,-,N/A,,Clear
1998-1-6 9:00 PM,-3.0°C,-,-18.0°C,31%,1024hPa,-,Calm,Calm,-,N/A,,Clear
1998-1-6 10:00 PM,-3.0°C,-,-18.0°C,31%,1023hPa,-,Calm,Calm,-,N/A,,Clear
