Time (CST),Temp.,Windchill,Dew Point,Humidity,Pressure,Visibility,Wind Dir,Wind Speed,Gust Speed,Precip,Events,Conditions
1997-3-22 1:00 AM,7.0°C,3.4°C,2.0°C,71%,1019hPa,10.0km,ENE,21.6km/h/6.0m/s,-,N/A,,Overcast
1997-3-22 2:00 AM,6.0°C,3.1°C,2.0°C,76%,1019hPa,10.0km,East,14.4km/h/4.0m/s,-,N/A,,Overcast
1997-3-22 7:00 AM,5.0°C,-,2.0°C,81%,1019hPa,1.4km,Calm,Calm,-,N/A,,Overcast
1997-3-22 8:00 AM,5.0°C,-,2.0°C,81%,1020hPa,1.3km,Calm,Calm,-,N/A,,Overcast
1997-3-22 9:00 AM,6.0°C,-,3.0°C,81%,1020hPa,1.0km,Calm,Calm,-,N/A,,Mostly Cloudy
1997-3-22 10:00 AM,8.0°C,6.9°C,3.0°C,71%,1020hPa,1.1km,South,7.2km/h/2.0m/s,-,N/A,,Mostly Cloudy
1997-3-22 11:00 AM,9.0°C,-,2.0°C,62%,1020hPa,1.6km,ESE,3.6km/h/1.0m/s,-,N/A,,Overcast
1997-3-22 12:00 PM,11.0°C,-,2.0°C,54%,1020hPa,1.6km,ESE,3.6km/h/1.0m/s,-,N/A,,Mostly Cloudy
1997-3-22 1:00 PM,12.0°C,-,3.0°C,54%,1019hPa,2.0km,SW,14.4km/h/4.0m/s,-,N/A,,Smoke
1997-3-22 2:00 PM,11.0°C,-,2.0°C,54%,1018hPa,3.0km,WNW,21.6km/h/6.0m/s,-,N/A,,Smoke
1997-3-22 3:00 PM,11.0°C,-,2.0°C,54%,1018hPa,8.0km,West,18.0km/h/5.0m/s,-,N/A,,Mostly Cloudy
1997-3-22 4:00 PM,13.0°C,-,1.0°C,44%,1017hPa,8.0km,NNW,14.4km/h/4.0m/s,-,N/A,,Mostly Cloudy
1997-3-22 5:00 PM,12.0°C,-,-2.0°C,38%,1017hPa,-,North,21.6km/h/6.0m/s,-,N/A,,Clear
1997-3-22 6:00 PM,12.0°C,-,-2.0°C,38%,1018hPa,-,North,21.6km/h/6.0m/s,-,N/A,,Clear
1997-3-22 7:00 PM,11.0°C,-,0.0°C,47%,1018hPa,-,NE,10.8km/h/3.0m/s,-,N/A,,Clear
1997-3-22 8:00 PM,10.0°C,-,-4.0°C,37%,1019hPa,-,NNE,21.6km/h/6.0m/s,-,N/A,,Clear
1997-3-22 9:00 PM,8.0°C,6.9°C,-4.0°C,43%,1020hPa,-,NNE,7.2km/h/2.0m/s,-,N/A,,Clear
1997-3-22 10:00 PM,8.0°C,6.9°C,-4.0°C,43%,1021hPa,10.0km,NE,7.2km/h/2.0m/s,-,N/A,,Clear
1997-3-22 11:00 PM,7.0°C,-,-2.0°C,53%,1021hPa,10.0km,SSE,3.6km/h/1.0m/s,-,N/A,,Clear
