Time (CST),Temp.,Windchill,Dew Point,Humidity,Pressure,Visibility,Wind Dir,Wind Speed,Gust Speed,Precip,Events,Conditions
1998-12-5 12:00 AM,23.0°F,17.1°F,3.2°F,43%,30.45in,-,SE,4.5mph,-,N/A,,Clear
1998-12-5 2:00 AM,23.0°F,-,5.0°F,46%,30.45in,-,Calm,Calm,-,N/A,,Clear
1998-12-5 4:00 AM,19.4°F,-,5.0°F,54%,30.45in,-,ESE,2.2mph,-,N/A,,Clear
1998-12-5 5:00 AM,17.6°F,-,5.0°F,58%,30.45in,-,East,2.2mph,-,N/A,,Clear
1998-12-5 6:00 AM,17.6°F,-,3.2°F,53%,30.45in,-,ESE,2.2mph,-,N/A,,Clear
1998-12-5 8:00 AM,15.8°F,-,3.2°F,58%,30.48in,-,SE,2.2mph,-,N/A,,Clear
1998-12-5 10:00 AM,28.4°F,-,6.8°F,40%,30.48in,2.5mi,Calm,Calm,-,N/A,,Smoke
1998-12-5 11:00 AM,32.0°F,27.6°F,6.8°F,35%,30.45in,-,SE,4.5mph,-,N/A,,Clear
1998-12-5 12:00 PM,35.6°F,-,6.8°F,30%,30.42in,-,ESE,2.2mph,-,N/A,,Clear
1998-12-5 1:00 PM,39.2°F,-,8.6°F,28%,30.36in,-,SSE,2.2mph,-,N/A,,Clear
1998-12-5 2:00 PM,41.0°F,-,6.8°F,24%,30.33in,-,WSW,2.2mph,-,N/A,,Clear
1998-12-5 3:00 PM,41.0°F,-,8.6°F,26%,30.33in,-,South,2.2mph,-,N/A,,Clear
1998-12-5 4:00 PM,41.0°F,38.1°F,8.6°F,26%,30.30in,-,SE,4.5mph,-,N/A,,Clear
1998-12-5 5:00 PM,39.2°F,-,8.6°F,28%,30.30in,-,ESE,2.2mph,-,N/A,,Clear
1998-12-5 6:00 PM,32.0°F,-,8.6°F,38%,30.30in,-,ESE,2.2mph,-,N/A,,Clear
1998-12-5 7:00 PM,28.4°F,21.4°F,8.6°F,43%,30.30in,-,ESE,6.7mph,-,N/A,,Clear
1998-12-5 8:00 PM,30.2°F,25.5°F,10.4°F,44%,30.33in,5.0mi,East,4.5mph,-,N/A,,Clear
1998-12-5 9:00 PM,28.4°F,21.4°F,12.2°F,51%,30.33in,5.0mi,East,6.7mph,-,N/A,,Clear
1998-12-5 10:00 PM,24.8°F,19.2°F,10.4°F,54%,30.33in,5.0mi,East,4.5mph,-,N/A,,Clear
1998-12-5 11:00 PM,28.4°F,21.4°F,12.2°F,51%,30.33in,5.0mi,East,6.7mph,-,N/A,,Clear
