Time (CST),Temp.,Dew Point,Humidity,Pressure,Visibility,Wind Dir,Wind Speed,Gust Speed,Precip,Events,Conditions
1997-7-18 12:00 AM,24.0°C,20.0°C,78%,1012hPa,6.0km,ESE,10.8km/h/3.0m/s,-,N/A,,Mostly Cloudy
1997-7-18 1:00 AM,24.0°C,21.0°C,83%,1012hPa,6.0km,ESE,7.2km/h/2.0m/s,-,N/A,,Mostly Cloudy
1997-7-18 2:00 AM,24.0°C,20.0°C,78%,1011hPa,6.0km,East,10.8km/h/3.0m/s,-,N/A,,Mostly Cloudy
1997-7-18 3:00 AM,24.0°C,20.0°C,78%,1011hPa,6.0km,East,14.4km/h/4.0m/s,-,N/A,,Mostly Cloudy
1997-7-18 4:00 AM,24.0°C,20.0°C,78%,1011hPa,6.0km,ENE,14.4km/h/4.0m/s,-,N/A,,Mostly Cloudy
1997-7-18 5:00 AM,24.0°C,20.0°C,78%,1011hPa,6.0km,ENE,10.8km/h/3.0m/s,-,N/A,,Mostly Cloudy
1997-7-18 6:00 AM,23.0°C,19.0°C,78%,1011hPa,10.0km,ENE,10.8km/h/3.0m/s,-,N/A,,Overcast
1997-7-18 7:00 AM,22.0°C,19.0°C,83%,1012hPa,10.0km,ENE,14.4km/h/4.0m/s,-,N/A,,Overcast
1997-7-18 8:00 AM,22.0°C,19.0°C,83%,1012hPa,10.0km,ENE,10.8km/h/3.0m/s,-,N/A,,Overcast
1997-7-18 9:00 AM,22.0°C,19.0°C,83%,1012hPa,10.0km,NE,10.8km/h/3.0m/s,-,N/A,,Overcast
1997-7-18 10:00 AM,23.0°C,20.0°C,83%,-,10.0km,NE,7.2km/h/2.0m/s,-,N/A,Rain,Light Rain Showers
1997-7-18 11:00 AM,22.0°C,20.0°C,88%,1012hPa,10.0km,NNE,7.2km/h/2.0m/s,-,N/A,,Overcast
1997-7-18 12:00 PM,24.0°C,20.0°C,78%,1011hPa,4.0km,NE,10.8km/h/3.0m/s,-,N/A,Rain,Light Rain Showers
1997-7-18 1:00 PM,23.0°C,22.0°C,94%,1012hPa,3.0km,NNW,7.2km/h/2.0m/s,-,N/A,Rain,Rain
1997-7-18 2:00 PM,21.0°C,21.0°C,100%,1011hPa,4.0km,North,10.8km/h/3.0m/s,-,N/A,Rain,Rain
1997-7-18 3:00 PM,22.0°C,22.0°C,100%,1011hPa,3.0km,NNW,18.0km/h/5.0m/s,-,N/A,Rain,Light Rain
1997-7-18 4:00 PM,21.0°C,21.0°C,100%,1010hPa,3.0km,NNW,21.6km/h/6.0m/s,-,N/A,Rain,Light Rain
1997-7-18 5:00 PM,22.0°C,22.0°C,100%,1010hPa,3.0km,NNW,21.6km/h/6.0m/s,-,N/A,Rain,Light Rain
1997-7-18 6:00 PM,21.0°C,21.0°C,100%,1010hPa,3.0km,NNW,21.6km/h/6.0m/s,-,N/A,Rain,Light Rain
1997-7-18 7:00 PM,21.0°C,21.0°C,100%,1010hPa,3.0km,NNW,21.6km/h/6.0m/s,-,N/A,Rain,Light Rain
1997-7-18 8:00 PM,21.0°C,21.0°C,100%,1010hPa,3.0km,North,14.4km/h/4.0m/s,-,N/A,Rain,Light Rain
1997-7-18 9:00 PM,21.0°C,21.0°C,100%,1011hPa,2.0km,North,10.8km/h/3.0m/s,-,N/A,Rain,Light Rain
1997-7-18 10:00 PM,21.0°C,21.0°C,100%,1011hPa,3.0km,North,14.4km/h/4.0m/s,-,N/A,Rain,Light Rain
1997-7-18 11:00 PM,21.0°C,21.0°C,100%,1011hPa,3.0km,NNW,10.8km/h/3.0m/s,-,N/A,Rain,Light Rain
