Time (CST),Temp.,Windchill,Dew Point,Humidity,Pressure,Visibility,Wind Dir,Wind Speed,Gust Speed,Precip,Events,Conditions
1998-11-20 12:00 AM,28.4°F,-,10.4°F,47%,30.24in,6.2mi,East,2.2mph,-,N/A,,Clear
1998-11-20 1:00 AM,26.6°F,-,10.4°F,51%,30.24in,6.2mi,East,2.2mph,-,N/A,,Clear
1998-11-20 2:00 AM,24.8°F,-,10.4°F,54%,30.24in,6.2mi,East,2.2mph,-,N/A,,Clear
1998-11-20 3:00 AM,24.8°F,-,10.4°F,54%,30.24in,6.2mi,East,2.2mph,-,N/A,,Clear
1998-11-20 4:00 AM,26.6°F,-,10.4°F,51%,30.24in,6.2mi,Calm,Calm,-,N/A,,Clear
1998-11-20 5:00 AM,24.8°F,-,10.4°F,54%,30.21in,6.2mi,Calm,Calm,-,N/A,,Clear
1998-11-20 6:00 AM,23.0°F,-,10.4°F,59%,30.21in,6.2mi,SE,2.2mph,-,N/A,,Clear
1998-11-20 7:00 AM,19.4°F,-,10.4°F,68%,30.24in,4.3mi,ESE,2.2mph,-,N/A,,Clear
1998-11-20 8:00 AM,21.2°F,-,10.4°F,63%,30.24in,3.7mi,Calm,Calm,-,N/A,,Clear
1998-11-20 10:00 AM,35.6°F,-,14.0°F,41%,30.24in,1.9mi,Calm,Calm,-,N/A,,Smoke
1998-11-20 11:00 AM,42.8°F,-,14.0°F,31%,30.24in,3.1mi,SE,2.2mph,-,N/A,,Smoke
1998-11-20 12:00 PM,46.4°F,-,14.0°F,27%,30.21in,3.7mi,SSW,2.2mph,-,N/A,,Clear
1998-11-20 1:00 PM,50.0°F,-,14.0°F,24%,30.18in,3.7mi,SW,4.5mph,-,N/A,,Clear
1998-11-20 3:00 PM,55.4°F,-,15.8°F,21%,30.12in,3.7mi,South,4.5mph,-,N/A,,Partly Cloudy
1998-11-20 4:00 PM,53.6°F,-,17.6°F,24%,30.12in,3.7mi,ESE,2.2mph,-,N/A,,Clear
1998-11-20 5:00 PM,50.0°F,-,15.8°F,26%,30.12in,3.7mi,ENE,2.2mph,-,N/A,,Scattered Clouds
1998-11-20 6:00 PM,44.6°F,-,15.8°F,31%,30.15in,3.7mi,Calm,Calm,-,N/A,,Scattered Clouds
1998-11-20 7:00 PM,44.6°F,40.8°F,19.4°F,37%,30.15in,3.1mi,WNW,6.7mph,-,N/A,,Smoke
1998-11-20 8:00 PM,44.6°F,-,19.4°F,37%,30.18in,3.7mi,South,2.2mph,-,N/A,,Scattered Clouds
1998-11-20 9:00 PM,37.4°F,-,17.6°F,45%,30.21in,2.5mi,SE,2.2mph,-,N/A,,Smoke
1998-11-20 10:00 PM,37.4°F,-,19.4°F,48%,30.21in,4.3mi,SSE,2.2mph,-,N/A,,Overcast
1998-11-20 11:00 PM,39.2°F,-,19.4°F,45%,30.24in,-,Calm,Calm,-,N/A,,Clear
