Time (CST),Temp.,Dew Point,Humidity,Pressure,Visibility,Wind Dir,Wind Speed,Gust Speed,Precip,Events,Conditions
1997-5-10 12:00 AM,18.0°C,1.0°C,32%,1006hPa,10.0km,South,7.2km/h/2.0m/s,-,N/A,,Overcast
1997-5-10 1:00 AM,17.0°C,2.0°C,37%,1005hPa,10.0km,Calm,Calm,-,N/A,,Overcast
1997-5-10 2:00 AM,17.0°C,2.0°C,37%,1005hPa,10.0km,SSE,7.2km/h/2.0m/s,-,N/A,,Overcast
1997-5-10 3:00 AM,16.0°C,3.0°C,42%,1005hPa,10.0km,SSE,7.2km/h/2.0m/s,-,N/A,,Overcast
1997-5-10 4:00 AM,14.0°C,4.0°C,51%,1005hPa,10.0km,West,7.2km/h/2.0m/s,-,N/A,,Overcast
1997-5-10 5:00 AM,13.0°C,6.0°C,63%,1005hPa,10.0km,NNE,14.4km/h/4.0m/s,-,N/A,,Overcast
1997-5-10 6:00 AM,13.0°C,7.0°C,67%,1004hPa,10.0km,North,14.4km/h/4.0m/s,-,N/A,,Overcast
1997-5-10 7:00 AM,13.0°C,7.0°C,67%,1004hPa,10.0km,Calm,Calm,-,N/A,,Mostly Cloudy
1997-5-10 8:00 AM,14.0°C,7.0°C,63%,1005hPa,10.0km,North,7.2km/h/2.0m/s,-,N/A,,Overcast
1997-5-10 9:00 AM,15.0°C,9.0°C,67%,1004hPa,10.0km,North,7.2km/h/2.0m/s,-,N/A,,Overcast
1997-5-10 10:00 AM,15.0°C,8.0°C,63%,1004hPa,10.0km,NE,7.2km/h/2.0m/s,-,N/A,,Overcast
1997-5-10 11:00 AM,16.0°C,7.0°C,55%,1004hPa,10.0km,Calm,Calm,-,N/A,,Overcast
1997-5-10 12:00 PM,17.0°C,7.0°C,52%,1004hPa,10.0km,West,7.2km/h/2.0m/s,-,N/A,,Overcast
1997-5-10 1:00 PM,18.0°C,5.0°C,42%,1003hPa,10.0km,Calm,Calm,-,N/A,,Overcast
1997-5-10 2:00 PM,18.0°C,6.0°C,45%,1002hPa,10.0km,Calm,Calm,-,N/A,,Overcast
1997-5-10 3:00 PM,20.0°C,6.0°C,40%,1002hPa,10.0km,Calm,Calm,-,N/A,,Overcast
1997-5-10 4:00 PM,20.0°C,6.0°C,40%,1002hPa,10.0km,Calm,Calm,-,N/A,,Overcast
1997-5-10 5:00 PM,19.0°C,7.0°C,46%,1002hPa,10.0km,Calm,Calm,-,N/A,,Overcast
1997-5-10 6:00 PM,19.0°C,8.0°C,49%,1002hPa,-,Calm,Calm,-,N/A,,Clear
1997-5-10 7:00 PM,17.0°C,6.0°C,48%,1003hPa,-,ENE,18.0km/h/5.0m/s,-,N/A,,Clear
1997-5-10 8:00 PM,16.0°C,3.0°C,42%,1004hPa,10.0km,East,28.8km/h/8.0m/s,-,N/A,,Overcast
1997-5-10 9:00 PM,16.0°C,4.0°C,45%,1004hPa,10.0km,East,28.8km/h/8.0m/s,-,N/A,,Overcast
1997-5-10 10:00 PM,16.0°C,4.0°C,45%,1005hPa,10.0km,East,21.6km/h/6.0m/s,-,N/A,,Overcast
1997-5-10 11:00 PM,16.0°C,6.0°C,52%,1005hPa,10.0km,ENE,21.6km/h/6.0m/s,-,N/A,,Overcast
