Time (CST),Temp.,Windchill,Dew Point,Humidity,Pressure,Visibility,Wind Dir,Wind Speed,Gust Speed,Precip,Events,Conditions
1997-3-31 12:00 AM,9.0°C,-,0.0°C,54%,1017hPa,10.0km,SSE,10.8km/h/3.0m/s,-,N/A,,Clear
1997-3-31 1:00 AM,8.0°C,6.1°C,-1.0°C,53%,1017hPa,10.0km,East,10.8km/h/3.0m/s,-,N/A,,Clear
1997-3-31 2:00 AM,8.0°C,6.1°C,-2.0°C,50%,1017hPa,10.0km,East,10.8km/h/3.0m/s,-,N/A,,Clear
1997-3-31 3:00 AM,7.0°C,5.7°C,-2.0°C,53%,1016hPa,10.0km,East,7.2km/h/2.0m/s,-,N/A,,Clear
1997-3-31 4:00 AM,6.0°C,-,-3.0°C,53%,1016hPa,10.0km,Calm,Calm,-,N/A,,Clear
1997-3-31 5:00 AM,6.0°C,4.5°C,-3.0°C,53%,1016hPa,10.0km,SE,7.2km/h/2.0m/s,-,N/A,,Clear
1997-3-31 6:00 AM,6.0°C,4.5°C,-1.0°C,61%,1016hPa,10.0km,East,7.2km/h/2.0m/s,-,N/A,,Clear
1997-3-31 7:00 AM,6.0°C,4.5°C,1.0°C,70%,1016hPa,10.0km,East,7.2km/h/2.0m/s,-,N/A,,Clear
1997-3-31 8:00 AM,7.0°C,-,1.0°C,66%,1016hPa,10.0km,Calm,Calm,-,N/A,,Clear
1997-3-31 9:00 AM,10.0°C,-,3.0°C,62%,1017hPa,10.0km,East,7.2km/h/2.0m/s,-,N/A,,Clear
1997-3-31 10:00 AM,12.0°C,-,5.0°C,62%,1016hPa,10.0km,South,10.8km/h/3.0m/s,-,N/A,,Clear
1997-3-31 11:00 AM,14.0°C,-,6.0°C,59%,1015hPa,10.0km,SSW,21.6km/h/6.0m/s,-,N/A,,Clear
1997-3-31 12:00 PM,16.0°C,-,7.0°C,55%,1014hPa,-,South,10.8km/h/3.0m/s,-,N/A,,Clear
1997-3-31 1:00 PM,18.0°C,-,9.0°C,56%,1012hPa,-,SSW,7.2km/h/2.0m/s,-,N/A,,Clear
1997-3-31 2:00 PM,19.0°C,-,10.0°C,56%,1010hPa,-,Calm,Calm,-,N/A,,Clear
1997-3-31 3:00 PM,21.0°C,-,11.0°C,53%,1009hPa,-,SW,7.2km/h/2.0m/s,-,N/A,,Clear
1997-3-31 4:00 PM,22.0°C,-,11.0°C,50%,1008hPa,-,WSW,18.0km/h/5.0m/s,-,N/A,,Clear
1997-3-31 5:00 PM,20.0°C,-,11.0°C,56%,1008hPa,-,West,14.4km/h/4.0m/s,-,N/A,,Clear
1997-3-31 6:00 PM,20.0°C,-,10.0°C,52%,1008hPa,10.0km,WNW,3.6km/h/1.0m/s,-,N/A,,Mostly Cloudy
1997-3-31 7:00 PM,19.0°C,-,10.0°C,56%,1008hPa,10.0km,ENE,39.6km/h/11.0m/s,-,N/A,,Mostly Cloudy
1997-3-31 8:00 PM,14.0°C,-,4.0°C,51%,1009hPa,10.0km,East,54.0km/h/15.0m/s,-,N/A,,Overcast
1997-3-31 9:00 PM,12.0°C,-,3.0°C,54%,1010hPa,-,ENE,57.6km/h/16.0m/s,-,N/A,,Clear
1997-3-31 10:00 PM,12.0°C,-,3.0°C,54%,1010hPa,-,East,46.8km/h/13.0m/s,-,N/A,,Clear
