Time (CST),Temp.,Windchill,Dew Point,Humidity,Pressure,Visibility,Wind Dir,Wind Speed,Gust Speed,Precip,Events,Conditions
1997-9-25 12:00 AM,7.0°C,5.7°C,7.0°C,100%,1019hPa,10.0km,East,7.2km/h/2.0m/s,-,N/A,,Clear
1997-9-25 1:00 AM,7.0°C,-,7.0°C,100%,1018hPa,10.0km,SE,3.6km/h/1.0m/s,-,N/A,,Clear
1997-9-25 2:00 AM,6.0°C,-,5.0°C,93%,1018hPa,10.0km,Calm,Calm,-,N/A,,Clear
1997-9-25 3:00 AM,6.0°C,4.5°C,6.0°C,100%,1018hPa,10.0km,SE,7.2km/h/2.0m/s,-,N/A,,Clear
1997-9-25 4:00 AM,5.0°C,3.4°C,5.0°C,100%,1017hPa,10.0km,East,7.2km/h/2.0m/s,-,N/A,,Clear
1997-9-25 5:00 AM,6.0°C,4.5°C,6.0°C,100%,1017hPa,10.0km,East,7.2km/h/2.0m/s,-,N/A,,Clear
1997-9-25 6:00 AM,5.0°C,-,5.0°C,100%,1017hPa,-,SE,3.6km/h/1.0m/s,-,N/A,,Clear
1997-9-25 7:00 AM,7.0°C,4.9°C,7.0°C,100%,1017hPa,10.0km,West,10.8km/h/3.0m/s,-,N/A,,Clear
1997-9-25 8:00 AM,12.0°C,-,7.0°C,72%,1018hPa,-,NW,14.4km/h/4.0m/s,-,N/A,,Clear
1997-9-25 9:00 AM,13.0°C,-,7.0°C,67%,1018hPa,10.0km,North,10.8km/h/3.0m/s,-,N/A,,Mostly Cloudy
1997-9-25 10:00 AM,13.0°C,-,5.0°C,58%,1019hPa,10.0km,North,18.0km/h/5.0m/s,-,N/A,,Mostly Cloudy
1997-9-25 11:00 AM,16.0°C,-,5.0°C,48%,1019hPa,10.0km,NNW,14.4km/h/4.0m/s,-,N/A,,Mostly Cloudy
1997-9-25 12:00 PM,15.0°C,-,1.0°C,39%,1019hPa,10.0km,North,21.6km/h/6.0m/s,-,N/A,,Mostly Cloudy
1997-9-25 1:00 PM,16.0°C,-,1.0°C,36%,1019hPa,10.0km,NW,32.4km/h/9.0m/s,-,N/A,,Mostly Cloudy
1997-9-25 2:00 PM,15.0°C,-,1.0°C,39%,1018hPa,10.0km,NNW,28.8km/h/8.0m/s,-,N/A,,Mostly Cloudy
1997-9-25 3:00 PM,13.0°C,-,3.0°C,51%,1019hPa,10.0km,NW,36.0km/h/10.0m/s,-,N/A,,Mostly Cloudy
1997-9-25 4:00 PM,13.0°C,-,2.0°C,47%,1018hPa,10.0km,NW,39.6km/h/11.0m/s,-,N/A,,Partly Cloudy
1997-9-25 5:00 PM,14.0°C,-,2.0°C,44%,1018hPa,10.0km,NW,28.8km/h/8.0m/s,-,N/A,,Scattered Clouds
1997-9-25 6:00 PM,13.0°C,-,4.0°C,54%,1019hPa,10.0km,NNE,21.6km/h/6.0m/s,-,N/A,,Scattered Clouds
1997-9-25 7:00 PM,10.0°C,-,4.0°C,66%,1020hPa,10.0km,North,10.8km/h/3.0m/s,-,N/A,,Scattered Clouds
1997-9-25 8:00 PM,9.0°C,-,4.0°C,71%,1021hPa,10.0km,West,7.2km/h/2.0m/s,-,N/A,,Mostly Cloudy
1997-9-25 9:00 PM,9.0°C,-,2.0°C,62%,1021hPa,10.0km,WNW,10.8km/h/3.0m/s,-,N/A,,Scattered Clouds
1997-9-25 10:00 PM,11.0°C,-,2.0°C,54%,1022hPa,-,WNW,14.4km/h/4.0m/s,-,N/A,,Clear
1997-9-25 11:00 PM,9.0°C,-,1.0°C,58%,1022hPa,-,West,10.8km/h/3.0m/s,-,N/A,,Clear
