Time (CST),Temp.,Windchill,Dew Point,Humidity,Pressure,Visibility,Wind Dir,Wind Speed,Gust Speed,Precip,Events,Conditions
1998-1-24 12:00 AM,-10.0°C,-15.5°C,-19.0°C,49%,1033hPa,10.0km,North,10.8km/h/3.0m/s,-,N/A,,Clear
1998-1-24 1:00 AM,-13.0°C,-17.6°C,-22.0°C,48%,1033hPa,10.0km,NNW,7.2km/h/2.0m/s,-,N/A,,Clear
1998-1-24 2:00 AM,-12.0°C,-17.9°C,-19.0°C,57%,1033hPa,10.0km,NW,10.8km/h/3.0m/s,-,N/A,,Clear
1998-1-24 3:00 AM,-13.0°C,-,-21.0°C,52%,1033hPa,10.0km,NNW,3.6km/h/1.0m/s,-,N/A,,Clear
1998-1-24 4:00 AM,-,-,-,N/A%,1032hPa,10.0km,NW,10.8km/h/3.0m/s,-,N/A,,Unknown
1998-1-24 5:00 AM,-14.0°C,-18.8°C,-21.0°C,56%,1033hPa,10.0km,SSE,7.2km/h/2.0m/s,-,N/A,,Clear
1998-1-24 6:00 AM,-17.0°C,-22.3°C,-22.0°C,66%,1032hPa,10.0km,ENE,7.2km/h/2.0m/s,-,N/A,,Clear
1998-1-24 7:00 AM,-10.0°C,-,-21.0°C,41%,1033hPa,10.0km,Variable,3.6km/h/1.0m/s,-,N/A,,Clear
1998-1-24 9:00 AM,-14.0°C,-,-20.0°C,61%,1034hPa,10.0km,ESE,3.6km/h/1.0m/s,-,N/A,,Clear
1998-1-24 10:00 AM,-10.0°C,-,-19.0°C,49%,1034hPa,7.0km,Calm,Calm,-,N/A,,Clear
1998-1-24 11:00 AM,-8.0°C,-,-20.0°C,38%,1034hPa,7.0km,North,3.6km/h/1.0m/s,-,N/A,,Clear
1998-1-24 12:00 PM,-6.0°C,-,-21.0°C,30%,1033hPa,7.0km,Calm,Calm,-,N/A,,Clear
1998-1-24 1:00 PM,-5.0°C,-8.3°C,-20.0°C,31%,1031hPa,7.0km,SSW,7.2km/h/2.0m/s,-,N/A,,Clear
1998-1-24 2:00 PM,-4.0°C,-7.1°C,-19.0°C,31%,1030hPa,7.0km,WSW,7.2km/h/2.0m/s,-,N/A,,Clear
1998-1-24 3:00 PM,-3.0°C,-5.9°C,-18.0°C,31%,1029hPa,10.0km,SSW,7.2km/h/2.0m/s,-,N/A,,Clear
1998-1-24 4:00 PM,-2.0°C,-,-19.0°C,27%,1029hPa,10.0km,SSW,3.6km/h/1.0m/s,-,N/A,,Clear
1998-1-24 5:00 PM,-3.0°C,-,-20.0°C,26%,1028hPa,10.0km,West,3.6km/h/1.0m/s,-,N/A,,Clear
1998-1-24 6:00 PM,-7.0°C,-,-21.0°C,33%,1028hPa,10.0km,Calm,Calm,-,N/A,,Clear
1998-1-24 7:00 PM,-7.0°C,-,-20.0°C,36%,1029hPa,10.0km,NE,3.6km/h/1.0m/s,-,N/A,,Clear
1998-1-24 8:00 PM,-10.0°C,-,-21.0°C,41%,1030hPa,10.0km,North,3.6km/h/1.0m/s,-,N/A,,Clear
1998-1-24 9:00 PM,-11.0°C,-,-19.0°C,53%,1030hPa,10.0km,Calm,Calm,-,N/A,,Clear
1998-1-24 10:00 PM,-11.0°C,-,-18.0°C,57%,1030hPa,10.0km,NNE,3.6km/h/1.0m/s,-,N/A,,Clear
1998-1-24 11:00 PM,-13.0°C,-,-21.0°C,52%,1030hPa,10.0km,ENE,3.6km/h/1.0m/s,-,N/A,,Clear
