Time (CST),Temp.,Windchill,Dew Point,Humidity,Pressure,Visibility,Wind Dir,Wind Speed,Gust Speed,Precip,Events,Conditions
1997-10-8 12:00 AM,6.0°C,-,1.0°C,70%,1025hPa,10.0km,SSE,3.6km/h/1.0m/s,-,N/A,,Clear
1997-10-8 1:00 AM,5.0°C,3.4°C,2.0°C,81%,1026hPa,10.0km,North,7.2km/h/2.0m/s,-,N/A,,Clear
1997-10-8 2:00 AM,5.0°C,-,1.0°C,76%,1026hPa,10.0km,Calm,Calm,-,N/A,,Clear
1997-10-8 3:00 AM,6.0°C,4.5°C,1.0°C,70%,1026hPa,10.0km,NNW,7.2km/h/2.0m/s,-,N/A,,Clear
1997-10-8 4:00 AM,7.0°C,-,1.0°C,66%,1026hPa,10.0km,Calm,Calm,-,N/A,,Clear
1997-10-8 5:00 AM,7.0°C,5.7°C,1.0°C,66%,1026hPa,10.0km,NNW,7.2km/h/2.0m/s,-,N/A,,Clear
1997-10-8 6:00 AM,6.0°C,3.7°C,1.0°C,70%,1027hPa,10.0km,NNW,10.8km/h/3.0m/s,-,N/A,,Clear
1997-10-8 7:00 AM,7.0°C,-,1.0°C,66%,1027hPa,10.0km,Calm,Calm,-,N/A,,Clear
1997-10-8 8:00 AM,9.0°C,-,1.0°C,58%,1027hPa,10.0km,SW,3.6km/h/1.0m/s,-,N/A,,Clear
1997-10-8 9:00 AM,12.0°C,-,1.0°C,47%,1027hPa,10.0km,NNW,7.2km/h/2.0m/s,-,N/A,,Clear
1997-10-8 10:00 AM,14.0°C,-,0.0°C,38%,1026hPa,10.0km,South,3.6km/h/1.0m/s,-,N/A,,Clear
1997-10-8 11:00 AM,17.0°C,-,2.0°C,37%,1026hPa,10.0km,SSW,7.2km/h/2.0m/s,-,N/A,,Clear
1997-10-8 12:00 PM,18.0°C,-,1.0°C,32%,1025hPa,10.0km,SSE,3.6km/h/1.0m/s,-,N/A,,Clear
1997-10-8 1:00 PM,20.0°C,-,1.0°C,28%,1023hPa,10.0km,WSW,7.2km/h/2.0m/s,-,N/A,,Clear
1997-10-8 2:00 PM,22.0°C,-,2.0°C,27%,1022hPa,10.0km,SW,10.8km/h/3.0m/s,-,N/A,,Clear
1997-10-8 3:00 PM,22.0°C,-,1.0°C,25%,1020hPa,10.0km,SSW,14.4km/h/4.0m/s,-,N/A,,Clear
1997-10-8 4:00 PM,22.0°C,-,0.0°C,23%,1020hPa,10.0km,SW,10.8km/h/3.0m/s,-,N/A,,Clear
1997-10-8 5:00 PM,21.0°C,-,0.0°C,25%,1019hPa,10.0km,SW,7.2km/h/2.0m/s,-,N/A,,Clear
1997-10-8 6:00 PM,18.0°C,-,1.0°C,32%,1019hPa,10.0km,SW,7.2km/h/2.0m/s,-,N/A,,Clear
1997-10-8 7:00 PM,14.0°C,-,4.0°C,51%,1019hPa,10.0km,ESE,7.2km/h/2.0m/s,-,N/A,,Clear
1997-10-8 8:00 PM,11.0°C,-,3.0°C,58%,1019hPa,8.0km,ESE,7.2km/h/2.0m/s,-,N/A,,Clear
1997-10-8 10:00 PM,9.0°C,-,1.0°C,58%,1020hPa,10.0km,ESE,7.2km/h/2.0m/s,-,N/A,,Clear
1997-10-8 11:00 PM,8.0°C,-,1.0°C,62%,1020hPa,10.0km,ESE,3.6km/h/1.0m/s,-,N/A,,Clear
