Time (CST),Temp.,Windchill,Dew Point,Humidity,Pressure,Visibility,Wind Dir,Wind Speed,Gust Speed,Precip,Events,Conditions
1998-11-2 12:00 AM,53.6°F,-,23.0°F,30%,30.06in,6.2mi,WNW,11.2mph,-,N/A,,Clear
1998-11-2 1:00 AM,51.8°F,-,24.8°F,35%,30.09in,6.2mi,WNW,11.2mph,-,N/A,,Clear
1998-11-2 2:00 AM,50.0°F,-,26.6°F,40%,30.12in,6.2mi,WNW,15.7mph,-,N/A,,Clear
1998-11-2 3:00 AM,46.4°F,43.0°F,26.6°F,46%,30.12in,6.2mi,WNW,6.7mph,-,N/A,,Clear
1998-11-2 4:00 AM,44.6°F,40.8°F,24.8°F,46%,30.12in,6.2mi,WNW,6.7mph,-,N/A,,Clear
1998-11-2 5:00 AM,41.0°F,-,24.8°F,53%,30.12in,6.2mi,Calm,Calm,-,N/A,,Clear
1998-11-2 6:00 AM,41.0°F,-,24.8°F,53%,30.15in,6.2mi,Calm,Calm,-,N/A,,Clear
1998-11-2 7:00 AM,35.6°F,-,24.8°F,65%,30.15in,6.2mi,West,2.2mph,-,N/A,,Clear
1998-11-2 8:00 AM,37.4°F,33.9°F,26.6°F,65%,30.18in,3.7mi,SE,4.5mph,-,N/A,,Clear
1998-11-2 9:00 AM,46.4°F,-,26.6°F,46%,30.18in,6.2mi,Calm,Calm,-,N/A,,Clear
1998-11-2 11:00 AM,53.6°F,-,24.8°F,33%,30.18in,6.2mi,SW,6.7mph,-,N/A,,Clear
1998-11-2 12:00 PM,57.2°F,-,26.6°F,31%,30.15in,6.2mi,WSW,8.9mph,-,N/A,,Clear
1998-11-2 1:00 PM,59.0°F,-,21.2°F,23%,30.09in,6.2mi,SW,17.9mph,-,N/A,,Clear
1998-11-2 2:00 PM,60.8°F,-,21.2°F,22%,30.06in,6.2mi,SW,22.4mph,-,N/A,,Clear
1998-11-2 3:00 PM,62.6°F,-,19.4°F,19%,30.06in,6.2mi,SW,15.7mph,-,N/A,,Clear
1998-11-2 4:00 PM,62.6°F,-,17.6°F,18%,30.04in,6.2mi,SW,11.2mph,-,N/A,,Clear
1998-11-2 5:00 PM,62.6°F,-,17.6°F,18%,30.04in,6.2mi,SW,11.2mph,-,N/A,,Clear
1998-11-2 6:00 PM,57.2°F,-,21.2°F,25%,30.04in,6.2mi,WSW,4.5mph,-,N/A,,Clear
1998-11-2 7:00 PM,53.6°F,-,21.2°F,28%,30.04in,6.2mi,WSW,4.5mph,-,N/A,,Clear
1998-11-2 8:00 PM,50.0°F,-,21.2°F,32%,30.06in,6.2mi,SW,2.2mph,-,N/A,,Clear
1998-11-2 9:00 PM,48.2°F,-,21.2°F,34%,30.06in,6.2mi,South,2.2mph,-,N/A,,Clear
1998-11-2 10:00 PM,50.0°F,-,23.0°F,35%,30.06in,6.2mi,South,2.2mph,-,N/A,,Clear
1998-11-2 11:00 PM,41.0°F,38.1°F,24.8°F,53%,30.04in,6.2mi,SE,4.5mph,-,N/A,,Clear
