Time (CST),Temp.,Windchill,Dew Point,Humidity,Pressure,Visibility,Wind Dir,Wind Speed,Gust Speed,Precip,Events,Conditions
1997-2-10 12:00 AM,-3.0°C,-5.9°C,-16.0°C,37%,1021hPa,10.0km,North,7.2km/h/2.0m/s,-,N/A,,Clear
1997-2-10 1:00 AM,-4.0°C,-9.9°C,-16.0°C,40%,1022hPa,10.0km,WNW,18.0km/h/5.0m/s,-,N/A,,Clear
1997-2-10 2:00 AM,-4.0°C,-7.1°C,-16.0°C,40%,1022hPa,10.0km,WNW,7.2km/h/2.0m/s,-,N/A,,Clear
1997-2-10 3:00 AM,-6.0°C,-10.7°C,-16.0°C,46%,1023hPa,10.0km,NE,10.8km/h/3.0m/s,-,N/A,,Clear
1997-2-10 4:00 AM,-8.0°C,-14.9°C,-16.0°C,53%,1023hPa,10.0km,NNW,18.0km/h/5.0m/s,-,N/A,,Clear
1997-2-10 5:00 AM,-9.0°C,-14.3°C,-17.0°C,53%,1023hPa,10.0km,NNW,10.8km/h/3.0m/s,-,N/A,,Clear
1997-2-10 6:00 AM,-9.0°C,-,-17.0°C,53%,1023hPa,10.0km,Calm,Calm,-,N/A,,Clear
1997-2-10 7:00 AM,-9.0°C,-12.9°C,-18.0°C,49%,1024hPa,10.0km,ENE,7.2km/h/2.0m/s,-,N/A,,Clear
1997-2-10 8:00 AM,-10.0°C,-15.5°C,-18.0°C,53%,1025hPa,10.0km,NNE,10.8km/h/3.0m/s,-,N/A,,Clear
1997-2-10 9:00 AM,-7.0°C,-,-21.0°C,33%,1026hPa,10.0km,Calm,Calm,-,N/A,,Clear
1997-2-10 10:00 AM,-6.0°C,-12.4°C,-22.0°C,28%,1026hPa,10.0km,NW,18.0km/h/5.0m/s,-,N/A,,Clear
1997-2-10 11:00 AM,-4.0°C,-9.2°C,-21.0°C,26%,1026hPa,10.0km,NNE,14.4km/h/4.0m/s,-,N/A,,Clear
1997-2-10 12:00 PM,-3.0°C,-8.0°C,-21.0°C,24%,1026hPa,10.0km,North,14.4km/h/4.0m/s,-,N/A,,Clear
1997-2-10 1:00 PM,-2.0°C,-7.4°C,-20.0°C,25%,1025hPa,10.0km,NNE,18.0km/h/5.0m/s,-,N/A,,Clear
1997-2-10 2:00 PM,0.0°C,-4.9°C,-21.0°C,20%,1024hPa,10.0km,NNE,18.0km/h/5.0m/s,-,N/A,,Clear
1997-2-10 3:00 PM,-1.0°C,-3.6°C,-22.0°C,19%,1023hPa,10.0km,East,7.2km/h/2.0m/s,-,N/A,,Clear
1997-2-10 4:00 PM,0.0°C,-4.9°C,-22.0°C,18%,1023hPa,10.0km,NE,18.0km/h/5.0m/s,-,N/A,,Clear
1997-2-10 5:00 PM,0.0°C,-2.5°C,-19.0°C,23%,1023hPa,10.0km,North,7.2km/h/2.0m/s,-,N/A,,Clear
1997-2-10 6:00 PM,-1.0°C,-5.5°C,-22.0°C,19%,1023hPa,10.0km,North,14.4km/h/4.0m/s,-,N/A,,Clear
1997-2-10 7:00 PM,-3.0°C,-7.1°C,-19.0°C,29%,1024hPa,10.0km,NNE,10.8km/h/3.0m/s,-,N/A,,Clear
1997-2-10 8:00 PM,-4.0°C,-7.1°C,-19.0°C,31%,1025hPa,10.0km,North,7.2km/h/2.0m/s,-,N/A,,Clear
1997-2-10 9:00 PM,-5.0°C,-8.3°C,-19.0°C,33%,1025hPa,10.0km,NE,7.2km/h/2.0m/s,-,N/A,,Clear
1997-2-10 10:00 PM,-5.0°C,-9.5°C,-20.0°C,31%,1026hPa,10.0km,NNE,10.8km/h/3.0m/s,-,N/A,,Clear
1997-2-10 11:00 PM,-6.0°C,-10.7°C,-20.0°C,33%,1026hPa,10.0km,North,10.8km/h/3.0m/s,-,N/A,,Clear
