Time (CST),Temp.,Windchill,Dew Point,Humidity,Pressure,Visibility,Wind Dir,Wind Speed,Gust Speed,Precip,Events,Conditions
1998-10-29 12:00 AM,39.2°F,-,39.2°F,100%,30.09in,6.2mi,ESE,2.2mph,-,N/A,,Clear
1998-10-29 1:00 AM,39.2°F,36.0°F,39.2°F,100%,30.06in,6.2mi,ESE,4.5mph,-,N/A,,Clear
1998-10-29 2:00 AM,39.2°F,-,39.2°F,100%,30.06in,6.2mi,ENE,2.2mph,-,N/A,,Clear
1998-10-29 3:00 AM,39.2°F,-,39.2°F,100%,30.06in,3.1mi,Calm,Calm,-,N/A,,Clear
1998-10-29 4:00 AM,37.4°F,-,37.4°F,100%,30.06in,3.1mi,Calm,Calm,-,N/A,,Clear
1998-10-29 5:00 AM,37.4°F,-,35.6°F,93%,30.06in,1.4mi,ESE,2.2mph,-,N/A,,Clear
1998-10-29 6:00 AM,35.6°F,-,35.6°F,100%,30.06in,1.2mi,East,2.2mph,-,N/A,,Clear
1998-10-29 8:00 AM,35.6°F,-,35.6°F,100%,30.09in,0.3mi,Calm,Calm,-,N/A,Fog,Fog
1998-10-29 9:00 AM,39.2°F,-,39.2°F,100%,30.09in,0.3mi,ENE,2.2mph,-,N/A,Fog,Fog
1998-10-29 10:00 AM,44.6°F,-,42.8°F,93%,30.09in,0.6mi,Calm,Calm,-,N/A,,Mostly Cloudy
1998-10-29 11:00 AM,48.2°F,-,42.8°F,82%,-,1.0mi,Calm,Calm,-,N/A,,Mostly Cloudy
1998-10-29 12:00 PM,50.0°F,-,42.8°F,76%,30.06in,0.8mi,South,2.2mph,-,N/A,,Mostly Cloudy
1998-10-29 1:00 PM,51.8°F,-,42.8°F,71%,30.04in,0.8mi,Calm,Calm,-,N/A,,Overcast
1998-10-29 2:00 PM,55.4°F,-,44.6°F,67%,30.01in,0.8mi,NW,2.2mph,-,N/A,,Mostly Cloudy
1998-10-29 3:00 PM,57.2°F,-,41.0°F,55%,30.01in,6.2mi,NNW,8.9mph,-,N/A,,Overcast
1998-10-29 4:00 PM,57.2°F,-,35.6°F,44%,30.01in,-,West,2.2mph,-,N/A,,Clear
1998-10-29 5:00 PM,57.2°F,-,35.6°F,44%,30.01in,6.2mi,Calm,Calm,-,N/A,,Clear
1998-10-29 6:00 PM,50.0°F,-,39.2°F,66%,30.01in,6.2mi,Calm,Calm,-,N/A,,Clear
1998-10-29 7:00 PM,48.2°F,-,42.8°F,82%,30.04in,1.9mi,Calm,Calm,-,N/A,,Smoke
1998-10-29 8:00 PM,42.8°F,-,39.2°F,87%,30.06in,1.6mi,ESE,2.2mph,-,N/A,,Smoke
1998-10-29 9:00 PM,41.0°F,38.1°F,39.2°F,93%,30.06in,1.6mi,ESE,4.5mph,-,N/A,,Clear
1998-10-29 10:00 PM,41.0°F,38.1°F,39.2°F,93%,30.06in,1.4mi,SE,4.5mph,-,N/A,,Clear
1998-10-29 11:00 PM,39.2°F,-,39.2°F,100%,30.06in,1.7mi,ESE,2.2mph,-,N/A,,Clear
