Time (CST),Temp.,Windchill,Dew Point,Humidity,Pressure,Visibility,Wind Dir,Wind Speed,Gust Speed,Precip,Events,Conditions
1997-4-9 12:00 AM,5.0°C,2.5°C,-9.0°C,36%,1022hPa,-,North,10.8km/h/3.0m/s,-,N/A,,Clear
1997-4-9 1:00 AM,5.0°C,3.4°C,-9.0°C,36%,1022hPa,-,North,7.2km/h/2.0m/s,-,N/A,,Clear
1997-4-9 2:00 AM,4.0°C,1.3°C,-8.0°C,42%,1022hPa,-,NNE,10.8km/h/3.0m/s,-,N/A,,Clear
1997-4-9 3:00 AM,4.0°C,1.3°C,-8.0°C,42%,1022hPa,-,NNE,10.8km/h/3.0m/s,-,N/A,,Clear
1997-4-9 4:00 AM,3.0°C,1.0°C,-8.0°C,45%,1022hPa,-,NNE,7.2km/h/2.0m/s,-,N/A,,Clear
1997-4-9 5:00 AM,3.0°C,-,-8.0°C,45%,1022hPa,-,Calm,Calm,-,N/A,,Clear
1997-4-9 6:00 AM,3.0°C,1.0°C,-9.0°C,41%,1022hPa,-,North,7.2km/h/2.0m/s,-,N/A,,Clear
1997-4-9 7:00 AM,3.0°C,-0.6°C,-13.0°C,30%,1022hPa,-,North,14.4km/h/4.0m/s,-,N/A,,Clear
1997-4-9 8:00 AM,5.0°C,1.9°C,-13.0°C,26%,1022hPa,-,North,14.4km/h/4.0m/s,-,N/A,,Clear
1997-4-9 10:00 AM,7.0°C,5.7°C,-16.0°C,18%,1022hPa,-,North,7.2km/h/2.0m/s,-,N/A,,Clear
1997-4-9 11:00 AM,10.0°C,-,-15.0°C,16%,1021hPa,-,NE,7.2km/h/2.0m/s,-,N/A,,Clear
1997-4-9 12:00 PM,11.0°C,-,-17.0°C,13%,1021hPa,-,North,10.8km/h/3.0m/s,-,N/A,,Clear
1997-4-9 1:00 PM,12.0°C,-,-16.0°C,13%,1020hPa,-,West,14.4km/h/4.0m/s,-,N/A,,Clear
1997-4-9 2:00 PM,12.0°C,-,-17.0°C,12%,1019hPa,-,SW,18.0km/h/5.0m/s,-,N/A,,Clear
1997-4-9 3:00 PM,12.0°C,-,-14.0°C,15%,1018hPa,-,West,14.4km/h/4.0m/s,-,N/A,,Clear
1997-4-9 4:00 PM,12.0°C,-,-14.0°C,15%,1017hPa,-,WSW,14.4km/h/4.0m/s,-,N/A,,Clear
1997-4-9 5:00 PM,13.0°C,-,-15.0°C,13%,1017hPa,-,WSW,10.8km/h/3.0m/s,-,N/A,,Clear
1997-4-9 6:00 PM,12.0°C,-,-11.0°C,19%,1016hPa,-,Calm,Calm,-,N/A,,Clear
1997-4-9 7:00 PM,12.0°C,-,-8.0°C,24%,1016hPa,10.0km,NNE,7.2km/h/2.0m/s,-,N/A,,Clear
1997-4-9 8:00 PM,11.0°C,-,-7.0°C,28%,1017hPa,10.0km,NNE,10.8km/h/3.0m/s,-,N/A,,Clear
1997-4-9 9:00 PM,10.0°C,-,-9.0°C,26%,1018hPa,-,NE,18.0km/h/5.0m/s,-,N/A,,Clear
1997-4-9 10:00 PM,8.0°C,5.6°C,-8.0°C,32%,1018hPa,-,NNW,14.4km/h/4.0m/s,-,N/A,,Clear
1997-4-9 11:00 PM,8.0°C,6.1°C,-8.0°C,32%,1019hPa,-,North,10.8km/h/3.0m/s,-,N/A,,Clear
