Time (CST),Temp.,Windchill,Dew Point,Humidity,Pressure,Visibility,Wind Dir,Wind Speed,Gust Speed,Precip,Events,Conditions
1997-12-1 12:00 AM,-1.0°C,-,-4.0°C,80%,1033hPa,1.8km,Calm,Calm,-,N/A,,Overcast
1997-12-1 1:00 AM,-1.0°C,-6.2°C,-9.0°C,55%,1033hPa,8.0km,NNW,18.0km/h/5.0m/s,-,N/A,,Overcast
1997-12-1 2:00 AM,-3.0°C,-9.3°C,-12.0°C,51%,1035hPa,8.0km,NNW,21.6km/h/6.0m/s,-,N/A,,Overcast
1997-12-1 3:00 AM,-3.0°C,-9.3°C,-13.0°C,47%,1036hPa,-,North,21.6km/h/6.0m/s,-,N/A,,Clear
1997-12-1 4:00 AM,-5.0°C,-11.2°C,-14.0°C,50%,1037hPa,-,NW,18.0km/h/5.0m/s,-,N/A,,Clear
1997-12-1 5:00 AM,-6.0°C,-12.4°C,-18.0°C,39%,1038hPa,-,NNW,18.0km/h/5.0m/s,-,N/A,,Clear
1997-12-1 6:00 AM,-8.0°C,-16.2°C,-22.0°C,32%,1039hPa,10.0km,NW,25.2km/h/7.0m/s,-,N/A,,Clear
1997-12-1 7:00 AM,-8.0°C,-16.2°C,-23.0°C,30%,1039hPa,10.0km,NW,25.2km/h/7.0m/s,-,N/A,,Clear
1997-12-1 8:00 AM,-9.0°C,-18.0°C,-27.0°C,23%,1040hPa,10.0km,NW,28.8km/h/8.0m/s,-,N/A,,Clear
1997-12-1 9:00 AM,-8.0°C,-15.6°C,-27.0°C,21%,1040hPa,10.0km,NW,21.6km/h/6.0m/s,-,N/A,,Clear
1997-12-1 10:00 AM,-7.0°C,-14.9°C,-27.0°C,20%,1041hPa,10.0km,NNW,25.2km/h/7.0m/s,-,N/A,,Clear
1997-12-1 11:00 AM,-6.0°C,-12.4°C,-27.0°C,18%,1040hPa,10.0km,NW,18.0km/h/5.0m/s,-,N/A,,Clear
1997-12-1 12:00 PM,-4.0°C,-10.5°C,-27.0°C,16%,1039hPa,10.0km,NW,21.6km/h/6.0m/s,-,N/A,,Clear
1997-12-1 1:00 PM,-4.0°C,-7.1°C,-27.0°C,16%,1036hPa,10.0km,NNW,7.2km/h/2.0m/s,-,N/A,,Clear
1997-12-1 2:00 PM,-3.0°C,-8.0°C,-23.0°C,21%,1035hPa,10.0km,West,14.4km/h/4.0m/s,-,N/A,,Clear
1997-12-1 3:00 PM,-3.0°C,-7.1°C,-23.0°C,21%,1034hPa,10.0km,WSW,10.8km/h/3.0m/s,-,N/A,,Clear
1997-12-1 4:00 PM,-3.0°C,-8.0°C,-23.0°C,21%,1033hPa,10.0km,WSW,14.4km/h/4.0m/s,-,N/A,,Clear
1997-12-1 5:00 PM,-4.0°C,-8.3°C,-22.0°C,24%,1033hPa,10.0km,WSW,10.8km/h/3.0m/s,-,N/A,,Clear
1997-12-1 6:00 PM,-5.0°C,-9.5°C,-19.0°C,33%,1034hPa,10.0km,WNW,10.8km/h/3.0m/s,-,N/A,,Clear
1997-12-1 7:00 PM,-6.0°C,-9.4°C,-20.0°C,33%,1034hPa,10.0km,NW,7.2km/h/2.0m/s,-,N/A,,Clear
1997-12-1 8:00 PM,-7.0°C,-11.9°C,-21.0°C,33%,1035hPa,10.0km,WNW,10.8km/h/3.0m/s,-,N/A,,Clear
1997-12-1 9:00 PM,-7.0°C,-10.6°C,-21.0°C,33%,1035hPa,10.0km,West,7.2km/h/2.0m/s,-,N/A,,Clear
1997-12-1 10:00 PM,-7.0°C,-10.6°C,-21.0°C,33%,1035hPa,10.0km,SSE,7.2km/h/2.0m/s,-,N/A,,Clear
1997-12-1 11:00 PM,-9.0°C,-,-20.0°C,41%,1035hPa,10.0km,South,3.6km/h/1.0m/s,-,N/A,,Clear
