Time (CST),Temp.,Windchill,Dew Point,Humidity,Pressure,Visibility,Wind Dir,Wind Speed,Gust Speed,Precip,Events,Conditions
1997-3-4 12:00 AM,0.0°C,-4.9°C,-10.0°C,48%,1022hPa,10.0km,East,18.0km/h/5.0m/s,-,N/A,,Clear
1997-3-4 1:00 AM,0.0°C,-4.9°C,-10.0°C,48%,1022hPa,10.0km,East,18.0km/h/5.0m/s,-,N/A,,Clear
1997-3-4 2:00 AM,0.0°C,-3.5°C,-10.0°C,48%,1021hPa,10.0km,East,10.8km/h/3.0m/s,-,N/A,,Clear
1997-3-4 5:00 AM,-1.0°C,-3.6°C,-9.0°C,55%,1021hPa,10.0km,ENE,7.2km/h/2.0m/s,-,N/A,,Clear
1997-3-4 6:00 AM,-3.0°C,-,-9.0°C,64%,1021hPa,10.0km,Calm,Calm,-,N/A,,Clear
1997-3-4 7:00 AM,-3.0°C,-,-9.0°C,64%,1021hPa,10.0km,Calm,Calm,-,N/A,,Clear
1997-3-4 8:00 AM,-2.0°C,-,-8.0°C,64%,1022hPa,10.0km,Calm,Calm,-,N/A,,Clear
1997-3-4 9:00 AM,0.0°C,-,-7.0°C,60%,1022hPa,10.0km,Calm,Calm,-,N/A,,Clear
1997-3-4 10:00 AM,6.0°C,-,-11.0°C,29%,1021hPa,10.0km,Calm,Calm,-,N/A,,Clear
1997-3-4 11:00 AM,9.0°C,-,-11.0°C,24%,1021hPa,10.0km,South,7.2km/h/2.0m/s,-,N/A,,Clear
1997-3-4 12:00 PM,11.0°C,-,-9.0°C,24%,1019hPa,10.0km,South,10.8km/h/3.0m/s,-,N/A,,Clear
1997-3-4 1:00 PM,12.0°C,-,-9.0°C,22%,1018hPa,10.0km,South,10.8km/h/3.0m/s,-,N/A,,Clear
1997-3-4 2:00 PM,14.0°C,-,-7.0°C,23%,1017hPa,10.0km,SSW,18.0km/h/5.0m/s,-,N/A,,Clear
1997-3-4 3:00 PM,14.0°C,-,-7.0°C,23%,1016hPa,10.0km,SW,10.8km/h/3.0m/s,-,N/A,,Clear
1997-3-4 4:00 PM,15.0°C,-,-5.0°C,25%,1015hPa,10.0km,SW,3.6km/h/1.0m/s,-,N/A,,Clear
1997-3-4 5:00 PM,15.0°C,-,-9.0°C,19%,1015hPa,10.0km,South,14.4km/h/4.0m/s,-,N/A,,Clear
1997-3-4 6:00 PM,14.0°C,-,-5.0°C,27%,1015hPa,10.0km,SSW,7.2km/h/2.0m/s,-,N/A,,Clear
1997-3-4 7:00 PM,12.0°C,-,-5.0°C,30%,1015hPa,10.0km,East,7.2km/h/2.0m/s,-,N/A,,Clear
1997-3-4 8:00 PM,9.0°C,-,-8.0°C,30%,1015hPa,10.0km,ENE,14.4km/h/4.0m/s,-,N/A,,Clear
1997-3-4 9:00 PM,6.0°C,-,-6.0°C,42%,1016hPa,10.0km,Calm,Calm,-,N/A,,Clear
1997-3-4 10:00 PM,5.0°C,-,-7.0°C,42%,1017hPa,10.0km,Calm,Calm,-,N/A,,Clear
1997-3-4 11:00 PM,5.0°C,3.4°C,-7.0°C,42%,1017hPa,10.0km,East,7.2km/h/2.0m/s,-,N/A,,Clear
