Time (CST),Temp.,Heat Index,Dew Point,Humidity,Pressure,Visibility,Wind Dir,Wind Speed,Gust Speed,Precip,Events,Conditions
1997-7-15 12:00 AM,22.0°C,-,13.0°C,57%,1006hPa,10.0km,East,10.8km/h/3.0m/s,-,N/A,,Clear
1997-7-15 1:00 AM,23.0°C,-,14.0°C,57%,1006hPa,10.0km,East,10.8km/h/3.0m/s,-,N/A,,Clear
1997-7-15 2:00 AM,23.0°C,-,14.0°C,57%,1005hPa,10.0km,East,7.2km/h/2.0m/s,-,N/A,,Clear
1997-7-15 3:00 AM,20.0°C,-,14.0°C,68%,1005hPa,10.0km,West,7.2km/h/2.0m/s,-,N/A,,Clear
1997-7-15 4:00 AM,21.0°C,-,15.0°C,68%,1005hPa,10.0km,Calm,Calm,-,N/A,,Clear
1997-7-15 5:00 AM,18.0°C,-,14.0°C,77%,1005hPa,10.0km,ESE,7.2km/h/2.0m/s,-,N/A,,Clear
1997-7-15 6:00 AM,17.0°C,-,14.0°C,82%,1005hPa,10.0km,SE,7.2km/h/2.0m/s,-,N/A,,Clear
1997-7-15 7:00 AM,19.0°C,-,15.0°C,78%,1006hPa,10.0km,SE,7.2km/h/2.0m/s,-,N/A,,Clear
1997-7-15 8:00 AM,22.0°C,-,16.0°C,69%,1006hPa,8.0km,Calm,Calm,-,N/A,,Clear
1997-7-15 10:00 AM,27.0°C,27.7°C,17.0°C,54%,1005hPa,-,Calm,Calm,-,N/A,,Clear
1997-7-15 11:00 AM,29.0°C,29.4°C,17.0°C,48%,1005hPa,-,SW,7.2km/h/2.0m/s,-,N/A,,Clear
1997-7-15 12:00 PM,31.0°C,30.9°C,16.0°C,40%,1005hPa,-,West,7.2km/h/2.0m/s,-,N/A,,Clear
1997-7-15 1:00 PM,31.0°C,30.3°C,14.0°C,35%,1005hPa,-,SE,3.6km/h/1.0m/s,-,N/A,,Clear
1997-7-15 2:00 PM,32.0°C,31.2°C,14.0°C,33%,1005hPa,-,NNW,14.4km/h/4.0m/s,-,N/A,,Clear
1997-7-15 3:00 PM,33.0°C,32.6°C,15.0°C,34%,1004hPa,10.0km,NW,10.8km/h/3.0m/s,-,N/A,,Mostly Cloudy
1997-7-15 4:00 PM,32.0°C,30.9°C,13.0°C,31%,1004hPa,10.0km,NNW,14.4km/h/4.0m/s,-,N/A,,Scattered Clouds
1997-7-15 5:00 PM,33.0°C,32.6°C,15.0°C,34%,1003hPa,10.0km,NW,10.8km/h/3.0m/s,-,N/A,,Mostly Cloudy
1997-7-15 6:00 PM,32.0°C,31.9°C,16.0°C,38%,1003hPa,-,West,7.2km/h/2.0m/s,-,N/A,,Clear
1997-7-15 7:00 PM,31.0°C,30.3°C,14.0°C,35%,1003hPa,-,East,7.2km/h/2.0m/s,-,N/A,,Clear
1997-7-15 8:00 PM,29.0°C,28.4°C,13.0°C,37%,1004hPa,-,ESE,7.2km/h/2.0m/s,-,N/A,,Clear
1997-7-15 9:00 PM,28.0°C,27.6°C,13.0°C,39%,1004hPa,-,ESE,10.8km/h/3.0m/s,-,N/A,,Clear
1997-7-15 10:00 PM,28.0°C,27.6°C,13.0°C,39%,1005hPa,-,ESE,10.8km/h/3.0m/s,-,N/A,,Clear
1997-7-15 11:00 PM,27.0°C,26.8°C,12.0°C,39%,1005hPa,-,SE,14.4km/h/4.0m/s,-,N/A,,Clear
