Time (CST),Temp.,Windchill,Dew Point,Humidity,Pressure,Visibility,Wind Dir,Wind Speed,Gust Speed,Precip,Events,Conditions
1997-3-7 12:00 AM,4.0°C,1.3°C,-12.0°C,31%,1021hPa,10.0km,NE,10.8km/h/3.0m/s,-,N/A,,Clear
1997-3-7 1:00 AM,3.0°C,-,-13.0°C,30%,1022hPa,10.0km,Calm,Calm,-,N/A,,Clear
1997-3-7 2:00 AM,2.0°C,-,-11.0°C,38%,1022hPa,10.0km,Calm,Calm,-,N/A,,Clear
1997-3-7 3:00 AM,1.0°C,-,-10.0°C,44%,1022hPa,10.0km,Calm,Calm,-,N/A,,Clear
1997-3-7 4:00 AM,1.0°C,-,-12.0°C,38%,1022hPa,10.0km,Calm,Calm,-,N/A,,Clear
1997-3-7 5:00 AM,0.0°C,-2.5°C,-12.0°C,41%,1022hPa,10.0km,NE,7.2km/h/2.0m/s,-,N/A,,Clear
1997-3-7 6:00 AM,-1.0°C,-,-11.0°C,47%,1022hPa,10.0km,Calm,Calm,-,N/A,,Clear
1997-3-7 7:00 AM,-1.0°C,-,-10.0°C,51%,1023hPa,10.0km,Calm,Calm,-,N/A,,Clear
1997-3-7 8:00 AM,-1.0°C,-,-8.0°C,60%,1023hPa,10.0km,Calm,Calm,-,N/A,,Clear
1997-3-7 9:00 AM,2.0°C,-,-8.0°C,48%,1023hPa,10.0km,Calm,Calm,-,N/A,,Clear
1997-3-7 10:00 AM,7.0°C,4.9°C,-11.0°C,27%,1023hPa,10.0km,SE,10.8km/h/3.0m/s,-,N/A,,Clear
1997-3-7 11:00 AM,9.0°C,-,-8.0°C,30%,1023hPa,10.0km,ESE,10.8km/h/3.0m/s,-,N/A,,Clear
1997-3-7 12:00 PM,12.0°C,-,-8.0°C,24%,1023hPa,10.0km,SW,7.2km/h/2.0m/s,-,N/A,,Clear
1997-3-7 1:00 PM,13.0°C,-,-7.0°C,25%,1021hPa,10.0km,Calm,Calm,-,N/A,,Clear
1997-3-7 2:00 PM,14.0°C,-,-9.0°C,20%,1020hPa,10.0km,SW,14.4km/h/4.0m/s,-,N/A,,Clear
1997-3-7 3:00 PM,15.0°C,-,-10.0°C,17%,1019hPa,10.0km,South,7.2km/h/2.0m/s,-,N/A,,Clear
1997-3-7 4:00 PM,17.0°C,-,-10.0°C,15%,1018hPa,10.0km,SW,18.0km/h/5.0m/s,-,N/A,,Clear
1997-3-7 5:00 PM,16.0°C,-,-8.0°C,19%,1017hPa,-,SSW,10.8km/h/3.0m/s,-,N/A,,Clear
1997-3-7 6:00 PM,15.0°C,-,-7.0°C,22%,1017hPa,-,ESE,7.2km/h/2.0m/s,-,N/A,,Clear
1997-3-7 7:00 PM,13.0°C,-,-9.0°C,21%,1017hPa,-,ENE,7.2km/h/2.0m/s,-,N/A,,Clear
1997-3-7 8:00 PM,10.0°C,-,-5.0°C,35%,1018hPa,-,ENE,3.6km/h/1.0m/s,-,N/A,,Clear
1997-3-7 9:00 PM,9.0°C,-,-6.0°C,34%,1018hPa,-,North,3.6km/h/1.0m/s,-,N/A,,Clear
1997-3-7 11:00 PM,7.0°C,5.7°C,-9.0°C,31%,1018hPa,10.0km,East,7.2km/h/2.0m/s,-,N/A,,Clear
