Time (CST),Temp.,Windchill,Dew Point,Humidity,Pressure,Visibility,Wind Dir,Wind Speed,Gust Speed,Precip,Events,Conditions
1997-1-31 12:00 AM,-2.0°C,-6.7°C,-11.0°C,51%,1018hPa,10.0km,ESE,14.4km/h/4.0m/s,-,N/A,,Clear
1997-1-31 1:00 AM,-4.0°C,-8.3°C,-12.0°C,54%,1019hPa,10.0km,ENE,10.8km/h/3.0m/s,-,N/A,,Clear
1997-1-31 2:00 AM,-2.0°C,-5.9°C,-10.0°C,55%,1019hPa,10.0km,East,10.8km/h/3.0m/s,-,N/A,,Clear
1997-1-31 3:00 AM,-4.0°C,-8.3°C,-13.0°C,50%,1019hPa,10.0km,East,10.8km/h/3.0m/s,-,N/A,,Clear
1997-1-31 4:00 AM,-5.0°C,-9.5°C,-13.0°C,54%,1019hPa,10.0km,East,10.8km/h/3.0m/s,-,N/A,,Clear
1997-1-31 5:00 AM,-6.0°C,-,-13.0°C,58%,1020hPa,10.0km,Calm,Calm,-,N/A,,Clear
1997-1-31 6:00 AM,-8.0°C,-11.8°C,-13.0°C,68%,1019hPa,10.0km,NNW,7.2km/h/2.0m/s,-,N/A,,Clear
1997-1-31 7:00 AM,-8.0°C,-14.1°C,-14.0°C,63%,1020hPa,10.0km,South,14.4km/h/4.0m/s,-,N/A,,Clear
1997-1-31 8:00 AM,-7.0°C,-10.6°C,-15.0°C,54%,1021hPa,10.0km,East,7.2km/h/2.0m/s,-,N/A,,Clear
1997-1-31 9:00 AM,-6.0°C,-,-12.0°C,63%,1022hPa,10.0km,Calm,Calm,-,N/A,,Clear
1997-1-31 10:00 AM,0.0°C,-,-13.0°C,38%,1023hPa,10.0km,Calm,Calm,-,N/A,,Clear
1997-1-31 11:00 AM,3.0°C,-,-17.0°C,22%,1023hPa,10.0km,Calm,Calm,-,N/A,,Clear
1997-1-31 12:00 PM,4.0°C,2.2°C,-11.0°C,33%,1022hPa,10.0km,East,7.2km/h/2.0m/s,-,N/A,,Clear
1997-1-31 1:00 PM,7.0°C,5.7°C,-13.0°C,23%,1021hPa,10.0km,East,7.2km/h/2.0m/s,-,N/A,,Clear
1997-1-31 2:00 PM,10.0°C,-,-12.0°C,20%,1020hPa,10.0km,Calm,Calm,-,N/A,,Clear
1997-1-31 3:00 PM,10.0°C,-,-11.0°C,22%,1019hPa,10.0km,Calm,Calm,-,N/A,,Clear
1997-1-31 4:00 PM,10.0°C,-,-12.0°C,20%,1019hPa,10.0km,Calm,Calm,-,N/A,,Clear
1997-1-31 5:00 PM,10.0°C,-,-11.0°C,22%,1018hPa,10.0km,Calm,Calm,-,N/A,,Clear
1997-1-31 6:00 PM,6.0°C,1.8°C,-16.0°C,19%,1019hPa,-,East,25.2km/h/7.0m/s,-,N/A,,Clear
1997-1-31 7:00 PM,4.0°C,-0.8°C,-16.0°C,22%,1020hPa,-,East,25.2km/h/7.0m/s,-,N/A,,Clear
1997-1-31 8:00 PM,3.0°C,-2.8°C,-13.0°C,30%,1020hPa,-,ENE,32.4km/h/9.0m/s,-,N/A,,Clear
1997-1-31 9:00 PM,2.0°C,-3.7°C,-10.0°C,41%,1021hPa,-,ENE,28.8km/h/8.0m/s,-,N/A,,Clear
1997-1-31 10:00 PM,2.0°C,-3.3°C,-11.0°C,38%,1022hPa,-,NE,25.2km/h/7.0m/s,-,N/A,,Clear
1997-1-31 11:00 PM,1.0°C,-3.7°C,-11.0°C,41%,1022hPa,-,ENE,18.0km/h/5.0m/s,-,N/A,,Clear
