Time (CST),Temp.,Windchill,Dew Point,Humidity,Pressure,Visibility,Wind Dir,Wind Speed,Gust Speed,Precip,Events,Conditions
1998-11-21 12:00 AM,37.4°F,-,21.2°F,52%,30.24in,-,East,2.2mph,-,N/A,,Clear
1998-11-21 1:00 AM,37.4°F,-,21.2°F,52%,30.21in,-,East,2.2mph,-,N/A,,Clear
1998-11-21 2:00 AM,35.6°F,-,21.2°F,56%,30.21in,-,East,2.2mph,-,N/A,,Clear
1998-11-21 3:00 AM,33.8°F,-,21.2°F,60%,30.21in,-,East,2.2mph,-,N/A,,Clear
1998-11-21 4:00 AM,33.8°F,-,21.2°F,60%,30.18in,-,East,2.2mph,-,N/A,,Clear
1998-11-21 5:00 AM,30.2°F,-,19.4°F,64%,30.18in,-,NE,2.2mph,-,N/A,,Clear
1998-11-21 6:00 AM,28.4°F,-,19.4°F,69%,30.18in,-,ENE,2.2mph,-,N/A,,Clear
1998-11-21 7:00 AM,28.4°F,-,19.4°F,69%,30.21in,5.0mi,East,2.2mph,-,N/A,,Partly Cloudy
1998-11-21 8:00 AM,35.6°F,31.8°F,21.2°F,56%,30.24in,2.5mi,South,4.5mph,-,N/A,,Haze
1998-11-21 9:00 AM,33.8°F,-,21.2°F,60%,30.27in,1.9mi,Calm,Calm,-,N/A,,Haze
1998-11-21 10:00 AM,42.8°F,-,23.0°F,46%,30.24in,1.9mi,SW,2.2mph,-,N/A,,Haze
1998-11-21 11:00 AM,50.0°F,-,28.4°F,43%,30.27in,-,WNW,13.4mph,-,N/A,,Clear
1998-11-21 12:00 PM,51.8°F,-,24.8°F,35%,30.24in,-,WNW,22.4mph,-,N/A,,Clear
1998-11-21 1:00 PM,53.6°F,-,23.0°F,30%,30.24in,-,WNW,15.7mph,-,N/A,,Clear
1998-11-21 2:00 PM,53.6°F,-,21.2°F,28%,30.24in,-,WNW,17.9mph,-,N/A,,Clear
1998-11-21 3:00 PM,53.6°F,-,19.4°F,26%,30.21in,-,NW,17.9mph,-,N/A,,Clear
1998-11-21 4:00 PM,51.8°F,-,17.6°F,26%,30.24in,6.2mi,WNW,20.1mph,-,N/A,,Clear
1998-11-21 5:00 PM,50.0°F,-,17.6°F,28%,30.24in,6.2mi,NW,15.7mph,-,N/A,,Clear
1998-11-21 6:00 PM,46.4°F,41.2°F,15.8°F,29%,30.27in,6.2mi,NW,11.2mph,-,N/A,,Clear
1998-11-21 7:00 PM,44.6°F,40.8°F,14.0°F,29%,30.27in,6.2mi,WNW,6.7mph,-,N/A,,Clear
1998-11-21 8:00 PM,39.2°F,-,14.0°F,36%,30.27in,6.2mi,SSE,2.2mph,-,N/A,,Clear
1998-11-21 9:00 PM,41.0°F,-,14.0°F,33%,30.27in,6.2mi,Calm,Calm,-,N/A,,Clear
1998-11-21 10:00 PM,42.8°F,-,15.8°F,34%,30.30in,6.2mi,Calm,Calm,-,N/A,,Clear
1998-11-21 11:00 PM,32.0°F,-,14.0°F,48%,30.30in,6.2mi,Calm,Calm,-,N/A,,Clear
