Time (CST),Temp.,Windchill,Dew Point,Humidity,Pressure,Visibility,Wind Dir,Wind Speed,Gust Speed,Precip,Events,Conditions
1997-9-18 12:00 AM,6.0°C,-,6.0°C,100%,1026hPa,10.0km,SE,3.6km/h/1.0m/s,-,N/A,,Overcast
1997-9-18 1:00 AM,5.0°C,-,5.0°C,100%,1026hPa,10.0km,Calm,Calm,-,N/A,,Overcast
1997-9-18 2:00 AM,7.0°C,-,7.0°C,100%,1026hPa,10.0km,SE,3.6km/h/1.0m/s,-,N/A,,Overcast
1997-9-18 3:00 AM,7.0°C,-,7.0°C,100%,1026hPa,10.0km,ESE,3.6km/h/1.0m/s,-,N/A,,Overcast
1997-9-18 4:00 AM,7.0°C,5.7°C,7.0°C,100%,1025hPa,10.0km,SSE,7.2km/h/2.0m/s,-,N/A,,Overcast
1997-9-18 5:00 AM,7.0°C,-,7.0°C,100%,1025hPa,6.0km,SE,3.6km/h/1.0m/s,-,N/A,,Overcast
1997-9-18 6:00 AM,7.0°C,-,7.0°C,100%,1025hPa,6.0km,SE,3.6km/h/1.0m/s,-,N/A,,Overcast
1997-9-18 7:00 AM,7.0°C,-,7.0°C,100%,1026hPa,4.0km,SSE,3.6km/h/1.0m/s,-,N/A,,Overcast
1997-9-18 8:00 AM,7.0°C,-,7.0°C,100%,1026hPa,2.0km,SW,3.6km/h/1.0m/s,-,N/A,,Overcast
1997-9-18 9:00 AM,8.0°C,6.9°C,8.0°C,100%,1026hPa,2.0km,South,7.2km/h/2.0m/s,-,N/A,,Mostly Cloudy
1997-9-18 10:00 AM,9.0°C,-,8.0°C,93%,1026hPa,2.6km,SSE,7.2km/h/2.0m/s,-,N/A,,Mostly Cloudy
1997-9-18 11:00 AM,12.0°C,-,9.0°C,82%,1025hPa,3.5km,South,10.8km/h/3.0m/s,-,N/A,,Mostly Cloudy
1997-9-18 12:00 PM,14.0°C,-,9.0°C,72%,1024hPa,5.0km,SW,7.2km/h/2.0m/s,-,N/A,,Mostly Cloudy
1997-9-18 1:00 PM,16.0°C,-,9.0°C,63%,1023hPa,10.0km,SW,10.8km/h/3.0m/s,-,N/A,,Clear
1997-9-18 2:00 PM,18.0°C,-,9.0°C,56%,1021hPa,10.0km,SW,7.2km/h/2.0m/s,-,N/A,,Partly Cloudy
1997-9-18 3:00 PM,19.0°C,-,8.0°C,49%,1020hPa,10.0km,South,10.8km/h/3.0m/s,-,N/A,,Partly Cloudy
1997-9-18 4:00 PM,19.0°C,-,7.0°C,46%,1020hPa,10.0km,West,14.4km/h/4.0m/s,-,N/A,,Scattered Clouds
1997-9-18 5:00 PM,18.0°C,-,6.0°C,45%,1020hPa,10.0km,SW,14.4km/h/4.0m/s,-,N/A,,Scattered Clouds
1997-9-18 6:00 PM,17.0°C,-,5.0°C,45%,1020hPa,-,SW,7.2km/h/2.0m/s,-,N/A,,Clear
1997-9-18 7:00 PM,14.0°C,-,6.0°C,59%,1020hPa,10.0km,Calm,Calm,-,N/A,,Clear
1997-9-18 8:00 PM,9.0°C,-,7.0°C,87%,1020hPa,10.0km,SE,7.2km/h/2.0m/s,-,N/A,,Clear
1997-9-18 9:00 PM,9.0°C,-,8.0°C,93%,1021hPa,10.0km,SE,7.2km/h/2.0m/s,-,N/A,,Clear
1997-9-18 10:00 PM,8.0°C,6.9°C,8.0°C,100%,1021hPa,10.0km,ESE,7.2km/h/2.0m/s,-,N/A,,Clear
1997-9-18 11:00 PM,8.0°C,6.9°C,8.0°C,100%,1021hPa,7.0km,East,7.2km/h/2.0m/s,-,N/A,,Clear
