Time (CST),Temp.,Windchill,Dew Point,Humidity,Pressure,Visibility,Wind Dir,Wind Speed,Gust Speed,Precip,Events,Conditions
1997-11-13 12:00 AM,5.0°C,3.4°C,5.0°C,100%,1023hPa,1.6km,SW,7.2km/h/2.0m/s,-,N/A,Rain,Light Rain
1997-11-13 1:00 AM,5.0°C,-,5.0°C,100%,1023hPa,1.6km,SW,3.6km/h/1.0m/s,-,N/A,Rain,Light Rain
1997-11-13 2:00 AM,5.0°C,-,5.0°C,100%,1023hPa,1.6km,WSW,3.6km/h/1.0m/s,-,N/A,,Overcast
1997-11-13 3:00 AM,4.0°C,-,4.0°C,100%,1024hPa,2.1km,West,3.6km/h/1.0m/s,-,N/A,,Overcast
1997-11-13 4:00 AM,3.0°C,-,3.0°C,100%,1022hPa,2.8km,West,3.6km/h/1.0m/s,-,N/A,,Overcast
1997-11-13 5:00 AM,3.0°C,1.0°C,1.0°C,87%,1021hPa,10.0km,WNW,7.2km/h/2.0m/s,-,N/A,,Overcast
1997-11-13 6:00 AM,3.0°C,-,1.0°C,87%,1022hPa,10.0km,SW,3.6km/h/1.0m/s,-,N/A,,Clear
1997-11-13 7:00 AM,2.0°C,-,2.0°C,100%,1022hPa,8.0km,WSW,3.6km/h/1.0m/s,-,N/A,,Mostly Cloudy
1997-11-13 8:00 AM,3.0°C,-,1.0°C,87%,1022hPa,-,Calm,Calm,-,N/A,,Clear
1997-11-13 9:00 AM,3.0°C,-,3.0°C,100%,1022hPa,3.0km,SW,3.6km/h/1.0m/s,-,N/A,,Mostly Cloudy
1997-11-13 11:00 AM,7.0°C,-,2.0°C,71%,1022hPa,-,SSE,3.6km/h/1.0m/s,-,N/A,,Clear
1997-11-13 12:00 PM,7.0°C,-,0.0°C,61%,1021hPa,-,West,3.6km/h/1.0m/s,-,N/A,,Clear
1997-11-13 1:00 PM,8.0°C,6.1°C,0.0°C,57%,1020hPa,-,WSW,10.8km/h/3.0m/s,-,N/A,,Clear
1997-11-13 2:00 PM,9.0°C,-,0.0°C,54%,1019hPa,-,WSW,3.6km/h/1.0m/s,-,N/A,,Clear
1997-11-13 3:00 PM,9.0°C,-,1.0°C,58%,1018hPa,-,SSW,7.2km/h/2.0m/s,-,N/A,,Clear
1997-11-13 4:00 PM,9.0°C,-,0.0°C,54%,1017hPa,-,WSW,10.8km/h/3.0m/s,-,N/A,,Clear
1997-11-13 5:00 PM,8.0°C,-,3.0°C,71%,1017hPa,-,SW,3.6km/h/1.0m/s,-,N/A,,Clear
1997-11-13 6:00 PM,5.0°C,-,1.0°C,76%,1016hPa,-,East,3.6km/h/1.0m/s,-,N/A,,Clear
1997-11-13 7:00 PM,3.0°C,-,1.0°C,87%,1017hPa,-,Calm,Calm,-,N/A,,Clear
1997-11-13 8:00 PM,4.0°C,-,3.0°C,93%,1017hPa,8.0km,Calm,Calm,-,N/A,,Scattered Clouds
1997-11-13 9:00 PM,3.0°C,-,0.0°C,81%,1018hPa,8.0km,ESE,3.6km/h/1.0m/s,-,N/A,,Partly Cloudy
1997-11-13 10:00 PM,1.0°C,-,0.0°C,93%,1018hPa,-,South,3.6km/h/1.0m/s,-,N/A,,Clear
1997-11-13 11:00 PM,1.0°C,-1.3°C,-1.0°C,87%,1018hPa,-,East,7.2km/h/2.0m/s,-,N/A,,Clear
