Time (CST),Temp.,Dew Point,Humidity,Pressure,Visibility,Wind Dir,Wind Speed,Gust Speed,Precip,Events,Conditions
1997-5-17 12:00 AM,16.0°C,-2.0°C,29%,1010hPa,10.0km,ESE,7.2km/h/2.0m/s,-,N/A,,Clear
1997-5-17 1:00 AM,16.0°C,0.0°C,34%,1010hPa,10.0km,ENE,3.6km/h/1.0m/s,-,N/A,,Clear
1997-5-17 2:00 AM,14.0°C,-2.0°C,33%,1010hPa,10.0km,ESE,10.8km/h/3.0m/s,-,N/A,,Clear
1997-5-17 5:00 AM,12.0°C,-2.0°C,38%,1009hPa,10.0km,East,14.4km/h/4.0m/s,-,N/A,,Clear
1997-5-17 6:00 AM,10.0°C,-2.0°C,43%,1009hPa,10.0km,East,10.8km/h/3.0m/s,-,N/A,,Clear
1997-5-17 7:00 AM,13.0°C,-1.0°C,38%,1009hPa,10.0km,ENE,7.2km/h/2.0m/s,-,N/A,,Clear
1997-5-17 8:00 AM,16.0°C,-3.0°C,27%,1009hPa,-,South,10.8km/h/3.0m/s,-,N/A,,Clear
1997-5-17 9:00 AM,17.0°C,-1.0°C,30%,1009hPa,-,Calm,Calm,-,N/A,,Clear
1997-5-17 10:00 AM,20.0°C,-2.0°C,23%,1009hPa,-,South,7.2km/h/2.0m/s,-,N/A,,Clear
1997-5-17 11:00 AM,22.0°C,0.0°C,23%,1008hPa,-,WSW,14.4km/h/4.0m/s,-,N/A,,Clear
1997-5-17 12:00 PM,26.0°C,0.0°C,18%,1007hPa,-,SW,18.0km/h/5.0m/s,-,N/A,,Clear
1997-5-17 1:00 PM,28.0°C,-4.0°C,12%,1006hPa,-,SSW,14.4km/h/4.0m/s,-,N/A,,Clear
1997-5-17 2:00 PM,29.0°C,-9.0°C,8%,1005hPa,-,WSW,28.8km/h/8.0m/s,-,N/A,,Clear
1997-5-17 3:00 PM,29.0°C,-5.0°C,11%,1004hPa,-,WSW,36.0km/h/10.0m/s,-,N/A,,Clear
1997-5-17 4:00 PM,30.0°C,-8.0°C,8%,1003hPa,-,WSW,28.8km/h/8.0m/s,-,N/A,,Clear
1997-5-17 5:00 PM,29.0°C,-7.0°C,9%,1002hPa,-,NNW,10.8km/h/3.0m/s,-,N/A,,Clear
1997-5-17 6:00 PM,28.0°C,-10.0°C,8%,1001hPa,-,West,25.2km/h/7.0m/s,-,N/A,,Clear
1997-5-17 7:00 PM,27.0°C,-7.0°C,10%,1002hPa,10.0km,West,18.0km/h/5.0m/s,-,N/A,,Clear
1997-5-17 8:00 PM,24.0°C,-5.0°C,14%,1002hPa,10.0km,WSW,18.0km/h/5.0m/s,-,N/A,,Clear
1997-5-17 11:00 PM,20.0°C,-1.0°C,24%,1003hPa,10.0km,Calm,Calm,-,N/A,,Clear
