Time (CST),Temp.,Windchill,Dew Point,Humidity,Pressure,Visibility,Wind Dir,Wind Speed,Gust Speed,Precip,Events,Conditions
1997-3-8 12:00 AM,5.0°C,-,-7.0°C,42%,1018hPa,-,Calm,Calm,-,N/A,,Clear
1997-3-8 1:00 AM,4.0°C,-,-7.0°C,45%,1018hPa,-,NE,3.6km/h/1.0m/s,-,N/A,,Clear
1997-3-8 2:00 AM,3.0°C,-,-6.0°C,52%,1018hPa,10.0km,Calm,Calm,-,N/A,,Clear
1997-3-8 4:00 AM,1.0°C,-,-6.0°C,60%,1017hPa,10.0km,Calm,Calm,-,N/A,,Clear
1997-3-8 5:00 AM,2.0°C,-,-6.0°C,56%,1017hPa,10.0km,Calm,Calm,-,N/A,,Clear
1997-3-8 6:00 AM,1.0°C,-1.3°C,-7.0°C,56%,1017hPa,-,ESE,7.2km/h/2.0m/s,-,N/A,,Clear
1997-3-8 7:00 AM,2.0°C,-1.1°C,-7.0°C,52%,1017hPa,10.0km,NW,10.8km/h/3.0m/s,-,N/A,,Clear
1997-3-8 8:00 AM,3.0°C,-,-7.0°C,48%,1018hPa,3.0km,Calm,Calm,-,N/A,,Smoke
1997-3-8 9:00 AM,5.0°C,-,-6.0°C,45%,1019hPa,3.0km,Calm,Calm,-,N/A,,Smoke
1997-3-8 10:00 AM,9.0°C,-,-9.0°C,27%,1019hPa,6.0km,Calm,Calm,-,N/A,,Clear
1997-3-8 11:00 AM,13.0°C,-,-5.0°C,29%,1019hPa,8.0km,Calm,Calm,-,N/A,,Clear
1997-3-8 12:00 PM,14.0°C,-,-5.0°C,27%,1018hPa,10.0km,SSW,10.8km/h/3.0m/s,-,N/A,,Clear
1997-3-8 1:00 PM,16.0°C,-,-2.0°C,29%,1017hPa,10.0km,SW,14.4km/h/4.0m/s,-,N/A,,Clear
1997-3-8 2:00 PM,17.0°C,-,-2.0°C,27%,1016hPa,10.0km,SSW,10.8km/h/3.0m/s,-,N/A,,Clear
1997-3-8 3:00 PM,18.0°C,-,-1.0°C,28%,1015hPa,10.0km,SSE,10.8km/h/3.0m/s,-,N/A,,Clear
1997-3-8 4:00 PM,18.0°C,-,-1.0°C,28%,1015hPa,10.0km,SW,10.8km/h/3.0m/s,-,N/A,,Clear
1997-3-8 5:00 PM,18.0°C,-,-1.0°C,28%,1015hPa,10.0km,Calm,Calm,-,N/A,,Clear
1997-3-8 6:00 PM,17.0°C,-,-2.0°C,27%,1015hPa,-,Calm,Calm,-,N/A,,Clear
1997-3-8 8:00 PM,10.0°C,-,-5.0°C,35%,1016hPa,-,East,32.4km/h/9.0m/s,-,N/A,,Clear
1997-3-8 9:00 PM,9.0°C,-,-5.0°C,37%,1018hPa,-,East,36.0km/h/10.0m/s,-,N/A,,Clear
1997-3-8 10:00 PM,8.0°C,4.7°C,-5.0°C,40%,1018hPa,-,East,21.6km/h/6.0m/s,-,N/A,,Clear
1997-3-8 11:00 PM,7.0°C,2.2°C,-5.0°C,43%,1019hPa,-,ENE,36.0km/h/10.0m/s,-,N/A,,Clear
