Time (CST),Temp.,Windchill,Dew Point,Humidity,Pressure,Visibility,Wind Dir,Wind Speed,Gust Speed,Precip,Events,Conditions
1998-2-14 12:00 AM,23.0°F,17.1°F,-4.0°F,31%,30.21in,6.2mi,East,4.5mph,-,N/A,,Clear
1998-2-14 1:00 AM,21.2°F,-,-4.0°F,33%,30.21in,6.2mi,ESE,2.2mph,-,N/A,,Clear
1998-2-14 2:00 AM,21.2°F,15.0°F,-4.0°F,33%,30.18in,6.2mi,East,4.5mph,-,N/A,,Clear
1998-2-14 3:00 AM,19.4°F,-,-4.0°F,36%,30.15in,6.2mi,SE,2.2mph,-,N/A,,Clear
1998-2-14 4:00 AM,19.4°F,-,-2.2°F,39%,30.15in,6.2mi,Calm,Calm,-,N/A,,Clear
1998-2-14 5:00 AM,15.8°F,-,-5.8°F,38%,30.15in,6.2mi,ESE,2.2mph,-,N/A,,Clear
1998-2-14 6:00 AM,15.8°F,-,-2.2°F,45%,30.12in,6.2mi,ESE,2.2mph,-,N/A,,Clear
1998-2-14 7:00 AM,14.0°F,-,-5.8°F,41%,30.12in,6.2mi,ESE,2.2mph,-,N/A,,Clear
1998-2-14 8:00 AM,14.0°F,-,-4.0°F,45%,30.12in,6.2mi,Calm,Calm,-,N/A,,Clear
1998-2-14 9:00 AM,21.2°F,-,-0.4°F,39%,30.12in,-,Calm,Calm,-,N/A,,Clear
1998-2-14 10:00 AM,28.4°F,-,-0.4°F,29%,30.12in,-,North,2.2mph,-,N/A,,Clear
1998-2-14 11:00 AM,33.8°F,-,-4.0°F,20%,30.09in,-,East,2.2mph,-,N/A,,Clear
1998-2-14 12:00 PM,37.4°F,33.9°F,1.4°F,22%,30.06in,6.2mi,WSW,4.5mph,-,N/A,,Clear
1998-2-14 1:00 PM,39.2°F,36.0°F,3.2°F,22%,30.04in,6.2mi,SW,4.5mph,-,N/A,,Clear
1998-2-14 2:00 PM,41.0°F,-,3.2°F,21%,29.98in,6.2mi,South,2.2mph,-,N/A,,Clear
1998-2-14 3:00 PM,42.8°F,40.2°F,1.4°F,18%,29.92in,6.2mi,SW,4.5mph,-,N/A,,Clear
1998-2-14 4:00 PM,42.8°F,-,3.2°F,19%,29.92in,6.2mi,SW,2.2mph,-,N/A,,Clear
1998-2-14 5:00 PM,42.8°F,-,1.4°F,18%,29.89in,-,WSW,2.2mph,-,N/A,,Clear
1998-2-14 6:00 PM,39.2°F,-,1.4°F,21%,29.89in,6.2mi,Calm,Calm,-,N/A,,Clear
1998-2-14 7:00 PM,37.4°F,33.9°F,3.2°F,24%,29.89in,-,East,4.5mph,-,N/A,,Clear
1998-2-14 8:00 PM,35.6°F,-,3.2°F,26%,29.89in,-,ESE,2.2mph,-,N/A,,Clear
1998-2-14 9:00 PM,32.0°F,27.6°F,3.2°F,30%,29.89in,-,ESE,4.5mph,-,N/A,,Clear
1998-2-14 10:00 PM,33.8°F,26.5°F,3.2°F,28%,29.89in,-,ESE,8.9mph,-,N/A,,Clear
1998-2-14 11:00 PM,30.2°F,23.5°F,6.8°F,37%,29.89in,-,ESE,6.7mph,-,N/A,,Clear
