Time (CST),Temp.,Windchill,Dew Point,Humidity,Pressure,Visibility,Wind Dir,Wind Speed,Gust Speed,Precip,Events,Conditions
1997-12-19 12:00 AM,-5.0°C,-,-11.0°C,63%,1012hPa,2.4km,East,3.6km/h/1.0m/s,-,N/A,,Clear
1997-12-19 1:00 AM,-4.0°C,-,-10.0°C,64%,1012hPa,1.8km,East,3.6km/h/1.0m/s,-,N/A,,Clear
1997-12-19 2:00 AM,-6.0°C,-,-10.0°C,74%,1012hPa,2.2km,North,3.6km/h/1.0m/s,-,N/A,,Clear
1997-12-19 3:00 AM,-6.0°C,-,-10.0°C,74%,1012hPa,2.4km,Calm,Calm,-,N/A,,Clear
1997-12-19 4:00 AM,-8.0°C,-,-13.0°C,68%,1012hPa,2.1km,SSE,3.6km/h/1.0m/s,-,N/A,,Clear
1997-12-19 5:00 AM,-6.0°C,-,-9.0°C,80%,1012hPa,2.3km,ESE,3.6km/h/1.0m/s,-,N/A,,Clear
1997-12-19 6:00 AM,-8.0°C,-,-11.0°C,79%,1013hPa,2.3km,East,3.6km/h/1.0m/s,-,N/A,,Clear
1997-12-19 7:00 AM,-8.0°C,-,-11.0°C,79%,1014hPa,2.2km,SE,3.6km/h/1.0m/s,-,N/A,,Clear
1997-12-19 8:00 AM,-8.0°C,-,-11.0°C,79%,1015hPa,2.0km,NNE,3.6km/h/1.0m/s,-,N/A,,Clear
1997-12-19 9:00 AM,-6.0°C,-,-9.0°C,80%,1016hPa,1.9km,Calm,Calm,-,N/A,,Smoke
1997-12-19 11:00 AM,3.0°C,-,-7.0°C,48%,1017hPa,1.7km,Calm,Calm,-,N/A,,Smoke
1997-12-19 12:00 PM,6.0°C,-,-7.0°C,39%,1016hPa,1.8km,WSW,3.6km/h/1.0m/s,-,N/A,,Smoke
1997-12-19 1:00 PM,8.0°C,-,-8.0°C,32%,1015hPa,2.4km,Calm,Calm,-,N/A,,Smoke
1997-12-19 2:00 PM,10.0°C,-,-8.0°C,28%,1015hPa,3.0km,North,3.6km/h/1.0m/s,-,N/A,,Smoke
1997-12-19 3:00 PM,12.0°C,-,-9.0°C,22%,1014hPa,4.0km,NNW,7.2km/h/2.0m/s,-,N/A,,Smoke
1997-12-19 4:00 PM,11.0°C,-,-11.0°C,21%,1015hPa,5.0km,NW,7.2km/h/2.0m/s,-,N/A,,Smoke
1997-12-19 5:00 PM,6.0°C,3.7°C,-11.0°C,29%,1015hPa,5.0km,NNW,10.8km/h/3.0m/s,-,N/A,,Smoke
1997-12-19 6:00 PM,3.0°C,1.0°C,-12.0°C,33%,1017hPa,3.5km,NE,7.2km/h/2.0m/s,-,N/A,,Smoke
1997-12-19 7:00 PM,6.0°C,4.5°C,-11.0°C,29%,1018hPa,4.0km,ENE,7.2km/h/2.0m/s,-,N/A,,Smoke
1997-12-19 8:00 PM,5.0°C,0.5°C,-10.0°C,33%,1019hPa,6.0km,ENE,25.2km/h/7.0m/s,-,N/A,,Clear
1997-12-19 9:00 PM,3.0°C,-2.8°C,-10.0°C,38%,1020hPa,6.0km,ENE,32.4km/h/9.0m/s,-,N/A,,Clear
1997-12-19 10:00 PM,2.0°C,-3.3°C,-12.0°C,35%,1021hPa,10.0km,East,25.2km/h/7.0m/s,-,N/A,,Clear
1997-12-19 11:00 PM,2.0°C,-2.9°C,-14.0°C,30%,1022hPa,10.0km,ENE,21.6km/h/6.0m/s,-,N/A,,Clear
