Time (CST),Temp.,Windchill,Dew Point,Humidity,Pressure,Visibility,Wind Dir,Wind Speed,Gust Speed,Precip,Events,Conditions
1997-1-18 12:00 AM,-9.0°C,-12.9°C,-22.0°C,35%,1026hPa,10.0km,ESE,7.2km/h/2.0m/s,-,N/A,,Clear
1997-1-18 1:00 AM,-9.0°C,-12.9°C,-23.0°C,32%,1026hPa,10.0km,East,7.2km/h/2.0m/s,-,N/A,,Clear
1997-1-18 2:00 AM,-9.0°C,-14.3°C,-24.0°C,30%,1026hPa,10.0km,East,10.8km/h/3.0m/s,-,N/A,,Clear
1997-1-18 4:00 AM,-11.0°C,-15.3°C,-24.0°C,34%,1025hPa,10.0km,ENE,7.2km/h/2.0m/s,-,N/A,,Clear
1997-1-18 5:00 AM,-12.0°C,-,-23.0°C,41%,1025hPa,10.0km,Calm,Calm,-,N/A,,Clear
1997-1-18 6:00 AM,-12.0°C,-,-23.0°C,41%,1025hPa,10.0km,Calm,Calm,-,N/A,,Clear
1997-1-18 7:00 AM,-13.0°C,-17.6°C,-23.0°C,44%,1025hPa,10.0km,East,7.2km/h/2.0m/s,-,N/A,,Clear
1997-1-18 8:00 AM,-13.0°C,-,-23.0°C,44%,1025hPa,8.0km,Calm,Calm,-,N/A,,Clear
1997-1-18 9:00 AM,-12.0°C,-,-24.0°C,37%,1025hPa,7.0km,Calm,Calm,-,N/A,,Clear
1997-1-18 10:00 AM,-8.0°C,-,-21.0°C,35%,1025hPa,7.0km,Calm,Calm,-,N/A,,Clear
1997-1-18 11:00 AM,-3.0°C,-,-23.0°C,21%,1024hPa,7.0km,Calm,Calm,-,N/A,,Clear
1997-1-18 12:00 PM,-1.0°C,-,-22.0°C,19%,1023hPa,10.0km,Calm,Calm,-,N/A,,Clear
1997-1-18 1:00 PM,1.0°C,-2.3°C,-22.0°C,17%,1021hPa,10.0km,South,10.8km/h/3.0m/s,-,N/A,,Clear
1997-1-18 2:00 PM,1.0°C,-1.3°C,-18.0°C,23%,1021hPa,10.0km,South,7.2km/h/2.0m/s,-,N/A,,Clear
1997-1-18 3:00 PM,2.0°C,-0.1°C,-18.0°C,22%,1018hPa,10.0km,SSE,7.2km/h/2.0m/s,-,N/A,,Clear
1997-1-18 5:00 PM,2.0°C,-,-21.0°C,17%,1017hPa,10.0km,Calm,Calm,-,N/A,,Clear
1997-1-18 7:00 PM,-2.0°C,-5.9°C,-21.0°C,23%,1017hPa,10.0km,East,10.8km/h/3.0m/s,-,N/A,,Clear
1997-1-18 9:00 PM,-4.0°C,-8.3°C,-22.0°C,24%,1017hPa,10.0km,East,10.8km/h/3.0m/s,-,N/A,,Clear
1997-1-18 10:00 PM,-4.0°C,-8.3°C,-22.0°C,24%,1017hPa,10.0km,ESE,10.8km/h/3.0m/s,-,N/A,,Clear
1997-1-18 11:00 PM,-6.0°C,-10.7°C,-19.0°C,36%,1017hPa,10.0km,East,10.8km/h/3.0m/s,-,N/A,,Clear
