Time (CST),Temp.,Windchill,Dew Point,Humidity,Pressure,Visibility,Wind Dir,Wind Speed,Gust Speed,Precip,Events,Conditions
1997-10-24 12:00 AM,9.0°C,-,-15.0°C,17%,1024hPa,-,North,18.0km/h/5.0m/s,-,N/A,,Clear
1997-10-24 1:00 AM,8.0°C,5.1°C,-15.0°C,18%,1024hPa,-,North,18.0km/h/5.0m/s,-,N/A,,Clear
1997-10-24 2:00 AM,7.0°C,3.8°C,-14.0°C,21%,1024hPa,10.0km,NNW,18.0km/h/5.0m/s,-,N/A,,Clear
1997-10-24 7:00 AM,3.0°C,-2.4°C,-18.0°C,20%,1027hPa,-,North,28.8km/h/8.0m/s,-,N/A,,Clear
1997-10-24 8:00 AM,4.0°C,-0.4°C,-18.0°C,19%,1028hPa,10.0km,North,21.6km/h/6.0m/s,-,N/A,,Clear
1997-10-24 9:00 AM,6.0°C,1.8°C,-19.0°C,15%,1029hPa,10.0km,North,25.2km/h/7.0m/s,-,N/A,,Clear
1997-10-24 10:00 AM,8.0°C,4.7°C,-19.0°C,13%,1028hPa,-,NNW,21.6km/h/6.0m/s,-,N/A,,Clear
1997-10-24 12:00 PM,11.0°C,-,-17.0°C,13%,1027hPa,-,NNW,10.8km/h/3.0m/s,-,N/A,,Clear
1997-10-24 3:00 PM,11.0°C,-,-16.0°C,14%,1025hPa,-,NW,10.8km/h/3.0m/s,-,N/A,,Clear
1997-10-24 4:00 PM,11.0°C,-,-16.0°C,14%,1026hPa,-,WNW,7.2km/h/2.0m/s,-,N/A,,Clear
1997-10-24 5:00 PM,9.0°C,-,-16.0°C,16%,1026hPa,-,WNW,7.2km/h/2.0m/s,-,N/A,,Clear
1997-10-24 6:00 PM,8.0°C,6.9°C,-17.0°C,16%,1026hPa,10.0km,WNW,7.2km/h/2.0m/s,-,N/A,,Mostly Cloudy
1997-10-24 7:00 PM,9.0°C,-,-18.0°C,13%,1027hPa,10.0km,NNW,10.8km/h/3.0m/s,-,N/A,,Mostly Cloudy
1997-10-24 8:00 PM,8.0°C,4.7°C,-22.0°C,10%,1028hPa,10.0km,NW,21.6km/h/6.0m/s,-,N/A,,Overcast
1997-10-24 9:00 PM,7.0°C,5.7°C,-23.0°C,10%,1029hPa,10.0km,NW,7.2km/h/2.0m/s,-,N/A,,Mostly Cloudy
1997-10-24 10:00 PM,5.0°C,3.4°C,-22.0°C,13%,1029hPa,-,NW,7.2km/h/2.0m/s,-,N/A,,Clear
1997-10-24 11:00 PM,4.0°C,-,-21.0°C,15%,1030hPa,10.0km,NW,3.6km/h/1.0m/s,-,N/A,,Clear
