Time (CST),Temp.,Windchill,Dew Point,Humidity,Pressure,Visibility,Wind Dir,Wind Speed,Gust Speed,Precip,Events,Conditions
1998-11-1 12:00 AM,35.6°F,31.8°F,28.4°F,75%,30.15in,6.2mi,SE,4.5mph,-,N/A,,Clear
1998-11-1 1:00 AM,33.8°F,29.7°F,28.4°F,81%,30.12in,6.2mi,ESE,4.5mph,-,N/A,,Clear
1998-11-1 2:00 AM,33.8°F,-,28.4°F,81%,30.12in,6.2mi,East,2.2mph,-,N/A,,Clear
1998-11-1 3:00 AM,32.0°F,-,28.4°F,87%,30.09in,6.2mi,ESE,2.2mph,-,N/A,,Clear
1998-11-1 4:00 AM,32.0°F,-,28.4°F,87%,30.09in,6.2mi,ESE,2.2mph,-,N/A,,Clear
1998-11-1 5:00 AM,30.2°F,25.5°F,26.6°F,86%,30.06in,6.2mi,SE,4.5mph,-,N/A,,Clear
1998-11-1 6:00 AM,28.4°F,23.4°F,26.6°F,93%,30.06in,6.2mi,ESE,4.5mph,-,N/A,,Clear
1998-11-1 7:00 AM,30.2°F,25.5°F,28.4°F,93%,30.06in,6.2mi,East,4.5mph,-,N/A,,Clear
1998-11-1 8:00 AM,33.8°F,29.7°F,30.2°F,87%,30.06in,3.7mi,ESE,4.5mph,-,N/A,,Clear
1998-11-1 9:00 AM,42.8°F,40.2°F,30.2°F,61%,30.06in,4.3mi,ESE,4.5mph,-,N/A,,Clear
1998-11-1 10:00 AM,48.2°F,-,28.4°F,46%,30.04in,4.3mi,Calm,Calm,-,N/A,,Clear
1998-11-1 11:00 AM,53.6°F,-,32.0°F,44%,30.01in,4.3mi,SSE,2.2mph,-,N/A,,Clear
1998-11-1 12:00 PM,60.8°F,-,28.4°F,29%,29.95in,6.2mi,WSW,15.7mph,-,N/A,,Clear
1998-11-1 1:00 PM,62.6°F,-,26.6°F,26%,29.89in,6.2mi,SW,15.7mph,-,N/A,,Clear
1998-11-1 2:00 PM,66.2°F,-,24.8°F,21%,29.86in,6.2mi,SW,13.4mph,-,N/A,,Clear
1998-11-1 3:00 PM,66.2°F,-,19.4°F,17%,29.83in,6.2mi,WNW,20.1mph,-,N/A,,Clear
1998-11-1 4:00 PM,66.2°F,-,19.4°F,17%,29.86in,-,NW,15.7mph,-,N/A,,Clear
1998-11-1 5:00 PM,64.4°F,-,19.4°F,18%,29.86in,-,NW,17.9mph,-,N/A,,Clear
1998-11-1 6:00 PM,62.6°F,-,21.2°F,20%,29.89in,-,WNW,20.1mph,-,N/A,,Clear
1998-11-1 7:00 PM,59.0°F,-,24.8°F,27%,29.92in,-,WNW,8.9mph,-,N/A,,Clear
1998-11-1 8:00 PM,59.0°F,-,26.6°F,29%,29.98in,4.3mi,WNW,11.2mph,-,N/A,,Partly Cloudy
1998-11-1 9:00 PM,57.2°F,-,24.8°F,29%,30.01in,4.3mi,WNW,8.9mph,-,N/A,,Scattered Clouds
1998-11-1 10:00 PM,57.2°F,-,24.8°F,29%,30.01in,4.3mi,WNW,11.2mph,-,N/A,,Clear
1998-11-1 11:00 PM,55.4°F,-,23.0°F,29%,30.04in,4.3mi,WNW,17.9mph,-,N/A,,Clear
