Time (CST),Temp.,Windchill,Dew Point,Humidity,Pressure,Visibility,Wind Dir,Wind Speed,Gust Speed,Precip,Events,Conditions
1997-10-16 12:00 AM,12.0°C,-,-2.0°C,38%,1019hPa,10.0km,North,7.2km/h/2.0m/s,-,N/A,,Clear
1997-10-16 1:00 AM,9.0°C,-,-1.0°C,50%,1019hPa,10.0km,SE,7.2km/h/2.0m/s,-,N/A,,Clear
1997-10-16 2:00 AM,8.0°C,6.9°C,0.0°C,57%,1020hPa,10.0km,SSE,7.2km/h/2.0m/s,-,N/A,,Clear
1997-10-16 3:00 AM,9.0°C,-,-1.0°C,50%,1020hPa,10.0km,Calm,Calm,-,N/A,,Clear
1997-10-16 4:00 AM,6.0°C,3.7°C,-1.0°C,61%,1019hPa,10.0km,SSE,10.8km/h/3.0m/s,-,N/A,,Clear
1997-10-16 5:00 AM,7.0°C,5.7°C,0.0°C,61%,1019hPa,6.0km,ENE,7.2km/h/2.0m/s,-,N/A,,Clear
1997-10-16 6:00 AM,4.0°C,2.2°C,-1.0°C,70%,1020hPa,6.0km,SE,7.2km/h/2.0m/s,-,N/A,,Clear
1997-10-16 7:00 AM,5.0°C,-,-1.0°C,65%,1021hPa,10.0km,Calm,Calm,-,N/A,,Clear
1997-10-16 8:00 AM,9.0°C,-,0.0°C,54%,1021hPa,8.0km,WNW,3.6km/h/1.0m/s,-,N/A,,Clear
1997-10-16 9:00 AM,12.0°C,-,1.0°C,47%,1021hPa,8.0km,SSW,3.6km/h/1.0m/s,-,N/A,,Clear
1997-10-16 10:00 AM,17.0°C,-,-2.0°C,27%,1021hPa,10.0km,South,7.2km/h/2.0m/s,-,N/A,,Clear
1997-10-16 11:00 AM,19.0°C,-,-3.0°C,23%,1021hPa,-,WSW,7.2km/h/2.0m/s,-,N/A,,Clear
1997-10-16 12:00 PM,21.0°C,-,-12.0°C,10%,1020hPa,10.0km,West,18.0km/h/5.0m/s,-,N/A,,Clear
1997-10-16 1:00 PM,22.0°C,-,-10.0°C,11%,1019hPa,10.0km,SW,18.0km/h/5.0m/s,-,N/A,,Clear
1997-10-16 2:00 PM,22.0°C,-,-7.0°C,14%,1018hPa,10.0km,SW,14.4km/h/4.0m/s,-,N/A,,Clear
1997-10-16 3:00 PM,22.0°C,-,-7.0°C,14%,1018hPa,10.0km,WNW,10.8km/h/3.0m/s,-,N/A,,Clear
1997-10-16 4:00 PM,22.0°C,-,-7.0°C,14%,1017hPa,10.0km,West,7.2km/h/2.0m/s,-,N/A,,Clear
1997-10-16 5:00 PM,22.0°C,-,-5.0°C,16%,1017hPa,10.0km,WSW,10.8km/h/3.0m/s,-,N/A,,Clear
1997-10-16 6:00 PM,18.0°C,-,-8.0°C,16%,1017hPa,10.0km,NW,10.8km/h/3.0m/s,-,N/A,,Clear
1997-10-16 7:00 PM,14.0°C,-,-7.0°C,23%,1018hPa,10.0km,NW,10.8km/h/3.0m/s,-,N/A,,Clear
1997-10-16 8:00 PM,16.0°C,-,-9.0°C,17%,1019hPa,10.0km,NW,10.8km/h/3.0m/s,-,N/A,,Clear
1997-10-16 9:00 PM,13.0°C,-,-7.0°C,25%,1020hPa,10.0km,NW,10.8km/h/3.0m/s,-,N/A,,Clear
1997-10-16 10:00 PM,13.0°C,-,-6.0°C,26%,1020hPa,10.0km,WNW,7.2km/h/2.0m/s,-,N/A,,Clear
1997-10-16 11:00 PM,10.0°C,-,-5.0°C,35%,1021hPa,10.0km,SE,7.2km/h/2.0m/s,-,N/A,,Clear
