Time (CST),Temp.,Dew Point,Humidity,Pressure,Visibility,Wind Dir,Wind Speed,Gust Speed,Precip,Events,Conditions
1997-5-11 12:00 AM,16.0°C,5.0°C,48%,1006hPa,10.0km,ENE,21.6km/h/6.0m/s,-,N/A,,Overcast
1997-5-11 1:00 AM,16.0°C,7.0°C,55%,1005hPa,10.0km,ENE,7.2km/h/2.0m/s,-,N/A,,Overcast
1997-5-11 2:00 AM,16.0°C,7.0°C,55%,1006hPa,10.0km,ENE,7.2km/h/2.0m/s,-,N/A,,Overcast
1997-5-11 3:00 AM,16.0°C,7.0°C,55%,1005hPa,10.0km,Calm,Calm,-,N/A,,Overcast
1997-5-11 4:00 AM,16.0°C,7.0°C,55%,1006hPa,10.0km,Calm,Calm,-,N/A,,Overcast
1997-5-11 5:00 AM,15.0°C,8.0°C,63%,1006hPa,10.0km,Calm,Calm,-,N/A,,Overcast
1997-5-11 6:00 AM,15.0°C,7.0°C,59%,1007hPa,10.0km,Calm,Calm,-,N/A,,Overcast
1997-5-11 7:00 AM,14.0°C,9.0°C,72%,1007hPa,10.0km,East,10.8km/h/3.0m/s,-,N/A,,Overcast
1997-5-11 8:00 AM,15.0°C,8.0°C,63%,1008hPa,10.0km,NE,25.2km/h/7.0m/s,-,N/A,,Overcast
1997-5-11 9:00 AM,16.0°C,7.0°C,55%,1008hPa,10.0km,NNE,25.2km/h/7.0m/s,-,N/A,,Mostly Cloudy
1997-5-11 10:00 AM,18.0°C,8.0°C,52%,1009hPa,-,East,36.0km/h/10.0m/s,-,N/A,,Clear
1997-5-11 11:00 AM,19.0°C,7.0°C,46%,1009hPa,-,ENE,32.4km/h/9.0m/s,-,N/A,,Clear
1997-5-11 12:00 PM,19.0°C,8.0°C,49%,1008hPa,10.0km,ENE,32.4km/h/9.0m/s,-,N/A,,Mostly Cloudy
1997-5-11 1:00 PM,19.0°C,8.0°C,49%,1008hPa,-,East,36.0km/h/10.0m/s,-,N/A,,Clear
1997-5-11 2:00 PM,20.0°C,8.0°C,46%,1008hPa,10.0km,ENE,36.0km/h/10.0m/s,-,N/A,,Mostly Cloudy
1997-5-11 3:00 PM,19.0°C,8.0°C,49%,1007hPa,10.0km,East,36.0km/h/10.0m/s,-,N/A,,Mostly Cloudy
1997-5-11 4:00 PM,19.0°C,8.0°C,49%,1007hPa,10.0km,ENE,43.2km/h/12.0m/s,-,N/A,,Overcast
1997-5-11 5:00 PM,18.0°C,7.0°C,49%,1008hPa,10.0km,East,43.2km/h/12.0m/s,-,N/A,,Overcast
1997-5-11 6:00 PM,17.0°C,5.0°C,45%,1008hPa,10.0km,East,21.6km/h/6.0m/s,-,N/A,,Overcast
1997-5-11 7:00 PM,16.0°C,8.0°C,59%,1009hPa,10.0km,ENE,39.6km/h/11.0m/s,-,N/A,,Overcast
1997-5-11 8:00 PM,16.0°C,8.0°C,59%,1010hPa,10.0km,East,25.2km/h/7.0m/s,-,N/A,,Overcast
1997-5-11 9:00 PM,15.0°C,8.0°C,63%,1011hPa,10.0km,ENE,25.2km/h/7.0m/s,-,N/A,,Overcast
1997-5-11 10:00 PM,16.0°C,8.0°C,59%,1011hPa,10.0km,ENE,28.8km/h/8.0m/s,-,N/A,,Overcast
1997-5-11 11:00 PM,15.0°C,8.0°C,63%,1011hPa,10.0km,ENE,18.0km/h/5.0m/s,-,N/A,,Overcast
