Time (CST),Temp.,Windchill,Dew Point,Humidity,Pressure,Visibility,Wind Dir,Wind Speed,Gust Speed,Precip,Events,Conditions
1998-1-21 12:00 AM,-13.0°C,-,-21.0°C,52%,1023hPa,10.0km,ENE,3.6km/h/1.0m/s,-,N/A,,Clear
1998-1-21 1:00 AM,-14.0°C,-,-20.0°C,61%,1024hPa,10.0km,Variable,3.6km/h/1.0m/s,-,N/A,,Clear
1998-1-21 2:00 AM,-15.0°C,-,-20.0°C,66%,1023hPa,10.0km,Variable,3.6km/h/1.0m/s,-,N/A,,Clear
1998-1-21 3:00 AM,-16.0°C,-,-21.0°C,66%,1023hPa,10.0km,East,3.6km/h/1.0m/s,-,N/A,,Clear
1998-1-21 4:00 AM,-16.0°C,-,-21.0°C,66%,1023hPa,10.0km,Variable,3.6km/h/1.0m/s,-,N/A,,Clear
1998-1-21 5:00 AM,-16.0°C,-,-20.0°C,72%,1023hPa,8.0km,Variable,3.6km/h/1.0m/s,-,N/A,,Clear
1998-1-21 6:00 AM,-16.0°C,-,-20.0°C,72%,1023hPa,6.0km,Variable,3.6km/h/1.0m/s,-,N/A,,Clear
1998-1-21 7:00 AM,-16.0°C,-21.1°C,-21.0°C,66%,1023hPa,10.0km,East,7.2km/h/2.0m/s,-,N/A,,Clear
1998-1-21 8:00 AM,-16.0°C,-,-22.0°C,61%,1023hPa,10.0km,ESE,3.6km/h/1.0m/s,-,N/A,,Clear
1998-1-21 9:00 AM,-13.0°C,-,-19.0°C,62%,1023hPa,5.0km,East,3.6km/h/1.0m/s,-,N/A,,Smoke
1998-1-21 10:00 AM,-9.0°C,-,-19.0°C,45%,1024hPa,3.0km,Calm,Calm,-,N/A,,Smoke
1998-1-21 11:00 AM,-6.0°C,-,-19.0°C,36%,1024hPa,4.0km,SSE,3.6km/h/1.0m/s,-,N/A,,Smoke
1998-1-21 12:00 PM,-4.0°C,-7.1°C,-18.0°C,34%,1023hPa,5.0km,SW,7.2km/h/2.0m/s,-,N/A,,Smoke
1998-1-21 2:00 PM,0.0°C,-3.5°C,-16.0°C,30%,1020hPa,10.0km,WSW,10.8km/h/3.0m/s,-,N/A,,Clear
1998-1-21 3:00 PM,0.0°C,-3.5°C,-16.0°C,30%,1020hPa,10.0km,WSW,10.8km/h/3.0m/s,-,N/A,,Clear
1998-1-21 4:00 PM,1.0°C,-2.3°C,-15.0°C,30%,1019hPa,10.0km,WSW,10.8km/h/3.0m/s,-,N/A,,Unknown
1998-1-21 5:00 PM,0.0°C,-,-13.0°C,38%,1019hPa,10.0km,WSW,3.6km/h/1.0m/s,-,N/A,,Clear
1998-1-21 6:00 PM,-2.0°C,-,-13.0°C,43%,1019hPa,5.0km,WSW,3.6km/h/1.0m/s,-,N/A,,Smoke
1998-1-21 7:00 PM,-6.0°C,-,-14.0°C,54%,1021hPa,6.0km,NE,3.6km/h/1.0m/s,-,N/A,,Clear
1998-1-21 8:00 PM,-8.0°C,-11.8°C,-14.0°C,63%,1021hPa,6.0km,NNW,7.2km/h/2.0m/s,-,N/A,,Clear
1998-1-21 10:00 PM,-5.0°C,-10.4°C,-20.0°C,31%,1022hPa,10.0km,NNW,14.4km/h/4.0m/s,-,N/A,,Clear
1998-1-21 11:00 PM,-7.0°C,-11.9°C,-20.0°C,36%,1023hPa,10.0km,NNW,10.8km/h/3.0m/s,-,N/A,,Clear
