Time (CST),Temp.,Dew Point,Humidity,Pressure,Visibility,Wind Dir,Wind Speed,Gust Speed,Precip,Events,Conditions
1997-4-20 2:00 AM,13.0°C,9.0°C,77%,1015hPa,-,Calm,Calm,-,N/A,,Clear
1997-4-20 3:00 AM,13.0°C,9.0°C,77%,1015hPa,-,NNW,10.8km/h/3.0m/s,-,N/A,,Clear
1997-4-20 4:00 AM,13.0°C,9.0°C,77%,1015hPa,-,NNE,18.0km/h/5.0m/s,-,N/A,,Clear
1997-4-20 5:00 AM,13.0°C,9.0°C,77%,1015hPa,10.0km,NNE,7.2km/h/2.0m/s,-,N/A,Rain,Light Rain
1997-4-20 6:00 AM,13.0°C,11.0°C,88%,1015hPa,10.0km,Calm,Calm,-,N/A,Rain,Light Rain
1997-4-20 7:00 AM,13.0°C,11.0°C,88%,1016hPa,7.0km,NNW,10.8km/h/3.0m/s,-,N/A,,Mostly Cloudy
1997-4-20 8:00 AM,14.0°C,6.0°C,59%,1017hPa,-,North,14.4km/h/4.0m/s,-,N/A,,Clear
1997-4-20 9:00 AM,15.0°C,8.0°C,63%,1018hPa,10.0km,ENE,18.0km/h/5.0m/s,-,N/A,,Overcast
1997-4-20 10:00 AM,16.0°C,7.0°C,55%,1018hPa,6.0km,ENE,18.0km/h/5.0m/s,-,N/A,,Overcast
1997-4-20 11:00 AM,16.0°C,6.0°C,52%,1018hPa,6.0km,ENE,28.8km/h/8.0m/s,-,N/A,,Overcast
1997-4-20 12:00 PM,16.0°C,6.0°C,52%,1018hPa,6.0km,East,28.8km/h/8.0m/s,-,N/A,,Mostly Cloudy
1997-4-20 1:00 PM,17.0°C,4.0°C,42%,1017hPa,10.0km,ESE,21.6km/h/6.0m/s,-,N/A,,Mostly Cloudy
1997-4-20 2:00 PM,18.0°C,4.0°C,40%,1017hPa,10.0km,East,25.2km/h/7.0m/s,-,N/A,,Mostly Cloudy
1997-4-20 3:00 PM,19.0°C,5.0°C,40%,1016hPa,10.0km,ENE,10.8km/h/3.0m/s,-,N/A,,Mostly Cloudy
1997-4-20 4:00 PM,18.0°C,4.0°C,40%,1016hPa,10.0km,ENE,18.0km/h/5.0m/s,-,N/A,,Mostly Cloudy
1997-4-20 6:00 PM,18.0°C,4.0°C,40%,1016hPa,10.0km,ENE,18.0km/h/5.0m/s,-,N/A,,Mostly Cloudy
1997-4-20 7:00 PM,16.0°C,3.0°C,42%,1017hPa,10.0km,East,18.0km/h/5.0m/s,-,N/A,,Mostly Cloudy
1997-4-20 8:00 PM,16.0°C,2.0°C,39%,1018hPa,-,ENE,21.6km/h/6.0m/s,-,N/A,,Clear
1997-4-20 9:00 PM,15.0°C,1.0°C,39%,1019hPa,10.0km,ENE,18.0km/h/5.0m/s,-,N/A,,Mostly Cloudy
1997-4-20 10:00 PM,14.0°C,4.0°C,51%,1019hPa,-,NE,18.0km/h/5.0m/s,-,N/A,,Clear
1997-4-20 11:00 PM,14.0°C,3.0°C,48%,1019hPa,10.0km,ENE,18.0km/h/5.0m/s,-,N/A,,Partly Cloudy
