Time (CST),Temp.,Windchill,Dew Point,Humidity,Pressure,Visibility,Wind Dir,Wind Speed,Gust Speed,Precip,Events,Conditions
1997-11-5 12:00 AM,-1.0°C,-3.6°C,-9.0°C,55%,1029hPa,10.0km,ESE,7.2km/h/2.0m/s,-,N/A,,Clear
1997-11-5 1:00 AM,-2.0°C,-,-10.0°C,55%,1028hPa,10.0km,Calm,Calm,-,N/A,,Clear
1997-11-5 2:00 AM,-3.0°C,-,-11.0°C,55%,1028hPa,10.0km,ESE,3.6km/h/1.0m/s,-,N/A,,Clear
1997-11-5 3:00 AM,-2.0°C,-,-9.0°C,59%,1028hPa,10.0km,Calm,Calm,-,N/A,,Clear
1997-11-5 4:00 AM,-3.0°C,-,-10.0°C,59%,1027hPa,10.0km,SE,3.6km/h/1.0m/s,-,N/A,,Clear
1997-11-5 5:00 AM,-2.0°C,-4.8°C,-9.0°C,59%,1027hPa,10.0km,SE,7.2km/h/2.0m/s,-,N/A,,Clear
1997-11-5 6:00 AM,-4.0°C,-,-10.0°C,64%,1027hPa,10.0km,Calm,Calm,-,N/A,,Clear
1997-11-5 7:00 AM,-5.0°C,-,-10.0°C,68%,1027hPa,5.0km,Calm,Calm,-,N/A,,Clear
1997-11-5 8:00 AM,-5.0°C,-,-10.0°C,68%,1027hPa,5.0km,Calm,Calm,-,N/A,,Clear
1997-11-5 9:00 AM,0.0°C,-,-9.0°C,51%,1027hPa,2.2km,Calm,Calm,-,N/A,,Smoke
1997-11-5 10:00 AM,4.0°C,-,-8.0°C,42%,1027hPa,1.5km,Calm,Calm,-,N/A,,Smoke
1997-11-5 11:00 AM,8.0°C,-,-8.0°C,32%,1027hPa,2.0km,Calm,Calm,-,N/A,,Smoke
1997-11-5 12:00 PM,11.0°C,-,-9.0°C,24%,1025hPa,2.2km,Calm,Calm,-,N/A,,Smoke
1997-11-5 1:00 PM,13.0°C,-,-9.0°C,21%,1024hPa,2.6km,Calm,Calm,-,N/A,,Smoke
1997-11-5 2:00 PM,14.0°C,-,-10.0°C,18%,1023hPa,6.0km,SW,3.6km/h/1.0m/s,-,N/A,,Clear
1997-11-5 3:00 PM,16.0°C,-,-9.0°C,17%,1022hPa,6.0km,Calm,Calm,-,N/A,,Partly Cloudy
1997-11-5 4:00 PM,17.0°C,-,-9.0°C,16%,1022hPa,6.0km,Calm,Calm,-,N/A,,Mostly Cloudy
1997-11-5 5:00 PM,16.0°C,-,-7.0°C,20%,1022hPa,8.0km,Calm,Calm,-,N/A,,Mostly Cloudy
1997-11-5 6:00 PM,13.0°C,-,-6.0°C,26%,1023hPa,6.0km,WNW,3.6km/h/1.0m/s,-,N/A,,Mostly Cloudy
1997-11-5 7:00 PM,7.0°C,-,-9.0°C,31%,1023hPa,3.5km,NW,3.6km/h/1.0m/s,-,N/A,,Smoke
1997-11-5 8:00 PM,4.0°C,-,-11.0°C,33%,1024hPa,3.0km,ESE,3.6km/h/1.0m/s,-,N/A,,Smoke
1997-11-5 9:00 PM,2.0°C,-0.1°C,-11.0°C,38%,1024hPa,5.0km,SE,7.2km/h/2.0m/s,-,N/A,,Smoke
1997-11-5 10:00 PM,2.0°C,-,-12.0°C,35%,1025hPa,8.0km,Calm,Calm,-,N/A,,Clear
1997-11-5 11:00 PM,1.0°C,-,-12.0°C,38%,1025hPa,7.0km,ESE,3.6km/h/1.0m/s,-,N/A,,Clear
