Time (CST),Temp.,Heat Index,Dew Point,Humidity,Pressure,Visibility,Wind Dir,Wind Speed,Gust Speed,Precip,Events,Conditions
1997-8-24 12:00 AM,21.0°C,-,16.0°C,73%,1011hPa,10.0km,Calm,Calm,-,N/A,,Clear
1997-8-24 3:00 AM,19.0°C,-,15.0°C,78%,1011hPa,10.0km,ESE,7.2km/h/2.0m/s,-,N/A,,Clear
1997-8-24 4:00 AM,18.0°C,-,16.0°C,88%,1011hPa,10.0km,Calm,Calm,-,N/A,,Clear
1997-8-24 5:00 AM,17.0°C,-,16.0°C,94%,1011hPa,10.0km,Calm,Calm,-,N/A,,Clear
1997-8-24 7:00 AM,18.0°C,-,16.0°C,88%,1011hPa,10.0km,Calm,Calm,-,N/A,,Clear
1997-8-24 8:00 AM,22.0°C,-,17.0°C,73%,1011hPa,10.0km,Calm,Calm,-,N/A,,Clear
1997-8-24 9:00 AM,25.0°C,-,18.0°C,65%,1012hPa,10.0km,NNE,3.6km/h/1.0m/s,-,N/A,,Clear
1997-8-24 10:00 AM,27.0°C,27.5°C,16.0°C,51%,1011hPa,10.0km,Calm,Calm,-,N/A,,Clear
1997-8-24 11:00 AM,29.0°C,29.4°C,17.0°C,48%,1011hPa,10.0km,WSW,3.6km/h/1.0m/s,-,N/A,,Clear
1997-8-24 12:00 PM,30.0°C,30.3°C,17.0°C,45%,1011hPa,10.0km,Calm,Calm,-,N/A,,Clear
1997-8-24 1:00 PM,32.0°C,31.9°C,16.0°C,38%,1010hPa,10.0km,Calm,Calm,-,N/A,,Clear
1997-8-24 2:00 PM,33.0°C,33.0°C,16.0°C,36%,1009hPa,10.0km,West,7.2km/h/2.0m/s,-,N/A,,Partly Cloudy
1997-8-24 3:00 PM,34.0°C,34.0°C,16.0°C,34%,1009hPa,10.0km,WSW,7.2km/h/2.0m/s,-,N/A,,Partly Cloudy
1997-8-24 4:00 PM,33.0°C,33.0°C,16.0°C,36%,1009hPa,10.0km,SE,14.4km/h/4.0m/s,-,N/A,,Partly Cloudy
1997-8-24 5:00 PM,32.0°C,31.9°C,16.0°C,38%,1009hPa,10.0km,SSE,14.4km/h/4.0m/s,-,N/A,,Clear
1997-8-24 6:00 PM,31.0°C,30.9°C,16.0°C,40%,1009hPa,-,SSE,14.4km/h/4.0m/s,-,N/A,,Clear
1997-8-24 7:00 PM,28.0°C,28.0°C,15.0°C,45%,1010hPa,-,SE,14.4km/h/4.0m/s,-,N/A,,Clear
1997-8-24 8:00 PM,26.0°C,-,16.0°C,54%,1011hPa,-,SE,7.2km/h/2.0m/s,-,N/A,,Clear
1997-8-24 9:00 PM,23.0°C,-,16.0°C,65%,1011hPa,10.0km,SE,7.2km/h/2.0m/s,-,N/A,,Clear
1997-8-24 10:00 PM,22.0°C,-,17.0°C,73%,1011hPa,10.0km,ESE,7.2km/h/2.0m/s,-,N/A,,Clear
1997-8-24 11:00 PM,24.0°C,-,14.0°C,53%,1011hPa,10.0km,East,7.2km/h/2.0m/s,-,N/A,,Clear
