Time (CST),Temp.,Windchill,Dew Point,Humidity,Pressure,Visibility,Wind Dir,Wind Speed,Gust Speed,Precip,Events,Conditions
1997-3-17 12:00 AM,5.0°C,-,2.0°C,81%,1026hPa,3.0km,Calm,Calm,-,N/A,,Overcast
1997-3-17 1:00 AM,4.0°C,2.2°C,3.0°C,93%,1026hPa,3.0km,South,7.2km/h/2.0m/s,-,N/A,,Overcast
1997-3-17 2:00 AM,4.0°C,-,2.0°C,87%,1026hPa,4.0km,Calm,Calm,-,N/A,,Overcast
1997-3-17 3:00 AM,4.0°C,-,2.0°C,87%,1025hPa,4.0km,Calm,Calm,-,N/A,,Overcast
1997-3-17 4:00 AM,3.0°C,-,2.0°C,93%,1025hPa,4.0km,Calm,Calm,-,N/A,,Scattered Clouds
1997-3-17 5:00 AM,3.0°C,1.0°C,2.0°C,93%,1025hPa,3.0km,South,7.2km/h/2.0m/s,-,N/A,,Mostly Cloudy
1997-3-17 6:00 AM,4.0°C,-,2.0°C,87%,1025hPa,2.0km,Calm,Calm,-,N/A,,Mostly Cloudy
1997-3-17 7:00 AM,4.0°C,-,2.0°C,87%,1025hPa,1.5km,Calm,Calm,-,N/A,,Overcast
1997-3-17 8:00 AM,4.0°C,-,2.0°C,87%,1026hPa,1.4km,ESE,3.6km/h/1.0m/s,-,N/A,,Mostly Cloudy
1997-3-17 9:00 AM,4.0°C,2.2°C,2.0°C,87%,1026hPa,1.4km,SSE,7.2km/h/2.0m/s,-,N/A,,Overcast
1997-3-17 10:00 AM,5.0°C,3.4°C,3.0°C,87%,1026hPa,1.4km,South,7.2km/h/2.0m/s,-,N/A,,Overcast
1997-3-17 11:00 AM,7.0°C,4.9°C,2.0°C,71%,1026hPa,1.6km,South,10.8km/h/3.0m/s,-,N/A,,Mostly Cloudy
1997-3-17 12:00 PM,8.0°C,6.9°C,3.0°C,71%,1025hPa,1.6km,South,7.2km/h/2.0m/s,-,N/A,,Mostly Cloudy
1997-3-17 1:00 PM,9.0°C,-,4.0°C,71%,1024hPa,4.0km,Calm,Calm,-,N/A,,Clear
1997-3-17 2:00 PM,11.0°C,-,4.0°C,62%,1023hPa,5.0km,West,10.8km/h/3.0m/s,-,N/A,,Clear
1997-3-17 3:00 PM,12.0°C,-,2.0°C,51%,1022hPa,10.0km,South,10.8km/h/3.0m/s,-,N/A,,Clear
1997-3-17 4:00 PM,12.0°C,-,1.0°C,47%,1021hPa,10.0km,Calm,Calm,-,N/A,,Clear
1997-3-17 5:00 PM,12.0°C,-,-2.0°C,38%,1020hPa,10.0km,Calm,Calm,-,N/A,,Clear
1997-3-17 6:00 PM,13.0°C,-,2.0°C,47%,1020hPa,-,Calm,Calm,-,N/A,,Clear
1997-3-17 7:00 PM,11.0°C,-,1.0°C,50%,1020hPa,-,Calm,Calm,-,N/A,,Clear
1997-3-17 8:00 PM,9.0°C,-,4.0°C,71%,1021hPa,-,Calm,Calm,-,N/A,,Clear
1997-3-17 9:00 PM,8.0°C,-,3.0°C,71%,1021hPa,10.0km,Calm,Calm,-,N/A,,Clear
1997-3-17 10:00 PM,7.0°C,4.9°C,2.0°C,71%,1021hPa,10.0km,ESE,10.8km/h/3.0m/s,-,N/A,,Clear
1997-3-17 11:00 PM,7.0°C,-,2.0°C,71%,1021hPa,10.0km,Calm,Calm,-,N/A,,Clear
