Time (CST),Temp.,Windchill,Dew Point,Humidity,Pressure,Visibility,Wind Dir,Wind Speed,Gust Speed,Precip,Events,Conditions
1998-2-13 1:00 AM,33.8°F,27.9°F,10.4°F,38%,30.09in,-,East,6.7mph,-,N/A,,Clear
1998-2-13 2:00 AM,35.6°F,31.8°F,10.4°F,35%,30.12in,-,East,4.5mph,-,N/A,,Clear
1998-2-13 3:00 AM,33.8°F,27.9°F,12.2°F,41%,30.15in,-,ESE,6.7mph,-,N/A,,Clear
1998-2-13 4:00 AM,32.0°F,-,10.4°F,41%,30.15in,-,Calm,Calm,-,N/A,,Clear
1998-2-13 5:00 AM,32.0°F,-,8.6°F,38%,30.15in,-,Calm,Calm,-,N/A,,Unknown
1998-2-13 6:00 AM,30.2°F,-,10.4°F,44%,30.15in,-,SSE,2.2mph,-,N/A,,Clear
1998-2-13 7:00 AM,28.4°F,23.4°F,10.4°F,47%,30.18in,-,SE,4.5mph,-,N/A,,Clear
1998-2-13 8:00 AM,28.4°F,-,8.6°F,43%,30.21in,-,NNE,2.2mph,-,N/A,,Clear
1998-2-13 9:00 AM,32.0°F,27.6°F,10.4°F,41%,30.21in,-,ESE,4.5mph,-,N/A,,Clear
1998-2-13 10:00 AM,39.2°F,32.2°F,5.0°F,24%,30.24in,-,NW,11.2mph,-,N/A,,Clear
1998-2-13 11:00 AM,39.2°F,32.2°F,1.4°F,21%,30.24in,-,NW,11.2mph,-,N/A,,Clear
1998-2-13 12:00 PM,42.8°F,35.9°F,-0.4°F,16%,30.21in,-,WNW,13.4mph,-,N/A,,Clear
1998-2-13 1:00 PM,42.8°F,37.6°F,-2.2°F,15%,30.18in,-,WNW,8.9mph,-,N/A,,Clear
1998-2-13 2:00 PM,46.4°F,44.4°F,-2.2°F,13%,-,-,NW,4.5mph,-,N/A,,Clear
1998-2-13 3:00 PM,46.4°F,41.2°F,-4.0°F,12%,30.15in,6.2mi,NW,11.2mph,-,N/A,,Clear
1998-2-13 4:00 PM,46.4°F,40.5°F,-2.2°F,13%,30.12in,-,NNW,13.4mph,-,N/A,,Clear
1998-2-13 5:00 PM,42.8°F,37.6°F,-2.2°F,15%,30.15in,-,North,8.9mph,-,N/A,,Clear
1998-2-13 6:00 PM,41.0°F,36.5°F,-2.2°F,16%,30.18in,-,North,6.7mph,-,N/A,,Clear
1998-2-13 7:00 PM,35.6°F,30.0°F,-4.0°F,18%,30.18in,-,North,6.7mph,-,N/A,,Clear
1998-2-13 8:00 PM,32.0°F,-,-5.8°F,20%,30.21in,-,WNW,2.2mph,-,N/A,,Clear
1998-2-13 9:00 PM,30.2°F,-,-0.4°F,27%,30.21in,6.2mi,SSE,2.2mph,-,N/A,,Clear
1998-2-13 10:00 PM,26.6°F,-,-2.2°F,29%,30.24in,6.2mi,NE,2.2mph,-,N/A,,Clear
1998-2-13 11:00 PM,23.0°F,-,1.4°F,39%,30.21in,6.2mi,SE,2.2mph,-,N/A,,Clear
