Time (CST),Temp.,Dew Point,Humidity,Pressure,Visibility,Wind Dir,Wind Speed,Gust Speed,Precip,Events,Conditions
1998-10-20 12:00 AM,41.0°F,23.0°F,49%,30.27in,-,Calm,Calm,-,N/A,,Clear
1998-10-20 1:00 AM,39.2°F,23.0°F,52%,30.27in,-,Calm,Calm,-,N/A,,Clear
1998-10-20 2:00 AM,35.6°F,23.0°F,60%,30.30in,3.7mi,Calm,Calm,-,N/A,,Partly Cloudy
1998-10-20 5:00 AM,33.8°F,23.0°F,65%,30.27in,3.7mi,Calm,Calm,-,N/A,,Partly Cloudy
1998-10-20 6:00 AM,33.8°F,23.0°F,65%,30.30in,4.3mi,Calm,Calm,-,N/A,,Clear
1998-10-20 7:00 AM,33.8°F,23.0°F,65%,30.30in,5.0mi,Calm,Calm,-,N/A,,Clear
1998-10-20 9:00 AM,44.6°F,24.8°F,46%,30.33in,2.5mi,Calm,Calm,-,N/A,,Smoke
1998-10-20 10:00 AM,50.0°F,26.6°F,40%,30.33in,2.5mi,Calm,Calm,-,N/A,,Smoke
1998-10-20 11:00 AM,55.4°F,28.4°F,36%,30.30in,3.7mi,Calm,Calm,-,N/A,,Clear
1998-10-20 12:00 PM,59.0°F,30.2°F,34%,30.27in,4.3mi,SW,2.2mph,-,N/A,,Clear
1998-10-20 1:00 PM,64.4°F,32.0°F,30%,30.24in,6.2mi,South,2.2mph,-,N/A,,Clear
1998-10-20 3:00 PM,66.2°F,32.0°F,28%,30.18in,6.2mi,South,2.2mph,-,N/A,,Clear
1998-10-20 4:00 PM,68.0°F,33.8°F,28%,30.15in,6.2mi,SSW,2.2mph,-,N/A,,Clear
1998-10-20 6:00 PM,59.0°F,33.8°F,39%,30.15in,6.2mi,Calm,Calm,-,N/A,,Clear
1998-10-20 7:00 PM,55.4°F,33.8°F,44%,30.15in,6.2mi,East,2.2mph,-,N/A,,Clear
1998-10-20 8:00 PM,51.8°F,33.8°F,50%,30.21in,6.2mi,SE,4.5mph,-,N/A,,Clear
1998-10-20 9:00 PM,50.0°F,33.8°F,54%,30.21in,6.2mi,SE,4.5mph,-,N/A,,Clear
1998-10-20 10:00 PM,50.0°F,33.8°F,54%,30.18in,6.2mi,SE,4.5mph,-,N/A,,Clear
1998-10-20 11:00 PM,50.0°F,35.6°F,58%,30.18in,6.2mi,SE,4.5mph,-,N/A,,Clear
