Time (CST),Temp.,Windchill,Dew Point,Humidity,Pressure,Visibility,Wind Dir,Wind Speed,Gust Speed,Precip,Events,Conditions
1997-9-28 12:00 AM,7.0°C,5.7°C,4.0°C,81%,1019hPa,10.0km,SE,7.2km/h/2.0m/s,-,N/A,,Clear
1997-9-28 3:00 AM,4.0°C,-,4.0°C,100%,1019hPa,10.0km,East,3.6km/h/1.0m/s,-,N/A,,Clear
1997-9-28 4:00 AM,4.0°C,2.2°C,3.0°C,93%,1019hPa,10.0km,ESE,7.2km/h/2.0m/s,-,N/A,,Clear
1997-9-28 5:00 AM,4.0°C,-,3.0°C,93%,1019hPa,10.0km,SSE,3.6km/h/1.0m/s,-,N/A,,Clear
1997-9-28 6:00 AM,3.0°C,1.0°C,3.0°C,100%,1019hPa,10.0km,ESE,7.2km/h/2.0m/s,-,N/A,,Clear
1997-9-28 7:00 AM,3.0°C,1.0°C,2.0°C,93%,1020hPa,8.0km,SE,7.2km/h/2.0m/s,-,N/A,,Clear
1997-9-28 8:00 AM,7.0°C,-,5.0°C,87%,1020hPa,8.0km,Calm,Calm,-,N/A,,Clear
1997-9-28 9:00 AM,12.0°C,-,6.0°C,67%,1020hPa,10.0km,South,7.2km/h/2.0m/s,-,N/A,,Clear
1997-9-28 10:00 AM,14.0°C,-,5.0°C,55%,1020hPa,10.0km,SW,3.6km/h/1.0m/s,-,N/A,,Clear
1997-9-28 11:00 AM,17.0°C,-,5.0°C,45%,1020hPa,10.0km,West,7.2km/h/2.0m/s,-,N/A,,Clear
1997-9-28 12:00 PM,19.0°C,-,5.0°C,40%,1019hPa,10.0km,West,10.8km/h/3.0m/s,-,N/A,,Clear
1997-9-28 1:00 PM,22.0°C,-,6.0°C,35%,1017hPa,10.0km,WSW,10.8km/h/3.0m/s,-,N/A,,Clear
1997-9-28 2:00 PM,23.0°C,-,4.0°C,29%,1016hPa,10.0km,SW,7.2km/h/2.0m/s,-,N/A,,Clear
1997-9-28 3:00 PM,24.0°C,-,3.0°C,25%,1015hPa,10.0km,West,7.2km/h/2.0m/s,-,N/A,,Clear
1997-9-28 4:00 PM,23.0°C,-,3.0°C,27%,1015hPa,10.0km,South,3.6km/h/1.0m/s,-,N/A,,Clear
1997-9-28 5:00 PM,22.0°C,-,4.0°C,31%,1015hPa,10.0km,WSW,7.2km/h/2.0m/s,-,N/A,,Clear
1997-9-28 6:00 PM,20.0°C,-,3.0°C,33%,1015hPa,10.0km,SSW,3.6km/h/1.0m/s,-,N/A,,Clear
1997-9-28 7:00 PM,14.0°C,-,5.0°C,55%,1015hPa,10.0km,Calm,Calm,-,N/A,,Clear
1997-9-28 8:00 PM,13.0°C,-,5.0°C,58%,1016hPa,10.0km,ENE,7.2km/h/2.0m/s,-,N/A,,Clear
1997-9-28 9:00 PM,10.0°C,-,5.0°C,71%,1017hPa,10.0km,SE,10.8km/h/3.0m/s,-,N/A,,Clear
1997-9-28 10:00 PM,10.0°C,-,5.0°C,71%,1017hPa,10.0km,SE,10.8km/h/3.0m/s,-,N/A,,Clear
1997-9-28 11:00 PM,9.0°C,-,5.0°C,76%,1018hPa,10.0km,South,7.2km/h/2.0m/s,-,N/A,,Clear
