Time (CST),Temp.,Windchill,Dew Point,Humidity,Pressure,Visibility,Wind Dir,Wind Speed,Gust Speed,Precip,Events,Conditions
1997-1-8 12:00 AM,-9.0°C,-,-16.0°C,58%,1035hPa,5.0km,Calm,Calm,-,N/A,,Clear
1997-1-8 1:00 AM,-9.0°C,-,-18.0°C,49%,1035hPa,5.0km,Calm,Calm,-,N/A,,Smoke
1997-1-8 2:00 AM,-10.0°C,-,-17.0°C,57%,1035hPa,5.0km,Calm,Calm,-,N/A,,Smoke
1997-1-8 3:00 AM,-10.0°C,-,-16.0°C,62%,1035hPa,5.0km,Calm,Calm,-,N/A,,Smoke
1997-1-8 4:00 AM,-10.0°C,-,-16.0°C,62%,1035hPa,5.0km,Calm,Calm,-,N/A,,Smoke
1997-1-8 5:00 AM,-9.0°C,-,-17.0°C,53%,1034hPa,5.0km,Calm,Calm,-,N/A,,Smoke
1997-1-8 6:00 AM,-10.0°C,-,-17.0°C,57%,1034hPa,5.0km,Calm,Calm,-,N/A,,Smoke
1997-1-8 7:00 AM,-10.0°C,-,-15.0°C,67%,1034hPa,4.0km,Calm,Calm,-,N/A,,Smoke
1997-1-8 8:00 AM,-10.0°C,-,-14.0°C,73%,1034hPa,5.0km,Calm,Calm,-,N/A,,Smoke
1997-1-8 9:00 AM,-9.0°C,-12.9°C,-16.0°C,58%,1034hPa,3.0km,South,7.2km/h/2.0m/s,-,N/A,,Smoke
1997-1-8 10:00 AM,-8.0°C,-,-15.0°C,58%,1033hPa,3.0km,East,3.6km/h/1.0m/s,-,N/A,,Smoke
1997-1-8 11:00 AM,-6.0°C,-,-15.0°C,50%,1033hPa,3.0km,Calm,Calm,-,N/A,,Smoke
1997-1-8 12:00 PM,-5.0°C,-,-13.0°C,54%,1032hPa,3.0km,SSW,3.6km/h/1.0m/s,-,N/A,,Smoke
1997-1-8 1:00 PM,-3.0°C,-,-13.0°C,47%,1030hPa,3.0km,Calm,Calm,-,N/A,,Smoke
1997-1-8 2:00 PM,-1.0°C,-,-16.0°C,32%,1029hPa,6.0km,SSW,3.6km/h/1.0m/s,-,N/A,,Mostly Cloudy
1997-1-8 3:00 PM,-2.0°C,-5.9°C,-13.0°C,43%,1029hPa,6.0km,SSW,10.8km/h/3.0m/s,-,N/A,,Scattered Clouds
1997-1-8 4:00 PM,-3.0°C,-5.9°C,-13.0°C,47%,1028hPa,3.0km,SSE,7.2km/h/2.0m/s,-,N/A,,Smoke
1997-1-8 5:00 PM,-3.0°C,-5.9°C,-14.0°C,43%,1028hPa,3.0km,South,7.2km/h/2.0m/s,-,N/A,,Smoke
1997-1-8 6:00 PM,-3.0°C,-,-13.0°C,47%,1028hPa,3.0km,SSE,3.6km/h/1.0m/s,-,N/A,,Smoke
1997-1-8 7:00 PM,-3.0°C,-8.0°C,-13.0°C,47%,1029hPa,3.0km,SW,14.4km/h/4.0m/s,-,N/A,Snow,Light Snow
1997-1-8 8:00 PM,-3.0°C,-,-11.0°C,55%,1028hPa,3.0km,East,3.6km/h/1.0m/s,-,N/A,,Smoke
1997-1-8 9:00 PM,-4.0°C,-7.1°C,-12.0°C,54%,1028hPa,3.0km,ESE,7.2km/h/2.0m/s,-,N/A,,Smoke
1997-1-8 10:00 PM,-4.0°C,-7.1°C,-11.0°C,59%,1028hPa,3.0km,ESE,7.2km/h/2.0m/s,-,N/A,,Smoke
1997-1-8 11:00 PM,-4.0°C,-,-10.0°C,64%,1028hPa,5.0km,Calm,Calm,-,N/A,,Smoke
