Time (CST),Temp.,Dew Point,Humidity,Pressure,Visibility,Wind Dir,Wind Speed,Gust Speed,Precip,Events,Conditions
1997-4-21 12:00 AM,14.0°C,3.0°C,48%,1019hPa,10.0km,East,14.4km/h/4.0m/s,-,N/A,,Clear
1997-4-21 1:00 AM,13.0°C,3.0°C,51%,1019hPa,-,East,18.0km/h/5.0m/s,-,N/A,,Clear
1997-4-21 2:00 AM,13.0°C,2.0°C,47%,1019hPa,10.0km,NE,10.8km/h/3.0m/s,-,N/A,,Mostly Cloudy
1997-4-21 3:00 AM,12.0°C,2.0°C,51%,1019hPa,-,SE,3.6km/h/1.0m/s,-,N/A,,Clear
1997-4-21 4:00 AM,12.0°C,2.0°C,51%,1019hPa,-,SSW,3.6km/h/1.0m/s,-,N/A,,Clear
1997-4-21 5:00 AM,9.0°C,1.0°C,58%,1020hPa,-,WNW,3.6km/h/1.0m/s,-,N/A,,Clear
1997-4-21 6:00 AM,9.0°C,6.0°C,82%,1020hPa,-,Calm,Calm,-,N/A,,Clear
1997-4-21 7:00 AM,9.0°C,7.0°C,87%,1021hPa,8.0km,South,3.6km/h/1.0m/s,-,N/A,,Clear
1997-4-21 8:00 AM,11.0°C,6.0°C,71%,1021hPa,3.0km,Calm,Calm,-,N/A,,Partly Cloudy
1997-4-21 9:00 AM,14.0°C,3.0°C,48%,1022hPa,6.0km,Calm,Calm,-,N/A,,Mostly Cloudy
1997-4-21 10:00 AM,15.0°C,3.0°C,45%,1022hPa,10.0km,East,21.6km/h/6.0m/s,-,N/A,,Overcast
1997-4-21 11:00 AM,16.0°C,2.0°C,39%,1021hPa,10.0km,East,32.4km/h/9.0m/s,-,N/A,,Overcast
1997-4-21 12:00 PM,16.0°C,4.0°C,45%,1021hPa,10.0km,East,21.6km/h/6.0m/s,-,N/A,,Mostly Cloudy
1997-4-21 1:00 PM,17.0°C,2.0°C,37%,1020hPa,10.0km,East,18.0km/h/5.0m/s,-,N/A,,Mostly Cloudy
1997-4-21 2:00 PM,19.0°C,2.0°C,32%,1019hPa,-,East,14.4km/h/4.0m/s,-,N/A,,Clear
1997-4-21 3:00 PM,19.0°C,4.0°C,37%,1018hPa,-,East,10.8km/h/3.0m/s,-,N/A,,Clear
1997-4-21 4:00 PM,20.0°C,2.0°C,30%,1018hPa,-,East,10.8km/h/3.0m/s,-,N/A,,Clear
1997-4-21 5:00 PM,20.0°C,3.0°C,33%,1018hPa,-,South,10.8km/h/3.0m/s,-,N/A,,Clear
1997-4-21 6:00 PM,19.0°C,1.0°C,30%,1018hPa,-,East,25.2km/h/7.0m/s,-,N/A,,Clear
1997-4-21 7:00 PM,16.0°C,4.0°C,45%,1018hPa,-,East,21.6km/h/6.0m/s,-,N/A,,Clear
1997-4-21 8:00 PM,16.0°C,4.0°C,45%,1019hPa,-,East,32.4km/h/9.0m/s,-,N/A,,Clear
1997-4-21 9:00 PM,14.0°C,4.0°C,51%,1019hPa,-,East,36.0km/h/10.0m/s,-,N/A,,Clear
1997-4-21 10:00 PM,14.0°C,5.0°C,55%,1020hPa,-,East,28.8km/h/8.0m/s,-,N/A,,Clear
1997-4-21 11:00 PM,13.0°C,5.0°C,58%,1021hPa,-,ENE,25.2km/h/7.0m/s,-,N/A,,Clear
