Time (CST),Temp.,Dew Point,Humidity,Pressure,Visibility,Wind Dir,Wind Speed,Gust Speed,Precip,Events,Conditions
1997-12-23 12:00 AM,-9.0°C,-12.0°C,79%,1027hPa,2.0km,ESE,3.6km/h/1.0m/s,-,N/A,,Clear
1997-12-23 1:00 AM,-8.0°C,-11.0°C,79%,1027hPa,2.0km,Calm,Calm,-,N/A,,Clear
1997-12-23 3:00 AM,-9.0°C,-12.0°C,79%,1026hPa,2.0km,ESE,3.6km/h/1.0m/s,-,N/A,,Clear
1997-12-23 4:00 AM,-10.0°C,-12.0°C,86%,1026hPa,2.0km,Calm,Calm,-,N/A,,Clear
1997-12-23 5:00 AM,-10.0°C,-12.0°C,86%,1026hPa,2.0km,Calm,Calm,-,N/A,,Clear
1997-12-23 6:00 AM,-11.0°C,-12.0°C,92%,1026hPa,1.5km,SE,3.6km/h/1.0m/s,-,N/A,,Clear
1997-12-23 7:00 AM,-10.0°C,-11.0°C,93%,1026hPa,1.7km,SE,3.6km/h/1.0m/s,-,N/A,,Clear
1997-12-23 8:00 AM,-10.0°C,-12.0°C,86%,1026hPa,1.7km,Calm,Calm,-,N/A,,Clear
1997-12-23 9:00 AM,-10.0°C,-11.0°C,93%,1027hPa,1.5km,SE,3.6km/h/1.0m/s,-,N/A,,Clear
1997-12-23 10:00 AM,-6.0°C,-8.0°C,86%,1027hPa,1.2km,ESE,3.6km/h/1.0m/s,-,N/A,,Clear
1997-12-23 11:00 AM,-3.0°C,-7.0°C,74%,1026hPa,0.9km,Calm,Calm,-,N/A,Fog,Fog
1997-12-23 12:00 PM,-1.0°C,-7.0°C,64%,1025hPa,1.3km,SW,3.6km/h/1.0m/s,-,N/A,,Clear
1997-12-23 1:00 PM,1.0°C,-7.0°C,56%,1024hPa,1.6km,Calm,Calm,-,N/A,,Smoke
1997-12-23 3:00 PM,2.0°C,-7.0°C,52%,1022hPa,1.6km,Calm,Calm,-,N/A,,Smoke
1997-12-23 4:00 PM,3.0°C,-7.0°C,48%,1022hPa,1.5km,Calm,Calm,-,N/A,,Smoke
1997-12-23 5:00 PM,1.0°C,-7.0°C,56%,1022hPa,1.5km,Calm,Calm,-,N/A,,Smoke
1997-12-23 6:00 PM,-3.0°C,-7.0°C,74%,1023hPa,1.4km,Calm,Calm,-,N/A,,Smoke
1997-12-23 7:00 PM,-6.0°C,-9.0°C,80%,1023hPa,1.2km,Calm,Calm,-,N/A,,Clear
1997-12-23 8:00 PM,-6.0°C,-9.0°C,80%,1023hPa,1.2km,East,3.6km/h/1.0m/s,-,N/A,,Clear
1997-12-23 9:00 PM,-7.0°C,-11.0°C,74%,1023hPa,1.6km,ESE,3.6km/h/1.0m/s,-,N/A,,Clear
1997-12-23 10:00 PM,-8.0°C,-11.0°C,79%,1023hPa,2.0km,SE,3.6km/h/1.0m/s,-,N/A,,Clear
1997-12-23 11:00 PM,-7.0°C,-10.0°C,80%,1023hPa,2.0km,Calm,Calm,-,N/A,,Clear
