Time (CST),Temp.,Windchill,Dew Point,Humidity,Pressure,Visibility,Wind Dir,Wind Speed,Gust Speed,Precip,Events,Conditions
1997-1-5 12:00 AM,-11.0°C,-18.7°C,-24.0°C,34%,1033hPa,10.0km,NW,18.0km/h/5.0m/s,-,N/A,,Clear
1997-1-5 1:00 AM,-11.0°C,-17.8°C,-24.0°C,34%,1032hPa,10.0km,NW,14.4km/h/4.0m/s,-,N/A,,Clear
1997-1-5 2:00 AM,-12.0°C,-17.9°C,-24.0°C,37%,1032hPa,10.0km,NW,10.8km/h/3.0m/s,-,N/A,,Clear
1997-1-5 3:00 AM,-12.0°C,-17.9°C,-24.0°C,37%,1032hPa,10.0km,NNW,10.8km/h/3.0m/s,-,N/A,,Clear
1997-1-5 4:00 AM,-14.0°C,-,-24.0°C,44%,1031hPa,10.0km,Calm,Calm,-,N/A,,Clear
1997-1-5 6:00 AM,-14.0°C,-18.8°C,-24.0°C,44%,1030hPa,10.0km,ESE,7.2km/h/2.0m/s,-,N/A,,Clear
1997-1-5 7:00 AM,-15.0°C,-19.9°C,-24.0°C,47%,1030hPa,10.0km,ENE,7.2km/h/2.0m/s,-,N/A,,Clear
1997-1-5 8:00 AM,-15.0°C,-21.5°C,-25.0°C,43%,1031hPa,10.0km,East,10.8km/h/3.0m/s,-,N/A,,Clear
1997-1-5 9:00 AM,-14.0°C,-18.8°C,-24.0°C,44%,1031hPa,10.0km,ESE,7.2km/h/2.0m/s,-,N/A,,Clear
1997-1-5 10:00 AM,-11.0°C,-,-25.0°C,32%,1031hPa,10.0km,Calm,Calm,-,N/A,,Clear
1997-1-5 11:00 AM,-9.0°C,-,-25.0°C,27%,1031hPa,10.0km,Calm,Calm,-,N/A,,Clear
1997-1-5 12:00 PM,-7.0°C,-,-23.0°C,28%,1030hPa,10.0km,Calm,Calm,-,N/A,,Clear
1997-1-5 1:00 PM,-6.0°C,-,-22.0°C,28%,1028hPa,10.0km,Calm,Calm,-,N/A,,Clear
1997-1-5 2:00 PM,-4.0°C,-7.1°C,-21.0°C,26%,1027hPa,10.0km,SSE,7.2km/h/2.0m/s,-,N/A,,Clear
1997-1-5 3:00 PM,-3.0°C,-,-21.0°C,24%,1026hPa,10.0km,Calm,Calm,-,N/A,,Clear
1997-1-5 4:00 PM,-3.0°C,-5.9°C,-23.0°C,21%,1026hPa,10.0km,NE,7.2km/h/2.0m/s,-,N/A,,Clear
1997-1-5 5:00 PM,-4.0°C,-7.1°C,-22.0°C,24%,1026hPa,10.0km,NNE,7.2km/h/2.0m/s,-,N/A,,Clear
1997-1-5 6:00 PM,-5.0°C,-9.5°C,-21.0°C,28%,1026hPa,10.0km,NNW,10.8km/h/3.0m/s,-,N/A,,Clear
1997-1-5 7:00 PM,-7.0°C,-11.9°C,-20.0°C,36%,1027hPa,10.0km,NNW,10.8km/h/3.0m/s,-,N/A,,Clear
1997-1-5 8:00 PM,-8.0°C,-14.9°C,-22.0°C,32%,1027hPa,10.0km,North,18.0km/h/5.0m/s,-,N/A,,Clear
1997-1-5 9:00 PM,-8.0°C,-,-21.0°C,35%,1028hPa,10.0km,NNE,3.6km/h/1.0m/s,-,N/A,,Clear
1997-1-5 10:00 PM,-10.0°C,-14.1°C,-21.0°C,41%,1028hPa,10.0km,North,7.2km/h/2.0m/s,-,N/A,,Clear
1997-1-5 11:00 PM,-10.0°C,-,-22.0°C,38%,1029hPa,10.0km,North,3.6km/h/1.0m/s,-,N/A,,Clear
