Time (CST),Temp.,Windchill,Dew Point,Humidity,Pressure,Visibility,Wind Dir,Wind Speed,Gust Speed,Precip,Events,Conditions
1998-1-25 12:00 AM,-14.0°C,-,-21.0°C,56%,1030hPa,10.0km,Calm,Calm,-,N/A,,Clear
1998-1-25 1:00 AM,-15.0°C,-,-21.0°C,61%,1029hPa,10.0km,East,3.6km/h/1.0m/s,-,N/A,,Clear
1998-1-25 2:00 AM,-16.0°C,-,-22.0°C,61%,1029hPa,10.0km,SE,3.6km/h/1.0m/s,-,N/A,,Clear
1998-1-25 3:00 AM,-16.0°C,-,-22.0°C,61%,1029hPa,10.0km,ENE,3.6km/h/1.0m/s,-,N/A,,Clear
1998-1-25 4:00 AM,-15.0°C,-,-20.0°C,66%,1029hPa,7.0km,Variable,3.6km/h/1.0m/s,-,N/A,,Clear
1998-1-25 5:00 AM,-17.0°C,-22.3°C,-22.0°C,66%,1028hPa,10.0km,ENE,7.2km/h/2.0m/s,-,N/A,,Clear
1998-1-25 6:00 AM,-19.0°C,-24.6°C,-23.0°C,71%,1028hPa,10.0km,SE,7.2km/h/2.0m/s,-,N/A,,Clear
1998-1-25 7:00 AM,-18.0°C,-,-23.0°C,66%,1028hPa,10.0km,Calm,Calm,-,N/A,,Clear
1998-1-25 8:00 AM,-19.0°C,-,-24.0°C,66%,1029hPa,10.0km,SE,3.6km/h/1.0m/s,-,N/A,,Clear
1998-1-25 9:00 AM,-16.0°C,-,-20.0°C,72%,1029hPa,10.0km,ESE,3.6km/h/1.0m/s,-,N/A,,Clear
1998-1-25 10:00 AM,-11.0°C,-,-19.0°C,53%,1029hPa,3.0km,Calm,Calm,-,N/A,,Smoke
1998-1-25 11:00 AM,-8.0°C,-,-20.0°C,38%,1028hPa,4.0km,SE,3.6km/h/1.0m/s,-,N/A,,Smoke
1998-1-25 12:00 PM,-5.0°C,-8.3°C,-20.0°C,31%,1028hPa,6.0km,South,7.2km/h/2.0m/s,-,N/A,,Clear
1998-1-25 1:00 PM,-4.0°C,-7.1°C,-18.0°C,34%,1026hPa,5.0km,SSW,7.2km/h/2.0m/s,-,N/A,,Smoke
1998-1-25 2:00 PM,-2.0°C,-,-19.0°C,27%,1025hPa,10.0km,WSW,3.6km/h/1.0m/s,-,N/A,,Clear
1998-1-25 3:00 PM,-1.0°C,-3.6°C,-20.0°C,23%,1024hPa,10.0km,SW,7.2km/h/2.0m/s,-,N/A,,Clear
1998-1-25 4:00 PM,-1.0°C,-3.6°C,-19.0°C,25%,1024hPa,10.0km,SW,7.2km/h/2.0m/s,-,N/A,,Clear
1998-1-25 5:00 PM,-1.0°C,-,-19.0°C,25%,1024hPa,10.0km,South,3.6km/h/1.0m/s,-,N/A,,Clear
1998-1-25 7:00 PM,-8.0°C,-11.8°C,-21.0°C,35%,1024hPa,-,East,7.2km/h/2.0m/s,-,N/A,,Clear
1998-1-25 8:00 PM,-9.0°C,-,-21.0°C,38%,1025hPa,-,ESE,3.6km/h/1.0m/s,-,N/A,,Clear
1998-1-25 9:00 PM,-11.0°C,-16.7°C,-22.0°C,41%,1025hPa,-,SE,10.8km/h/3.0m/s,-,N/A,,Clear
1998-1-25 10:00 PM,-12.0°C,-16.4°C,-22.0°C,44%,1026hPa,-,ESE,7.2km/h/2.0m/s,-,N/A,,Clear
1998-1-25 11:00 PM,-13.0°C,-,-23.0°C,44%,1025hPa,10.0km,East,3.6km/h/1.0m/s,-,N/A,,Clear
