Time (CST),Temp.,Windchill,Dew Point,Humidity,Pressure,Visibility,Wind Dir,Wind Speed,Gust Speed,Precip,Events,Conditions
1998-1-23 12:00 AM,-8.0°C,-14.1°C,-19.0°C,42%,1025hPa,10.0km,NW,14.4km/h/4.0m/s,-,N/A,,Clear
1998-1-23 1:00 AM,-9.0°C,-15.3°C,-19.0°C,45%,1025hPa,10.0km,North,14.4km/h/4.0m/s,-,N/A,,Clear
1998-1-23 2:00 AM,-12.0°C,-,-19.0°C,57%,1025hPa,10.0km,ENE,3.6km/h/1.0m/s,-,N/A,,Clear
1998-1-23 3:00 AM,-13.0°C,-,-20.0°C,57%,1025hPa,10.0km,Calm,Calm,-,N/A,,Clear
1998-1-23 4:00 AM,-15.0°C,-,-20.0°C,66%,1025hPa,10.0km,ESE,3.6km/h/1.0m/s,-,N/A,,Clear
1998-1-23 5:00 AM,-15.0°C,-19.9°C,-20.0°C,66%,1025hPa,10.0km,SE,7.2km/h/2.0m/s,-,N/A,,Clear
1998-1-23 6:00 AM,-15.0°C,-,-20.0°C,66%,1026hPa,10.0km,NE,3.6km/h/1.0m/s,-,N/A,,Clear
1998-1-23 7:00 AM,-15.0°C,-,-20.0°C,66%,1027hPa,10.0km,SSE,3.6km/h/1.0m/s,-,N/A,,Clear
1998-1-23 8:00 AM,-14.0°C,-,-20.0°C,61%,1028hPa,-,ESE,3.6km/h/1.0m/s,-,N/A,,Clear
1998-1-23 9:00 AM,-12.0°C,-,-19.0°C,57%,1028hPa,10.0km,NE,3.6km/h/1.0m/s,-,N/A,,Unknown
1998-1-23 10:00 AM,-10.0°C,-,-18.0°C,53%,1028hPa,-,North,-,-,N/A,,Mostly Cloudy
1998-1-23 11:00 AM,-6.0°C,-,-17.0°C,42%,1028hPa,6.0km,Variable,3.6km/h/1.0m/s,-,N/A,,Clear
1998-1-23 12:00 PM,-5.0°C,-8.3°C,-18.0°C,36%,1028hPa,-,North,7.2km/h/2.0m/s,-,N/A,,Clear
1998-1-23 1:00 PM,-5.0°C,-,-19.0°C,33%,1027hPa,-,NNE,3.6km/h/1.0m/s,-,N/A,,Clear
1998-1-23 2:00 PM,-,-,-,N/A%,1027hPa,10.0km,NNW,7.2km/h/2.0m/s,-,N/A,,Clear
1998-1-23 3:00 PM,-3.0°C,-5.9°C,-17.0°C,34%,1027hPa,-,SW,7.2km/h/2.0m/s,-,N/A,,Clear
1998-1-23 4:00 PM,-3.0°C,-,-17.0°C,34%,1027hPa,10.0km,SSW,3.6km/h/1.0m/s,-,N/A,,Clear
1998-1-23 5:00 PM,-4.0°C,-,-18.0°C,34%,1027hPa,10.0km,WNW,3.6km/h/1.0m/s,-,N/A,,Clear
1998-1-23 6:00 PM,-6.0°C,-9.4°C,-20.0°C,33%,1028hPa,10.0km,North,7.2km/h/2.0m/s,-,N/A,,Clear
1998-1-23 8:00 PM,-7.0°C,-,-20.0°C,36%,1030hPa,10.0km,Calm,Calm,-,N/A,,Clear
1998-1-23 9:00 PM,-8.0°C,-,-20.0°C,38%,1031hPa,10.0km,NNW,3.6km/h/1.0m/s,-,N/A,,Clear
1998-1-23 10:00 PM,-11.0°C,-15.3°C,-20.0°C,48%,1032hPa,10.0km,NNW,7.2km/h/2.0m/s,-,N/A,,Clear
1998-1-23 11:00 PM,-11.0°C,-,-19.0°C,53%,1033hPa,10.0km,Calm,Calm,-,N/A,,Clear
