Time (CST),Temp.,Dew Point,Humidity,Pressure,Visibility,Wind Dir,Wind Speed,Gust Speed,Precip,Events,Conditions
1997-10-2 12:00 AM,16.0°C,10.0°C,68%,1018hPa,6.0km,East,7.2km/h/2.0m/s,-,N/A,,Scattered Clouds
1997-10-2 1:00 AM,13.0°C,8.0°C,72%,1018hPa,6.0km,SE,7.2km/h/2.0m/s,-,N/A,,Scattered Clouds
1997-10-2 2:00 AM,11.0°C,8.0°C,82%,1018hPa,6.0km,SE,10.8km/h/3.0m/s,-,N/A,,Scattered Clouds
1997-10-2 3:00 AM,11.0°C,8.0°C,82%,1019hPa,8.0km,SE,10.8km/h/3.0m/s,-,N/A,,Scattered Clouds
1997-10-2 4:00 AM,9.0°C,8.0°C,93%,1019hPa,7.0km,NW,7.2km/h/2.0m/s,-,N/A,,Scattered Clouds
1997-10-2 5:00 AM,9.0°C,8.0°C,93%,1019hPa,6.0km,NW,3.6km/h/1.0m/s,-,N/A,,Scattered Clouds
1997-10-2 6:00 AM,8.0°C,8.0°C,100%,1019hPa,5.0km,SE,3.6km/h/1.0m/s,-,N/A,,Smoke
1997-10-2 7:00 AM,9.0°C,9.0°C,100%,1020hPa,3.0km,SE,7.2km/h/2.0m/s,-,N/A,,Smoke
1997-10-2 8:00 AM,12.0°C,11.0°C,94%,1020hPa,3.0km,Calm,Calm,-,N/A,,Smoke
1997-10-2 9:00 AM,16.0°C,11.0°C,72%,1020hPa,1.0km,Calm,Calm,-,N/A,,Smoke
1997-10-2 10:00 AM,18.0°C,10.0°C,59%,1020hPa,1.8km,NNW,3.6km/h/1.0m/s,-,N/A,,Smoke
1997-10-2 11:00 AM,21.0°C,12.0°C,56%,1019hPa,3.0km,NW,7.2km/h/2.0m/s,-,N/A,,Smoke
1997-10-2 12:00 PM,23.0°C,13.0°C,53%,1019hPa,6.0km,SSE,3.6km/h/1.0m/s,-,N/A,,Mostly Cloudy
1997-10-2 1:00 PM,24.0°C,12.0°C,47%,1018hPa,6.0km,SW,7.2km/h/2.0m/s,-,N/A,,Mostly Cloudy
1997-10-2 2:00 PM,24.0°C,10.0°C,41%,1017hPa,8.0km,WSW,7.2km/h/2.0m/s,-,N/A,,Overcast
1997-10-2 3:00 PM,24.0°C,11.0°C,44%,1016hPa,8.0km,SW,7.2km/h/2.0m/s,-,N/A,,Overcast
1997-10-2 4:00 PM,23.0°C,11.0°C,47%,1016hPa,8.0km,West,7.2km/h/2.0m/s,-,N/A,,Overcast
1997-10-2 5:00 PM,22.0°C,12.0°C,53%,1017hPa,8.0km,West,3.6km/h/1.0m/s,-,N/A,,Overcast
1997-10-2 6:00 PM,22.0°C,12.0°C,53%,1017hPa,8.0km,Calm,Calm,-,N/A,,Overcast
1997-10-2 7:00 PM,17.0°C,12.0°C,72%,1017hPa,6.0km,SE,7.2km/h/2.0m/s,-,N/A,,Overcast
1997-10-2 8:00 PM,17.0°C,12.0°C,72%,1018hPa,6.0km,ESE,10.8km/h/3.0m/s,-,N/A,,Overcast
1997-10-2 9:00 PM,19.0°C,11.0°C,60%,1019hPa,6.0km,ESE,14.4km/h/4.0m/s,-,N/A,,Overcast
1997-10-2 10:00 PM,17.0°C,13.0°C,77%,1020hPa,8.0km,NW,10.8km/h/3.0m/s,-,N/A,,Overcast
1997-10-2 11:00 PM,16.0°C,13.0°C,82%,1021hPa,8.0km,West,10.8km/h/3.0m/s,-,N/A,Rain,Light Rain
