Time (CST),Temp.,Windchill,Dew Point,Humidity,Pressure,Visibility,Wind Dir,Wind Speed,Gust Speed,Precip,Events,Conditions
1997-4-17 12:00 AM,9.0°C,-,-4.0°C,40%,1018hPa,10.0km,ENE,28.8km/h/8.0m/s,-,N/A,,Mostly Cloudy
1997-4-17 1:00 AM,9.0°C,-,-4.0°C,40%,1018hPa,10.0km,ENE,28.8km/h/8.0m/s,-,N/A,,Overcast
1997-4-17 2:00 AM,9.0°C,-,-5.0°C,37%,1018hPa,10.0km,NE,21.6km/h/6.0m/s,-,N/A,,Overcast
1997-4-17 3:00 AM,9.0°C,-,-6.0°C,34%,1017hPa,10.0km,Calm,Calm,-,N/A,,Overcast
1997-4-17 4:00 AM,8.0°C,6.9°C,-6.0°C,37%,1017hPa,10.0km,WNW,7.2km/h/2.0m/s,-,N/A,,Mostly Cloudy
1997-4-17 5:00 AM,7.0°C,-,-5.0°C,43%,1018hPa,10.0km,Calm,Calm,-,N/A,,Mostly Cloudy
1997-4-17 6:00 AM,6.0°C,-,-7.0°C,39%,1018hPa,-,Calm,Calm,-,N/A,,Clear
1997-4-17 7:00 AM,5.0°C,-,-3.0°C,57%,1019hPa,-,Calm,Calm,-,N/A,,Clear
1997-4-17 8:00 AM,7.0°C,-,-4.0°C,46%,1019hPa,10.0km,Calm,Calm,-,N/A,,Clear
1997-4-17 9:00 AM,10.0°C,-,-5.0°C,35%,1019hPa,10.0km,Calm,Calm,-,N/A,,Clear
1997-4-17 10:00 AM,12.0°C,-,-4.0°C,33%,1019hPa,10.0km,Calm,Calm,-,N/A,,Clear
1997-4-17 11:00 AM,13.0°C,-,-3.0°C,33%,1019hPa,10.0km,Calm,Calm,-,N/A,,Clear
1997-4-17 12:00 PM,15.0°C,-,-2.0°C,31%,1018hPa,10.0km,Calm,Calm,-,N/A,,Clear
1997-4-17 1:00 PM,15.0°C,-,-1.0°C,34%,1017hPa,10.0km,Calm,Calm,-,N/A,,Clear
1997-4-17 2:00 PM,17.0°C,-,-4.0°C,24%,1016hPa,10.0km,WSW,10.8km/h/3.0m/s,-,N/A,,Clear
1997-4-17 3:00 PM,19.0°C,-,-3.0°C,23%,1015hPa,10.0km,SSW,10.8km/h/3.0m/s,-,N/A,,Clear
1997-4-17 4:00 PM,18.0°C,-,-4.0°C,22%,1014hPa,-,SW,7.2km/h/2.0m/s,-,N/A,,Clear
1997-4-17 5:00 PM,19.0°C,-,-3.0°C,23%,1014hPa,-,SW,7.2km/h/2.0m/s,-,N/A,,Clear
1997-4-17 6:00 PM,18.0°C,-,-3.0°C,24%,1014hPa,-,SW,14.4km/h/4.0m/s,-,N/A,,Clear
1997-4-17 7:00 PM,17.0°C,-,-1.0°C,30%,1014hPa,-,Calm,Calm,-,N/A,,Clear
1997-4-17 8:00 PM,15.0°C,-,0.0°C,36%,1015hPa,10.0km,Calm,Calm,-,N/A,,Clear
1997-4-17 9:00 PM,14.0°C,-,0.0°C,38%,1016hPa,10.0km,ENE,18.0km/h/5.0m/s,-,N/A,,Clear
1997-4-17 10:00 PM,13.0°C,-,0.0°C,41%,1017hPa,10.0km,ENE,25.2km/h/7.0m/s,-,N/A,,Clear
1997-4-17 11:00 PM,12.0°C,-,1.0°C,47%,1018hPa,10.0km,East,21.6km/h/6.0m/s,-,N/A,,Clear
