Time (CST),Temp.,Heat Index,Dew Point,Humidity,Pressure,Visibility,Wind Dir,Wind Speed,Gust Speed,Precip,Events,Conditions
1997-7-8 12:00 AM,24.0°C,-,15.0°C,57%,1009hPa,10.0km,East,18.0km/h/5.0m/s,-,N/A,,Clear
1997-7-8 1:00 AM,24.0°C,-,16.0°C,61%,1009hPa,10.0km,East,14.4km/h/4.0m/s,-,N/A,,Clear
1997-7-8 4:00 AM,20.0°C,-,15.0°C,73%,1009hPa,10.0km,South,3.6km/h/1.0m/s,-,N/A,,Clear
1997-7-8 5:00 AM,18.0°C,-,16.0°C,88%,1009hPa,10.0km,West,3.6km/h/1.0m/s,-,N/A,,Clear
1997-7-8 6:00 AM,18.0°C,-,16.0°C,88%,1010hPa,10.0km,North,7.2km/h/2.0m/s,-,N/A,,Clear
1997-7-8 7:00 AM,21.0°C,-,17.0°C,78%,1010hPa,10.0km,Calm,Calm,-,N/A,,Clear
1997-7-8 8:00 AM,23.0°C,-,18.0°C,73%,1010hPa,10.0km,WNW,7.2km/h/2.0m/s,-,N/A,,Clear
1997-7-8 9:00 AM,26.0°C,-,16.0°C,54%,1010hPa,10.0km,North,10.8km/h/3.0m/s,-,N/A,,Clear
1997-7-8 10:00 AM,27.0°C,27.3°C,15.0°C,48%,1010hPa,10.0km,WNW,3.6km/h/1.0m/s,-,N/A,,Clear
1997-7-8 11:00 AM,29.0°C,28.2°C,12.0°C,35%,1009hPa,-,ENE,10.8km/h/3.0m/s,-,N/A,,Clear
1997-7-8 12:00 PM,30.0°C,29.0°C,12.0°C,33%,1009hPa,10.0km,NNW,3.6km/h/1.0m/s,-,N/A,,Clear
1997-7-8 1:00 PM,31.0°C,29.8°C,12.0°C,31%,1008hPa,10.0km,NNE,7.2km/h/2.0m/s,-,N/A,,Partly Cloudy
1997-7-8 2:00 PM,32.0°C,31.2°C,14.0°C,33%,1008hPa,10.0km,WNW,10.8km/h/3.0m/s,-,N/A,,Mostly Cloudy
1997-7-8 3:00 PM,32.0°C,30.9°C,13.0°C,31%,1006hPa,10.0km,South,7.2km/h/2.0m/s,-,N/A,,Scattered Clouds
1997-7-8 4:00 PM,33.0°C,31.7°C,12.0°C,28%,1005hPa,10.0km,North,10.8km/h/3.0m/s,-,N/A,,Scattered Clouds
1997-7-8 5:00 PM,33.0°C,31.7°C,12.0°C,28%,1005hPa,10.0km,West,10.8km/h/3.0m/s,-,N/A,,Scattered Clouds
1997-7-8 6:00 PM,33.0°C,31.7°C,12.0°C,28%,1005hPa,10.0km,WNW,3.6km/h/1.0m/s,-,N/A,,Scattered Clouds
1997-7-8 7:00 PM,32.0°C,31.6°C,15.0°C,36%,1005hPa,10.0km,Calm,Calm,-,N/A,,Partly Cloudy
1997-7-8 8:00 PM,31.0°C,30.6°C,15.0°C,38%,1006hPa,10.0km,ESE,18.0km/h/5.0m/s,-,N/A,,Partly Cloudy
1997-7-8 9:00 PM,29.0°C,29.1°C,16.0°C,45%,1008hPa,10.0km,East,10.8km/h/3.0m/s,-,N/A,,Partly Cloudy
1997-7-8 10:00 PM,28.0°C,28.3°C,16.0°C,48%,1008hPa,-,ESE,14.4km/h/4.0m/s,-,N/A,,Clear
