Time (CST),Temp.,Windchill,Dew Point,Humidity,Pressure,Visibility,Wind Dir,Wind Speed,Gust Speed,Precip,Events,Conditions
1997-3-2 1:00 AM,-3.0°C,-7.1°C,-16.0°C,37%,1027hPa,10.0km,West,10.8km/h/3.0m/s,-,N/A,,Clear
1997-3-2 2:00 AM,-3.0°C,-7.1°C,-16.0°C,37%,1027hPa,10.0km,West,10.8km/h/3.0m/s,-,N/A,,Clear
1997-3-2 3:00 AM,-4.0°C,-,-15.0°C,43%,1027hPa,10.0km,Calm,Calm,-,N/A,,Clear
1997-3-2 4:00 AM,-6.0°C,-9.4°C,-14.0°C,54%,1026hPa,10.0km,East,7.2km/h/2.0m/s,-,N/A,,Clear
1997-3-2 5:00 AM,-7.0°C,-,-15.0°C,54%,1027hPa,10.0km,Calm,Calm,-,N/A,,Clear
1997-3-2 6:00 AM,-7.0°C,-,-14.0°C,58%,1027hPa,10.0km,Calm,Calm,-,N/A,,Clear
1997-3-2 7:00 AM,-8.0°C,-,-16.0°C,53%,1027hPa,10.0km,Calm,Calm,-,N/A,,Clear
1997-3-2 8:00 AM,-8.0°C,-,-16.0°C,53%,1028hPa,10.0km,Calm,Calm,-,N/A,,Clear
1997-3-2 9:00 AM,-4.0°C,-,-9.0°C,69%,1029hPa,10.0km,Calm,Calm,-,N/A,,Clear
1997-3-2 10:00 AM,0.0°C,-,-19.0°C,23%,1029hPa,10.0km,Calm,Calm,-,N/A,,Clear
1997-3-2 11:00 AM,1.0°C,-,-16.0°C,28%,1029hPa,10.0km,Calm,Calm,-,N/A,,Clear
1997-3-2 12:00 PM,3.0°C,-,-16.0°C,24%,1028hPa,10.0km,Calm,Calm,-,N/A,,Clear
1997-3-2 1:00 PM,4.0°C,0.6°C,-15.0°C,24%,1027hPa,10.0km,SSW,14.4km/h/4.0m/s,-,N/A,,Clear
1997-3-2 2:00 PM,5.0°C,1.3°C,-18.0°C,18%,1026hPa,10.0km,SSW,18.0km/h/5.0m/s,-,N/A,,Clear
1997-3-2 3:00 PM,6.0°C,1.8°C,-18.0°C,16%,1025hPa,10.0km,WSW,25.2km/h/7.0m/s,-,N/A,,Clear
1997-3-2 4:00 PM,6.0°C,1.8°C,-20.0°C,14%,1025hPa,10.0km,SSW,25.2km/h/7.0m/s,-,N/A,,Clear
1997-3-2 5:00 PM,7.0°C,3.4°C,-16.0°C,18%,1024hPa,10.0km,SSW,21.6km/h/6.0m/s,-,N/A,,Clear
1997-3-2 6:00 PM,6.0°C,2.2°C,-22.0°C,12%,1024hPa,10.0km,West,21.6km/h/6.0m/s,-,N/A,,Clear
1997-3-2 7:00 PM,4.0°C,0.6°C,-20.0°C,16%,1024hPa,10.0km,NW,14.4km/h/4.0m/s,-,N/A,,Clear
1997-3-2 8:00 PM,3.0°C,0.1°C,-15.0°C,26%,1025hPa,10.0km,NW,10.8km/h/3.0m/s,-,N/A,,Clear
1997-3-2 9:00 PM,3.0°C,0.1°C,-16.0°C,24%,1026hPa,10.0km,NNW,10.8km/h/3.0m/s,-,N/A,,Clear
1997-3-2 10:00 PM,3.0°C,0.1°C,-16.0°C,24%,1026hPa,10.0km,NW,10.8km/h/3.0m/s,-,N/A,,Clear
1997-3-2 11:00 PM,1.0°C,-1.3°C,-16.0°C,28%,1026hPa,10.0km,North,7.2km/h/2.0m/s,-,N/A,,Clear
