Time (CST),Temp.,Windchill,Dew Point,Humidity,Pressure,Visibility,Wind Dir,Wind Speed,Gust Speed,Precip,Events,Conditions
1998-1-27 12:00 AM,-7.0°C,-11.9°C,-16.0°C,49%,1025hPa,5.0km,NNW,10.8km/h/3.0m/s,-,N/A,,Smoke
1998-1-27 1:00 AM,-3.0°C,-,-15.0°C,40%,1024hPa,-,NNE,3.6km/h/1.0m/s,-,N/A,,Smoke
1998-1-27 3:00 AM,-6.0°C,-9.4°C,-16.0°C,46%,1025hPa,7.0km,East,7.2km/h/2.0m/s,-,N/A,,Smoke
1998-1-27 4:00 AM,-7.0°C,-,-16.0°C,49%,1025hPa,10.0km,SE,3.6km/h/1.0m/s,-,N/A,,Clear
1998-1-27 5:00 AM,-6.0°C,-,-14.0°C,54%,1025hPa,8.0km,Calm,Calm,-,N/A,,Clear
1998-1-27 6:00 AM,-6.0°C,-,-14.0°C,54%,1026hPa,7.0km,SW,3.6km/h/1.0m/s,-,N/A,,Clear
1998-1-27 7:00 AM,-9.0°C,-,-15.0°C,62%,1026hPa,7.0km,Calm,Calm,-,N/A,,Clear
1998-1-27 8:00 AM,-9.0°C,-,-15.0°C,62%,1027hPa,6.0km,Calm,Calm,-,N/A,,Scattered Clouds
1998-1-27 9:00 AM,-7.0°C,-10.6°C,-15.0°C,54%,1028hPa,-,SE,7.2km/h/2.0m/s,-,N/A,,Clear
1998-1-27 10:00 AM,-3.0°C,-,-15.0°C,40%,1028hPa,-,SE,3.6km/h/1.0m/s,-,N/A,,Clear
1998-1-27 12:00 PM,1.0°C,-2.3°C,-16.0°C,28%,1028hPa,-,North,10.8km/h/3.0m/s,-,N/A,,Clear
1998-1-27 1:00 PM,1.0°C,-1.3°C,-15.0°C,30%,1027hPa,10.0km,NNW,7.2km/h/2.0m/s,-,N/A,,Clear
1998-1-27 2:00 PM,2.0°C,-0.1°C,-14.0°C,30%,1027hPa,-,West,7.2km/h/2.0m/s,-,N/A,,Clear
1998-1-27 3:00 PM,2.0°C,-1.1°C,-13.0°C,33%,1026hPa,-,SW,10.8km/h/3.0m/s,-,N/A,,Clear
1998-1-27 5:00 PM,0.0°C,-3.5°C,-9.0°C,51%,1028hPa,-,NE,10.8km/h/3.0m/s,-,N/A,,Clear
1998-1-27 6:00 PM,0.0°C,-5.4°C,-13.0°C,38%,1029hPa,-,NNW,21.6km/h/6.0m/s,-,N/A,,Clear
1998-1-27 7:00 PM,-,-,-,N/A%,1031hPa,10.0km,NNW,21.6km/h/6.0m/s,-,N/A,,Partly Cloudy
1998-1-27 8:00 PM,-3.0°C,-8.7°C,-14.0°C,43%,1032hPa,10.0km,NW,18.0km/h/5.0m/s,-,N/A,,Clear
1998-1-27 9:00 PM,-3.0°C,-9.8°C,-11.0°C,55%,1033hPa,-,North,25.2km/h/7.0m/s,-,N/A,,Clear
1998-1-27 10:00 PM,-4.0°C,-8.3°C,-15.0°C,43%,1034hPa,-,North,10.8km/h/3.0m/s,-,N/A,,Clear
1998-1-27 11:00 PM,-5.0°C,-9.5°C,-16.0°C,43%,1035hPa,10.0km,NNE,10.8km/h/3.0m/s,-,N/A,,Clear
