Time (CST),Temp.,Windchill,Dew Point,Humidity,Pressure,Visibility,Wind Dir,Wind Speed,Gust Speed,Precip,Events,Conditions
1997-10-19 12:00 AM,7.0°C,4.3°C,-4.0°C,46%,1016hPa,10.0km,SE,14.4km/h/4.0m/s,-,N/A,,Clear
1997-10-19 1:00 AM,7.0°C,-,-6.0°C,39%,1015hPa,10.0km,East,3.6km/h/1.0m/s,-,N/A,,Clear
1997-10-19 2:00 AM,6.0°C,4.5°C,-4.0°C,49%,1016hPa,10.0km,ESE,7.2km/h/2.0m/s,-,N/A,,Clear
1997-10-19 4:00 AM,7.0°C,5.7°C,-3.0°C,49%,1016hPa,10.0km,ESE,7.2km/h/2.0m/s,-,N/A,,Clear
1997-10-19 5:00 AM,5.0°C,3.4°C,-3.0°C,57%,1016hPa,10.0km,ENE,7.2km/h/2.0m/s,-,N/A,,Clear
1997-10-19 6:00 AM,6.0°C,3.7°C,-3.0°C,53%,1016hPa,10.0km,SSE,10.8km/h/3.0m/s,-,N/A,,Clear
1997-10-19 7:00 AM,6.0°C,4.5°C,-3.0°C,53%,1017hPa,8.0km,ESE,7.2km/h/2.0m/s,-,N/A,,Partly Cloudy
1997-10-19 8:00 AM,9.0°C,-,-2.0°C,46%,1018hPa,8.0km,Calm,Calm,-,N/A,,Scattered Clouds
1997-10-19 9:00 AM,14.0°C,-,-3.0°C,31%,1018hPa,-,WSW,7.2km/h/2.0m/s,-,N/A,,Clear
1997-10-19 10:00 AM,18.0°C,-,-4.0°C,22%,1018hPa,8.0km,WNW,14.4km/h/4.0m/s,-,N/A,,Mostly Cloudy
1997-10-19 11:00 AM,22.0°C,-,-6.0°C,15%,1017hPa,-,WNW,18.0km/h/5.0m/s,-,N/A,,Clear
1997-10-19 12:00 PM,23.0°C,-,-9.0°C,11%,1017hPa,10.0km,NW,32.4km/h/9.0m/s,-,N/A,,Clear
1997-10-19 1:00 PM,24.0°C,-,-9.0°C,11%,1016hPa,-,WNW,28.8km/h/8.0m/s,-,N/A,,Clear
1997-10-19 2:00 PM,24.0°C,-,-11.0°C,9%,1015hPa,-,NW,21.6km/h/6.0m/s,39.6km/h/11.0m/s,N/A,,Clear
1997-10-19 3:00 PM,25.0°C,-,-10.0°C,9%,1014hPa,-,NW,28.8km/h/8.0m/s,-,N/A,,Clear
1997-10-19 4:00 PM,24.0°C,-,-11.0°C,9%,1014hPa,10.0km,NNW,18.0km/h/5.0m/s,-,N/A,,Clear
1997-10-19 5:00 PM,23.0°C,-,-11.0°C,10%,1014hPa,10.0km,NNW,18.0km/h/5.0m/s,-,N/A,,Clear
1997-10-19 6:00 PM,19.0°C,-,-8.0°C,15%,1014hPa,10.0km,WNW,7.2km/h/2.0m/s,-,N/A,,Clear
1997-10-19 7:00 PM,17.0°C,-,-7.0°C,19%,1014hPa,10.0km,West,7.2km/h/2.0m/s,-,N/A,,Clear
1997-10-19 8:00 PM,17.0°C,-,-6.0°C,20%,1014hPa,10.0km,West,10.8km/h/3.0m/s,-,N/A,,Clear
1997-10-19 9:00 PM,15.0°C,-,-4.0°C,27%,1015hPa,10.0km,West,10.8km/h/3.0m/s,-,N/A,,Clear
1997-10-19 10:00 PM,14.0°C,-,-4.0°C,29%,1015hPa,10.0km,SW,10.8km/h/3.0m/s,-,N/A,,Clear
1997-10-19 11:00 PM,11.0°C,-,-5.0°C,33%,1015hPa,10.0km,ESE,3.6km/h/1.0m/s,-,N/A,,Clear
