Time (CST),Temp.,Windchill,Dew Point,Humidity,Pressure,Visibility,Wind Dir,Wind Speed,Gust Speed,Precip,Events,Conditions
1997-9-20 12:00 AM,12.0°C,-,0.0°C,44%,1024hPa,-,North,21.6km/h/6.0m/s,-,N/A,,Clear
1997-9-20 1:00 AM,11.0°C,-,0.0°C,47%,1024hPa,-,NNE,7.2km/h/2.0m/s,-,N/A,,Clear
1997-9-20 2:00 AM,9.0°C,-,1.0°C,58%,1025hPa,-,NE,3.6km/h/1.0m/s,-,N/A,,Clear
1997-9-20 3:00 AM,7.0°C,-,2.0°C,71%,1025hPa,-,Calm,Calm,-,N/A,,Clear
1997-9-20 4:00 AM,7.0°C,-,1.0°C,66%,1025hPa,-,ENE,3.6km/h/1.0m/s,-,N/A,,Clear
1997-9-20 5:00 AM,4.0°C,-,2.0°C,87%,1026hPa,-,Calm,Calm,-,N/A,,Clear
1997-9-20 6:00 AM,4.0°C,2.2°C,2.0°C,87%,1026hPa,-,NNW,7.2km/h/2.0m/s,-,N/A,,Clear
1997-9-20 7:00 AM,5.0°C,3.4°C,3.0°C,87%,1027hPa,10.0km,NNW,7.2km/h/2.0m/s,-,N/A,,Clear
1997-9-20 8:00 AM,9.0°C,-,4.0°C,71%,1027hPa,10.0km,Calm,Calm,-,N/A,,Clear
1997-9-20 2:00 PM,17.0°C,-,0.0°C,32%,1024hPa,10.0km,NW,7.2km/h/2.0m/s,-,N/A,,Clear
1997-9-20 4:00 PM,18.0°C,-,1.0°C,32%,1022hPa,10.0km,West,7.2km/h/2.0m/s,-,N/A,,Partly Cloudy
1997-9-20 5:00 PM,18.0°C,-,2.0°C,34%,1022hPa,10.0km,SSW,10.8km/h/3.0m/s,-,N/A,,Partly Cloudy
1997-9-20 6:00 PM,16.0°C,-,1.0°C,36%,1022hPa,-,SSW,10.8km/h/3.0m/s,-,N/A,,Clear
1997-9-20 7:00 PM,14.0°C,-,3.0°C,48%,1022hPa,-,South,10.8km/h/3.0m/s,-,N/A,,Clear
1997-9-20 8:00 PM,11.0°C,-,4.0°C,62%,1023hPa,-,ENE,10.8km/h/3.0m/s,-,N/A,,Clear
1997-9-20 9:00 PM,9.0°C,-,4.0°C,71%,1024hPa,-,Calm,Calm,-,N/A,,Clear
1997-9-20 10:00 PM,8.0°C,-,5.0°C,81%,1024hPa,-,East,3.6km/h/1.0m/s,-,N/A,,Clear
1997-9-20 11:00 PM,6.0°C,4.5°C,4.0°C,87%,1024hPa,-,East,7.2km/h/2.0m/s,-,N/A,,Clear
