Time (CST),Temp.,Dew Point,Humidity,Pressure,Visibility,Wind Dir,Wind Speed,Gust Speed,Precip,Events,Conditions
1998-10-6 12:00 AM,57.2°F,57.2°F,100%,30.12in,1.4mi,Calm,Calm,-,N/A,,Mostly Cloudy
1998-10-6 2:00 AM,57.2°F,57.2°F,100%,30.12in,1.4mi,SE,2.2mph,-,N/A,,Mostly Cloudy
1998-10-6 3:00 AM,57.2°F,57.2°F,100%,30.09in,1.3mi,ESE,2.2mph,-,N/A,,Mostly Cloudy
1998-10-6 4:00 AM,57.2°F,57.2°F,100%,30.09in,1.0mi,SE,2.2mph,-,N/A,,Overcast
1998-10-6 5:00 AM,57.2°F,57.2°F,100%,30.09in,1.0mi,SE,2.2mph,-,N/A,,Overcast
1998-10-6 6:00 AM,57.2°F,57.2°F,100%,30.09in,1.3mi,ESE,2.2mph,-,N/A,,Overcast
1998-10-6 7:00 AM,57.2°F,57.2°F,100%,30.06in,1.3mi,SE,2.2mph,-,N/A,,Overcast
1998-10-6 10:00 AM,59.0°F,59.0°F,100%,30.09in,0.6mi,Calm,Calm,-,N/A,Fog,Fog
1998-10-6 11:00 AM,62.6°F,59.0°F,88%,30.09in,1.0mi,SE,4.5mph,-,N/A,,Overcast
1998-10-6 12:00 PM,64.4°F,59.0°F,83%,30.06in,0.9mi,South,6.7mph,-,N/A,,Overcast
1998-10-6 1:00 PM,66.2°F,59.0°F,78%,30.04in,1.2mi,SSE,4.5mph,-,N/A,,Mostly Cloudy
1998-10-6 2:00 PM,68.0°F,59.0°F,73%,30.01in,1.7mi,SSE,4.5mph,-,N/A,,Mostly Cloudy
1998-10-6 3:00 PM,69.8°F,57.2°F,64%,30.01in,3.1mi,South,2.2mph,-,N/A,,Mostly Cloudy
1998-10-6 4:00 PM,71.6°F,55.4°F,57%,29.98in,-,SSE,4.5mph,-,N/A,,Clear
1998-10-6 5:00 PM,68.0°F,57.2°F,68%,29.98in,-,SSE,6.7mph,-,N/A,,Clear
1998-10-6 6:00 PM,66.2°F,57.2°F,73%,29.98in,-,SSE,2.2mph,-,N/A,,Clear
1998-10-6 7:00 PM,64.4°F,55.4°F,73%,30.01in,-,SE,4.5mph,-,N/A,,Clear
1998-10-6 8:00 PM,60.8°F,55.4°F,82%,30.04in,6.2mi,SE,4.5mph,-,N/A,,Overcast
1998-10-6 9:00 PM,59.0°F,55.4°F,88%,30.04in,-,Calm,Calm,-,N/A,,Clear
1998-10-6 11:00 PM,57.2°F,55.4°F,94%,30.06in,-,ESE,2.2mph,-,N/A,,Clear
