Time (CST),Temp.,Windchill,Dew Point,Humidity,Pressure,Visibility,Wind Dir,Wind Speed,Gust Speed,Precip,Events,Conditions
1998-11-9 12:00 AM,46.4°F,-,21.2°F,37%,30.09in,6.2mi,South,2.2mph,-,N/A,,Clear
1998-11-9 1:00 AM,46.4°F,42.0°F,23.0°F,40%,30.09in,6.2mi,NNW,8.9mph,-,N/A,,Clear
1998-11-9 2:00 AM,46.4°F,41.2°F,21.2°F,37%,30.09in,6.2mi,NNW,11.2mph,-,N/A,,Clear
1998-11-9 3:00 AM,44.6°F,39.8°F,21.2°F,39%,30.12in,6.2mi,NNW,8.9mph,-,N/A,,Clear
1998-11-9 4:00 AM,44.6°F,42.3°F,17.6°F,34%,30.12in,6.2mi,North,4.5mph,-,N/A,,Clear
1998-11-9 5:00 AM,41.0°F,38.1°F,15.8°F,36%,30.15in,6.2mi,WNW,4.5mph,-,N/A,,Clear
1998-11-9 6:00 AM,41.0°F,38.1°F,14.0°F,33%,30.15in,6.2mi,NNW,4.5mph,-,N/A,,Clear
1998-11-9 9:00 AM,41.0°F,-,21.2°F,45%,30.24in,6.2mi,North,2.2mph,-,N/A,,Clear
1998-11-9 10:00 AM,48.2°F,-,15.8°F,27%,30.24in,6.2mi,NNW,11.2mph,-,N/A,,Clear
1998-11-9 11:00 AM,51.8°F,-,14.0°F,22%,30.24in,6.2mi,NNW,8.9mph,-,N/A,,Clear
1998-11-9 12:00 PM,53.6°F,-,14.0°F,21%,30.21in,6.2mi,NNW,11.2mph,-,N/A,,Clear
1998-11-9 1:00 PM,55.4°F,-,15.8°F,21%,30.18in,6.2mi,NW,4.5mph,-,N/A,,Clear
1998-11-9 2:00 PM,57.2°F,-,15.8°F,20%,30.15in,6.2mi,South,4.5mph,-,N/A,,Clear
1998-11-9 3:00 PM,57.2°F,-,17.6°F,21%,30.15in,6.2mi,West,2.2mph,-,N/A,,Clear
1998-11-9 4:00 PM,57.2°F,-,19.4°F,23%,30.15in,6.2mi,WSW,2.2mph,-,N/A,,Clear
1998-11-9 5:00 PM,53.6°F,-,21.2°F,28%,30.15in,6.2mi,West,2.2mph,-,N/A,,Clear
1998-11-9 6:00 PM,46.4°F,-,21.2°F,37%,30.15in,3.7mi,Calm,Calm,-,N/A,,Clear
1998-11-9 7:00 PM,46.4°F,-,23.0°F,40%,30.18in,5.0mi,East,2.2mph,-,N/A,,Clear
1998-11-9 8:00 PM,42.8°F,-,21.2°F,42%,30.18in,6.2mi,Calm,Calm,-,N/A,,Clear
1998-11-9 9:00 PM,41.0°F,-,19.4°F,42%,30.18in,6.2mi,SE,2.2mph,-,N/A,,Clear
1998-11-9 10:00 PM,41.0°F,-,19.4°F,42%,30.21in,6.2mi,ESE,2.2mph,-,N/A,,Clear
1998-11-9 11:00 PM,39.2°F,-,19.4°F,45%,30.21in,6.2mi,SE,2.2mph,-,N/A,,Clear
