Time (CST),Temp.,Heat Index,Dew Point,Humidity,Pressure,Visibility,Wind Dir,Wind Speed,Gust Speed,Precip,Events,Conditions
1997-8-18 12:00 AM,18.0°C,-,16.0°C,88%,1013hPa,-,Calm,Calm,-,N/A,,Clear
1997-8-18 1:00 AM,18.0°C,-,16.0°C,88%,1013hPa,-,ESE,7.2km/h/2.0m/s,-,N/A,,Clear
1997-8-18 2:00 AM,17.0°C,-,16.0°C,94%,1013hPa,-,East,3.6km/h/1.0m/s,-,N/A,,Clear
1997-8-18 3:00 AM,16.0°C,-,15.0°C,94%,1013hPa,-,East,7.2km/h/2.0m/s,-,N/A,,Clear
1997-8-18 4:00 AM,16.0°C,-,14.0°C,88%,1013hPa,-,Calm,Calm,-,N/A,,Clear
1997-8-18 5:00 AM,14.0°C,-,13.0°C,94%,1013hPa,-,ESE,7.2km/h/2.0m/s,-,N/A,,Clear
1997-8-18 7:00 AM,14.0°C,-,14.0°C,100%,1014hPa,10.0km,SE,7.2km/h/2.0m/s,-,N/A,,Clear
1997-8-18 8:00 AM,19.0°C,-,15.0°C,78%,1014hPa,10.0km,SE,3.6km/h/1.0m/s,-,N/A,,Clear
1997-8-18 9:00 AM,22.0°C,-,16.0°C,69%,1014hPa,10.0km,SSW,3.6km/h/1.0m/s,-,N/A,,Clear
1997-8-18 10:00 AM,25.0°C,-,14.0°C,50%,1014hPa,10.0km,SSE,3.6km/h/1.0m/s,-,N/A,,Clear
1997-8-18 11:00 AM,28.0°C,28.0°C,15.0°C,45%,1014hPa,-,WSW,3.6km/h/1.0m/s,-,N/A,,Clear
1997-8-18 12:00 PM,30.0°C,29.0°C,12.0°C,33%,1013hPa,-,West,10.8km/h/3.0m/s,-,N/A,,Clear
1997-8-18 1:00 PM,31.0°C,29.8°C,12.0°C,31%,1012hPa,10.0km,WSW,3.6km/h/1.0m/s,-,N/A,,Partly Cloudy
1997-8-18 2:00 PM,32.0°C,30.7°C,12.0°C,29%,1012hPa,10.0km,SSE,7.2km/h/2.0m/s,-,N/A,,Partly Cloudy
1997-8-18 3:00 PM,33.0°C,31.7°C,12.0°C,28%,1011hPa,10.0km,SSE,14.4km/h/4.0m/s,-,N/A,,Scattered Clouds
1997-8-18 4:00 PM,32.0°C,-,11.0°C,27%,1011hPa,10.0km,SW,7.2km/h/2.0m/s,-,N/A,,Scattered Clouds
1997-8-18 5:00 PM,32.0°C,30.7°C,12.0°C,29%,1011hPa,10.0km,SSW,10.8km/h/3.0m/s,-,N/A,,Scattered Clouds
1997-8-18 6:00 PM,31.0°C,30.0°C,13.0°C,33%,1011hPa,10.0km,WSW,7.2km/h/2.0m/s,-,N/A,,Scattered Clouds
1997-8-18 7:00 PM,26.0°C,-,19.0°C,65%,1011hPa,10.0km,Calm,Calm,-,N/A,,Partly Cloudy
1997-8-18 8:00 PM,25.0°C,-,15.0°C,54%,1012hPa,-,ENE,7.2km/h/2.0m/s,-,N/A,,Clear
1997-8-18 9:00 PM,26.0°C,-,12.0°C,42%,1013hPa,10.0km,ENE,10.8km/h/3.0m/s,-,N/A,,Clear
1997-8-18 10:00 PM,25.0°C,-,12.0°C,44%,1013hPa,10.0km,East,14.4km/h/4.0m/s,-,N/A,,Clear
1997-8-18 11:00 PM,24.0°C,-,11.0°C,44%,1014hPa,10.0km,East,10.8km/h/3.0m/s,-,N/A,,Clear
