Time (CST),Temp.,Windchill,Dew Point,Humidity,Pressure,Visibility,Wind Dir,Wind Speed,Gust Speed,Precip,Events,Conditions
1997-3-19 12:00 AM,4.0°C,-,1.0°C,81%,1023hPa,2.1km,East,3.6km/h/1.0m/s,-,N/A,,Mostly Cloudy
1997-3-19 1:00 AM,5.0°C,2.5°C,2.0°C,81%,1023hPa,2.1km,East,10.8km/h/3.0m/s,-,N/A,,Overcast
1997-3-19 2:00 AM,4.0°C,2.2°C,1.0°C,81%,1022hPa,1.8km,East,7.2km/h/2.0m/s,-,N/A,,Overcast
1997-3-19 3:00 AM,3.0°C,0.1°C,0.0°C,81%,1022hPa,1.8km,East,10.8km/h/3.0m/s,-,N/A,,Overcast
1997-3-19 4:00 AM,4.0°C,1.3°C,1.0°C,81%,1021hPa,1.8km,East,10.8km/h/3.0m/s,-,N/A,,Overcast
1997-3-19 5:00 AM,3.0°C,-0.6°C,0.0°C,81%,1021hPa,2.0km,East,14.4km/h/4.0m/s,-,N/A,,Scattered Clouds
1997-3-19 6:00 AM,2.0°C,-0.1°C,0.0°C,87%,1021hPa,2.0km,East,7.2km/h/2.0m/s,-,N/A,,Partly Cloudy
1997-3-19 7:00 AM,2.0°C,-,-1.0°C,81%,1022hPa,2.6km,Calm,Calm,-,N/A,,Mostly Cloudy
1997-3-19 8:00 AM,2.0°C,-0.1°C,-1.0°C,81%,1023hPa,3.0km,East,7.2km/h/2.0m/s,-,N/A,,Mostly Cloudy
1997-3-19 9:00 AM,4.0°C,1.3°C,0.0°C,75%,1023hPa,3.0km,SE,10.8km/h/3.0m/s,-,N/A,,Mostly Cloudy
1997-3-19 10:00 AM,5.0°C,1.9°C,0.0°C,70%,1024hPa,4.0km,ENE,14.4km/h/4.0m/s,-,N/A,,Mostly Cloudy
1997-3-19 11:00 AM,7.0°C,3.8°C,0.0°C,61%,1023hPa,6.0km,East,18.0km/h/5.0m/s,-,N/A,,Scattered Clouds
1997-3-19 12:00 PM,8.0°C,5.6°C,-3.0°C,46%,1022hPa,10.0km,SSW,14.4km/h/4.0m/s,-,N/A,,Scattered Clouds
1997-3-19 1:00 PM,9.0°C,-,-3.0°C,43%,1021hPa,10.0km,South,10.8km/h/3.0m/s,-,N/A,,Scattered Clouds
1997-3-19 2:00 PM,9.0°C,-,-3.0°C,43%,1020hPa,10.0km,South,14.4km/h/4.0m/s,-,N/A,,Mostly Cloudy
1997-3-19 3:00 PM,10.0°C,-,-4.0°C,37%,1020hPa,-,SSE,18.0km/h/5.0m/s,-,N/A,,Clear
1997-3-19 4:00 PM,10.0°C,-,-3.0°C,40%,1019hPa,-,SW,7.2km/h/2.0m/s,-,N/A,,Clear
1997-3-19 5:00 PM,10.0°C,-,-2.0°C,43%,1019hPa,10.0km,SW,10.8km/h/3.0m/s,-,N/A,,Partly Cloudy
1997-3-19 6:00 PM,9.0°C,-,0.0°C,54%,1018hPa,-,Calm,Calm,-,N/A,,Clear
1997-3-19 7:00 PM,8.0°C,6.1°C,0.0°C,57%,1019hPa,-,East,10.8km/h/3.0m/s,-,N/A,,Clear
1997-3-19 9:00 PM,6.0°C,3.1°C,1.0°C,70%,1020hPa,-,East,14.4km/h/4.0m/s,-,N/A,,Clear
1997-3-19 10:00 PM,5.0°C,0.9°C,1.0°C,76%,1020hPa,-,East,21.6km/h/6.0m/s,-,N/A,,Clear
1997-3-19 11:00 PM,6.0°C,3.1°C,0.0°C,66%,1019hPa,-,East,14.4km/h/4.0m/s,-,N/A,,Clear
