Time (CST),Temp.,Heat Index,Dew Point,Humidity,Pressure,Visibility,Wind Dir,Wind Speed,Gust Speed,Precip,Events,Conditions
1997-7-4 12:00 AM,23.0°C,-,19.0°C,78%,1008hPa,10.0km,North,10.8km/h/3.0m/s,-,N/A,,Overcast
1997-7-4 1:00 AM,22.0°C,-,20.0°C,88%,1008hPa,10.0km,NNW,10.8km/h/3.0m/s,-,N/A,,Overcast
1997-7-4 2:00 AM,22.0°C,-,16.0°C,69%,1008hPa,10.0km,NNW,10.8km/h/3.0m/s,-,N/A,,Overcast
1997-7-4 3:00 AM,22.0°C,-,16.0°C,69%,1008hPa,10.0km,North,18.0km/h/5.0m/s,-,N/A,,Overcast
1997-7-4 4:00 AM,19.0°C,-,17.0°C,88%,1009hPa,10.0km,NNW,25.2km/h/7.0m/s,-,N/A,,Overcast
1997-7-4 5:00 AM,18.0°C,-,18.0°C,100%,1009hPa,10.0km,North,7.2km/h/2.0m/s,-,N/A,,Overcast
1997-7-4 7:00 AM,17.0°C,-,17.0°C,100%,1010hPa,10.0km,SW,7.2km/h/2.0m/s,-,N/A,,Overcast
1997-7-4 8:00 AM,18.0°C,-,18.0°C,100%,1011hPa,10.0km,SW,7.2km/h/2.0m/s,-,N/A,,Overcast
1997-7-4 9:00 AM,19.0°C,-,18.0°C,94%,1011hPa,10.0km,SW,3.6km/h/1.0m/s,-,N/A,,Mostly Cloudy
1997-7-4 10:00 AM,20.0°C,-,17.0°C,83%,1010hPa,10.0km,SW,7.2km/h/2.0m/s,-,N/A,,Mostly Cloudy
1997-7-4 11:00 AM,22.0°C,-,17.0°C,73%,1010hPa,-,WSW,7.2km/h/2.0m/s,-,N/A,,Clear
1997-7-4 12:00 PM,23.0°C,-,17.0°C,69%,1010hPa,-,WSW,10.8km/h/3.0m/s,-,N/A,,Clear
1997-7-4 1:00 PM,25.0°C,-,19.0°C,69%,1009hPa,-,SW,10.8km/h/3.0m/s,-,N/A,,Clear
1997-7-4 2:00 PM,26.0°C,-,18.0°C,61%,1008hPa,-,West,10.8km/h/3.0m/s,-,N/A,,Clear
1997-7-4 3:00 PM,27.0°C,27.9°C,18.0°C,58%,1006hPa,-,West,14.4km/h/4.0m/s,-,N/A,,Clear
1997-7-4 4:00 PM,27.0°C,27.9°C,18.0°C,58%,1006hPa,-,WSW,10.8km/h/3.0m/s,-,N/A,,Clear
1997-7-4 5:00 PM,27.0°C,27.9°C,18.0°C,58%,1006hPa,-,WSW,10.8km/h/3.0m/s,-,N/A,,Clear
1997-7-4 6:00 PM,26.0°C,-,19.0°C,65%,1006hPa,-,West,7.2km/h/2.0m/s,-,N/A,,Clear
1997-7-4 7:00 PM,24.0°C,-,18.0°C,69%,1006hPa,-,NNW,3.6km/h/1.0m/s,-,N/A,,Clear
1997-7-4 8:00 PM,24.0°C,-,18.0°C,69%,1006hPa,-,West,7.2km/h/2.0m/s,-,N/A,,Clear
1997-7-4 9:00 PM,23.0°C,-,19.0°C,78%,1006hPa,-,West,3.6km/h/1.0m/s,-,N/A,,Clear
1997-7-4 10:00 PM,22.0°C,-,18.0°C,78%,1008hPa,-,West,10.8km/h/3.0m/s,-,N/A,,Clear
1997-7-4 11:00 PM,22.0°C,-,19.0°C,83%,1009hPa,-,ENE,7.2km/h/2.0m/s,-,N/A,,Clear
