Time (CST),Temp.,Windchill,Dew Point,Humidity,Pressure,Visibility,Wind Dir,Wind Speed,Gust Speed,Precip,Events,Conditions
1998-10-15 12:00 AM,41.0°F,-,28.4°F,61%,29.98in,6.2mi,ESE,2.2mph,-,N/A,,Clear
1998-10-15 1:00 AM,39.2°F,-,26.6°F,61%,29.98in,6.2mi,Calm,Calm,-,N/A,,Clear
1998-10-15 2:00 AM,37.4°F,-,28.4°F,70%,29.98in,6.2mi,SE,2.2mph,-,N/A,,Clear
1998-10-15 3:00 AM,35.6°F,-,28.4°F,75%,29.95in,6.2mi,ENE,2.2mph,-,N/A,,Clear
1998-10-15 4:00 AM,35.6°F,-,26.6°F,70%,29.95in,6.2mi,East,2.2mph,-,N/A,,Clear
1998-10-15 5:00 AM,33.8°F,-,26.6°F,75%,29.98in,6.2mi,Calm,Calm,-,N/A,,Clear
1998-10-15 6:00 AM,35.6°F,-,26.6°F,70%,29.98in,6.2mi,South,2.2mph,-,N/A,,Clear
1998-10-15 8:00 AM,39.2°F,-,28.4°F,65%,30.01in,6.2mi,Calm,Calm,-,N/A,,Clear
1998-10-15 9:00 AM,48.2°F,-,26.6°F,43%,30.01in,6.2mi,Calm,Calm,-,N/A,,Clear
1998-10-15 10:00 AM,55.4°F,-,28.4°F,36%,30.04in,4.3mi,Calm,Calm,-,N/A,,Clear
1998-10-15 11:00 AM,59.0°F,-,26.6°F,29%,30.01in,5.0mi,SE,2.2mph,-,N/A,,Clear
1998-10-15 12:00 PM,62.6°F,-,24.8°F,24%,29.98in,6.2mi,SE,2.2mph,-,N/A,,Clear
1998-10-15 1:00 PM,64.4°F,-,24.8°F,22%,29.95in,6.2mi,Calm,Calm,-,N/A,,Clear
1998-10-15 2:00 PM,68.0°F,-,24.8°F,20%,29.92in,6.2mi,WSW,4.5mph,-,N/A,,Clear
1998-10-15 3:00 PM,68.0°F,-,24.8°F,20%,29.89in,6.2mi,SSE,4.5mph,-,N/A,,Clear
1998-10-15 4:00 PM,68.0°F,-,23.0°F,18%,29.89in,6.2mi,SW,6.7mph,-,N/A,,Clear
1998-10-15 5:00 PM,66.2°F,-,24.8°F,21%,29.89in,6.2mi,South,2.2mph,-,N/A,,Clear
1998-10-15 6:00 PM,60.8°F,-,30.2°F,31%,29.92in,6.2mi,ESE,2.2mph,-,N/A,,Clear
1998-10-15 7:00 PM,53.6°F,-,30.2°F,41%,29.92in,6.2mi,East,2.2mph,-,N/A,,Clear
1998-10-15 9:00 PM,46.4°F,-,30.2°F,53%,29.98in,6.2mi,SSE,2.2mph,-,N/A,,Clear
1998-10-15 10:00 PM,48.2°F,-,28.4°F,46%,29.98in,6.2mi,Calm,Calm,-,N/A,,Clear
1998-10-15 11:00 PM,44.6°F,42.3°F,30.2°F,57%,30.01in,6.2mi,South,4.5mph,-,N/A,,Clear
