Time (CST),Temp.,Dew Point,Humidity,Pressure,Visibility,Wind Dir,Wind Speed,Gust Speed,Precip,Events,Conditions
1997-9-4 12:00 AM,14.0°C,7.0°C,63%,1010hPa,-,East,7.2km/h/2.0m/s,-,N/A,,Clear
1997-9-4 1:00 AM,13.0°C,9.0°C,77%,1010hPa,-,Calm,Calm,-,N/A,,Clear
1997-9-4 2:00 AM,12.0°C,9.0°C,82%,1010hPa,-,Calm,Calm,-,N/A,,Clear
1997-9-4 4:00 AM,11.0°C,7.0°C,76%,1010hPa,-,SE,7.2km/h/2.0m/s,-,N/A,,Clear
1997-9-4 5:00 AM,11.0°C,8.0°C,82%,1010hPa,-,Calm,Calm,-,N/A,,Clear
1997-9-4 6:00 AM,11.0°C,8.0°C,82%,1010hPa,-,Calm,Calm,-,N/A,,Clear
1997-9-4 7:00 AM,10.0°C,8.0°C,87%,1011hPa,10.0km,SE,7.2km/h/2.0m/s,-,N/A,,Clear
1997-9-4 8:00 AM,16.0°C,8.0°C,59%,1011hPa,10.0km,Calm,Calm,-,N/A,,Clear
1997-9-4 9:00 AM,19.0°C,7.0°C,46%,1011hPa,10.0km,ESE,3.6km/h/1.0m/s,-,N/A,,Clear
1997-9-4 10:00 AM,23.0°C,10.0°C,44%,1011hPa,10.0km,SSE,7.2km/h/2.0m/s,-,N/A,,Clear
1997-9-4 11:00 AM,25.0°C,9.0°C,36%,1010hPa,10.0km,South,3.6km/h/1.0m/s,-,N/A,,Clear
1997-9-4 12:00 PM,27.0°C,9.0°C,32%,1009hPa,10.0km,South,7.2km/h/2.0m/s,-,N/A,,Clear
1997-9-4 1:00 PM,29.0°C,8.0°C,27%,1008hPa,10.0km,SSW,10.8km/h/3.0m/s,-,N/A,,Clear
1997-9-4 2:00 PM,31.0°C,9.0°C,25%,1008hPa,10.0km,SSW,10.8km/h/3.0m/s,-,N/A,,Clear
1997-9-4 3:00 PM,32.0°C,6.0°C,20%,1006hPa,10.0km,South,7.2km/h/2.0m/s,-,N/A,,Clear
1997-9-4 4:00 PM,32.0°C,5.0°C,18%,1005hPa,10.0km,South,10.8km/h/3.0m/s,-,N/A,,Clear
1997-9-4 5:00 PM,32.0°C,4.0°C,17%,1005hPa,10.0km,SSE,10.8km/h/3.0m/s,-,N/A,,Clear
1997-9-4 6:00 PM,30.0°C,7.0°C,23%,1005hPa,10.0km,SSW,7.2km/h/2.0m/s,-,N/A,,Clear
1997-9-4 7:00 PM,26.0°C,10.0°C,36%,1005hPa,10.0km,ESE,3.6km/h/1.0m/s,-,N/A,,Clear
1997-9-4 8:00 PM,22.0°C,10.0°C,46%,1006hPa,10.0km,ESE,3.6km/h/1.0m/s,-,N/A,,Clear
1997-9-4 9:00 PM,20.0°C,8.0°C,46%,1006hPa,10.0km,ESE,7.2km/h/2.0m/s,-,N/A,,Clear
1997-9-4 10:00 PM,18.0°C,6.0°C,45%,1006hPa,10.0km,ESE,10.8km/h/3.0m/s,-,N/A,,Clear
1997-9-4 11:00 PM,17.0°C,6.0°C,48%,1006hPa,10.0km,East,7.2km/h/2.0m/s,-,N/A,,Clear
