Time (CST),Temp.,Windchill,Dew Point,Humidity,Pressure,Visibility,Wind Dir,Wind Speed,Gust Speed,Precip,Events,Conditions
1997-4-25 12:00 AM,9.0°C,-,5.0°C,76%,1023hPa,10.0km,East,14.4km/h/4.0m/s,-,N/A,,Clear
1997-4-25 1:00 AM,9.0°C,-,6.0°C,82%,1023hPa,10.0km,East,10.8km/h/3.0m/s,-,N/A,,Clear
1997-4-25 2:00 AM,7.0°C,4.9°C,5.0°C,87%,1023hPa,-,ESE,10.8km/h/3.0m/s,-,N/A,,Clear
1997-4-25 4:00 AM,6.0°C,4.5°C,3.0°C,81%,1022hPa,10.0km,East,7.2km/h/2.0m/s,-,N/A,,Clear
1997-4-25 5:00 AM,5.0°C,-,3.0°C,87%,1022hPa,10.0km,East,3.6km/h/1.0m/s,-,N/A,,Clear
1997-4-25 6:00 AM,6.0°C,-,3.0°C,81%,1022hPa,8.0km,South,3.6km/h/1.0m/s,-,N/A,,Clear
1997-4-25 7:00 AM,7.0°C,-,3.0°C,76%,1022hPa,8.0km,ENE,3.6km/h/1.0m/s,-,N/A,,Clear
1997-4-25 8:00 AM,9.0°C,-,4.0°C,71%,1022hPa,5.0km,Calm,Calm,-,N/A,,Clear
1997-4-25 9:00 AM,12.0°C,-,4.0°C,58%,1022hPa,5.0km,Calm,Calm,-,N/A,,Smoke
1997-4-25 10:00 AM,14.0°C,-,4.0°C,51%,1022hPa,7.0km,South,10.8km/h/3.0m/s,-,N/A,,Clear
1997-4-25 11:00 AM,16.0°C,-,4.0°C,45%,1022hPa,7.0km,West,7.2km/h/2.0m/s,-,N/A,,Clear
1997-4-25 12:00 PM,18.0°C,-,2.0°C,34%,1021hPa,10.0km,SW,18.0km/h/5.0m/s,-,N/A,,Clear
1997-4-25 1:00 PM,19.0°C,-,2.0°C,32%,1020hPa,10.0km,West,21.6km/h/6.0m/s,-,N/A,,Clear
1997-4-25 2:00 PM,20.0°C,-,0.0°C,26%,1018hPa,-,SSW,7.2km/h/2.0m/s,-,N/A,,Clear
1997-4-25 3:00 PM,20.0°C,-,0.0°C,26%,1018hPa,10.0km,West,10.8km/h/3.0m/s,-,N/A,,Clear
1997-4-25 9:00 PM,16.0°C,-,5.0°C,48%,1017hPa,10.0km,Calm,Calm,-,N/A,,Clear
1997-4-25 10:00 PM,14.0°C,-,4.0°C,51%,1017hPa,10.0km,ENE,7.2km/h/2.0m/s,-,N/A,,Clear
1997-4-25 11:00 PM,14.0°C,-,4.0°C,51%,1017hPa,10.0km,East,10.8km/h/3.0m/s,-,N/A,,Clear
