Time (CST),Temp.,Dew Point,Humidity,Pressure,Visibility,Wind Dir,Wind Speed,Gust Speed,Precip,Events,Conditions
1997-9-1 1:00 AM,24.0°C,18.0°C,69%,1011hPa,10.0km,NW,10.8km/h/3.0m/s,-,N/A,,Scattered Clouds
1997-9-1 2:00 AM,23.0°C,14.0°C,57%,1011hPa,10.0km,NNW,14.4km/h/4.0m/s,-,N/A,,Scattered Clouds
1997-9-1 4:00 AM,22.0°C,13.0°C,57%,1011hPa,-,NNW,14.4km/h/4.0m/s,-,N/A,,Clear
1997-9-1 5:00 AM,21.0°C,11.0°C,53%,1011hPa,-,NNW,14.4km/h/4.0m/s,-,N/A,,Clear
1997-9-1 6:00 AM,20.0°C,10.0°C,52%,1011hPa,-,NNW,14.4km/h/4.0m/s,-,N/A,,Clear
1997-9-1 7:00 AM,22.0°C,9.0°C,43%,1012hPa,-,NW,18.0km/h/5.0m/s,-,N/A,,Clear
1997-9-1 8:00 AM,22.0°C,10.0°C,46%,1013hPa,-,NNW,10.8km/h/3.0m/s,-,N/A,,Clear
1997-9-1 9:00 AM,23.0°C,10.0°C,44%,1013hPa,-,NNW,25.2km/h/7.0m/s,-,N/A,,Clear
1997-9-1 10:00 AM,23.0°C,11.0°C,47%,1014hPa,-,NW,10.8km/h/3.0m/s,-,N/A,,Clear
1997-9-1 11:00 AM,26.0°C,9.0°C,34%,1013hPa,-,NW,14.4km/h/4.0m/s,-,N/A,,Clear
1997-9-1 12:00 PM,27.0°C,8.0°C,30%,1013hPa,10.0km,SE,7.2km/h/2.0m/s,-,N/A,,Clear
1997-9-1 1:00 PM,28.0°C,9.0°C,30%,1012hPa,10.0km,North,10.8km/h/3.0m/s,-,N/A,,Clear
1997-9-1 2:00 PM,28.0°C,9.0°C,30%,1012hPa,10.0km,NW,18.0km/h/5.0m/s,-,N/A,,Clear
1997-9-1 3:00 PM,29.0°C,11.0°C,33%,1011hPa,10.0km,NNW,18.0km/h/5.0m/s,-,N/A,,Clear
1997-9-1 4:00 PM,28.0°C,10.0°C,32%,1011hPa,10.0km,North,21.6km/h/6.0m/s,-,N/A,,Clear
1997-9-1 5:00 PM,28.0°C,10.0°C,32%,1011hPa,10.0km,North,25.2km/h/7.0m/s,-,N/A,,Clear
1997-9-1 6:00 PM,26.0°C,9.0°C,34%,1012hPa,10.0km,NNE,21.6km/h/6.0m/s,-,N/A,,Clear
1997-9-1 7:00 PM,23.0°C,7.0°C,36%,1013hPa,-,NNE,18.0km/h/5.0m/s,-,N/A,,Clear
1997-9-1 8:00 PM,22.0°C,8.0°C,41%,1013hPa,-,NE,7.2km/h/2.0m/s,-,N/A,,Clear
1997-9-1 9:00 PM,19.0°C,8.0°C,49%,1015hPa,-,NNE,3.6km/h/1.0m/s,-,N/A,,Clear
1997-9-1 10:00 PM,19.0°C,9.0°C,52%,1015hPa,-,Calm,Calm,-,N/A,,Clear
1997-9-1 11:00 PM,20.0°C,9.0°C,49%,1016hPa,10.0km,North,14.4km/h/4.0m/s,-,N/A,,Mostly Cloudy
