Time (CST),Temp.,Dew Point,Humidity,Pressure,Visibility,Wind Dir,Wind Speed,Gust Speed,Precip,Events,Conditions
1997-5-16 12:00 AM,17.0°C,-4.0°C,24%,1016hPa,10.0km,North,14.4km/h/4.0m/s,-,N/A,,Clear
1997-5-16 2:00 AM,16.0°C,-4.0°C,25%,1016hPa,10.0km,NNW,14.4km/h/4.0m/s,-,N/A,,Clear
1997-5-16 3:00 AM,13.0°C,-3.0°C,33%,1016hPa,10.0km,Calm,Calm,-,N/A,,Clear
1997-5-16 5:00 AM,9.0°C,-2.0°C,46%,1015hPa,10.0km,Calm,Calm,-,N/A,,Clear
1997-5-16 6:00 AM,9.0°C,0.0°C,54%,1016hPa,-,Calm,Calm,-,N/A,,Clear
1997-5-16 7:00 AM,8.0°C,2.0°C,66%,1016hPa,-,ESE,3.6km/h/1.0m/s,-,N/A,,Clear
1997-5-16 8:00 AM,15.0°C,-3.0°C,29%,1016hPa,-,Calm,Calm,-,N/A,,Clear
1997-5-16 9:00 AM,17.0°C,-5.0°C,22%,1016hPa,10.0km,SW,7.2km/h/2.0m/s,-,N/A,,Clear
1997-5-16 10:00 AM,20.0°C,-7.0°C,16%,1015hPa,10.0km,WSW,25.2km/h/7.0m/s,-,N/A,,Clear
1997-5-16 11:00 AM,22.0°C,-4.0°C,17%,1014hPa,10.0km,SW,21.6km/h/6.0m/s,-,N/A,,Clear
1997-5-16 12:00 PM,24.0°C,-5.0°C,14%,1013hPa,10.0km,NNW,18.0km/h/5.0m/s,-,N/A,,Clear
1997-5-16 1:00 PM,25.0°C,-14.0°C,7%,1012hPa,10.0km,WNW,39.6km/h/11.0m/s,-,N/A,,Clear
1997-5-16 2:00 PM,25.0°C,-15.0°C,6%,1011hPa,10.0km,NNW,21.6km/h/6.0m/s,-,N/A,,Clear
1997-5-16 3:00 PM,26.0°C,-16.0°C,5%,1010hPa,10.0km,NW,43.2km/h/12.0m/s,-,N/A,,Clear
1997-5-16 4:00 PM,26.0°C,-14.0°C,6%,1009hPa,10.0km,NW,25.2km/h/7.0m/s,-,N/A,,Clear
1997-5-16 5:00 PM,26.0°C,-9.0°C,9%,1009hPa,10.0km,NW,21.6km/h/6.0m/s,-,N/A,,Clear
1997-5-16 6:00 PM,25.0°C,-6.0°C,12%,1008hPa,10.0km,NNW,36.0km/h/10.0m/s,-,N/A,,Clear
1997-5-16 7:00 PM,24.0°C,-4.0°C,15%,1008hPa,10.0km,NNW,18.0km/h/5.0m/s,-,N/A,,Clear
1997-5-16 8:00 PM,22.0°C,-7.0°C,14%,1009hPa,10.0km,North,21.6km/h/6.0m/s,-,N/A,,Clear
1997-5-16 9:00 PM,21.0°C,-7.0°C,15%,1009hPa,10.0km,NNW,14.4km/h/4.0m/s,-,N/A,,Clear
1997-5-16 10:00 PM,19.0°C,-3.0°C,23%,1010hPa,10.0km,NNW,10.8km/h/3.0m/s,-,N/A,,Clear
1997-5-16 11:00 PM,17.0°C,-1.0°C,30%,1009hPa,10.0km,East,3.6km/h/1.0m/s,-,N/A,,Clear
