Time (CST),Temp.,Dew Point,Humidity,Pressure,Visibility,Wind Dir,Wind Speed,Gust Speed,Precip,Events,Conditions
1997-5-19 12:00 AM,17.0°C,-8.0°C,18%,1011hPa,10.0km,NE,14.4km/h/4.0m/s,-,N/A,,Clear
1997-5-19 1:00 AM,16.0°C,-7.0°C,20%,1011hPa,10.0km,NE,10.8km/h/3.0m/s,-,N/A,,Clear
1997-5-19 3:00 AM,14.0°C,-6.0°C,25%,1011hPa,10.0km,NE,10.8km/h/3.0m/s,-,N/A,,Clear
1997-5-19 6:00 AM,13.0°C,-3.0°C,33%,1012hPa,10.0km,Calm,Calm,-,N/A,,Clear
1997-5-19 7:00 AM,14.0°C,-1.0°C,36%,1013hPa,10.0km,Calm,Calm,-,N/A,,Clear
1997-5-19 8:00 AM,16.0°C,-3.0°C,27%,1014hPa,10.0km,Calm,Calm,-,N/A,,Partly Cloudy
1997-5-19 9:00 AM,18.0°C,-1.0°C,28%,1014hPa,10.0km,NNW,7.2km/h/2.0m/s,-,N/A,,Partly Cloudy
1997-5-19 10:00 AM,19.0°C,0.0°C,28%,1014hPa,10.0km,NNE,18.0km/h/5.0m/s,-,N/A,,Partly Cloudy
1997-5-19 11:00 AM,19.0°C,-1.0°C,26%,1014hPa,10.0km,North,36.0km/h/10.0m/s,-,N/A,,Partly Cloudy
1997-5-19 12:00 PM,21.0°C,1.0°C,27%,1014hPa,10.0km,NNE,32.4km/h/9.0m/s,-,N/A,,Partly Cloudy
1997-5-19 1:00 PM,22.0°C,2.0°C,27%,1013hPa,10.0km,ENE,36.0km/h/10.0m/s,-,N/A,,Partly Cloudy
1997-5-19 2:00 PM,23.0°C,1.0°C,23%,1012hPa,10.0km,NE,18.0km/h/5.0m/s,-,N/A,,Partly Cloudy
1997-5-19 3:00 PM,23.0°C,0.0°C,22%,1012hPa,10.0km,North,25.2km/h/7.0m/s,-,N/A,,Partly Cloudy
1997-5-19 4:00 PM,24.0°C,0.0°C,21%,1012hPa,10.0km,NE,39.6km/h/11.0m/s,-,N/A,,Partly Cloudy
1997-5-19 5:00 PM,24.0°C,0.0°C,21%,1012hPa,10.0km,NE,32.4km/h/9.0m/s,-,N/A,,Partly Cloudy
1997-5-19 6:00 PM,23.0°C,3.0°C,27%,1012hPa,10.0km,NNE,32.4km/h/9.0m/s,-,N/A,,Partly Cloudy
1997-5-19 7:00 PM,21.0°C,-1.0°C,23%,1012hPa,-,NE,18.0km/h/5.0m/s,-,N/A,,Clear
1997-5-19 8:00 PM,20.0°C,0.0°C,26%,1013hPa,-,NE,7.2km/h/2.0m/s,-,N/A,,Clear
1997-5-19 9:00 PM,18.0°C,2.0°C,34%,1014hPa,10.0km,NNE,10.8km/h/3.0m/s,-,N/A,,Clear
1997-5-19 10:00 PM,17.0°C,1.0°C,34%,1015hPa,10.0km,North,10.8km/h/3.0m/s,-,N/A,,Clear
1997-5-19 11:00 PM,16.0°C,1.0°C,36%,1015hPa,10.0km,East,7.2km/h/2.0m/s,-,N/A,,Clear
