Time (CST),Temp.,Dew Point,Humidity,Pressure,Visibility,Wind Dir,Wind Speed,Gust Speed,Precip,Events,Conditions
1997-5-12 12:00 AM,15.0°C,7.0°C,59%,1011hPa,10.0km,ENE,28.8km/h/8.0m/s,-,N/A,,Overcast
1997-5-12 2:00 AM,15.0°C,8.0°C,63%,1011hPa,10.0km,NE,18.0km/h/5.0m/s,-,N/A,,Overcast
1997-5-12 3:00 AM,15.0°C,8.0°C,63%,1011hPa,10.0km,East,14.4km/h/4.0m/s,-,N/A,Rain,Rain
1997-5-12 4:00 AM,15.0°C,8.0°C,63%,1010hPa,10.0km,East,7.2km/h/2.0m/s,-,N/A,Rain,Rain
1997-5-12 6:00 AM,14.0°C,10.0°C,77%,1011hPa,8.0km,ENE,10.8km/h/3.0m/s,-,N/A,,Overcast
1997-5-12 7:00 AM,14.0°C,9.0°C,72%,1011hPa,8.0km,East,10.8km/h/3.0m/s,-,N/A,,Overcast
1997-5-12 8:00 AM,15.0°C,9.0°C,67%,1011hPa,8.0km,ENE,18.0km/h/5.0m/s,-,N/A,,Overcast
1997-5-12 9:00 AM,15.0°C,9.0°C,67%,1010hPa,10.0km,East,14.4km/h/4.0m/s,-,N/A,,Overcast
1997-5-12 10:00 AM,15.0°C,8.0°C,63%,1010hPa,10.0km,NE,25.2km/h/7.0m/s,-,N/A,,Overcast
1997-5-12 11:00 AM,17.0°C,6.0°C,48%,1010hPa,10.0km,NE,25.2km/h/7.0m/s,-,N/A,,Overcast
1997-5-12 12:00 PM,17.0°C,7.0°C,52%,1009hPa,10.0km,East,25.2km/h/7.0m/s,-,N/A,,Overcast
1997-5-12 1:00 PM,17.0°C,7.0°C,52%,1009hPa,10.0km,NE,10.8km/h/3.0m/s,-,N/A,,Overcast
1997-5-12 2:00 PM,17.0°C,7.0°C,52%,1009hPa,10.0km,ENE,18.0km/h/5.0m/s,-,N/A,,Overcast
1997-5-12 3:00 PM,18.0°C,7.0°C,49%,1008hPa,10.0km,NE,14.4km/h/4.0m/s,-,N/A,,Overcast
1997-5-12 4:00 PM,18.0°C,7.0°C,49%,1007hPa,10.0km,ESE,18.0km/h/5.0m/s,-,N/A,,Overcast
1997-5-12 5:00 PM,19.0°C,9.0°C,52%,1007hPa,-,SE,10.8km/h/3.0m/s,-,N/A,,Clear
1997-5-12 6:00 PM,19.0°C,10.0°C,56%,1006hPa,-,ENE,18.0km/h/5.0m/s,-,N/A,,Clear
1997-5-12 7:00 PM,17.0°C,11.0°C,68%,1007hPa,-,East,18.0km/h/5.0m/s,-,N/A,,Clear
1997-5-12 8:00 PM,16.0°C,10.0°C,68%,1008hPa,-,ESE,10.8km/h/3.0m/s,-,N/A,,Clear
1997-5-12 9:00 PM,16.0°C,11.0°C,72%,1008hPa,-,East,21.6km/h/6.0m/s,-,N/A,,Clear
1997-5-12 10:00 PM,15.0°C,11.0°C,77%,1008hPa,-,ENE,18.0km/h/5.0m/s,-,N/A,,Clear
1997-5-12 11:00 PM,15.0°C,11.0°C,77%,1009hPa,-,SSE,10.8km/h/3.0m/s,-,N/A,,Clear
