Time (CST),Temp.,Heat Index,Dew Point,Humidity,Pressure,Visibility,Wind Dir,Wind Speed,Gust Speed,Precip,Events,Conditions
1997-8-7 12:00 AM,26.0°C,-,24.0°C,89%,1002hPa,7.0km,Calm,Calm,-,N/A,,Overcast
1997-8-7 1:00 AM,26.0°C,-,24.0°C,89%,1002hPa,8.0km,SE,7.2km/h/2.0m/s,-,N/A,,Overcast
1997-8-7 2:00 AM,25.0°C,-,24.0°C,94%,1002hPa,8.0km,Calm,Calm,-,N/A,,Overcast
1997-8-7 3:00 AM,25.0°C,-,24.0°C,94%,1002hPa,8.0km,Calm,Calm,-,N/A,,Overcast
1997-8-7 4:00 AM,24.0°C,-,24.0°C,100%,1002hPa,7.0km,Calm,Calm,-,N/A,,Overcast
1997-8-7 5:00 AM,24.0°C,-,24.0°C,100%,1001hPa,6.0km,South,7.2km/h/2.0m/s,-,N/A,,Overcast
1997-8-7 6:00 AM,24.0°C,-,24.0°C,100%,1001hPa,1.2km,South,3.6km/h/1.0m/s,-,N/A,,Overcast
1997-8-7 7:00 AM,24.0°C,-,24.0°C,100%,1002hPa,0.9km,SSE,7.2km/h/2.0m/s,-,N/A,,Overcast
1997-8-7 8:00 AM,24.0°C,-,24.0°C,100%,1002hPa,1.1km,WSW,3.6km/h/1.0m/s,-,N/A,,Overcast
1997-8-7 9:00 AM,25.0°C,-,25.0°C,100%,1002hPa,1.0km,WSW,3.6km/h/1.0m/s,-,N/A,,Overcast
1997-8-7 10:00 AM,26.0°C,-,25.0°C,94%,1002hPa,1.6km,West,10.8km/h/3.0m/s,-,N/A,,Overcast
1997-8-7 11:00 AM,28.0°C,32.7°C,25.0°C,84%,1002hPa,6.0km,SW,10.8km/h/3.0m/s,-,N/A,,Mostly Cloudy
1997-8-7 12:00 PM,29.0°C,34.5°C,25.0°C,79%,1002hPa,6.0km,WNW,10.8km/h/3.0m/s,-,N/A,,Mostly Cloudy
1997-8-7 1:00 PM,29.0°C,33.5°C,24.0°C,74%,1001hPa,7.0km,SW,10.8km/h/3.0m/s,-,N/A,,Mostly Cloudy
1997-8-7 2:00 PM,30.0°C,35.0°C,24.0°C,70%,1001hPa,-,WSW,14.4km/h/4.0m/s,-,N/A,,Clear
1997-8-7 3:00 PM,29.0°C,32.7°C,23.0°C,70%,1001hPa,10.0km,WSW,14.4km/h/4.0m/s,-,N/A,,Mostly Cloudy
1997-8-7 4:00 PM,30.0°C,34.1°C,23.0°C,66%,1001hPa,10.0km,WSW,18.0km/h/5.0m/s,-,N/A,,Mostly Cloudy
1997-8-7 5:00 PM,29.0°C,32.0°C,22.0°C,66%,1001hPa,10.0km,South,10.8km/h/3.0m/s,-,N/A,,Mostly Cloudy
1997-8-7 6:00 PM,29.0°C,32.7°C,23.0°C,70%,1001hPa,10.0km,ESE,7.2km/h/2.0m/s,-,N/A,,Mostly Cloudy
1997-8-7 7:00 PM,29.0°C,32.7°C,23.0°C,70%,1001hPa,10.0km,East,7.2km/h/2.0m/s,-,N/A,,Mostly Cloudy
1997-8-7 8:00 PM,26.0°C,-,23.0°C,83%,1003hPa,10.0km,Calm,Calm,-,N/A,,Mostly Cloudy
1997-8-7 9:00 PM,24.0°C,-,23.0°C,94%,1003hPa,-,East,7.2km/h/2.0m/s,-,N/A,,Clear
1997-8-7 11:00 PM,24.0°C,-,23.0°C,94%,1004hPa,7.0km,East,3.6km/h/1.0m/s,-,N/A,,Scattered Clouds
