Time (CST),Temp.,Windchill,Dew Point,Humidity,Pressure,Visibility,Wind Dir,Wind Speed,Gust Speed,Precip,Events,Conditions
1997-2-21 12:00 AM,-1.0°C,-3.6°C,-19.0°C,25%,1027hPa,10.0km,East,7.2km/h/2.0m/s,-,N/A,,Clear
1997-2-21 1:00 AM,-1.0°C,-,-18.0°C,27%,1028hPa,10.0km,Calm,Calm,-,N/A,,Clear
1997-2-21 2:00 AM,-2.0°C,-4.8°C,-19.0°C,27%,1028hPa,10.0km,East,7.2km/h/2.0m/s,-,N/A,,Clear
1997-2-21 3:00 AM,-3.0°C,-,-19.0°C,29%,1028hPa,10.0km,Calm,Calm,-,N/A,,Clear
1997-2-21 4:00 AM,-4.0°C,-7.1°C,-18.0°C,34%,1028hPa,10.0km,ESE,7.2km/h/2.0m/s,-,N/A,,Clear
1997-2-21 5:00 AM,-4.0°C,-,-19.0°C,31%,1028hPa,10.0km,Calm,Calm,-,N/A,,Clear
1997-2-21 6:00 AM,-4.0°C,-7.1°C,-18.0°C,34%,1028hPa,10.0km,SSE,7.2km/h/2.0m/s,-,N/A,,Clear
1997-2-21 7:00 AM,-6.0°C,-,-19.0°C,36%,1029hPa,10.0km,Calm,Calm,-,N/A,,Clear
1997-2-21 8:00 AM,-5.0°C,-9.5°C,-17.0°C,39%,1030hPa,10.0km,NE,10.8km/h/3.0m/s,-,N/A,,Clear
1997-2-21 9:00 AM,-2.0°C,-,-16.0°C,34%,1030hPa,-,Calm,Calm,-,N/A,,Clear
1997-2-21 10:00 AM,2.0°C,-1.1°C,-13.0°C,33%,1030hPa,-,NNW,10.8km/h/3.0m/s,-,N/A,,Clear
1997-2-21 11:00 AM,5.0°C,3.4°C,-14.0°C,24%,1029hPa,-,NNW,7.2km/h/2.0m/s,-,N/A,,Clear
1997-2-21 12:00 PM,7.0°C,5.7°C,-16.0°C,18%,1029hPa,-,South,7.2km/h/2.0m/s,-,N/A,,Clear
1997-2-21 1:00 PM,9.0°C,-,-14.0°C,19%,1027hPa,-,South,10.8km/h/3.0m/s,-,N/A,,Clear
1997-2-21 2:00 PM,10.0°C,-,-10.0°C,24%,1026hPa,-,West,7.2km/h/2.0m/s,-,N/A,,Clear
1997-2-21 3:00 PM,11.0°C,-,-10.0°C,22%,1025hPa,-,South,14.4km/h/4.0m/s,-,N/A,,Clear
1997-2-21 4:00 PM,11.0°C,-,-11.0°C,21%,1024hPa,-,South,10.8km/h/3.0m/s,-,N/A,,Clear
1997-2-21 5:00 PM,11.0°C,-,-13.0°C,18%,1024hPa,-,South,14.4km/h/4.0m/s,-,N/A,,Clear
1997-2-21 6:00 PM,10.0°C,-,-11.0°C,22%,1024hPa,-,East,7.2km/h/2.0m/s,-,N/A,,Clear
1997-2-21 7:00 PM,7.0°C,2.8°C,-13.0°C,23%,1025hPa,-,ENE,28.8km/h/8.0m/s,-,N/A,,Clear
1997-2-21 8:00 PM,6.0°C,0.9°C,-12.0°C,27%,1025hPa,-,East,36.0km/h/10.0m/s,-,N/A,,Clear
1997-2-21 9:00 PM,6.0°C,0.4°C,-16.0°C,19%,1025hPa,-,East,43.2km/h/12.0m/s,-,N/A,,Clear
1997-2-21 10:00 PM,5.0°C,-0.4°C,-17.0°C,19%,1026hPa,-,East,36.0km/h/10.0m/s,-,N/A,,Clear
1997-2-21 11:00 PM,5.0°C,0.9°C,-14.0°C,24%,1026hPa,-,ENE,21.6km/h/6.0m/s,-,N/A,,Clear
