Time (CST),Temp.,Windchill,Dew Point,Humidity,Pressure,Visibility,Wind Dir,Wind Speed,Gust Speed,Precip,Events,Conditions
1997-11-9 12:00 AM,2.0°C,-,2.0°C,100%,1026hPa,0.5km,Calm,Calm,-,N/A,Fog,Fog
1997-11-9 1:00 AM,3.0°C,-,2.0°C,93%,1026hPa,0.5km,Calm,Calm,-,N/A,Fog,Fog
1997-11-9 2:00 AM,3.0°C,-,3.0°C,100%,1026hPa,0.5km,Calm,Calm,-,N/A,Fog,Fog
1997-11-9 3:00 AM,3.0°C,-,3.0°C,100%,-,0.5km,North,3.6km/h/1.0m/s,-,N/A,,Mostly Cloudy
1997-11-9 4:00 AM,3.0°C,-,3.0°C,100%,-,0.5km,Calm,Calm,-,N/A,,Mostly Cloudy
1997-11-9 5:00 AM,3.0°C,-,3.0°C,100%,-,0.5km,SW,3.6km/h/1.0m/s,-,N/A,,Mostly Cloudy
1997-11-9 6:00 AM,3.0°C,-,3.0°C,100%,1027hPa,0.5km,Calm,Calm,-,N/A,,Overcast
1997-11-9 7:00 AM,3.0°C,-,3.0°C,100%,1027hPa,0.7km,Calm,Calm,-,N/A,Fog,Fog
1997-11-9 8:00 AM,3.0°C,-,3.0°C,100%,1027hPa,0.8km,Calm,Calm,-,N/A,,Overcast
1997-11-9 9:00 AM,4.0°C,-,4.0°C,100%,1028hPa,0.9km,Calm,Calm,-,N/A,,Overcast
1997-11-9 10:00 AM,4.0°C,-,4.0°C,100%,-,0.8km,Calm,Calm,-,N/A,,Overcast
1997-11-9 11:00 AM,6.0°C,-,5.0°C,93%,1027hPa,0.9km,Calm,Calm,-,N/A,,Overcast
1997-11-9 12:00 PM,6.0°C,-,5.0°C,93%,-,0.9km,NNW,3.6km/h/1.0m/s,-,N/A,,Overcast
1997-11-9 1:00 PM,7.0°C,-,5.0°C,87%,1026hPa,1.2km,NNW,3.6km/h/1.0m/s,-,N/A,,Mostly Cloudy
1997-11-9 2:00 PM,8.0°C,6.9°C,4.0°C,76%,1025hPa,2.5km,NNW,7.2km/h/2.0m/s,-,N/A,,Mostly Cloudy
1997-11-9 3:00 PM,9.0°C,-,4.0°C,71%,1025hPa,2.5km,WNW,3.6km/h/1.0m/s,-,N/A,,Mostly Cloudy
1997-11-9 4:00 PM,8.0°C,-,4.0°C,76%,1024hPa,2.5km,Calm,Calm,-,N/A,,Mostly Cloudy
1997-11-9 5:00 PM,8.0°C,-,4.0°C,76%,1024hPa,1.7km,Calm,Calm,-,N/A,,Mostly Cloudy
1997-11-9 6:00 PM,5.0°C,-,4.0°C,93%,1024hPa,1.3km,NNW,3.6km/h/1.0m/s,-,N/A,,Clear
1997-11-9 7:00 PM,4.0°C,-,3.0°C,93%,1025hPa,1.0km,Calm,Calm,-,N/A,,Clear
1997-11-9 8:00 PM,3.0°C,-,3.0°C,100%,1025hPa,0.8km,Calm,Calm,-,N/A,Fog,Fog
1997-11-9 9:00 PM,2.0°C,-,2.0°C,100%,1025hPa,0.8km,ENE,3.6km/h/1.0m/s,-,N/A,Fog,Fog
1997-11-9 10:00 PM,3.0°C,-,2.0°C,93%,1026hPa,0.8km,Calm,Calm,-,N/A,Fog,Fog
1997-11-9 11:00 PM,2.0°C,-,2.0°C,100%,1026hPa,0.9km,Calm,Calm,-,N/A,Fog,Fog
