Time (CST),Temp.,Dew Point,Humidity,Pressure,Visibility,Wind Dir,Wind Speed,Gust Speed,Precip,Events,Conditions
1997-4-30 12:00 AM,16.0°C,-6.0°C,22%,1013hPa,10.0km,NNW,28.8km/h/8.0m/s,-,N/A,,Clear
1997-4-30 1:00 AM,16.0°C,-4.0°C,25%,1014hPa,10.0km,NE,10.8km/h/3.0m/s,-,N/A,,Clear
1997-4-30 2:00 AM,15.0°C,4.0°C,48%,1014hPa,10.0km,NNW,7.2km/h/2.0m/s,-,N/A,,Clear
1997-4-30 3:00 AM,14.0°C,4.0°C,51%,1014hPa,10.0km,NE,10.8km/h/3.0m/s,-,N/A,,Clear
1997-4-30 4:00 AM,13.0°C,3.0°C,51%,1014hPa,10.0km,NE,14.4km/h/4.0m/s,-,N/A,,Clear
1997-4-30 5:00 AM,12.0°C,3.0°C,54%,1014hPa,10.0km,North,7.2km/h/2.0m/s,-,N/A,,Clear
1997-4-30 6:00 AM,12.0°C,4.0°C,58%,1015hPa,10.0km,NNE,10.8km/h/3.0m/s,-,N/A,,Clear
1997-4-30 7:00 AM,14.0°C,0.0°C,38%,1016hPa,10.0km,NE,10.8km/h/3.0m/s,-,N/A,,Clear
1997-4-30 8:00 AM,15.0°C,-2.0°C,31%,1016hPa,10.0km,ENE,21.6km/h/6.0m/s,-,N/A,,Clear
1997-4-30 9:00 AM,16.0°C,-2.0°C,29%,1016hPa,10.0km,ENE,18.0km/h/5.0m/s,-,N/A,,Clear
1997-4-30 10:00 AM,18.0°C,-2.0°C,26%,1015hPa,10.0km,ESE,7.2km/h/2.0m/s,-,N/A,,Clear
1997-4-30 11:00 AM,20.0°C,0.0°C,26%,1015hPa,10.0km,SW,7.2km/h/2.0m/s,-,N/A,,Clear
1997-4-30 12:00 PM,22.0°C,-1.0°C,22%,1014hPa,10.0km,SW,7.2km/h/2.0m/s,-,N/A,,Clear
1997-4-30 1:00 PM,23.0°C,-2.0°C,19%,1013hPa,10.0km,SW,25.2km/h/7.0m/s,-,N/A,,Clear
1997-4-30 2:00 PM,25.0°C,1.0°C,21%,1011hPa,10.0km,SW,18.0km/h/5.0m/s,-,N/A,,Clear
1997-4-30 3:00 PM,26.0°C,1.0°C,20%,1010hPa,10.0km,South,25.2km/h/7.0m/s,-,N/A,,Clear
1997-4-30 4:00 PM,27.0°C,0.0°C,17%,1009hPa,10.0km,SSW,25.2km/h/7.0m/s,-,N/A,,Clear
1997-4-30 5:00 PM,27.0°C,0.0°C,17%,1008hPa,10.0km,SW,14.4km/h/4.0m/s,-,N/A,,Clear
1997-4-30 6:00 PM,27.0°C,2.0°C,20%,1007hPa,10.0km,SW,7.2km/h/2.0m/s,-,N/A,,Clear
1997-4-30 7:00 PM,25.0°C,4.0°C,26%,1007hPa,10.0km,Calm,Calm,-,N/A,,Clear
1997-4-30 8:00 PM,24.0°C,7.0°C,34%,1007hPa,10.0km,Calm,Calm,-,N/A,,Clear
1997-4-30 9:00 PM,20.0°C,2.0°C,30%,1008hPa,10.0km,ESE,10.8km/h/3.0m/s,-,N/A,,Clear
1997-4-30 10:00 PM,20.0°C,3.0°C,33%,1008hPa,10.0km,ESE,10.8km/h/3.0m/s,-,N/A,,Clear
1997-4-30 11:00 PM,19.0°C,2.0°C,32%,1008hPa,10.0km,ESE,14.4km/h/4.0m/s,-,N/A,,Clear
