Time (CST),Temp.,Windchill,Dew Point,Humidity,Pressure,Visibility,Wind Dir,Wind Speed,Gust Speed,Precip,Events,Conditions
1997-4-8 12:00 AM,7.0°C,2.0°C,-4.0°C,46%,1016hPa,10.0km,North,39.6km/h/11.0m/s,-,N/A,,Overcast
1997-4-8 1:00 AM,7.0°C,2.2°C,-3.0°C,49%,1016hPa,-,NNW,36.0km/h/10.0m/s,-,N/A,,Clear
1997-4-8 2:00 AM,6.0°C,1.2°C,-4.0°C,49%,1016hPa,-,North,32.4km/h/9.0m/s,-,N/A,,Clear
1997-4-8 4:00 AM,5.0°C,0.2°C,-3.0°C,57%,1017hPa,10.0km,North,28.8km/h/8.0m/s,-,N/A,,Clear
1997-4-8 7:00 AM,4.0°C,-0.8°C,-9.0°C,39%,1019hPa,10.0km,NNE,25.2km/h/7.0m/s,-,N/A,,Clear
1997-4-8 8:00 AM,5.0°C,-0.4°C,-12.0°C,29%,1020hPa,10.0km,NNE,36.0km/h/10.0m/s,-,N/A,,Clear
1997-4-8 9:00 AM,6.0°C,0.9°C,-16.0°C,19%,1021hPa,10.0km,NNE,36.0km/h/10.0m/s,-,N/A,,Clear
1997-4-8 10:00 AM,7.0°C,2.2°C,-14.0°C,21%,1021hPa,10.0km,NE,36.0km/h/10.0m/s,-,N/A,,Clear
1997-4-8 11:00 AM,8.0°C,4.4°C,-,N/A%,-,10.0km,NNE,25.2km/h/7.0m/s,-,N/A,,Clear
1997-4-8 12:00 PM,9.0°C,-,-16.0°C,16%,1020hPa,10.0km,NNE,10.8km/h/3.0m/s,-,N/A,,Clear
1997-4-8 1:00 PM,10.0°C,-,-16.0°C,15%,1020hPa,10.0km,NNE,10.8km/h/3.0m/s,-,N/A,,Clear
1997-4-8 2:00 PM,11.0°C,-,-14.0°C,16%,1019hPa,10.0km,NNE,25.2km/h/7.0m/s,-,N/A,,Clear
1997-4-8 3:00 PM,11.0°C,-,-13.0°C,18%,1018hPa,10.0km,NE,21.6km/h/6.0m/s,-,N/A,,Clear
1997-4-8 4:00 PM,11.0°C,-,-13.0°C,18%,1018hPa,10.0km,NNE,14.4km/h/4.0m/s,-,N/A,,Clear
1997-4-8 5:00 PM,11.0°C,-,-16.0°C,14%,1018hPa,10.0km,ENE,36.0km/h/10.0m/s,-,N/A,,Clear
1997-4-8 6:00 PM,10.0°C,-,-16.0°C,15%,1018hPa,-,NE,28.8km/h/8.0m/s,-,N/A,,Clear
1997-4-8 7:00 PM,9.0°C,-,-17.0°C,15%,1019hPa,-,NE,14.4km/h/4.0m/s,-,N/A,,Clear
1997-4-8 8:00 PM,8.0°C,6.1°C,-16.0°C,17%,1020hPa,-,NNE,10.8km/h/3.0m/s,-,N/A,,Clear
1997-4-8 9:00 PM,7.0°C,-,-12.0°C,25%,1021hPa,-,Calm,Calm,-,N/A,,Clear
1997-4-8 11:00 PM,6.0°C,3.7°C,-9.0°C,34%,1021hPa,-,North,10.8km/h/3.0m/s,-,N/A,,Clear
