Time (CST),Temp.,Dew Point,Humidity,Pressure,Visibility,Wind Dir,Wind Speed,Gust Speed,Precip,Events,Conditions
1997-5-28 12:00 AM,16.0°C,4.0°C,45%,1013hPa,10.0km,North,18.0km/h/5.0m/s,-,N/A,,Clear
1997-5-28 1:00 AM,14.0°C,3.0°C,48%,1013hPa,10.0km,WNW,10.8km/h/3.0m/s,-,N/A,,Clear
1997-5-28 2:00 AM,13.0°C,3.0°C,51%,1013hPa,10.0km,North,14.4km/h/4.0m/s,-,N/A,,Clear
1997-5-28 6:00 AM,11.0°C,1.0°C,50%,1014hPa,10.0km,North,7.2km/h/2.0m/s,-,N/A,,Clear
1997-5-28 7:00 AM,13.0°C,-3.0°C,33%,1014hPa,10.0km,North,21.6km/h/6.0m/s,-,N/A,,Clear
1997-5-28 8:00 AM,15.0°C,-3.0°C,29%,1014hPa,10.0km,North,21.6km/h/6.0m/s,-,N/A,,Clear
1997-5-28 9:00 AM,17.0°C,-6.0°C,20%,1014hPa,10.0km,NNW,14.4km/h/4.0m/s,-,N/A,,Clear
1997-5-28 10:00 AM,18.0°C,-5.0°C,21%,1013hPa,10.0km,WNW,7.2km/h/2.0m/s,-,N/A,,Clear
1997-5-28 11:00 AM,19.0°C,-7.0°C,17%,1013hPa,10.0km,WNW,21.6km/h/6.0m/s,-,N/A,,Clear
1997-5-28 12:00 PM,21.0°C,-6.0°C,16%,1012hPa,10.0km,NNW,21.6km/h/6.0m/s,-,N/A,,Clear
1997-5-28 1:00 PM,22.0°C,-6.0°C,15%,1011hPa,10.0km,NNW,21.6km/h/6.0m/s,-,N/A,,Partly Cloudy
1997-5-28 2:00 PM,22.0°C,-6.0°C,15%,1010hPa,10.0km,WNW,25.2km/h/7.0m/s,-,N/A,,Partly Cloudy
1997-5-28 3:00 PM,22.0°C,-8.0°C,13%,1010hPa,10.0km,WNW,25.2km/h/7.0m/s,-,N/A,,Partly Cloudy
1997-5-28 4:00 PM,23.0°C,-7.0°C,13%,1009hPa,10.0km,WNW,10.8km/h/3.0m/s,-,N/A,,Partly Cloudy
1997-5-28 5:00 PM,23.0°C,-6.0°C,14%,1009hPa,10.0km,North,36.0km/h/10.0m/s,-,N/A,,Scattered Clouds
1997-5-28 6:00 PM,23.0°C,-7.0°C,13%,1009hPa,10.0km,NNW,25.2km/h/7.0m/s,-,N/A,,Partly Cloudy
1997-5-28 7:00 PM,22.0°C,-7.0°C,14%,1009hPa,10.0km,NNW,10.8km/h/3.0m/s,-,N/A,,Partly Cloudy
1997-5-28 8:00 PM,20.0°C,-4.0°C,20%,1009hPa,10.0km,NW,7.2km/h/2.0m/s,-,N/A,,Clear
1997-5-28 9:00 PM,19.0°C,1.0°C,30%,1009hPa,10.0km,Calm,Calm,-,N/A,,Clear
1997-5-28 10:00 PM,16.0°C,-3.0°C,27%,1009hPa,10.0km,East,7.2km/h/2.0m/s,-,N/A,,Clear
1997-5-28 11:00 PM,15.0°C,-4.0°C,27%,1008hPa,10.0km,SE,10.8km/h/3.0m/s,-,N/A,,Clear
