Time (CST),Temp.,Heat Index,Dew Point,Humidity,Pressure,Visibility,Wind Dir,Wind Speed,Gust Speed,Precip,Events,Conditions
1997-7-2 12:00 AM,26.0°C,-,22.0°C,78%,1005hPa,6.0km,East,28.8km/h/8.0m/s,-,N/A,,Overcast
1997-7-2 1:00 AM,25.0°C,-,21.0°C,78%,1005hPa,6.0km,East,18.0km/h/5.0m/s,-,N/A,,Overcast
1997-7-2 2:00 AM,25.0°C,-,21.0°C,78%,1005hPa,6.0km,East,18.0km/h/5.0m/s,-,N/A,,Overcast
1997-7-2 3:00 AM,25.0°C,-,21.0°C,78%,1004hPa,6.0km,East,10.8km/h/3.0m/s,-,N/A,,Overcast
1997-7-2 4:00 AM,25.0°C,-,21.0°C,78%,1004hPa,6.0km,East,10.8km/h/3.0m/s,-,N/A,,Overcast
1997-7-2 5:00 AM,25.0°C,-,21.0°C,78%,1005hPa,6.0km,East,14.4km/h/4.0m/s,-,N/A,,Overcast
1997-7-2 6:00 AM,25.0°C,-,21.0°C,78%,1004hPa,3.0km,East,10.8km/h/3.0m/s,-,N/A,,Overcast
1997-7-2 7:00 AM,25.0°C,-,21.0°C,78%,1004hPa,3.0km,East,10.8km/h/3.0m/s,-,N/A,,Overcast
1997-7-2 8:00 AM,26.0°C,-,22.0°C,78%,1004hPa,4.0km,ESE,10.8km/h/3.0m/s,-,N/A,,Mostly Cloudy
1997-7-2 9:00 AM,27.0°C,28.9°C,21.0°C,70%,1004hPa,6.0km,SE,10.8km/h/3.0m/s,-,N/A,,Overcast
1997-7-2 10:00 AM,27.0°C,28.9°C,21.0°C,70%,1004hPa,6.0km,South,10.8km/h/3.0m/s,-,N/A,,Overcast
1997-7-2 11:00 AM,28.0°C,30.7°C,22.0°C,70%,1004hPa,6.0km,West,3.6km/h/1.0m/s,-,N/A,,Overcast
1997-7-2 12:00 PM,29.0°C,32.0°C,22.0°C,66%,1004hPa,8.0km,SSE,10.8km/h/3.0m/s,-,N/A,,Mostly Cloudy
1997-7-2 1:00 PM,29.0°C,32.0°C,22.0°C,66%,1004hPa,8.0km,SSE,10.8km/h/3.0m/s,-,N/A,,Mostly Cloudy
1997-7-2 2:00 PM,30.0°C,33.2°C,22.0°C,62%,1002hPa,-,SSW,10.8km/h/3.0m/s,-,N/A,,Clear
1997-7-2 3:00 PM,31.0°C,34.4°C,22.0°C,58%,1002hPa,-,South,7.2km/h/2.0m/s,-,N/A,,Clear
1997-7-2 4:00 PM,32.0°C,36.8°C,23.0°C,59%,1001hPa,-,WSW,10.8km/h/3.0m/s,-,N/A,,Clear
1997-7-2 5:00 PM,32.0°C,35.6°C,22.0°C,55%,1001hPa,-,SW,7.2km/h/2.0m/s,-,N/A,,Clear
1997-7-2 6:00 PM,32.0°C,35.6°C,22.0°C,55%,1000hPa,-,WSW,7.2km/h/2.0m/s,-,N/A,,Clear
1997-7-2 7:00 PM,31.0°C,35.4°C,23.0°C,62%,1001hPa,-,SSE,7.2km/h/2.0m/s,-,N/A,,Clear
1997-7-2 8:00 PM,31.0°C,35.4°C,23.0°C,62%,1001hPa,-,SSE,3.6km/h/1.0m/s,-,N/A,,Clear
1997-7-2 9:00 PM,29.0°C,32.0°C,22.0°C,66%,1001hPa,-,SE,3.6km/h/1.0m/s,-,N/A,,Clear
1997-7-2 10:00 PM,30.0°C,34.1°C,23.0°C,66%,1002hPa,-,ESE,7.2km/h/2.0m/s,-,N/A,,Clear
1997-7-2 11:00 PM,29.0°C,32.7°C,23.0°C,70%,1002hPa,-,ESE,7.2km/h/2.0m/s,-,N/A,,Clear
