Time (CST),Temp.,Windchill,Dew Point,Humidity,Pressure,Visibility,Wind Dir,Wind Speed,Gust Speed,Precip,Events,Conditions
1997-12-12 12:00 AM,-12.0°C,-,-20.0°C,52%,1026hPa,4.0km,East,3.6km/h/1.0m/s,-,N/A,,Smoke
1997-12-12 1:00 AM,-13.0°C,-,-20.0°C,57%,1026hPa,4.0km,ESE,3.6km/h/1.0m/s,-,N/A,,Smoke
1997-12-12 2:00 AM,-16.0°C,-,-23.0°C,56%,1026hPa,5.0km,NE,3.6km/h/1.0m/s,-,N/A,,Smoke
1997-12-12 3:00 AM,-13.0°C,-,-20.0°C,57%,1026hPa,6.0km,East,3.6km/h/1.0m/s,-,N/A,,Clear
1997-12-12 4:00 AM,-15.0°C,-,-21.0°C,61%,1026hPa,6.0km,East,3.6km/h/1.0m/s,-,N/A,,Clear
1997-12-12 5:00 AM,-13.0°C,-,-19.0°C,62%,1026hPa,6.0km,East,3.6km/h/1.0m/s,-,N/A,,Clear
1997-12-12 6:00 AM,-13.0°C,-,-20.0°C,57%,1025hPa,5.0km,Calm,Calm,-,N/A,,Clear
1997-12-12 7:00 AM,-13.0°C,-,-20.0°C,57%,1025hPa,5.0km,East,3.6km/h/1.0m/s,-,N/A,,Clear
1997-12-12 8:00 AM,-14.0°C,-,-21.0°C,56%,1025hPa,4.0km,Calm,Calm,-,N/A,,Smoke
1997-12-12 9:00 AM,-11.0°C,-,-18.0°C,57%,1026hPa,6.0km,SE,3.6km/h/1.0m/s,-,N/A,,Clear
1997-12-12 10:00 AM,-6.0°C,-,-18.0°C,39%,1026hPa,3.0km,Calm,Calm,-,N/A,,Smoke
1997-12-12 11:00 AM,-3.0°C,-,-18.0°C,31%,1025hPa,3.0km,Calm,Calm,-,N/A,,Smoke
1997-12-12 12:00 PM,-1.0°C,-3.6°C,-18.0°C,27%,1024hPa,6.0km,WSW,7.2km/h/2.0m/s,-,N/A,,Clear
1997-12-12 1:00 PM,1.0°C,-,-19.0°C,22%,1023hPa,6.0km,SW,3.6km/h/1.0m/s,-,N/A,,Scattered Clouds
1997-12-12 2:00 PM,1.0°C,-,-20.0°C,20%,1022hPa,6.0km,SSW,3.6km/h/1.0m/s,-,N/A,,Scattered Clouds
1997-12-12 3:00 PM,2.0°C,-,-21.0°C,17%,1022hPa,-,WSW,3.6km/h/1.0m/s,-,N/A,,Clear
1997-12-12 4:00 PM,1.0°C,-,-22.0°C,17%,1022hPa,-,Calm,Calm,-,N/A,,Clear
1997-12-12 5:00 PM,-1.0°C,-,-21.0°C,21%,1021hPa,-,Calm,Calm,-,N/A,,Clear
1997-12-12 6:00 PM,-4.0°C,-,-21.0°C,26%,1022hPa,-,ENE,3.6km/h/1.0m/s,-,N/A,,Clear
1997-12-12 7:00 PM,-8.0°C,-,-21.0°C,35%,1022hPa,-,ESE,3.6km/h/1.0m/s,-,N/A,,Clear
1997-12-12 8:00 PM,-7.0°C,-,-20.0°C,36%,1022hPa,-,East,3.6km/h/1.0m/s,-,N/A,,Clear
1997-12-12 9:00 PM,-10.0°C,-14.1°C,-22.0°C,38%,1022hPa,10.0km,SE,7.2km/h/2.0m/s,-,N/A,,Clear
1997-12-12 10:00 PM,-10.0°C,-,-21.0°C,41%,1022hPa,10.0km,ESE,3.6km/h/1.0m/s,-,N/A,,Clear
