Time (CST),Temp.,Windchill,Dew Point,Humidity,Pressure,Visibility,Wind Dir,Wind Speed,Gust Speed,Precip,Events,Conditions
1997-12-18 12:00 AM,-6.0°C,-9.4°C,-10.0°C,74%,1016hPa,2.4km,East,7.2km/h/2.0m/s,-,N/A,,Smoke
1997-12-18 1:00 AM,-8.0°C,-,-11.0°C,79%,1015hPa,2.7km,East,3.6km/h/1.0m/s,-,N/A,,Partly Cloudy
1997-12-18 2:00 AM,-7.0°C,-,-10.0°C,80%,1015hPa,2.2km,East,3.6km/h/1.0m/s,-,N/A,,Partly Cloudy
1997-12-18 4:00 AM,-6.0°C,-9.4°C,-9.0°C,80%,1015hPa,1.8km,East,7.2km/h/2.0m/s,-,N/A,,Clear
1997-12-18 5:00 AM,-9.0°C,-,-11.0°C,86%,1015hPa,1.7km,ESE,3.6km/h/1.0m/s,-,N/A,,Clear
1997-12-18 6:00 AM,-7.0°C,-,-10.0°C,80%,1014hPa,1.7km,ESE,3.6km/h/1.0m/s,-,N/A,,Clear
1997-12-18 7:00 AM,-9.0°C,-,-11.0°C,86%,1015hPa,1.7km,SE,3.6km/h/1.0m/s,-,N/A,,Clear
1997-12-18 8:00 AM,-9.0°C,-,-11.0°C,86%,1015hPa,2.0km,East,3.6km/h/1.0m/s,-,N/A,,Partly Cloudy
1997-12-18 9:00 AM,-6.0°C,-,-7.0°C,93%,1015hPa,1.7km,SE,3.6km/h/1.0m/s,-,N/A,,Clear
1997-12-18 10:00 AM,-1.0°C,-,-6.0°C,69%,1015hPa,2.0km,ESE,3.6km/h/1.0m/s,-,N/A,,Smoke
1997-12-18 11:00 AM,2.0°C,-,-7.0°C,52%,1015hPa,1.8km,SE,3.6km/h/1.0m/s,-,N/A,,Smoke
1997-12-18 12:00 PM,5.0°C,-,-7.0°C,42%,1013hPa,1.9km,SSE,3.6km/h/1.0m/s,-,N/A,,Smoke
1997-12-18 1:00 PM,8.0°C,6.9°C,-8.0°C,32%,1011hPa,2.4km,SE,7.2km/h/2.0m/s,-,N/A,,Smoke
1997-12-18 2:00 PM,9.0°C,-,-9.0°C,27%,1010hPa,3.5km,South,10.8km/h/3.0m/s,-,N/A,,Smoke
1997-12-18 3:00 PM,10.0°C,-,-8.0°C,28%,1009hPa,3.0km,SSE,7.2km/h/2.0m/s,-,N/A,,Smoke
1997-12-18 4:00 PM,9.0°C,-,-8.0°C,30%,1009hPa,2.2km,SE,7.2km/h/2.0m/s,-,N/A,,Smoke
1997-12-18 5:00 PM,5.0°C,-,-9.0°C,36%,1009hPa,2.3km,ESE,3.6km/h/1.0m/s,-,N/A,,Smoke
1997-12-18 6:00 PM,2.0°C,-,-7.0°C,52%,1010hPa,1.3km,NNW,3.6km/h/1.0m/s,-,N/A,,Smoke
1997-12-18 7:00 PM,-1.0°C,-,-9.0°C,55%,1011hPa,2.0km,Calm,Calm,-,N/A,,Smoke
1997-12-18 8:00 PM,-2.0°C,-,-11.0°C,51%,1011hPa,2.0km,Calm,Calm,-,N/A,,Smoke
1997-12-18 9:00 PM,-3.0°C,-,-11.0°C,55%,1011hPa,2.4km,ESE,3.6km/h/1.0m/s,-,N/A,,Smoke
1997-12-18 10:00 PM,-4.0°C,-7.1°C,-11.0°C,59%,1011hPa,2.4km,East,7.2km/h/2.0m/s,-,N/A,,Smoke
1997-12-18 11:00 PM,-6.0°C,-,-11.0°C,68%,1012hPa,2.4km,East,3.6km/h/1.0m/s,-,N/A,,Clear
