Time (CST),Temp.,Heat Index,Dew Point,Humidity,Pressure,Visibility,Wind Dir,Wind Speed,Gust Speed,Precip,Events,Conditions
1997-6-20 12:00 AM,20.0°C,-,10.0°C,52%,1009hPa,-,ESE,7.2km/h/2.0m/s,-,N/A,,Clear
1997-6-20 1:00 AM,17.0°C,-,10.0°C,63%,1009hPa,-,East,14.4km/h/4.0m/s,-,N/A,,Clear
1997-6-20 2:00 AM,19.0°C,-,11.0°C,60%,1009hPa,-,Calm,Calm,-,N/A,,Clear
1997-6-20 3:00 AM,19.0°C,-,10.0°C,56%,1009hPa,10.0km,Calm,Calm,-,N/A,,Clear
1997-6-20 4:00 AM,17.0°C,-,11.0°C,68%,1009hPa,-,Calm,Calm,-,N/A,,Clear
1997-6-20 5:00 AM,17.0°C,-,10.0°C,63%,1009hPa,-,Calm,Calm,-,N/A,,Clear
1997-6-20 6:00 AM,16.0°C,-,11.0°C,72%,1010hPa,-,Calm,Calm,-,N/A,,Clear
1997-6-20 7:00 AM,19.0°C,-,10.0°C,56%,1010hPa,-,Calm,Calm,-,N/A,,Clear
1997-6-20 8:00 AM,21.0°C,-,12.0°C,56%,1010hPa,8.0km,ENE,7.2km/h/2.0m/s,-,N/A,,Mostly Cloudy
1997-6-20 9:00 AM,23.0°C,-,11.0°C,47%,1010hPa,8.0km,Calm,Calm,-,N/A,,Mostly Cloudy
1997-6-20 10:00 AM,26.0°C,-,10.0°C,36%,1010hPa,8.0km,Calm,Calm,-,N/A,,Mostly Cloudy
1997-6-20 11:00 AM,27.0°C,-,10.0°C,34%,1010hPa,-,SW,21.6km/h/6.0m/s,-,N/A,,Clear
1997-6-20 12:00 PM,29.0°C,-,11.0°C,33%,1009hPa,-,WNW,10.8km/h/3.0m/s,-,N/A,,Clear
1997-6-20 1:00 PM,32.0°C,30.7°C,12.0°C,29%,1009hPa,-,SW,10.8km/h/3.0m/s,-,N/A,,Clear
1997-6-20 2:00 PM,33.0°C,-,11.0°C,26%,1008hPa,10.0km,SSE,10.8km/h/3.0m/s,-,N/A,,Mostly Cloudy
1997-6-20 3:00 PM,34.0°C,-,5.0°C,16%,1008hPa,-,WSW,10.8km/h/3.0m/s,-,N/A,,Clear
1997-6-20 4:00 PM,34.0°C,-,1.0°C,12%,1007hPa,10.0km,WSW,14.4km/h/4.0m/s,-,N/A,,Mostly Cloudy
1997-6-20 5:00 PM,33.0°C,-,1.0°C,13%,1007hPa,-,WSW,10.8km/h/3.0m/s,-,N/A,,Clear
1997-6-20 8:00 PM,31.0°C,-,5.0°C,19%,1008hPa,-,Calm,Calm,-,N/A,,Clear
1997-6-20 9:00 PM,26.0°C,-,9.0°C,34%,1008hPa,-,Calm,Calm,-,N/A,,Clear
1997-6-20 10:00 PM,25.0°C,-,5.0°C,28%,1009hPa,-,East,18.0km/h/5.0m/s,-,N/A,,Clear
1997-6-20 11:00 PM,26.0°C,-,5.0°C,26%,1009hPa,-,East,14.4km/h/4.0m/s,-,N/A,,Clear
