Time (CST),Temp.,Heat Index,Dew Point,Humidity,Pressure,Visibility,Wind Dir,Wind Speed,Gust Speed,Precip,Events,Conditions
1997-8-14 12:00 AM,23.0°C,-,15.0°C,61%,1012hPa,10.0km,East,14.4km/h/4.0m/s,-,N/A,,Clear
1997-8-14 1:00 AM,22.0°C,-,16.0°C,69%,1012hPa,10.0km,East,14.4km/h/4.0m/s,-,N/A,,Clear
1997-8-14 2:00 AM,22.0°C,-,17.0°C,73%,1012hPa,10.0km,East,14.4km/h/4.0m/s,-,N/A,,Clear
1997-8-14 3:00 AM,21.0°C,-,17.0°C,78%,1012hPa,10.0km,ENE,7.2km/h/2.0m/s,-,N/A,,Clear
1997-8-14 4:00 AM,19.0°C,-,17.0°C,88%,1012hPa,10.0km,Calm,Calm,-,N/A,,Clear
1997-8-14 5:00 AM,19.0°C,-,17.0°C,88%,1012hPa,10.0km,East,10.8km/h/3.0m/s,-,N/A,,Clear
1997-8-14 6:00 AM,20.0°C,-,17.0°C,83%,1013hPa,-,North,7.2km/h/2.0m/s,-,N/A,,Clear
1997-8-14 7:00 AM,20.0°C,-,17.0°C,83%,1013hPa,-,Calm,Calm,-,N/A,,Clear
1997-8-14 8:00 AM,22.0°C,-,18.0°C,78%,1013hPa,-,East,14.4km/h/4.0m/s,-,N/A,,Clear
1997-8-14 9:00 AM,24.0°C,-,18.0°C,69%,1013hPa,10.0km,East,10.8km/h/3.0m/s,-,N/A,,Clear
1997-8-14 10:00 AM,26.0°C,-,19.0°C,65%,1013hPa,10.0km,SE,14.4km/h/4.0m/s,-,N/A,,Clear
1997-8-14 11:00 AM,27.0°C,28.2°C,19.0°C,61%,1012hPa,10.0km,SSE,18.0km/h/5.0m/s,-,N/A,,Clear
1997-8-14 12:00 PM,28.0°C,28.3°C,16.0°C,48%,1012hPa,10.0km,SE,18.0km/h/5.0m/s,-,N/A,,Scattered Clouds
1997-8-14 1:00 PM,28.0°C,28.5°C,17.0°C,51%,1011hPa,10.0km,SSE,10.8km/h/3.0m/s,-,N/A,,Mostly Cloudy
1997-8-14 2:00 PM,30.0°C,30.1°C,16.0°C,43%,1010hPa,-,SSW,10.8km/h/3.0m/s,-,N/A,,Clear
1997-8-14 3:00 PM,30.0°C,30.1°C,16.0°C,43%,1010hPa,-,SW,10.8km/h/3.0m/s,-,N/A,,Clear
1997-8-14 4:00 PM,31.0°C,30.6°C,15.0°C,38%,1009hPa,-,SW,10.8km/h/3.0m/s,-,N/A,,Clear
1997-8-14 5:00 PM,30.0°C,29.4°C,14.0°C,37%,1009hPa,-,SSE,10.8km/h/3.0m/s,-,N/A,,Clear
1997-8-14 6:00 PM,29.0°C,28.6°C,14.0°C,40%,1009hPa,-,SSW,10.8km/h/3.0m/s,-,N/A,,Clear
1997-8-14 7:00 PM,28.0°C,28.3°C,16.0°C,48%,1010hPa,-,WSW,3.6km/h/1.0m/s,-,N/A,,Clear
1997-8-14 8:00 PM,27.0°C,27.7°C,17.0°C,54%,1011hPa,-,East,10.8km/h/3.0m/s,-,N/A,,Clear
1997-8-14 9:00 PM,27.0°C,27.9°C,18.0°C,58%,1012hPa,-,East,21.6km/h/6.0m/s,-,N/A,,Clear
1997-8-14 10:00 PM,26.0°C,-,18.0°C,61%,1013hPa,8.0km,East,18.0km/h/5.0m/s,-,N/A,,Mostly Cloudy
1997-8-14 11:00 PM,25.0°C,-,18.0°C,65%,1013hPa,8.0km,ESE,10.8km/h/3.0m/s,-,N/A,,Overcast
