Time (CST),Temp.,Windchill,Dew Point,Humidity,Pressure,Visibility,Wind Dir,Wind Speed,Gust Speed,Precip,Events,Conditions
1997-3-21 12:00 AM,8.0°C,6.9°C,2.0°C,66%,1014hPa,-,NE,7.2km/h/2.0m/s,-,N/A,,Clear
1997-3-21 2:00 AM,6.0°C,4.5°C,3.0°C,81%,1014hPa,-,SSE,7.2km/h/2.0m/s,-,N/A,,Clear
1997-3-21 5:00 AM,6.0°C,4.5°C,3.0°C,81%,1014hPa,-,NNE,7.2km/h/2.0m/s,-,N/A,,Clear
1997-3-21 6:00 AM,6.0°C,-,3.0°C,81%,1014hPa,7.0km,Calm,Calm,-,N/A,,Overcast
1997-3-21 7:00 AM,6.0°C,-,3.0°C,81%,1014hPa,5.0km,Calm,Calm,-,N/A,,Overcast
1997-3-21 8:00 AM,6.0°C,-,3.0°C,81%,1015hPa,3.0km,Calm,Calm,-,N/A,,Overcast
1997-3-21 9:00 AM,7.0°C,-,4.0°C,81%,1016hPa,0.9km,Calm,Calm,-,N/A,,Overcast
1997-3-21 10:00 AM,8.0°C,-,3.0°C,71%,1016hPa,1.8km,Calm,Calm,-,N/A,,Overcast
1997-3-21 11:00 AM,10.0°C,-,2.0°C,58%,1016hPa,1.8km,South,7.2km/h/2.0m/s,-,N/A,,Overcast
1997-3-21 12:00 PM,11.0°C,-,3.0°C,58%,1016hPa,2.0km,Calm,Calm,-,N/A,,Overcast
1997-3-21 1:00 PM,12.0°C,-,3.0°C,54%,1015hPa,3.0km,SSW,7.2km/h/2.0m/s,-,N/A,,Mostly Cloudy
1997-3-21 2:00 PM,12.0°C,-,2.0°C,51%,1015hPa,5.0km,South,10.8km/h/3.0m/s,-,N/A,,Mostly Cloudy
1997-3-21 3:00 PM,11.0°C,-,2.0°C,54%,1015hPa,7.0km,East,21.6km/h/6.0m/s,-,N/A,,Mostly Cloudy
1997-3-21 4:00 PM,11.0°C,-,1.0°C,50%,1015hPa,9.0km,ENE,25.2km/h/7.0m/s,-,N/A,,Mostly Cloudy
1997-3-21 5:00 PM,11.0°C,-,0.0°C,47%,1015hPa,9.0km,ENE,18.0km/h/5.0m/s,-,N/A,,Overcast
1997-3-21 6:00 PM,10.0°C,-,1.0°C,54%,1015hPa,9.0km,East,18.0km/h/5.0m/s,-,N/A,,Overcast
1997-3-21 7:00 PM,9.0°C,-,2.0°C,62%,1016hPa,6.0km,East,18.0km/h/5.0m/s,-,N/A,,Overcast
1997-3-21 8:00 PM,8.0°C,4.7°C,2.0°C,66%,1017hPa,6.0km,East,21.6km/h/6.0m/s,-,N/A,,Overcast
1997-3-21 9:00 PM,7.0°C,3.4°C,2.0°C,71%,1018hPa,5.0km,East,21.6km/h/6.0m/s,-,N/A,,Smoke
1997-3-21 10:00 PM,8.0°C,4.7°C,2.0°C,66%,1019hPa,5.0km,East,21.6km/h/6.0m/s,-,N/A,,Smoke
