Time (CST),Temp.,Dew Point,Humidity,Pressure,Visibility,Wind Dir,Wind Speed,Gust Speed,Precip,Events,Conditions
1997-6-19 12:00 AM,20.0°C,10.0°C,52%,1008hPa,-,Calm,Calm,-,N/A,,Clear
1997-6-19 1:00 AM,19.0°C,9.0°C,52%,1007hPa,-,ENE,7.2km/h/2.0m/s,-,N/A,,Clear
1997-6-19 2:00 AM,18.0°C,10.0°C,59%,1008hPa,10.0km,East,7.2km/h/2.0m/s,-,N/A,,Clear
1997-6-19 4:00 AM,17.0°C,9.0°C,59%,1007hPa,10.0km,Calm,Calm,-,N/A,,Clear
1997-6-19 5:00 AM,17.0°C,11.0°C,68%,1008hPa,-,Calm,Calm,-,N/A,,Clear
1997-6-19 6:00 AM,18.0°C,9.0°C,56%,1008hPa,-,Calm,Calm,-,N/A,,Clear
1997-6-19 7:00 AM,18.0°C,10.0°C,59%,1008hPa,-,South,7.2km/h/2.0m/s,-,N/A,,Clear
1997-6-19 8:00 AM,22.0°C,10.0°C,46%,1009hPa,-,Calm,Calm,-,N/A,,Clear
1997-6-19 9:00 AM,24.0°C,9.0°C,38%,1009hPa,-,Calm,Calm,-,N/A,,Clear
1997-6-19 10:00 AM,27.0°C,8.0°C,30%,1008hPa,10.0km,Calm,Calm,-,N/A,,Scattered Clouds
1997-6-19 11:00 AM,28.0°C,9.0°C,30%,1008hPa,10.0km,Calm,Calm,-,N/A,,Partly Cloudy
1997-6-19 12:00 PM,28.0°C,6.0°C,25%,1008hPa,10.0km,West,32.4km/h/9.0m/s,-,N/A,,Mostly Cloudy
1997-6-19 1:00 PM,28.0°C,10.0°C,32%,1007hPa,10.0km,WNW,10.8km/h/3.0m/s,-,N/A,,Partly Cloudy
1997-6-19 2:00 PM,30.0°C,5.0°C,20%,1007hPa,10.0km,North,28.8km/h/8.0m/s,-,N/A,,Partly Cloudy
1997-6-19 3:00 PM,31.0°C,4.0°C,18%,1006hPa,10.0km,WNW,18.0km/h/5.0m/s,-,N/A,,Partly Cloudy
1997-6-19 4:00 PM,32.0°C,7.0°C,21%,1006hPa,10.0km,NW,14.4km/h/4.0m/s,-,N/A,,Partly Cloudy
1997-6-19 5:00 PM,32.0°C,7.0°C,21%,1005hPa,10.0km,South,7.2km/h/2.0m/s,-,N/A,,Clear
1997-6-19 6:00 PM,31.0°C,5.0°C,19%,1005hPa,10.0km,WSW,14.4km/h/4.0m/s,-,N/A,,Clear
1997-6-19 7:00 PM,30.0°C,7.0°C,23%,1005hPa,10.0km,SW,7.2km/h/2.0m/s,-,N/A,,Partly Cloudy
1997-6-19 8:00 PM,29.0°C,7.0°C,25%,1006hPa,-,Calm,Calm,-,N/A,,Clear
1997-6-19 9:00 PM,27.0°C,9.0°C,32%,1007hPa,-,Calm,Calm,-,N/A,,Clear
1997-6-19 10:00 PM,24.0°C,8.0°C,36%,1008hPa,-,Calm,Calm,-,N/A,,Clear
1997-6-19 11:00 PM,23.0°C,9.0°C,41%,1009hPa,-,East,7.2km/h/2.0m/s,-,N/A,,Clear
