Time (CST),Temp.,Windchill,Dew Point,Humidity,Pressure,Visibility,Wind Dir,Wind Speed,Gust Speed,Precip,Events,Conditions
1997-1-28 12:00 AM,-5.0°C,-,-16.0°C,43%,1016hPa,10.0km,Calm,Calm,-,N/A,,Clear
1997-1-28 1:00 AM,-6.0°C,-9.4°C,-16.0°C,46%,1015hPa,10.0km,ENE,7.2km/h/2.0m/s,-,N/A,,Clear
1997-1-28 2:00 AM,-8.0°C,-,-16.0°C,53%,1015hPa,10.0km,Calm,Calm,-,N/A,,Clear
1997-1-28 3:00 AM,-8.0°C,-,-16.0°C,53%,1015hPa,10.0km,Calm,Calm,-,N/A,,Clear
1997-1-28 4:00 AM,-9.0°C,-14.3°C,-16.0°C,58%,1015hPa,10.0km,East,10.8km/h/3.0m/s,-,N/A,,Clear
1997-1-28 5:00 AM,-8.0°C,-11.8°C,-17.0°C,49%,1015hPa,10.0km,East,7.2km/h/2.0m/s,-,N/A,,Clear
1997-1-28 6:00 AM,-7.0°C,-11.9°C,-15.0°C,54%,1015hPa,10.0km,East,10.8km/h/3.0m/s,-,N/A,,Clear
1997-1-28 8:00 AM,-9.0°C,-12.9°C,-17.0°C,53%,1016hPa,10.0km,East,7.2km/h/2.0m/s,-,N/A,,Clear
1997-1-28 9:00 AM,-7.0°C,-,-16.0°C,49%,1016hPa,10.0km,Calm,Calm,-,N/A,,Clear
1997-1-28 11:00 AM,-1.0°C,-4.7°C,-16.0°C,32%,1016hPa,10.0km,South,10.8km/h/3.0m/s,-,N/A,,Clear
1997-1-28 12:00 PM,2.0°C,-,-16.0°C,26%,1016hPa,10.0km,Calm,Calm,-,N/A,,Clear
1997-1-28 1:00 PM,4.0°C,-0.8°C,-14.0°C,26%,1014hPa,10.0km,NW,25.2km/h/7.0m/s,-,N/A,,Clear
1997-1-28 2:00 PM,5.0°C,0.5°C,-16.0°C,21%,1014hPa,10.0km,NW,25.2km/h/7.0m/s,-,N/A,,Clear
1997-1-28 3:00 PM,5.0°C,0.5°C,-12.0°C,29%,1014hPa,10.0km,NW,25.2km/h/7.0m/s,-,N/A,,Clear
1997-1-28 4:00 PM,5.0°C,0.5°C,-12.0°C,29%,1014hPa,10.0km,NW,25.2km/h/7.0m/s,-,N/A,,Clear
1997-1-28 5:00 PM,5.0°C,0.5°C,-12.0°C,29%,1015hPa,10.0km,WNW,25.2km/h/7.0m/s,-,N/A,,Clear
1997-1-28 6:00 PM,3.0°C,-1.6°C,-12.0°C,33%,1015hPa,10.0km,WNW,21.6km/h/6.0m/s,-,N/A,,Clear
1997-1-28 7:00 PM,0.0°C,-,-16.0°C,30%,1016hPa,10.0km,Calm,Calm,-,N/A,,Clear
1997-1-28 8:00 PM,-1.0°C,-3.6°C,-19.0°C,25%,1017hPa,10.0km,WNW,7.2km/h/2.0m/s,-,N/A,,Clear
1997-1-28 9:00 PM,-2.0°C,-,-18.0°C,29%,1018hPa,10.0km,Calm,Calm,-,N/A,,Clear
1997-1-28 10:00 PM,-4.0°C,-7.1°C,-20.0°C,28%,1018hPa,10.0km,East,7.2km/h/2.0m/s,-,N/A,,Clear
1997-1-28 11:00 PM,-4.0°C,-,-20.0°C,28%,1018hPa,10.0km,Calm,Calm,-,N/A,,Clear
