Time (CST),Temp.,Windchill,Dew Point,Humidity,Pressure,Visibility,Wind Dir,Wind Speed,Gust Speed,Precip,Events,Conditions
1998-12-28 8:00 AM,32.0°F,24.3°F,14.0°F,48%,30.42in,-,NW,8.9mph,-,N/A,,Clear
1998-12-28 9:00 AM,32.0°F,27.6°F,12.2°F,44%,30.45in,-,NW,4.5mph,-,N/A,,Clear
1998-12-28 11:00 AM,35.6°F,28.7°F,8.6°F,33%,30.45in,-,NW,8.9mph,-,N/A,,Clear
1998-12-28 12:00 PM,35.6°F,31.8°F,8.6°F,33%,30.42in,6.2mi,NW,4.5mph,-,N/A,,Clear
1998-12-28 1:00 PM,37.4°F,30.9°F,3.2°F,24%,30.39in,-,WNW,8.9mph,-,N/A,,Clear
1998-12-28 2:00 PM,37.4°F,-,-2.2°F,19%,30.39in,-,North,2.2mph,-,N/A,,Clear
1998-12-28 3:00 PM,39.2°F,34.4°F,-9.4°F,12%,30.36in,-,NNW,6.7mph,-,N/A,,Clear
1998-12-28 4:00 PM,41.0°F,-,-11.2°F,11%,30.36in,-,South,2.2mph,-,N/A,,Clear
1998-12-28 5:00 PM,37.4°F,33.9°F,5.0°F,26%,30.39in,-,SW,4.5mph,-,N/A,,Clear
1998-12-28 6:00 PM,33.8°F,-,8.6°F,35%,30.39in,-,Calm,Calm,-,N/A,,Clear
1998-12-28 7:00 PM,26.6°F,-,3.2°F,37%,30.39in,-,ENE,2.2mph,-,N/A,,Clear
1998-12-28 8:00 PM,24.8°F,19.2°F,1.4°F,36%,30.42in,-,NW,4.5mph,-,N/A,,Clear
1998-12-28 9:00 PM,19.4°F,-,1.4°F,46%,30.42in,-,South,2.2mph,-,N/A,,Clear
1998-12-28 10:00 PM,26.6°F,-,-0.4°F,31%,30.45in,-,WSW,2.2mph,-,N/A,,Clear
1998-12-28 11:00 PM,28.4°F,-,3.2°F,34%,30.42in,-,Calm,Calm,-,N/A,,Clear
