Time (CST),Temp.,Windchill,Dew Point,Humidity,Pressure,Visibility,Wind Dir,Wind Speed,Gust Speed,Precip,Events,Conditions
1997-11-17 12:00 AM,-7.0°C,-11.9°C,-13.0°C,63%,1028hPa,10.0km,SSW,10.8km/h/3.0m/s,-,N/A,,Clear
1997-11-17 1:00 AM,-8.0°C,-,-12.0°C,73%,1027hPa,10.0km,SW,3.6km/h/1.0m/s,-,N/A,,Clear
1997-11-17 2:00 AM,-7.0°C,-,-12.0°C,68%,1027hPa,10.0km,SSW,3.6km/h/1.0m/s,-,N/A,,Clear
1997-11-17 3:00 AM,-8.0°C,-,-11.0°C,79%,1026hPa,10.0km,East,3.6km/h/1.0m/s,-,N/A,,Clear
1997-11-17 4:00 AM,-9.0°C,-,-11.0°C,86%,1026hPa,10.0km,Calm,Calm,-,N/A,,Clear
1997-11-17 5:00 AM,-9.0°C,-,-11.0°C,86%,1025hPa,10.0km,ENE,3.6km/h/1.0m/s,-,N/A,,Clear
1997-11-17 6:00 AM,-9.0°C,-,-11.0°C,86%,1025hPa,10.0km,East,3.6km/h/1.0m/s,-,N/A,,Clear
1997-11-17 7:00 AM,-9.0°C,-,-12.0°C,79%,1025hPa,10.0km,East,3.6km/h/1.0m/s,-,N/A,,Clear
1997-11-17 8:00 AM,-10.0°C,-,-12.0°C,86%,1025hPa,7.0km,Calm,Calm,-,N/A,,Clear
1997-11-17 9:00 AM,-6.0°C,-,-10.0°C,74%,1025hPa,10.0km,SE,3.6km/h/1.0m/s,-,N/A,,Clear
1997-11-17 10:00 AM,-2.0°C,-4.8°C,-11.0°C,51%,1025hPa,10.0km,WSW,7.2km/h/2.0m/s,-,N/A,,Clear
1997-11-17 11:00 AM,-1.0°C,-4.7°C,-13.0°C,40%,1025hPa,10.0km,SSW,10.8km/h/3.0m/s,-,N/A,,Clear
1997-11-17 12:00 PM,1.0°C,-3.0°C,-14.0°C,32%,1024hPa,10.0km,WSW,14.4km/h/4.0m/s,-,N/A,,Clear
1997-11-17 1:00 PM,3.0°C,1.0°C,-14.0°C,28%,1022hPa,10.0km,WSW,7.2km/h/2.0m/s,-,N/A,,Clear
1997-11-17 2:00 PM,5.0°C,2.5°C,-14.0°C,24%,1021hPa,10.0km,WSW,10.8km/h/3.0m/s,-,N/A,,Clear
1997-11-17 3:00 PM,5.0°C,2.5°C,-15.0°C,23%,1021hPa,10.0km,WSW,10.8km/h/3.0m/s,-,N/A,,Clear
1997-11-17 4:00 PM,5.0°C,2.5°C,-14.0°C,24%,1021hPa,10.0km,WSW,10.8km/h/3.0m/s,-,N/A,,Clear
1997-11-17 5:00 PM,3.0°C,0.1°C,-13.0°C,30%,1022hPa,10.0km,West,10.8km/h/3.0m/s,-,N/A,,Clear
1997-11-17 6:00 PM,1.0°C,-1.3°C,-13.0°C,35%,1022hPa,10.0km,WSW,7.2km/h/2.0m/s,-,N/A,,Clear
1997-11-17 7:00 PM,0.0°C,-,-14.0°C,35%,1023hPa,10.0km,WNW,3.6km/h/1.0m/s,-,N/A,,Clear
1997-11-17 8:00 PM,-2.0°C,-,-13.0°C,43%,1024hPa,10.0km,Calm,Calm,-,N/A,,Clear
1997-11-17 9:00 PM,-4.0°C,-8.3°C,-11.0°C,59%,1025hPa,10.0km,NNW,10.8km/h/3.0m/s,-,N/A,,Clear
1997-11-17 10:00 PM,-4.0°C,-,-11.0°C,59%,1025hPa,10.0km,East,3.6km/h/1.0m/s,-,N/A,,Clear
1997-11-17 11:00 PM,-5.0°C,-,-11.0°C,63%,1025hPa,10.0km,North,3.6km/h/1.0m/s,-,N/A,,Clear
