Time (CST),Temp.,Windchill,Dew Point,Humidity,Pressure,Visibility,Wind Dir,Wind Speed,Gust Speed,Precip,Events,Conditions
1998-11-5 12:00 AM,44.6°F,40.8°F,23.0°F,43%,30.24in,6.2mi,East,6.7mph,-,N/A,,Clear
1998-11-5 1:00 AM,42.8°F,-,23.0°F,46%,30.24in,6.2mi,Calm,Calm,-,N/A,,Clear
1998-11-5 2:00 AM,39.2°F,-,23.0°F,52%,30.24in,6.2mi,Calm,Calm,-,N/A,,Clear
1998-11-5 3:00 AM,37.4°F,-,23.0°F,56%,30.24in,6.2mi,Calm,Calm,-,N/A,,Clear
1998-11-5 4:00 AM,33.8°F,-,24.8°F,70%,30.24in,6.2mi,Calm,Calm,-,N/A,,Clear
1998-11-5 5:00 AM,33.8°F,-,24.8°F,70%,30.24in,6.2mi,Calm,Calm,-,N/A,,Clear
1998-11-5 6:00 AM,35.6°F,-,24.8°F,65%,30.21in,6.2mi,SE,2.2mph,-,N/A,,Clear
1998-11-5 7:00 AM,32.0°F,27.6°F,24.8°F,75%,30.21in,-,ESE,4.5mph,-,N/A,,Clear
1998-11-5 8:00 AM,35.6°F,-,26.6°F,70%,30.24in,-,Calm,Calm,-,N/A,,Clear
1998-11-5 9:00 AM,41.0°F,-,24.8°F,53%,30.24in,4.3mi,ESE,2.2mph,-,N/A,,Partly Cloudy
1998-11-5 10:00 AM,44.6°F,-,26.6°F,49%,30.24in,3.7mi,SE,2.2mph,-,N/A,,Mostly Cloudy
1998-11-5 11:00 AM,48.2°F,-,26.6°F,43%,30.21in,4.3mi,SSE,2.2mph,-,N/A,,Scattered Clouds
1998-11-5 12:00 PM,51.8°F,-,26.6°F,38%,30.21in,4.3mi,SSE,4.5mph,-,N/A,,Scattered Clouds
1998-11-5 1:00 PM,55.4°F,-,28.4°F,36%,30.18in,3.1mi,South,4.5mph,-,N/A,,Haze
1998-11-5 3:00 PM,57.2°F,-,28.4°F,33%,30.45in,3.1mi,South,2.2mph,-,N/A,,Haze
1998-11-5 4:00 PM,59.0°F,-,30.2°F,34%,30.12in,3.1mi,ESE,2.2mph,-,N/A,,Haze
1998-11-5 5:00 PM,55.4°F,-,32.0°F,41%,30.12in,2.5mi,East,4.5mph,-,N/A,,Haze
1998-11-5 6:00 PM,51.8°F,-,30.2°F,44%,30.12in,3.1mi,SE,2.2mph,-,N/A,,Haze
1998-11-5 7:00 PM,48.2°F,-,28.4°F,46%,30.12in,3.1mi,SE,4.5mph,-,N/A,,Smoke
1998-11-5 8:00 PM,46.4°F,44.4°F,30.2°F,53%,30.12in,4.3mi,SE,4.5mph,-,N/A,,Partly Cloudy
1998-11-5 9:00 PM,48.2°F,-,30.2°F,50%,30.12in,4.3mi,SE,4.5mph,-,N/A,,Partly Cloudy
1998-11-5 10:00 PM,44.6°F,-,32.0°F,61%,30.15in,4.3mi,SE,2.2mph,-,N/A,,Partly Cloudy
1998-11-5 11:00 PM,42.8°F,-,32.0°F,66%,30.18in,3.7mi,Calm,Calm,-,N/A,,Partly Cloudy
