Time (CST),Temp.,Windchill,Dew Point,Humidity,Pressure,Visibility,Wind Dir,Wind Speed,Gust Speed,Precip,Events,Conditions
1997-2-6 12:00 AM,-5.0°C,-11.2°C,-13.0°C,54%,1027hPa,10.0km,North,18.0km/h/5.0m/s,-,N/A,,Clear
1997-2-6 1:00 AM,-6.0°C,-11.6°C,-14.0°C,54%,1027hPa,10.0km,North,14.4km/h/4.0m/s,-,N/A,,Clear
1997-2-6 2:00 AM,-6.0°C,-10.7°C,-14.0°C,54%,1026hPa,10.0km,North,10.8km/h/3.0m/s,-,N/A,,Clear
1997-2-6 4:00 AM,-7.0°C,-11.9°C,-14.0°C,58%,1025hPa,10.0km,NNE,10.8km/h/3.0m/s,-,N/A,,Clear
1997-2-6 5:00 AM,-7.0°C,-11.9°C,-15.0°C,54%,1026hPa,10.0km,NNE,10.8km/h/3.0m/s,-,N/A,,Clear
1997-2-6 6:00 AM,-7.0°C,-11.9°C,-14.0°C,58%,1025hPa,10.0km,North,10.8km/h/3.0m/s,-,N/A,,Clear
1997-2-6 7:00 AM,-8.0°C,-,-13.0°C,68%,1026hPa,-,Calm,Calm,-,N/A,,Clear
1997-2-6 8:00 AM,-8.0°C,-,-13.0°C,68%,1026hPa,-,Calm,Calm,-,N/A,,Clear
1997-2-6 9:00 AM,-7.0°C,-,-13.0°C,63%,1026hPa,-,Calm,Calm,-,N/A,,Clear
1997-2-6 10:00 AM,-5.0°C,-,-12.0°C,59%,1026hPa,-,Calm,Calm,-,N/A,,Clear
1997-2-6 11:00 AM,-2.0°C,-,-13.0°C,43%,1026hPa,-,Calm,Calm,-,N/A,,Clear
1997-2-6 12:00 PM,-1.0°C,-,-12.0°C,44%,1024hPa,-,Calm,Calm,-,N/A,,Clear
1997-2-6 1:00 PM,1.0°C,-3.0°C,-12.0°C,38%,1023hPa,-,South,14.4km/h/4.0m/s,-,N/A,,Clear
1997-2-6 2:00 PM,1.0°C,-2.3°C,-11.0°C,41%,1021hPa,-,South,10.8km/h/3.0m/s,-,N/A,,Clear
1997-2-6 3:00 PM,1.0°C,-2.3°C,-10.0°C,44%,1020hPa,-,South,10.8km/h/3.0m/s,-,N/A,,Clear
1997-2-6 4:00 PM,2.0°C,-0.1°C,-10.0°C,41%,1020hPa,-,SW,7.2km/h/2.0m/s,-,N/A,,Clear
1997-2-6 5:00 PM,1.0°C,-2.3°C,-10.0°C,44%,1019hPa,-,South,10.8km/h/3.0m/s,-,N/A,,Clear
1997-2-6 6:00 PM,1.0°C,-,-10.0°C,44%,1019hPa,-,Calm,Calm,-,N/A,,Clear
1997-2-6 7:00 PM,0.0°C,-,-10.0°C,48%,1019hPa,-,Calm,Calm,-,N/A,,Clear
1997-2-6 8:00 PM,-1.0°C,-,-11.0°C,47%,1020hPa,-,Calm,Calm,-,N/A,,Clear
1997-2-6 9:00 PM,-4.0°C,-,-10.0°C,64%,1020hPa,-,Calm,Calm,-,N/A,,Clear
1997-2-6 10:00 PM,-4.0°C,-,-10.0°C,64%,1020hPa,-,Calm,Calm,-,N/A,,Clear
1997-2-6 11:00 PM,-4.0°C,-,-9.0°C,69%,1020hPa,-,Calm,Calm,-,N/A,,Clear
