Time (CST),Temp.,Windchill,Dew Point,Humidity,Pressure,Visibility,Wind Dir,Wind Speed,Gust Speed,Precip,Events,Conditions
1997-2-7 12:00 AM,-5.0°C,-,-10.0°C,68%,1020hPa,-,Calm,Calm,-,N/A,,Clear
1997-2-7 1:00 AM,-5.0°C,-8.3°C,-10.0°C,68%,1020hPa,-,East,7.2km/h/2.0m/s,-,N/A,,Clear
1997-2-7 2:00 AM,-5.0°C,-8.3°C,-10.0°C,68%,1020hPa,-,ENE,7.2km/h/2.0m/s,-,N/A,,Clear
1997-2-7 3:00 AM,-6.0°C,-,-12.0°C,63%,1020hPa,-,Calm,Calm,-,N/A,,Clear
1997-2-7 4:00 AM,-6.0°C,-,-11.0°C,68%,1019hPa,-,Calm,Calm,-,N/A,,Clear
1997-2-7 5:00 AM,-7.0°C,-,-11.0°C,74%,1019hPa,-,Calm,Calm,-,N/A,,Clear
1997-2-7 6:00 AM,-9.0°C,-,-12.0°C,79%,1019hPa,-,Calm,Calm,-,N/A,,Clear
1997-2-7 7:00 AM,-8.0°C,-,-11.0°C,79%,1019hPa,10.0km,Calm,Calm,-,N/A,,Clear
1997-2-7 8:00 AM,-9.0°C,-,-12.0°C,79%,1020hPa,1.3km,Calm,Calm,-,N/A,,Partly Cloudy
1997-2-7 9:00 AM,-8.0°C,-,-12.0°C,73%,1020hPa,1.3km,Calm,Calm,-,N/A,,Partly Cloudy
1997-2-7 10:00 AM,-4.0°C,-,-11.0°C,59%,1020hPa,1.3km,Calm,Calm,-,N/A,,Partly Cloudy
1997-2-7 11:00 AM,-1.0°C,-,-9.0°C,55%,1020hPa,1.6km,Calm,Calm,-,N/A,,Smoke
1997-2-7 12:00 PM,2.0°C,-,-8.0°C,48%,1019hPa,2.0km,Calm,Calm,-,N/A,,Smoke
1997-2-7 1:00 PM,3.0°C,1.0°C,-8.0°C,45%,1018hPa,3.0km,South,7.2km/h/2.0m/s,-,N/A,,Smoke
1997-2-7 2:00 PM,5.0°C,2.5°C,-8.0°C,39%,1017hPa,8.0km,SSW,10.8km/h/3.0m/s,-,N/A,,Clear
1997-2-7 3:00 PM,5.0°C,3.4°C,-9.0°C,36%,1015hPa,10.0km,SSW,7.2km/h/2.0m/s,-,N/A,,Clear
1997-2-7 4:00 PM,6.0°C,3.7°C,-9.0°C,34%,1015hPa,10.0km,South,10.8km/h/3.0m/s,-,N/A,,Clear
1997-2-7 5:00 PM,5.0°C,-,-10.0°C,33%,1015hPa,10.0km,Calm,Calm,-,N/A,,Clear
1997-2-7 6:00 PM,4.0°C,-,-9.0°C,39%,1015hPa,10.0km,Calm,Calm,-,N/A,,Clear
1997-2-7 7:00 PM,2.0°C,-0.1°C,-9.0°C,44%,1015hPa,10.0km,ENE,7.2km/h/2.0m/s,-,N/A,,Clear
1997-2-7 8:00 PM,-1.0°C,-,-10.0°C,51%,1015hPa,10.0km,Calm,Calm,-,N/A,,Clear
1997-2-7 9:00 PM,-3.0°C,-,-11.0°C,55%,1015hPa,10.0km,Calm,Calm,-,N/A,,Clear
1997-2-7 10:00 PM,-4.0°C,-8.3°C,-11.0°C,59%,1016hPa,10.0km,SSE,10.8km/h/3.0m/s,-,N/A,,Clear
1997-2-7 11:00 PM,-5.0°C,-,-11.0°C,63%,1016hPa,10.0km,Calm,Calm,-,N/A,,Clear
