Time (CST),Temp.,Windchill,Dew Point,Humidity,Pressure,Visibility,Wind Dir,Wind Speed,Gust Speed,Precip,Events,Conditions
1998-11-7 12:00 AM,32.0°F,-,19.4°F,60%,30.24in,6.2mi,SE,2.2mph,-,N/A,,Clear
1998-11-7 1:00 AM,32.0°F,-,17.6°F,55%,30.24in,6.2mi,Calm,Calm,-,N/A,,Clear
1998-11-7 5:00 AM,28.4°F,23.4°F,19.4°F,69%,30.21in,6.2mi,SE,4.5mph,-,N/A,,Clear
1998-11-7 6:00 AM,26.6°F,-,19.4°F,74%,30.18in,6.2mi,SE,2.2mph,-,N/A,,Clear
1998-11-7 7:00 AM,26.6°F,-,19.4°F,74%,30.18in,6.2mi,ESE,2.2mph,-,N/A,,Clear
1998-11-7 8:00 AM,30.2°F,-,21.2°F,69%,30.21in,-,Calm,Calm,-,N/A,,Clear
1998-11-7 9:00 AM,37.4°F,-,21.2°F,52%,30.21in,2.5mi,Calm,Calm,-,N/A,,Smoke
1998-11-7 10:00 AM,42.8°F,-,19.4°F,39%,30.18in,3.1mi,SSE,2.2mph,-,N/A,,Smoke
1998-11-7 11:00 AM,48.2°F,-,21.2°F,34%,30.15in,5.0mi,SE,2.2mph,-,N/A,,Clear
1998-11-7 12:00 PM,53.6°F,-,21.2°F,28%,30.12in,5.0mi,SSE,2.2mph,-,N/A,,Clear
1998-11-7 1:00 PM,57.2°F,-,21.2°F,25%,30.06in,6.2mi,WSW,2.2mph,-,N/A,,Clear
1998-11-7 2:00 PM,60.8°F,-,21.2°F,22%,30.04in,6.2mi,SSW,4.5mph,-,N/A,,Clear
1998-11-7 3:00 PM,64.4°F,-,21.2°F,19%,30.01in,6.2mi,WSW,2.2mph,-,N/A,,Clear
1998-11-7 4:00 PM,66.2°F,-,21.2°F,18%,29.98in,6.2mi,WSW,4.5mph,-,N/A,,Clear
1998-11-7 5:00 PM,59.0°F,-,23.0°F,25%,29.98in,-,West,2.2mph,-,N/A,,Clear
1998-11-7 7:00 PM,53.6°F,-,19.4°F,26%,30.01in,-,Calm,Calm,-,N/A,,Clear
1998-11-7 9:00 PM,44.6°F,-,19.4°F,37%,30.01in,6.2mi,Calm,Calm,-,N/A,,Clear
1998-11-7 10:00 PM,46.4°F,-,19.4°F,34%,30.01in,6.2mi,NE,2.2mph,-,N/A,,Clear
1998-11-7 11:00 PM,44.6°F,-,21.2°F,39%,30.04in,6.2mi,East,2.2mph,-,N/A,,Clear
