Time (CST),Temp.,Windchill,Dew Point,Humidity,Pressure,Visibility,Wind Dir,Wind Speed,Gust Speed,Precip,Events,Conditions
1997-10-7 12:00 AM,3.0°C,-,-1.0°C,75%,1025hPa,10.0km,Calm,Calm,-,N/A,,Clear
1997-10-7 1:00 AM,4.0°C,2.2°C,-2.0°C,65%,1025hPa,10.0km,NE,7.2km/h/2.0m/s,-,N/A,,Clear
1997-10-7 2:00 AM,2.0°C,-,-1.0°C,81%,1025hPa,10.0km,SE,3.6km/h/1.0m/s,-,N/A,,Clear
1997-10-7 3:00 AM,1.0°C,-1.3°C,-2.0°C,81%,1024hPa,10.0km,SE,7.2km/h/2.0m/s,-,N/A,,Clear
1997-10-7 4:00 AM,0.0°C,-2.5°C,-2.0°C,87%,1024hPa,10.0km,ESE,7.2km/h/2.0m/s,-,N/A,,Clear
1997-10-7 5:00 AM,1.0°C,-,-2.0°C,81%,1024hPa,10.0km,East,3.6km/h/1.0m/s,-,N/A,,Clear
1997-10-7 6:00 AM,0.0°C,-,-2.0°C,87%,1024hPa,10.0km,Calm,Calm,-,N/A,,Clear
1997-10-7 7:00 AM,0.0°C,-,-3.0°C,80%,1025hPa,10.0km,Calm,Calm,-,N/A,,Clear
1997-10-7 8:00 AM,3.0°C,-,-1.0°C,75%,1025hPa,10.0km,ESE,3.6km/h/1.0m/s,-,N/A,,Clear
1997-10-7 9:00 AM,9.0°C,-,-2.0°C,46%,1025hPa,10.0km,SE,7.2km/h/2.0m/s,-,N/A,,Clear
1997-10-7 10:00 AM,12.0°C,-,-2.0°C,38%,1025hPa,10.0km,SSE,7.2km/h/2.0m/s,-,N/A,,Clear
1997-10-7 11:00 AM,15.0°C,-,-3.0°C,29%,1024hPa,10.0km,SW,10.8km/h/3.0m/s,-,N/A,,Clear
1997-10-7 12:00 PM,19.0°C,-,-2.0°C,24%,1023hPa,10.0km,SSW,7.2km/h/2.0m/s,-,N/A,,Clear
1997-10-7 1:00 PM,21.0°C,-,-3.0°C,20%,1022hPa,10.0km,WSW,10.8km/h/3.0m/s,-,N/A,,Clear
1997-10-7 2:00 PM,23.0°C,-,-2.0°C,19%,1021hPa,10.0km,WSW,14.4km/h/4.0m/s,-,N/A,,Clear
1997-10-7 3:00 PM,24.0°C,-,-4.0°C,15%,1020hPa,10.0km,WNW,28.8km/h/8.0m/s,-,N/A,,Clear
1997-10-7 4:00 PM,24.0°C,-,-4.0°C,15%,1020hPa,10.0km,NW,18.0km/h/5.0m/s,-,N/A,,Clear
1997-10-7 5:00 PM,23.0°C,-,-5.0°C,15%,1020hPa,10.0km,NW,18.0km/h/5.0m/s,-,N/A,,Clear
1997-10-7 6:00 PM,20.0°C,-,-3.0°C,21%,1021hPa,10.0km,NW,10.8km/h/3.0m/s,-,N/A,,Clear
1997-10-7 7:00 PM,16.0°C,-,-1.0°C,31%,1022hPa,10.0km,NW,10.8km/h/3.0m/s,-,N/A,,Clear
1997-10-7 8:00 PM,14.0°C,-,0.0°C,38%,1023hPa,10.0km,Calm,Calm,-,N/A,,Clear
1997-10-7 9:00 PM,10.0°C,-,0.0°C,50%,1024hPa,10.0km,ESE,7.2km/h/2.0m/s,-,N/A,,Clear
1997-10-7 10:00 PM,9.0°C,-,0.0°C,54%,1025hPa,10.0km,Calm,Calm,-,N/A,,Clear
1997-10-7 11:00 PM,7.0°C,-,0.0°C,61%,1025hPa,10.0km,Calm,Calm,-,N/A,,Clear
