Time (CST),Temp.,Windchill,Dew Point,Humidity,Pressure,Visibility,Wind Dir,Wind Speed,Gust Speed,Precip,Events,Conditions
1998-11-15 12:00 AM,37.4°F,-,21.2°F,52%,29.92in,6.2mi,Calm,Calm,-,N/A,,Clear
1998-11-15 1:00 AM,35.6°F,-,21.2°F,56%,29.92in,6.2mi,Calm,Calm,-,N/A,,Clear
1998-11-15 2:00 AM,33.8°F,-,23.0°F,65%,29.92in,6.2mi,Calm,Calm,-,N/A,,Clear
1998-11-15 3:00 AM,35.6°F,-,23.0°F,60%,29.92in,6.2mi,Calm,Calm,-,N/A,,Clear
1998-11-15 4:00 AM,32.0°F,-,23.0°F,69%,29.92in,6.2mi,ESE,2.2mph,-,N/A,,Clear
1998-11-15 6:00 AM,33.8°F,-,21.2°F,60%,29.92in,6.2mi,Calm,Calm,-,N/A,,Clear
1998-11-15 7:00 AM,32.0°F,-,23.0°F,69%,29.92in,6.2mi,Calm,Calm,-,N/A,,Clear
1998-11-15 8:00 AM,32.0°F,-,23.0°F,69%,29.92in,3.7mi,SE,2.2mph,-,N/A,,Clear
1998-11-15 9:00 AM,39.2°F,-,24.8°F,56%,29.95in,1.9mi,Calm,Calm,-,N/A,,Smoke
1998-11-15 10:00 AM,46.4°F,-,24.8°F,43%,29.95in,2.2mi,Calm,Calm,-,N/A,,Smoke
1998-11-15 11:00 AM,50.0°F,-,24.8°F,37%,29.95in,1.9mi,Calm,Calm,-,N/A,,Smoke
1998-11-15 12:00 PM,57.2°F,-,30.2°F,36%,29.92in,3.1mi,East,6.7mph,-,N/A,,Smoke
1998-11-15 1:00 PM,59.0°F,-,32.0°F,36%,29.89in,3.1mi,East,11.2mph,-,N/A,,Smoke
1998-11-15 2:00 PM,60.8°F,-,23.0°F,23%,29.86in,3.1mi,ENE,8.9mph,-,N/A,,Smoke
1998-11-15 3:00 PM,60.8°F,-,28.4°F,29%,29.86in,3.1mi,East,11.2mph,-,N/A,,Smoke
1998-11-15 4:00 PM,59.0°F,-,30.2°F,34%,29.89in,-,East,11.2mph,-,N/A,,Clear
1998-11-15 5:00 PM,55.4°F,-,30.2°F,38%,29.92in,-,East,15.7mph,-,N/A,,Clear
1998-11-15 6:00 PM,53.6°F,-,30.2°F,41%,29.95in,-,East,13.4mph,-,N/A,,Clear
1998-11-15 7:00 PM,51.8°F,-,30.2°F,44%,29.98in,-,East,8.9mph,-,N/A,,Clear
1998-11-15 8:00 PM,50.0°F,-,32.0°F,50%,30.01in,-,East,11.2mph,-,N/A,,Clear
1998-11-15 9:00 PM,48.2°F,-,32.0°F,54%,30.01in,-,ESE,13.4mph,-,N/A,,Clear
1998-11-15 10:00 PM,46.4°F,42.0°F,32.0°F,57%,30.04in,-,East,8.9mph,-,N/A,,Clear
1998-11-15 11:00 PM,46.4°F,40.5°F,37.4°F,71%,30.04in,-,East,13.4mph,-,N/A,,Clear
