Time (CST),Temp.,Dew Point,Humidity,Pressure,Visibility,Wind Dir,Wind Speed,Gust Speed,Precip,Events,Conditions
1997-5-21 12:00 AM,17.0°C,3.0°C,39%,1015hPa,10.0km,NE,7.2km/h/2.0m/s,-,N/A,,Clear
1997-5-21 1:00 AM,14.0°C,2.0°C,44%,1014hPa,10.0km,NNE,7.2km/h/2.0m/s,-,N/A,,Clear
1997-5-21 2:00 AM,13.0°C,5.0°C,58%,1014hPa,10.0km,NNE,7.2km/h/2.0m/s,-,N/A,,Clear
1997-5-21 3:00 AM,14.0°C,5.0°C,55%,1015hPa,10.0km,South,7.2km/h/2.0m/s,-,N/A,,Clear
1997-5-21 4:00 AM,13.0°C,5.0°C,58%,1015hPa,10.0km,Calm,Calm,-,N/A,,Clear
1997-5-21 5:00 AM,12.0°C,6.0°C,67%,1015hPa,10.0km,Calm,Calm,-,N/A,,Clear
1997-5-21 6:00 AM,11.0°C,7.0°C,76%,1015hPa,10.0km,Calm,Calm,-,N/A,,Clear
1997-5-21 7:00 AM,15.0°C,4.0°C,48%,1016hPa,10.0km,NE,7.2km/h/2.0m/s,-,N/A,,Clear
1997-5-21 8:00 AM,17.0°C,9.0°C,59%,1017hPa,10.0km,WNW,3.6km/h/1.0m/s,-,N/A,,Clear
1997-5-21 9:00 AM,20.0°C,5.0°C,37%,1017hPa,10.0km,East,21.6km/h/6.0m/s,-,N/A,,Clear
1997-5-21 10:00 AM,22.0°C,6.0°C,35%,1016hPa,10.0km,Calm,Calm,-,N/A,,Clear
1997-5-21 11:00 AM,23.0°C,5.0°C,31%,1016hPa,10.0km,Calm,Calm,-,N/A,,Clear
1997-5-21 1:00 PM,25.0°C,3.0°C,24%,1014hPa,10.0km,West,10.8km/h/3.0m/s,-,N/A,,Scattered Clouds
1997-5-21 2:00 PM,26.0°C,2.0°C,21%,1013hPa,10.0km,WSW,10.8km/h/3.0m/s,-,N/A,,Scattered Clouds
1997-5-21 3:00 PM,26.0°C,4.0°C,24%,1012hPa,10.0km,ESE,7.2km/h/2.0m/s,-,N/A,,Mostly Cloudy
1997-5-21 4:00 PM,27.0°C,1.0°C,18%,1011hPa,10.0km,West,18.0km/h/5.0m/s,-,N/A,,Mostly Cloudy
1997-5-21 5:00 PM,27.0°C,2.0°C,20%,1011hPa,10.0km,Calm,Calm,-,N/A,,Mostly Cloudy
1997-5-21 6:00 PM,27.0°C,1.0°C,18%,1011hPa,10.0km,SSW,10.8km/h/3.0m/s,-,N/A,,Mostly Cloudy
1997-5-21 7:00 PM,25.0°C,3.0°C,24%,1012hPa,10.0km,West,7.2km/h/2.0m/s,-,N/A,,Scattered Clouds
1997-5-21 8:00 PM,23.0°C,1.0°C,23%,1013hPa,-,ENE,28.8km/h/8.0m/s,-,N/A,,Clear
1997-5-21 9:00 PM,22.0°C,3.0°C,29%,1014hPa,-,East,28.8km/h/8.0m/s,-,N/A,,Clear
1997-5-21 10:00 PM,21.0°C,6.0°C,38%,1015hPa,-,ESE,14.4km/h/4.0m/s,-,N/A,,Clear
1997-5-21 11:00 PM,20.0°C,8.0°C,46%,1015hPa,-,SE,7.2km/h/2.0m/s,-,N/A,,Clear
