Time (CST),Temp.,Windchill,Dew Point,Humidity,Pressure,Visibility,Wind Dir,Wind Speed,Gust Speed,Precip,Events,Conditions
1997-10-17 12:00 AM,6.0°C,4.5°C,-3.0°C,53%,1021hPa,10.0km,ESE,7.2km/h/2.0m/s,-,N/A,,Clear
1997-10-17 1:00 AM,7.0°C,5.7°C,-4.0°C,46%,1021hPa,10.0km,East,7.2km/h/2.0m/s,-,N/A,,Clear
1997-10-17 3:00 AM,4.0°C,2.2°C,-3.0°C,61%,1021hPa,10.0km,East,7.2km/h/2.0m/s,-,N/A,,Clear
1997-10-17 4:00 AM,4.0°C,1.3°C,-4.0°C,56%,1020hPa,10.0km,SE,10.8km/h/3.0m/s,-,N/A,,Clear
1997-10-17 5:00 AM,4.0°C,-,-3.0°C,61%,1021hPa,10.0km,SSE,3.6km/h/1.0m/s,-,N/A,,Clear
1997-10-17 6:00 AM,2.0°C,-0.1°C,-4.0°C,65%,1021hPa,10.0km,East,7.2km/h/2.0m/s,-,N/A,,Clear
1997-10-17 7:00 AM,2.0°C,-0.1°C,-3.0°C,70%,1022hPa,6.0km,ESE,7.2km/h/2.0m/s,-,N/A,,Clear
1997-10-17 8:00 AM,7.0°C,-,-2.0°C,53%,1022hPa,4.0km,ESE,3.6km/h/1.0m/s,-,N/A,,Smoke
1997-10-17 9:00 AM,12.0°C,-,-2.0°C,38%,1023hPa,10.0km,ESE,7.2km/h/2.0m/s,-,N/A,,Clear
1997-10-17 12:00 PM,21.0°C,-,-7.0°C,15%,1021hPa,10.0km,NW,3.6km/h/1.0m/s,-,N/A,,Clear
1997-10-17 1:00 PM,22.0°C,-,-7.0°C,14%,1020hPa,10.0km,WNW,10.8km/h/3.0m/s,-,N/A,,Clear
1997-10-17 3:00 PM,23.0°C,-,-19.0°C,5%,1019hPa,10.0km,WNW,21.6km/h/6.0m/s,39.6km/h/11.0m/s,N/A,,Clear
1997-10-17 4:00 PM,23.0°C,-,-16.0°C,6%,1019hPa,10.0km,WNW,25.2km/h/7.0m/s,-,N/A,,Clear
1997-10-17 5:00 PM,22.0°C,-,-12.0°C,9%,1019hPa,10.0km,WNW,18.0km/h/5.0m/s,-,N/A,,Clear
1997-10-17 6:00 PM,18.0°C,-,-13.0°C,11%,1019hPa,10.0km,NW,18.0km/h/5.0m/s,-,N/A,,Clear
1997-10-17 7:00 PM,14.0°C,-,-8.0°C,21%,1020hPa,10.0km,North,10.8km/h/3.0m/s,-,N/A,,Clear
1997-10-17 8:00 PM,13.0°C,-,-6.0°C,26%,1020hPa,10.0km,North,10.8km/h/3.0m/s,-,N/A,,Clear
1997-10-17 9:00 PM,11.0°C,-,-6.0°C,30%,1021hPa,10.0km,WNW,10.8km/h/3.0m/s,-,N/A,,Clear
1997-10-17 10:00 PM,7.0°C,5.7°C,-4.0°C,46%,1021hPa,10.0km,SSE,7.2km/h/2.0m/s,-,N/A,,Clear
1997-10-17 11:00 PM,6.0°C,3.7°C,-6.0°C,42%,1021hPa,10.0km,SE,10.8km/h/3.0m/s,-,N/A,,Clear
