Time (CST),Temp.,Heat Index,Dew Point,Humidity,Pressure,Visibility,Wind Dir,Wind Speed,Gust Speed,Precip,Events,Conditions
1997-6-27 12:00 AM,22.0°C,-,15.0°C,64%,1009hPa,-,ENE,18.0km/h/5.0m/s,-,N/A,,Clear
1997-6-27 1:00 AM,22.0°C,-,15.0°C,64%,1009hPa,-,ENE,14.4km/h/4.0m/s,-,N/A,,Clear
1997-6-27 2:00 AM,22.0°C,-,15.0°C,64%,1009hPa,-,East,14.4km/h/4.0m/s,-,N/A,,Clear
1997-6-27 3:00 AM,22.0°C,-,15.0°C,64%,1009hPa,-,ENE,14.4km/h/4.0m/s,-,N/A,,Clear
1997-6-27 4:00 AM,21.0°C,-,15.0°C,68%,1009hPa,-,Calm,Calm,-,N/A,,Clear
1997-6-27 5:00 AM,20.0°C,-,14.0°C,68%,1009hPa,-,Calm,Calm,-,N/A,,Clear
1997-6-27 6:00 AM,20.0°C,-,16.0°C,78%,1009hPa,8.0km,Calm,Calm,-,N/A,,Mostly Cloudy
1997-6-27 7:00 AM,20.0°C,-,16.0°C,78%,1009hPa,5.0km,Calm,Calm,-,N/A,,Smoke
1997-6-27 8:00 AM,21.0°C,-,17.0°C,78%,1010hPa,4.0km,Calm,Calm,-,N/A,,Smoke
1997-6-27 9:00 AM,23.0°C,-,15.0°C,61%,1010hPa,-,NE,10.8km/h/3.0m/s,-,N/A,,Clear
1997-6-27 10:00 AM,25.0°C,-,16.0°C,57%,1009hPa,-,ENE,3.6km/h/1.0m/s,-,N/A,,Clear
1997-6-27 11:00 AM,26.0°C,-,15.0°C,51%,1009hPa,-,Calm,Calm,-,N/A,,Clear
1997-6-27 12:00 PM,29.0°C,28.8°C,15.0°C,42%,1008hPa,10.0km,NNE,7.2km/h/2.0m/s,-,N/A,,Mostly Cloudy
1997-6-27 1:00 PM,28.0°C,28.0°C,15.0°C,45%,1008hPa,10.0km,ENE,10.8km/h/3.0m/s,-,N/A,,Scattered Clouds
1997-6-27 2:00 PM,30.0°C,29.7°C,15.0°C,40%,1007hPa,10.0km,WNW,7.2km/h/2.0m/s,-,N/A,,Mostly Cloudy
1997-6-27 3:00 PM,31.0°C,30.9°C,16.0°C,40%,1006hPa,10.0km,North,10.8km/h/3.0m/s,-,N/A,,Scattered Clouds
1997-6-27 5:00 PM,31.0°C,30.3°C,14.0°C,35%,1005hPa,-,East,18.0km/h/5.0m/s,-,N/A,,Clear
1997-6-27 6:00 PM,30.0°C,29.7°C,15.0°C,40%,1005hPa,10.0km,East,21.6km/h/6.0m/s,-,N/A,,Mostly Cloudy
1997-6-27 7:00 PM,29.0°C,28.8°C,15.0°C,42%,1005hPa,10.0km,ENE,21.6km/h/6.0m/s,-,N/A,,Mostly Cloudy
1997-6-27 8:00 PM,28.0°C,28.0°C,15.0°C,45%,1005hPa,10.0km,ENE,25.2km/h/7.0m/s,-,N/A,,Mostly Cloudy
1997-6-27 9:00 PM,27.0°C,27.3°C,15.0°C,48%,1006hPa,10.0km,East,28.8km/h/8.0m/s,-,N/A,,Mostly Cloudy
1997-6-27 10:00 PM,26.0°C,-,15.0°C,51%,1006hPa,10.0km,East,28.8km/h/8.0m/s,-,N/A,,Mostly Cloudy
1997-6-27 11:00 PM,25.0°C,-,15.0°C,54%,1006hPa,10.0km,ENE,28.8km/h/8.0m/s,-,N/A,,Mostly Cloudy
