Time (CST),Temp.,Dew Point,Humidity,Pressure,Visibility,Wind Dir,Wind Speed,Gust Speed,Precip,Events,Conditions
1997-5-29 12:00 AM,14.0°C,-3.0°C,31%,1008hPa,10.0km,East,7.2km/h/2.0m/s,-,N/A,,Clear
1997-5-29 1:00 AM,14.0°C,-2.0°C,33%,1007hPa,10.0km,East,10.8km/h/3.0m/s,-,N/A,,Clear
1997-5-29 2:00 AM,14.0°C,-1.0°C,36%,1007hPa,10.0km,Calm,Calm,-,N/A,,Clear
1997-5-29 5:00 AM,13.0°C,0.0°C,41%,1006hPa,10.0km,NW,10.8km/h/3.0m/s,-,N/A,,Scattered Clouds
1997-5-29 6:00 AM,14.0°C,1.0°C,41%,1006hPa,-,East,10.8km/h/3.0m/s,-,N/A,,Clear
1997-5-29 7:00 AM,15.0°C,0.0°C,36%,1006hPa,-,NE,10.8km/h/3.0m/s,-,N/A,,Clear
1997-5-29 8:00 AM,17.0°C,-1.0°C,30%,1006hPa,-,NNE,14.4km/h/4.0m/s,-,N/A,,Clear
1997-5-29 9:00 AM,19.0°C,1.0°C,30%,1006hPa,-,North,14.4km/h/4.0m/s,-,N/A,,Clear
1997-5-29 10:00 AM,19.0°C,1.0°C,30%,1006hPa,-,Calm,Calm,-,N/A,,Clear
1997-5-29 11:00 AM,19.0°C,1.0°C,30%,1006hPa,10.0km,West,7.2km/h/2.0m/s,-,N/A,,Overcast
1997-5-29 12:00 PM,19.0°C,-6.0°C,18%,1007hPa,10.0km,West,46.8km/h/13.0m/s,-,N/A,,Mostly Cloudy
1997-5-29 1:00 PM,22.0°C,-10.0°C,11%,1006hPa,10.0km,NW,36.0km/h/10.0m/s,-,N/A,,Mostly Cloudy
1997-5-29 2:00 PM,22.0°C,-7.0°C,14%,1006hPa,10.0km,WNW,39.6km/h/11.0m/s,-,N/A,,Partly Cloudy
1997-5-29 3:00 PM,21.0°C,-6.0°C,16%,1006hPa,10.0km,WNW,39.6km/h/11.0m/s,-,N/A,,Scattered Clouds
1997-5-29 4:00 PM,22.0°C,-8.0°C,13%,1006hPa,10.0km,NNW,36.0km/h/10.0m/s,-,N/A,,Scattered Clouds
1997-5-29 5:00 PM,22.0°C,-7.0°C,14%,1006hPa,10.0km,NNW,36.0km/h/10.0m/s,-,N/A,,Partly Cloudy
1997-5-29 6:00 PM,22.0°C,-9.0°C,12%,1006hPa,10.0km,NNW,39.6km/h/11.0m/s,-,N/A,,Partly Cloudy
1997-5-29 7:00 PM,20.0°C,-4.0°C,20%,1007hPa,10.0km,NNW,28.8km/h/8.0m/s,-,N/A,,Partly Cloudy
1997-5-29 8:00 PM,20.0°C,-5.0°C,18%,1007hPa,-,North,28.8km/h/8.0m/s,-,N/A,,Clear
1997-5-29 9:00 PM,19.0°C,-4.0°C,21%,1008hPa,-,NNW,18.0km/h/5.0m/s,-,N/A,,Clear
1997-5-29 10:00 PM,18.0°C,-1.0°C,28%,1009hPa,-,NNW,10.8km/h/3.0m/s,-,N/A,,Clear
1997-5-29 11:00 PM,18.0°C,-1.0°C,28%,1009hPa,-,NNW,10.8km/h/3.0m/s,-,N/A,,Clear
