Time (CST),Temp.,Windchill,Dew Point,Humidity,Pressure,Visibility,Wind Dir,Wind Speed,Gust Speed,Precip,Events,Conditions
1997-3-23 12:00 AM,5.0°C,2.5°C,-3.0°C,57%,1022hPa,10.0km,East,10.8km/h/3.0m/s,-,N/A,,Clear
1997-3-23 1:00 AM,4.0°C,-,-3.0°C,61%,1022hPa,10.0km,Calm,Calm,-,N/A,,Clear
1997-3-23 2:00 AM,4.0°C,2.2°C,-4.0°C,56%,1023hPa,10.0km,East,7.2km/h/2.0m/s,-,N/A,,Clear
1997-3-23 5:00 AM,4.0°C,0.6°C,-4.0°C,56%,1025hPa,10.0km,ENE,14.4km/h/4.0m/s,-,N/A,,Clear
1997-3-23 6:00 AM,4.0°C,0.6°C,-1.0°C,70%,1026hPa,10.0km,NE,14.4km/h/4.0m/s,-,N/A,,Clear
1997-3-23 7:00 AM,3.0°C,-1.6°C,-5.0°C,56%,1026hPa,-,ENE,21.6km/h/6.0m/s,-,N/A,,Clear
1997-3-23 8:00 AM,3.0°C,-2.4°C,-6.0°C,52%,1027hPa,10.0km,East,28.8km/h/8.0m/s,-,N/A,,Clear
1997-3-23 9:00 AM,4.0°C,-1.1°C,-6.0°C,49%,1028hPa,10.0km,East,28.8km/h/8.0m/s,-,N/A,,Clear
1997-3-23 10:00 AM,4.0°C,-1.1°C,-6.0°C,49%,1028hPa,10.0km,East,28.8km/h/8.0m/s,-,N/A,,Clear
1997-3-23 11:00 AM,6.0°C,1.8°C,-5.0°C,46%,1028hPa,10.0km,East,25.2km/h/7.0m/s,-,N/A,,Clear
1997-3-23 12:00 PM,6.0°C,1.8°C,-4.0°C,49%,1028hPa,10.0km,ENE,25.2km/h/7.0m/s,-,N/A,,Clear
1997-3-23 1:00 PM,8.0°C,5.1°C,-5.0°C,40%,1027hPa,10.0km,ESE,18.0km/h/5.0m/s,-,N/A,,Clear
1997-3-23 2:00 PM,9.0°C,-,-5.0°C,37%,1025hPa,10.0km,East,21.6km/h/6.0m/s,-,N/A,,Clear
1997-3-23 3:00 PM,11.0°C,-,-6.0°C,30%,1024hPa,10.0km,East,10.8km/h/3.0m/s,-,N/A,,Clear
1997-3-23 4:00 PM,12.0°C,-,-4.0°C,33%,1023hPa,10.0km,ESE,7.2km/h/2.0m/s,-,N/A,,Clear
1997-3-23 5:00 PM,12.0°C,-,-6.0°C,28%,1023hPa,10.0km,Calm,Calm,-,N/A,,Clear
1997-3-23 6:00 PM,12.0°C,-,-6.0°C,28%,1023hPa,10.0km,East,10.8km/h/3.0m/s,-,N/A,,Clear
1997-3-23 7:00 PM,9.0°C,-,-4.0°C,40%,1023hPa,10.0km,East,18.0km/h/5.0m/s,-,N/A,,Clear
1997-3-23 9:00 PM,7.0°C,3.4°C,-5.0°C,43%,1025hPa,-,ENE,21.6km/h/6.0m/s,-,N/A,,Clear
1997-3-23 10:00 PM,6.0°C,1.8°C,-4.0°C,49%,1025hPa,-,East,25.2km/h/7.0m/s,-,N/A,,Clear
1997-3-23 11:00 PM,6.0°C,1.8°C,-4.0°C,49%,1025hPa,-,East,25.2km/h/7.0m/s,-,N/A,,Clear
