Time (CST),Temp.,Dew Point,Humidity,Pressure,Visibility,Wind Dir,Wind Speed,Gust Speed,Precip,Events,Conditions
1997-5-23 12:00 AM,16.0°C,8.0°C,59%,1016hPa,-,East,7.2km/h/2.0m/s,-,N/A,,Clear
1997-5-23 1:00 AM,16.0°C,8.0°C,59%,1016hPa,-,Calm,Calm,-,N/A,,Clear
1997-5-23 2:00 AM,13.0°C,6.0°C,63%,1015hPa,-,Calm,Calm,-,N/A,,Clear
1997-5-23 3:00 AM,11.0°C,5.0°C,67%,1015hPa,10.0km,Calm,Calm,-,N/A,,Clear
1997-5-23 4:00 AM,12.0°C,6.0°C,67%,1015hPa,10.0km,Calm,Calm,-,N/A,,Clear
1997-5-23 5:00 AM,11.0°C,6.0°C,71%,1015hPa,-,Calm,Calm,-,N/A,,Clear
1997-5-23 6:00 AM,11.0°C,7.0°C,76%,1016hPa,-,Calm,Calm,-,N/A,,Clear
1997-5-23 7:00 AM,13.0°C,8.0°C,72%,1016hPa,10.0km,Calm,Calm,-,N/A,,Clear
1997-5-23 9:00 AM,19.0°C,10.0°C,56%,1016hPa,10.0km,SSW,10.8km/h/3.0m/s,-,N/A,,Clear
1997-5-23 10:00 AM,22.0°C,9.0°C,43%,1016hPa,10.0km,WSW,10.8km/h/3.0m/s,-,N/A,,Clear
1997-5-23 11:00 AM,24.0°C,8.0°C,36%,1016hPa,10.0km,SSW,10.8km/h/3.0m/s,-,N/A,,Clear
1997-5-23 1:00 PM,28.0°C,-3.0°C,13%,1015hPa,10.0km,NE,25.2km/h/7.0m/s,-,N/A,,Clear
1997-5-23 2:00 PM,29.0°C,-3.0°C,12%,1014hPa,10.0km,NE,18.0km/h/5.0m/s,-,N/A,,Clear
1997-5-23 3:00 PM,27.0°C,-4.0°C,13%,1013hPa,10.0km,North,18.0km/h/5.0m/s,-,N/A,,Clear
1997-5-23 4:00 PM,29.0°C,-9.0°C,8%,1012hPa,10.0km,NE,43.2km/h/12.0m/s,-,N/A,,Clear
1997-5-23 5:00 PM,29.0°C,-5.0°C,11%,1012hPa,10.0km,NE,28.8km/h/8.0m/s,-,N/A,,Clear
1997-5-23 6:00 PM,28.0°C,-5.0°C,11%,1012hPa,10.0km,North,28.8km/h/8.0m/s,-,N/A,,Clear
1997-5-23 7:00 PM,27.0°C,-1.0°C,16%,1012hPa,10.0km,NE,18.0km/h/5.0m/s,-,N/A,,Clear
1997-5-23 8:00 PM,25.0°C,2.0°C,22%,1013hPa,10.0km,Calm,Calm,-,N/A,,Clear
1997-5-23 9:00 PM,23.0°C,4.0°C,29%,1014hPa,10.0km,Calm,Calm,-,N/A,,Clear
1997-5-23 10:00 PM,20.0°C,3.0°C,33%,1014hPa,10.0km,Calm,Calm,-,N/A,,Clear
1997-5-23 11:00 PM,20.0°C,3.0°C,33%,1014hPa,10.0km,NE,3.6km/h/1.0m/s,-,N/A,,Clear
