Time (CST),Temp.,Windchill,Dew Point,Humidity,Pressure,Visibility,Wind Dir,Wind Speed,Gust Speed,Precip,Events,Conditions
1997-12-28 12:00 AM,-8.0°C,-,-16.0°C,53%,1028hPa,4.0km,ESE,3.6km/h/1.0m/s,-,N/A,,Smoke
1997-12-28 1:00 AM,-8.0°C,-,-18.0°C,45%,1028hPa,6.0km,North,3.6km/h/1.0m/s,-,N/A,,Clear
1997-12-28 2:00 AM,-10.0°C,-,-17.0°C,57%,1029hPa,10.0km,Calm,Calm,-,N/A,,Clear
1997-12-28 3:00 AM,-10.0°C,-,-17.0°C,57%,1029hPa,10.0km,ENE,3.6km/h/1.0m/s,-,N/A,,Clear
1997-12-28 4:00 AM,-10.0°C,-,-18.0°C,53%,1028hPa,10.0km,ESE,3.6km/h/1.0m/s,-,N/A,,Clear
1997-12-28 5:00 AM,-12.0°C,-,-18.0°C,62%,1028hPa,10.0km,ESE,3.6km/h/1.0m/s,-,N/A,,Clear
1997-12-28 6:00 AM,-12.0°C,-,-18.0°C,62%,1028hPa,10.0km,Calm,Calm,-,N/A,,Clear
1997-12-28 7:00 AM,-13.0°C,-,-19.0°C,62%,1028hPa,10.0km,ESE,3.6km/h/1.0m/s,-,N/A,,Clear
1997-12-28 8:00 AM,-12.0°C,-,-18.0°C,62%,1028hPa,10.0km,Calm,Calm,-,N/A,,Clear
1997-12-28 9:00 AM,-8.0°C,-,-16.0°C,53%,1029hPa,6.0km,NE,3.6km/h/1.0m/s,-,N/A,,Clear
1997-12-28 10:00 AM,-3.0°C,-7.1°C,-17.0°C,34%,1029hPa,4.0km,North,10.8km/h/3.0m/s,-,N/A,,Smoke
1997-12-28 11:00 AM,0.0°C,-3.5°C,-16.0°C,30%,1029hPa,6.0km,NNW,10.8km/h/3.0m/s,-,N/A,,Clear
1997-12-28 12:00 PM,2.0°C,-,-16.0°C,26%,1028hPa,10.0km,North,3.6km/h/1.0m/s,-,N/A,,Clear
1997-12-28 1:00 PM,3.0°C,-,-16.0°C,24%,1026hPa,10.0km,North,3.6km/h/1.0m/s,-,N/A,,Clear
1997-12-28 2:00 PM,4.0°C,-,-16.0°C,22%,1024hPa,10.0km,SSE,3.6km/h/1.0m/s,-,N/A,,Clear
1997-12-28 3:00 PM,5.0°C,-,-15.0°C,23%,1024hPa,10.0km,WSW,3.6km/h/1.0m/s,-,N/A,,Clear
1997-12-28 4:00 PM,4.0°C,-,-14.0°C,26%,1024hPa,10.0km,Calm,Calm,-,N/A,,Clear
1997-12-28 5:00 PM,1.0°C,-,-15.0°C,30%,1023hPa,10.0km,Calm,Calm,-,N/A,,Clear
1997-12-28 6:00 PM,1.0°C,-,-13.0°C,35%,1024hPa,-,SSW,3.6km/h/1.0m/s,-,N/A,,Clear
1997-12-28 7:00 PM,-1.0°C,-,-14.0°C,37%,1024hPa,4.0km,East,3.6km/h/1.0m/s,-,N/A,,Smoke
1997-12-28 8:00 PM,-2.0°C,-,-14.0°C,40%,1024hPa,5.0km,ESE,3.6km/h/1.0m/s,-,N/A,,Smoke
1997-12-28 9:00 PM,-1.0°C,-,-14.0°C,37%,1025hPa,5.0km,SE,3.6km/h/1.0m/s,-,N/A,,Smoke
1997-12-28 10:00 PM,-1.0°C,-3.6°C,-13.0°C,40%,1025hPa,3.5km,ESE,7.2km/h/2.0m/s,-,N/A,,Smoke
1997-12-28 11:00 PM,-2.0°C,-4.8°C,-13.0°C,43%,1024hPa,3.5km,ESE,7.2km/h/2.0m/s,-,N/A,,Smoke
