Time (CST),Temp.,Windchill,Dew Point,Humidity,Pressure,Visibility,Wind Dir,Wind Speed,Gust Speed,Precip,Events,Conditions
1997-12-11 12:00 AM,-7.0°C,-,-21.0°C,33%,1026hPa,-,WSW,3.6km/h/1.0m/s,-,N/A,,Clear
1997-12-11 1:00 AM,-5.0°C,-,-22.0°C,26%,1026hPa,-,WNW,3.6km/h/1.0m/s,-,N/A,,Clear
1997-12-11 2:00 AM,-8.0°C,-,-22.0°C,32%,1026hPa,-,NE,3.6km/h/1.0m/s,-,N/A,,Clear
1997-12-11 3:00 AM,-12.0°C,-16.4°C,-21.0°C,48%,1026hPa,-,ESE,7.2km/h/2.0m/s,-,N/A,,Clear
1997-12-11 4:00 AM,-11.0°C,-,-22.0°C,41%,1026hPa,-,WSW,3.6km/h/1.0m/s,-,N/A,,Clear
1997-12-11 5:00 AM,-12.0°C,-,-21.0°C,48%,1027hPa,-,Calm,Calm,-,N/A,,Clear
1997-12-11 6:00 AM,-14.0°C,-,-21.0°C,56%,1027hPa,-,East,3.6km/h/1.0m/s,-,N/A,,Clear
1997-12-11 7:00 AM,-13.0°C,-17.6°C,-21.0°C,52%,1028hPa,7.0km,SE,7.2km/h/2.0m/s,-,N/A,,Clear
1997-12-11 8:00 AM,-14.0°C,-,-19.0°C,67%,1029hPa,7.0km,WSW,3.6km/h/1.0m/s,-,N/A,,Clear
1997-12-11 9:00 AM,-10.0°C,-,-18.0°C,53%,1030hPa,4.0km,NNW,3.6km/h/1.0m/s,-,N/A,,Clear
1997-12-11 10:00 AM,-6.0°C,-,-18.0°C,39%,1030hPa,3.0km,NE,3.6km/h/1.0m/s,-,N/A,,Smoke
1997-12-11 11:00 AM,-3.0°C,-5.9°C,-19.0°C,29%,1029hPa,8.0km,SE,7.2km/h/2.0m/s,-,N/A,,Clear
1997-12-11 12:00 PM,-2.0°C,-4.8°C,-19.0°C,27%,1028hPa,8.0km,SW,7.2km/h/2.0m/s,-,N/A,,Clear
1997-12-11 1:00 PM,-1.0°C,-,-20.0°C,23%,1027hPa,-,WSW,3.6km/h/1.0m/s,-,N/A,,Clear
1997-12-11 2:00 PM,0.0°C,-,-20.0°C,21%,1026hPa,-,WSW,3.6km/h/1.0m/s,-,N/A,,Clear
1997-12-11 3:00 PM,0.0°C,-,-21.0°C,20%,1026hPa,10.0km,WSW,3.6km/h/1.0m/s,-,N/A,,Clear
1997-12-11 4:00 PM,0.0°C,-2.5°C,-20.0°C,21%,1025hPa,10.0km,SW,7.2km/h/2.0m/s,-,N/A,,Clear
1997-12-11 5:00 PM,-1.0°C,-,-20.0°C,23%,1025hPa,-,Calm,Calm,-,N/A,,Clear
1997-12-11 6:00 PM,-6.0°C,-,-20.0°C,33%,1026hPa,-,South,3.6km/h/1.0m/s,-,N/A,,Clear
1997-12-11 7:00 PM,-7.0°C,-,-20.0°C,36%,1026hPa,6.0km,Calm,Calm,-,N/A,,Partly Cloudy
1997-12-11 8:00 PM,-9.0°C,-,-20.0°C,41%,1026hPa,5.0km,ENE,3.6km/h/1.0m/s,-,N/A,,Smoke
1997-12-11 9:00 PM,-10.0°C,-,-20.0°C,45%,1026hPa,4.0km,ESE,3.6km/h/1.0m/s,-,N/A,,Smoke
1997-12-11 10:00 PM,-9.0°C,-,-20.0°C,41%,1026hPa,5.0km,Calm,Calm,-,N/A,,Smoke
1997-12-11 11:00 PM,-11.0°C,-,-21.0°C,45%,1026hPa,5.0km,East,3.6km/h/1.0m/s,-,N/A,,Smoke
