Time (CST),Temp.,Windchill,Dew Point,Humidity,Pressure,Visibility,Wind Dir,Wind Speed,Gust Speed,Precip,Events,Conditions
1997-4-2 12:00 AM,10.0°C,-,6.0°C,76%,1010hPa,-,East,10.8km/h/3.0m/s,-,N/A,,Clear
1997-4-2 1:00 AM,10.0°C,-,6.0°C,76%,1010hPa,-,Calm,Calm,-,N/A,,Clear
1997-4-2 2:00 AM,10.0°C,-,6.0°C,76%,1010hPa,-,SSE,7.2km/h/2.0m/s,-,N/A,,Clear
1997-4-2 3:00 AM,10.0°C,-,5.0°C,71%,1010hPa,-,South,7.2km/h/2.0m/s,-,N/A,,Clear
1997-4-2 4:00 AM,10.0°C,-,5.0°C,71%,1010hPa,-,Calm,Calm,-,N/A,,Clear
1997-4-2 5:00 AM,10.0°C,-,6.0°C,76%,1011hPa,-,Calm,Calm,-,N/A,,Clear
1997-4-2 6:00 AM,9.0°C,-,6.0°C,82%,1012hPa,-,SSW,7.2km/h/2.0m/s,-,N/A,,Clear
1997-4-2 7:00 AM,9.0°C,-,6.0°C,82%,1012hPa,6.0km,ESE,7.2km/h/2.0m/s,-,N/A,,Overcast
1997-4-2 8:00 AM,9.0°C,-,6.0°C,82%,1014hPa,6.0km,ENE,14.4km/h/4.0m/s,-,N/A,,Overcast
1997-4-2 9:00 AM,11.0°C,-,6.0°C,71%,1015hPa,6.0km,ENE,28.8km/h/8.0m/s,-,N/A,,Overcast
1997-4-2 10:00 AM,11.0°C,-,6.0°C,71%,1016hPa,8.0km,East,25.2km/h/7.0m/s,-,N/A,,Overcast
1997-4-2 11:00 AM,10.0°C,-,5.0°C,71%,1016hPa,10.0km,ENE,28.8km/h/8.0m/s,-,N/A,,Overcast
1997-4-2 12:00 PM,9.0°C,-,4.0°C,71%,1016hPa,10.0km,ENE,28.8km/h/8.0m/s,-,N/A,,Overcast
1997-4-2 1:00 PM,9.0°C,-,3.0°C,66%,1016hPa,10.0km,ENE,28.8km/h/8.0m/s,-,N/A,,Overcast
1997-4-2 2:00 PM,9.0°C,-,2.0°C,62%,1016hPa,10.0km,ENE,28.8km/h/8.0m/s,-,N/A,,Overcast
1997-4-2 3:00 PM,9.0°C,-,2.0°C,62%,1016hPa,10.0km,East,32.4km/h/9.0m/s,-,N/A,,Overcast
1997-4-2 4:00 PM,8.0°C,3.8°C,1.0°C,62%,1017hPa,10.0km,East,32.4km/h/9.0m/s,-,N/A,,Overcast
1997-4-2 5:00 PM,8.0°C,3.8°C,1.0°C,62%,1017hPa,10.0km,East,32.4km/h/9.0m/s,-,N/A,,Overcast
1997-4-2 6:00 PM,7.0°C,2.5°C,1.0°C,66%,1018hPa,10.0km,East,32.4km/h/9.0m/s,-,N/A,,Overcast
1997-4-2 7:00 PM,6.0°C,0.7°C,1.0°C,70%,1019hPa,10.0km,East,39.6km/h/11.0m/s,-,N/A,,Overcast
1997-4-2 8:00 PM,6.0°C,0.9°C,2.0°C,76%,1019hPa,10.0km,East,36.0km/h/10.0m/s,-,N/A,Rain,Rain
1997-4-2 9:00 PM,6.0°C,0.9°C,2.0°C,76%,1021hPa,10.0km,East,36.0km/h/10.0m/s,-,N/A,Rain,Light Rain
1997-4-2 10:00 PM,5.0°C,0.5°C,3.0°C,87%,1021hPa,10.0km,East,25.2km/h/7.0m/s,-,N/A,Rain,Light Rain
