Time (CST),Temp.,Windchill,Dew Point,Humidity,Pressure,Visibility,Wind Dir,Wind Speed,Gust Speed,Precip,Events,Conditions
1998-12-7 12:00 AM,30.2°F,19.9°F,10.4°F,44%,30.39in,-,WNW,13.4mph,-,N/A,,Clear
1998-12-7 1:00 AM,28.4°F,19.9°F,12.2°F,51%,30.39in,-,WNW,8.9mph,-,N/A,,Clear
1998-12-7 2:00 AM,26.6°F,17.7°F,10.4°F,51%,30.42in,-,WNW,8.9mph,-,N/A,,Clear
1998-12-7 3:00 AM,26.6°F,17.7°F,8.6°F,47%,30.42in,-,WNW,8.9mph,-,N/A,,Clear
1998-12-7 4:00 AM,26.6°F,16.4°F,10.4°F,51%,30.42in,-,WNW,11.2mph,-,N/A,,Clear
1998-12-7 5:00 AM,26.6°F,15.3°F,6.8°F,43%,30.42in,-,WNW,13.4mph,-,N/A,,Clear
1998-12-7 6:00 AM,24.8°F,13.1°F,6.8°F,46%,30.45in,-,WNW,13.4mph,-,N/A,,Clear
1998-12-7 7:00 AM,24.8°F,12.1°F,3.2°F,40%,30.45in,-,WNW,15.7mph,-,N/A,,Clear
1998-12-7 9:00 AM,26.6°F,16.4°F,1.4°F,34%,30.48in,6.2mi,NW,11.2mph,-,N/A,,Clear
1998-12-7 10:00 AM,28.4°F,19.9°F,3.2°F,34%,30.51in,6.2mi,WNW,8.9mph,-,N/A,,Clear
1998-12-7 11:00 AM,30.2°F,19.9°F,1.4°F,29%,30.51in,6.2mi,WNW,13.4mph,-,N/A,,Clear
1998-12-7 12:00 PM,32.0°F,23.2°F,-0.4°F,25%,30.48in,6.2mi,West,11.2mph,-,N/A,,Clear
1998-12-7 1:00 PM,33.8°F,23.7°F,-2.2°F,22%,30.42in,-,West,15.7mph,-,N/A,,Clear
1998-12-7 2:00 PM,35.6°F,26.8°F,-2.2°F,20%,30.39in,-,WNW,13.4mph,-,N/A,,Clear
1998-12-7 3:00 PM,35.6°F,27.7°F,3.2°F,26%,30.39in,-,WNW,11.2mph,-,N/A,,Clear
1998-12-7 4:00 PM,35.6°F,26.8°F,-4.0°F,18%,30.39in,-,WNW,13.4mph,-,N/A,,Clear
1998-12-7 5:00 PM,32.0°F,25.7°F,-0.4°F,25%,30.39in,-,West,6.7mph,-,N/A,,Clear
1998-12-7 6:00 PM,28.4°F,23.4°F,-2.2°F,27%,30.39in,-,WNW,4.5mph,-,N/A,,Clear
1998-12-7 8:00 PM,23.0°F,13.2°F,-0.4°F,36%,30.42in,-,NW,8.9mph,-,N/A,,Clear
1998-12-7 9:00 PM,24.8°F,-,1.4°F,36%,30.42in,-,Calm,Calm,-,N/A,,Clear
1998-12-7 10:00 PM,21.2°F,15.0°F,-2.2°F,36%,30.42in,-,East,4.5mph,-,N/A,,Clear
1998-12-7 11:00 PM,17.6°F,-,-4.0°F,38%,30.45in,-,ENE,2.2mph,-,N/A,,Clear
