Time (CST),Temp.,Dew Point,Humidity,Pressure,Visibility,Wind Dir,Wind Speed,Gust Speed,Precip,Events,Conditions
1997-8-15 1:00 AM,23.0°C,18.0°C,73%,1013hPa,8.0km,East,10.8km/h/3.0m/s,-,N/A,,Mostly Cloudy
1997-8-15 3:00 AM,23.0°C,18.0°C,73%,1013hPa,7.0km,East,10.8km/h/3.0m/s,-,N/A,,Mostly Cloudy
1997-8-15 4:00 AM,22.0°C,19.0°C,83%,1013hPa,7.0km,ESE,7.2km/h/2.0m/s,-,N/A,,Mostly Cloudy
1997-8-15 5:00 AM,21.0°C,19.0°C,88%,1014hPa,7.0km,SE,7.2km/h/2.0m/s,-,N/A,,Mostly Cloudy
1997-8-15 6:00 AM,21.0°C,18.0°C,83%,1014hPa,7.0km,SE,7.2km/h/2.0m/s,-,N/A,,Overcast
1997-8-15 7:00 AM,22.0°C,19.0°C,83%,1014hPa,6.0km,SE,7.2km/h/2.0m/s,-,N/A,,Overcast
1997-8-15 8:00 AM,23.0°C,19.0°C,78%,1014hPa,6.0km,SE,7.2km/h/2.0m/s,-,N/A,,Overcast
1997-8-15 9:00 AM,24.0°C,19.0°C,73%,1014hPa,-,SSE,7.2km/h/2.0m/s,-,N/A,,Clear
1997-8-15 10:00 AM,23.0°C,19.0°C,78%,1015hPa,-,SSW,3.6km/h/1.0m/s,-,N/A,,Clear
1997-8-15 11:00 AM,23.0°C,19.0°C,78%,1015hPa,8.0km,SW,7.2km/h/2.0m/s,-,N/A,,Overcast
1997-8-15 12:00 PM,23.0°C,19.0°C,78%,1015hPa,6.0km,SW,10.8km/h/3.0m/s,-,N/A,,Overcast
1997-8-15 1:00 PM,23.0°C,19.0°C,78%,1014hPa,6.0km,West,10.8km/h/3.0m/s,-,N/A,,Overcast
1997-8-15 2:00 PM,23.0°C,20.0°C,83%,1014hPa,6.0km,SSW,10.8km/h/3.0m/s,-,N/A,,Overcast
1997-8-15 3:00 PM,24.0°C,20.0°C,78%,1014hPa,6.0km,SSW,7.2km/h/2.0m/s,-,N/A,,Overcast
1997-8-15 4:00 PM,24.0°C,20.0°C,78%,1014hPa,8.0km,South,7.2km/h/2.0m/s,-,N/A,,Overcast
1997-8-15 5:00 PM,24.0°C,20.0°C,78%,1014hPa,8.0km,SW,3.6km/h/1.0m/s,-,N/A,,Overcast
1997-8-15 6:00 PM,24.0°C,20.0°C,78%,1014hPa,8.0km,WSW,3.6km/h/1.0m/s,-,N/A,,Overcast
1997-8-15 7:00 PM,23.0°C,21.0°C,88%,1014hPa,6.0km,WNW,7.2km/h/2.0m/s,-,N/A,,Overcast
1997-8-15 8:00 PM,22.0°C,21.0°C,94%,1015hPa,6.0km,Calm,Calm,-,N/A,,Overcast
1997-8-15 9:00 PM,22.0°C,21.0°C,94%,1016hPa,6.0km,NNE,7.2km/h/2.0m/s,-,N/A,Rain,Light Rain
1997-8-15 10:00 PM,21.0°C,21.0°C,100%,1016hPa,6.0km,Calm,Calm,-,N/A,Rain,Light Rain
1997-8-15 11:00 PM,21.0°C,21.0°C,100%,1016hPa,6.0km,Calm,Calm,-,N/A,,Overcast
