Time (CST),Temp.,Dew Point,Humidity,Pressure,Visibility,Wind Dir,Wind Speed,Gust Speed,Precip,Events,Conditions
1997-5-8 12:00 AM,13.0°C,3.0°C,51%,1017hPa,10.0km,NNE,32.4km/h/9.0m/s,-,N/A,,Clear
1997-5-8 1:00 AM,12.0°C,1.0°C,47%,1018hPa,10.0km,NE,18.0km/h/5.0m/s,-,N/A,,Clear
1997-5-8 2:00 AM,11.0°C,1.0°C,50%,1018hPa,10.0km,North,21.6km/h/6.0m/s,-,N/A,,Clear
1997-5-8 3:00 AM,12.0°C,-1.0°C,41%,1018hPa,10.0km,ENE,18.0km/h/5.0m/s,-,N/A,,Clear
1997-5-8 4:00 AM,10.0°C,1.0°C,54%,1018hPa,10.0km,NNE,7.2km/h/2.0m/s,-,N/A,,Clear
1997-5-8 5:00 AM,9.0°C,2.0°C,62%,1019hPa,10.0km,NNE,7.2km/h/2.0m/s,-,N/A,,Clear
1997-5-8 6:00 AM,9.0°C,0.0°C,54%,1019hPa,10.0km,Calm,Calm,-,N/A,,Clear
1997-5-8 7:00 AM,10.0°C,2.0°C,58%,1020hPa,10.0km,Calm,Calm,-,N/A,,Clear
1997-5-8 8:00 AM,13.0°C,1.0°C,44%,1020hPa,10.0km,NNW,10.8km/h/3.0m/s,-,N/A,,Clear
1997-5-8 9:00 AM,14.0°C,1.0°C,41%,1020hPa,10.0km,NNW,10.8km/h/3.0m/s,-,N/A,,Clear
1997-5-8 10:00 AM,15.0°C,-1.0°C,34%,1020hPa,10.0km,NNW,7.2km/h/2.0m/s,-,N/A,,Clear
1997-5-8 11:00 AM,17.0°C,0.0°C,32%,1020hPa,10.0km,South,7.2km/h/2.0m/s,-,N/A,,Clear
1997-5-8 12:00 PM,18.0°C,-3.0°C,24%,1020hPa,10.0km,SW,10.8km/h/3.0m/s,-,N/A,,Clear
1997-5-8 1:00 PM,20.0°C,-1.0°C,24%,1019hPa,10.0km,South,10.8km/h/3.0m/s,-,N/A,,Clear
1997-5-8 2:00 PM,20.0°C,-4.0°C,20%,1018hPa,10.0km,Calm,Calm,-,N/A,,Clear
1997-5-8 3:00 PM,21.0°C,-5.0°C,17%,1017hPa,10.0km,SW,10.8km/h/3.0m/s,-,N/A,,Clear
1997-5-8 4:00 PM,22.0°C,-2.0°C,20%,1016hPa,10.0km,South,7.2km/h/2.0m/s,-,N/A,,Clear
1997-5-8 5:00 PM,22.0°C,-3.0°C,19%,1016hPa,10.0km,SSW,10.8km/h/3.0m/s,-,N/A,,Clear
1997-5-8 6:00 PM,22.0°C,-4.0°C,17%,1016hPa,10.0km,SW,18.0km/h/5.0m/s,-,N/A,,Clear
1997-5-8 7:00 PM,21.0°C,-4.0°C,18%,1015hPa,10.0km,SSW,10.8km/h/3.0m/s,-,N/A,,Clear
1997-5-8 8:00 PM,19.0°C,0.0°C,28%,1016hPa,10.0km,South,7.2km/h/2.0m/s,-,N/A,,Clear
1997-5-8 9:00 PM,18.0°C,1.0°C,32%,1016hPa,10.0km,South,7.2km/h/2.0m/s,-,N/A,,Clear
1997-5-8 10:00 PM,15.0°C,0.0°C,36%,1017hPa,10.0km,East,3.6km/h/1.0m/s,-,N/A,,Clear
1997-5-8 11:00 PM,14.0°C,0.0°C,38%,1017hPa,10.0km,East,10.8km/h/3.0m/s,-,N/A,,Clear
