Time (CST),Temp.,Dew Point,Humidity,Pressure,Visibility,Wind Dir,Wind Speed,Gust Speed,Precip,Events,Conditions
1997-4-28 12:00 AM,17.0°C,5.0°C,45%,1008hPa,10.0km,Calm,Calm,-,N/A,,Clear
1997-4-28 1:00 AM,17.0°C,9.0°C,59%,1008hPa,10.0km,SE,10.8km/h/3.0m/s,-,N/A,,Clear
1997-4-28 2:00 AM,16.0°C,8.0°C,59%,1007hPa,10.0km,Calm,Calm,-,N/A,,Clear
1997-4-28 3:00 AM,13.0°C,6.0°C,63%,1007hPa,10.0km,East,10.8km/h/3.0m/s,-,N/A,,Clear
1997-4-28 4:00 AM,14.0°C,8.0°C,67%,1007hPa,10.0km,East,10.8km/h/3.0m/s,-,N/A,,Clear
1997-4-28 5:00 AM,11.0°C,6.0°C,71%,1007hPa,-,East,7.2km/h/2.0m/s,-,N/A,,Clear
1997-4-28 6:00 AM,11.0°C,6.0°C,71%,1007hPa,8.0km,ESE,7.2km/h/2.0m/s,-,N/A,,Mostly Cloudy
1997-4-28 7:00 AM,14.0°C,8.0°C,67%,1008hPa,8.0km,Calm,Calm,-,N/A,,Scattered Clouds
1997-4-28 8:00 AM,17.0°C,8.0°C,55%,1008hPa,8.0km,Calm,Calm,-,N/A,,Clear
1997-4-28 9:00 AM,19.0°C,7.0°C,46%,1008hPa,10.0km,South,10.8km/h/3.0m/s,-,N/A,,Clear
1997-4-28 10:00 AM,21.0°C,8.0°C,43%,1008hPa,10.0km,WSW,10.8km/h/3.0m/s,-,N/A,,Clear
1997-4-28 11:00 AM,23.0°C,8.0°C,38%,1008hPa,10.0km,SW,7.2km/h/2.0m/s,-,N/A,,Clear
1997-4-28 12:00 PM,27.0°C,7.0°C,28%,1006hPa,10.0km,SW,25.2km/h/7.0m/s,-,N/A,,Clear
1997-4-28 1:00 PM,28.0°C,-1.0°C,15%,1006hPa,10.0km,WNW,18.0km/h/5.0m/s,-,N/A,,Partly Cloudy
1997-4-28 2:00 PM,28.0°C,-3.0°C,13%,1005hPa,10.0km,WNW,54.0km/h/15.0m/s,-,N/A,,Partly Cloudy
1997-4-28 3:00 PM,28.0°C,-4.0°C,12%,1005hPa,10.0km,NNW,25.2km/h/7.0m/s,-,N/A,,Partly Cloudy
1997-4-28 4:00 PM,28.0°C,-4.0°C,12%,1005hPa,10.0km,West,36.0km/h/10.0m/s,-,N/A,,Partly Cloudy
1997-4-28 5:00 PM,27.0°C,-4.0°C,13%,1005hPa,10.0km,WNW,25.2km/h/7.0m/s,-,N/A,,Partly Cloudy
1997-4-28 6:00 PM,26.0°C,-1.0°C,17%,1005hPa,10.0km,WNW,25.2km/h/7.0m/s,-,N/A,,Partly Cloudy
1997-4-28 7:00 PM,25.0°C,1.0°C,21%,1006hPa,10.0km,NNW,25.2km/h/7.0m/s,-,N/A,,Scattered Clouds
1997-4-28 8:00 PM,23.0°C,2.0°C,25%,1007hPa,10.0km,North,21.6km/h/6.0m/s,-,N/A,,Scattered Clouds
1997-4-28 9:00 PM,21.0°C,3.0°C,31%,1008hPa,-,North,7.2km/h/2.0m/s,-,N/A,,Clear
1997-4-28 10:00 PM,19.0°C,2.0°C,32%,1009hPa,-,North,10.8km/h/3.0m/s,-,N/A,,Clear
1997-4-28 11:00 PM,17.0°C,3.0°C,39%,1009hPa,-,North,10.8km/h/3.0m/s,-,N/A,,Clear
