Time (CST),Temp.,Windchill,Dew Point,Humidity,Pressure,Visibility,Wind Dir,Wind Speed,Gust Speed,Precip,Events,Conditions
1997-12-26 12:00 AM,2.0°C,-,-3.0°C,70%,1023hPa,3.0km,Calm,Calm,-,N/A,,Smoke
1997-12-26 1:00 AM,0.0°C,-,-4.0°C,75%,1022hPa,3.0km,Calm,Calm,-,N/A,,Smoke
1997-12-26 3:00 AM,-2.0°C,-4.8°C,-5.0°C,80%,1022hPa,4.0km,SE,7.2km/h/2.0m/s,-,N/A,,Smoke
1997-12-26 4:00 AM,-1.0°C,-,-4.0°C,80%,1022hPa,6.0km,SSW,3.6km/h/1.0m/s,-,N/A,,Clear
1997-12-26 5:00 AM,-2.0°C,-,-5.0°C,80%,1022hPa,6.0km,WSW,3.6km/h/1.0m/s,-,N/A,,Clear
1997-12-26 6:00 AM,-3.0°C,-,-6.0°C,80%,1022hPa,6.0km,East,3.6km/h/1.0m/s,-,N/A,,Clear
1997-12-26 7:00 AM,-5.0°C,-,-7.0°C,86%,1023hPa,6.0km,ESE,3.6km/h/1.0m/s,-,N/A,,Clear
1997-12-26 8:00 AM,-7.0°C,-,-8.0°C,93%,1023hPa,4.0km,ENE,3.6km/h/1.0m/s,-,N/A,,Clear
1997-12-26 9:00 AM,-6.0°C,-,-7.0°C,93%,1024hPa,1.6km,East,3.6km/h/1.0m/s,-,N/A,,Clear
1997-12-26 10:00 AM,-1.0°C,-,-4.0°C,80%,1024hPa,2.0km,SE,3.6km/h/1.0m/s,-,N/A,,Clear
1997-12-26 11:00 AM,1.0°C,-1.3°C,-6.0°C,60%,1024hPa,2.6km,SW,7.2km/h/2.0m/s,-,N/A,,Smoke
1997-12-26 12:00 PM,3.0°C,0.1°C,-8.0°C,45%,1024hPa,3.5km,SW,10.8km/h/3.0m/s,-,N/A,,Smoke
1997-12-26 1:00 PM,5.0°C,3.4°C,-8.0°C,39%,1022hPa,4.5km,SW,7.2km/h/2.0m/s,-,N/A,,Smoke
1997-12-26 2:00 PM,5.0°C,-,-11.0°C,31%,1022hPa,10.0km,SW,3.6km/h/1.0m/s,-,N/A,,Clear
1997-12-26 3:00 PM,6.0°C,3.7°C,-12.0°C,27%,1022hPa,10.0km,SSW,10.8km/h/3.0m/s,-,N/A,,Clear
1997-12-26 4:00 PM,6.0°C,4.5°C,-12.0°C,27%,1022hPa,10.0km,SW,7.2km/h/2.0m/s,-,N/A,,Clear
1997-12-26 5:00 PM,4.0°C,-,-11.0°C,33%,1022hPa,10.0km,Calm,Calm,-,N/A,,Clear
1997-12-26 6:00 PM,-1.0°C,-,-13.0°C,40%,1023hPa,10.0km,Calm,Calm,-,N/A,,Clear
1997-12-26 7:00 PM,-4.0°C,-7.1°C,-13.0°C,50%,1023hPa,10.0km,SE,7.2km/h/2.0m/s,-,N/A,,Clear
1997-12-26 8:00 PM,-3.0°C,-,-13.0°C,47%,1024hPa,10.0km,East,3.6km/h/1.0m/s,-,N/A,,Clear
1997-12-26 9:00 PM,-6.0°C,-9.4°C,-13.0°C,58%,1024hPa,10.0km,ESE,7.2km/h/2.0m/s,-,N/A,,Clear
1997-12-26 10:00 PM,-6.0°C,-,-13.0°C,58%,1025hPa,10.0km,SE,3.6km/h/1.0m/s,-,N/A,,Clear
1997-12-26 11:00 PM,-7.0°C,-,-13.0°C,63%,1025hPa,10.0km,Calm,Calm,-,N/A,,Clear
