Time (CST),Temp.,Windchill,Dew Point,Humidity,Pressure,Visibility,Wind Dir,Wind Speed,Gust Speed,Precip,Events,Conditions
1997-2-8 12:00 AM,-5.0°C,-8.3°C,-11.0°C,63%,1016hPa,10.0km,SSE,7.2km/h/2.0m/s,-,N/A,,Clear
1997-2-8 1:00 AM,-6.0°C,-9.4°C,-12.0°C,63%,1016hPa,10.0km,ENE,7.2km/h/2.0m/s,-,N/A,,Clear
1997-2-8 2:00 AM,-7.0°C,-,-12.0°C,68%,1016hPa,10.0km,Calm,Calm,-,N/A,,Clear
1997-2-8 3:00 AM,-7.0°C,-,-13.0°C,63%,1016hPa,10.0km,Calm,Calm,-,N/A,,Clear
1997-2-8 4:00 AM,-8.0°C,-,-13.0°C,68%,1015hPa,10.0km,Calm,Calm,-,N/A,,Clear
1997-2-8 5:00 AM,-8.0°C,-,-13.0°C,68%,1015hPa,10.0km,Calm,Calm,-,N/A,,Clear
1997-2-8 6:00 AM,-8.0°C,-,-13.0°C,68%,1015hPa,10.0km,Calm,Calm,-,N/A,,Clear
1997-2-8 7:00 AM,-9.0°C,-,-13.0°C,73%,1015hPa,10.0km,Calm,Calm,-,N/A,,Clear
1997-2-8 8:00 AM,-8.0°C,-,-12.0°C,73%,1016hPa,-,Calm,Calm,-,N/A,,Clear
1997-2-8 9:00 AM,-8.0°C,-,-12.0°C,73%,1016hPa,7.0km,Calm,Calm,-,N/A,,Mostly Cloudy
1997-2-8 10:00 AM,-4.0°C,-,-11.0°C,59%,1016hPa,6.0km,Calm,Calm,-,N/A,,Mostly Cloudy
1997-2-8 11:00 AM,-1.0°C,-,-11.0°C,47%,1016hPa,6.0km,Calm,Calm,-,N/A,,Mostly Cloudy
1997-2-8 12:00 PM,1.0°C,-1.3°C,-10.0°C,44%,1015hPa,7.0km,South,7.2km/h/2.0m/s,-,N/A,,Mostly Cloudy
1997-2-8 1:00 PM,3.0°C,1.0°C,-8.0°C,45%,1014hPa,7.0km,South,7.2km/h/2.0m/s,-,N/A,,Mostly Cloudy
1997-2-8 2:00 PM,4.0°C,0.6°C,-7.0°C,45%,1013hPa,7.0km,WSW,14.4km/h/4.0m/s,-,N/A,,Mostly Cloudy
1997-2-8 3:00 PM,5.0°C,1.3°C,-7.0°C,42%,1012hPa,-,SSW,18.0km/h/5.0m/s,-,N/A,,Clear
1997-2-8 4:00 PM,6.0°C,2.6°C,-7.0°C,39%,1012hPa,-,SSW,18.0km/h/5.0m/s,-,N/A,,Clear
1997-2-8 5:00 PM,5.0°C,2.5°C,-7.0°C,42%,1012hPa,-,WSW,10.8km/h/3.0m/s,-,N/A,,Clear
1997-2-8 6:00 PM,5.0°C,3.4°C,-9.0°C,36%,1012hPa,-,East,7.2km/h/2.0m/s,-,N/A,,Clear
1997-2-8 7:00 PM,3.0°C,1.0°C,-3.0°C,65%,1013hPa,-,East,7.2km/h/2.0m/s,-,N/A,,Clear
1997-2-8 8:00 PM,-1.0°C,-3.6°C,-7.0°C,64%,1014hPa,-,NW,7.2km/h/2.0m/s,-,N/A,,Clear
1997-2-8 9:00 PM,-1.0°C,-,-8.0°C,60%,1014hPa,-,Calm,Calm,-,N/A,,Clear
1997-2-8 10:00 PM,-1.0°C,-,-9.0°C,55%,1015hPa,-,Calm,Calm,-,N/A,,Clear
1997-2-8 11:00 PM,-3.0°C,-5.9°C,-10.0°C,59%,1015hPa,-,NE,7.2km/h/2.0m/s,-,N/A,,Clear
