Time (CST),Temp.,Windchill,Dew Point,Humidity,Pressure,Visibility,Wind Dir,Wind Speed,Gust Speed,Precip,Events,Conditions
1997-9-29 12:00 AM,8.0°C,6.9°C,4.0°C,76%,1017hPa,10.0km,ESE,7.2km/h/2.0m/s,-,N/A,,Clear
1997-9-29 1:00 AM,7.0°C,5.7°C,4.0°C,81%,1017hPa,10.0km,ESE,7.2km/h/2.0m/s,-,N/A,,Clear
1997-9-29 2:00 AM,6.0°C,4.5°C,3.0°C,81%,1017hPa,10.0km,ESE,7.2km/h/2.0m/s,-,N/A,,Clear
1997-9-29 3:00 AM,7.0°C,5.7°C,4.0°C,81%,1017hPa,10.0km,SE,7.2km/h/2.0m/s,-,N/A,,Clear
1997-9-29 4:00 AM,6.0°C,4.5°C,4.0°C,87%,1017hPa,10.0km,ESE,7.2km/h/2.0m/s,-,N/A,,Clear
1997-9-29 5:00 AM,4.0°C,2.2°C,3.0°C,93%,1017hPa,10.0km,SE,7.2km/h/2.0m/s,-,N/A,,Clear
1997-9-29 6:00 AM,4.0°C,-,3.0°C,93%,1018hPa,10.0km,SE,3.6km/h/1.0m/s,-,N/A,,Clear
1997-9-29 7:00 AM,4.0°C,-,3.0°C,93%,1018hPa,10.0km,East,3.6km/h/1.0m/s,-,N/A,,Clear
1997-9-29 8:00 AM,8.0°C,6.9°C,6.0°C,87%,1018hPa,8.0km,SE,7.2km/h/2.0m/s,-,N/A,,Clear
1997-9-29 9:00 AM,13.0°C,-,8.0°C,72%,1019hPa,10.0km,Calm,Calm,-,N/A,,Clear
1997-9-29 10:00 AM,15.0°C,-,5.0°C,51%,1018hPa,10.0km,South,3.6km/h/1.0m/s,-,N/A,,Clear
1997-9-29 11:00 AM,18.0°C,-,5.0°C,42%,1018hPa,10.0km,SSE,3.6km/h/1.0m/s,-,N/A,,Clear
1997-9-29 12:00 PM,21.0°C,-,5.0°C,35%,1017hPa,10.0km,SW,7.2km/h/2.0m/s,-,N/A,,Clear
1997-9-29 1:00 PM,23.0°C,-,3.0°C,27%,1015hPa,10.0km,SSW,14.4km/h/4.0m/s,-,N/A,,Clear
1997-9-29 2:00 PM,26.0°C,-,2.0°C,21%,1014hPa,10.0km,SW,10.8km/h/3.0m/s,-,N/A,,Clear
1997-9-29 3:00 PM,25.0°C,-,-1.0°C,18%,1014hPa,10.0km,SW,10.8km/h/3.0m/s,-,N/A,,Clear
1997-9-29 4:00 PM,24.0°C,-,-1.0°C,19%,1013hPa,10.0km,SW,3.6km/h/1.0m/s,-,N/A,,Clear
1997-9-29 5:00 PM,23.0°C,-,0.0°C,22%,1013hPa,-,SSW,3.6km/h/1.0m/s,-,N/A,,Clear
1997-9-29 6:00 PM,21.0°C,-,5.0°C,35%,1013hPa,-,West,7.2km/h/2.0m/s,-,N/A,,Clear
1997-9-29 7:00 PM,16.0°C,-,5.0°C,48%,1014hPa,-,ENE,7.2km/h/2.0m/s,-,N/A,,Clear
1997-9-29 8:00 PM,14.0°C,-,3.0°C,48%,1014hPa,-,SE,7.2km/h/2.0m/s,-,N/A,,Clear
1997-9-29 9:00 PM,13.0°C,-,3.0°C,51%,1015hPa,-,SE,10.8km/h/3.0m/s,-,N/A,,Clear
1997-9-29 10:00 PM,13.0°C,-,2.0°C,47%,1016hPa,-,East,7.2km/h/2.0m/s,-,N/A,,Clear
1997-9-29 11:00 PM,11.0°C,-,4.0°C,62%,1016hPa,-,SE,10.8km/h/3.0m/s,-,N/A,,Clear
