Time (CST),Temp.,Windchill,Dew Point,Humidity,Pressure,Visibility,Wind Dir,Wind Speed,Gust Speed,Precip,Events,Conditions
1997-1-6 12:00 AM,-11.0°C,-,-22.0°C,41%,1029hPa,10.0km,Calm,Calm,-,N/A,,Clear
1997-1-6 1:00 AM,-12.0°C,-,-22.0°C,44%,1030hPa,10.0km,Calm,Calm,-,N/A,,Clear
1997-1-6 2:00 AM,-13.0°C,-,-23.0°C,44%,1030hPa,10.0km,Calm,Calm,-,N/A,,Clear
1997-1-6 3:00 AM,-13.0°C,-,-23.0°C,44%,1031hPa,10.0km,Calm,Calm,-,N/A,,Clear
1997-1-6 4:00 AM,-14.0°C,-,-23.0°C,48%,1031hPa,10.0km,Calm,Calm,-,N/A,,Clear
1997-1-6 5:00 AM,-14.0°C,-,-23.0°C,48%,1031hPa,10.0km,Calm,Calm,-,N/A,,Clear
1997-1-6 6:00 AM,-14.0°C,-,-22.0°C,52%,1031hPa,10.0km,Calm,Calm,-,N/A,,Clear
1997-1-6 7:00 AM,-15.0°C,-,-23.0°C,52%,1031hPa,10.0km,Calm,Calm,-,N/A,,Clear
1997-1-6 8:00 AM,-15.0°C,-,-21.0°C,61%,1032hPa,8.0km,Calm,Calm,-,N/A,,Clear
1997-1-6 9:00 AM,-13.0°C,-,-19.0°C,62%,1032hPa,8.0km,Calm,Calm,-,N/A,,Clear
1997-1-6 10:00 AM,-9.0°C,-,-23.0°C,32%,1033hPa,8.0km,Calm,Calm,-,N/A,,Clear
1997-1-6 11:00 AM,-7.0°C,-,-23.0°C,28%,1033hPa,8.0km,Calm,Calm,-,N/A,,Clear
1997-1-6 12:00 PM,-4.0°C,-,-21.0°C,26%,1032hPa,10.0km,Calm,Calm,-,N/A,,Clear
1997-1-6 1:00 PM,-3.0°C,-,-21.0°C,24%,1031hPa,10.0km,Calm,Calm,-,N/A,,Clear
1997-1-6 2:00 PM,-1.0°C,-,-20.0°C,23%,1030hPa,10.0km,Calm,Calm,-,N/A,,Clear
1997-1-6 3:00 PM,0.0°C,-,-21.0°C,20%,1030hPa,10.0km,East,3.6km/h/1.0m/s,-,N/A,,Clear
1997-1-6 4:00 PM,-1.0°C,-,-19.0°C,25%,1029hPa,10.0km,Calm,Calm,-,N/A,,Clear
1997-1-6 5:00 PM,-2.0°C,-,-22.0°C,21%,1030hPa,10.0km,Calm,Calm,-,N/A,,Clear
1997-1-6 6:00 PM,-4.0°C,-7.1°C,-19.0°C,31%,1030hPa,10.0km,West,7.2km/h/2.0m/s,-,N/A,,Clear
1997-1-6 7:00 PM,-5.0°C,-,-19.0°C,33%,1031hPa,10.0km,Calm,Calm,-,N/A,,Clear
1997-1-6 8:00 PM,-7.0°C,-,-18.0°C,42%,1031hPa,10.0km,Calm,Calm,-,N/A,,Clear
1997-1-6 9:00 PM,-9.0°C,-,-16.0°C,58%,1031hPa,10.0km,Calm,Calm,-,N/A,,Clear
1997-1-6 10:00 PM,-10.0°C,-,-19.0°C,49%,1032hPa,10.0km,Calm,Calm,-,N/A,,Clear
1997-1-6 11:00 PM,-10.0°C,-,-21.0°C,41%,1032hPa,10.0km,Calm,Calm,-,N/A,,Clear
