Time (CST),Temp.,Windchill,Dew Point,Humidity,Pressure,Visibility,Wind Dir,Wind Speed,Gust Speed,Precip,Events,Conditions
1997-2-16 12:00 AM,-5.0°C,-8.3°C,-22.0°C,26%,1027hPa,10.0km,ENE,7.2km/h/2.0m/s,-,N/A,,Clear
1997-2-16 1:00 AM,-6.0°C,-9.4°C,-22.0°C,28%,1026hPa,10.0km,NNE,7.2km/h/2.0m/s,-,N/A,,Clear
1997-2-16 3:00 AM,-7.0°C,-,-23.0°C,28%,1026hPa,10.0km,Calm,Calm,-,N/A,,Clear
1997-2-16 5:00 AM,-9.0°C,-12.9°C,-23.0°C,32%,1025hPa,10.0km,East,7.2km/h/2.0m/s,-,N/A,,Clear
1997-2-16 6:00 AM,-9.0°C,-12.9°C,-23.0°C,32%,1024hPa,10.0km,NE,7.2km/h/2.0m/s,-,N/A,,Clear
1997-2-16 7:00 AM,-11.0°C,-,-24.0°C,34%,1026hPa,10.0km,ESE,3.6km/h/1.0m/s,-,N/A,,Clear
1997-2-16 8:00 AM,-11.0°C,-,-24.0°C,34%,1026hPa,10.0km,ESE,3.6km/h/1.0m/s,-,N/A,,Clear
1997-2-16 9:00 AM,-9.0°C,-,-24.0°C,30%,1026hPa,10.0km,Calm,Calm,-,N/A,,Clear
1997-2-16 10:00 AM,-4.0°C,-,-24.0°C,20%,1026hPa,10.0km,Calm,Calm,-,N/A,,Clear
1997-2-16 11:00 AM,-1.0°C,-,-27.0°C,13%,1026hPa,10.0km,Calm,Calm,-,N/A,,Clear
1997-2-16 1:00 PM,1.0°C,-3.7°C,-18.0°C,23%,1023hPa,-,South,18.0km/h/5.0m/s,-,N/A,,Clear
1997-2-16 2:00 PM,2.0°C,-2.4°C,-18.0°C,22%,1022hPa,-,SSW,18.0km/h/5.0m/s,-,N/A,,Clear
1997-2-16 3:00 PM,4.0°C,0.6°C,-18.0°C,19%,1021hPa,-,SSW,14.4km/h/4.0m/s,-,N/A,,Clear
1997-2-16 4:00 PM,4.0°C,1.3°C,-16.0°C,22%,1020hPa,-,WSW,10.8km/h/3.0m/s,-,N/A,,Clear
1997-2-16 5:00 PM,4.0°C,1.3°C,-19.0°C,17%,1019hPa,-,South,10.8km/h/3.0m/s,-,N/A,,Clear
1997-2-16 6:00 PM,3.0°C,-,-16.0°C,24%,1019hPa,-,Calm,Calm,-,N/A,,Clear
1997-2-16 7:00 PM,1.0°C,-1.3°C,-20.0°C,20%,1020hPa,10.0km,SE,7.2km/h/2.0m/s,-,N/A,,Clear
1997-2-16 8:00 PM,-2.0°C,-5.9°C,-16.0°C,34%,1020hPa,10.0km,East,10.8km/h/3.0m/s,-,N/A,,Clear
1997-2-16 9:00 PM,-4.0°C,-,-20.0°C,28%,1021hPa,10.0km,Calm,Calm,-,N/A,,Clear
1997-2-16 10:00 PM,-4.0°C,-,-19.0°C,31%,1022hPa,10.0km,Calm,Calm,-,N/A,,Clear
1997-2-16 11:00 PM,-6.0°C,-,-21.0°C,30%,1022hPa,-,Calm,Calm,-,N/A,,Clear
