Time (CST),Temp.,Windchill,Dew Point,Humidity,Pressure,Visibility,Wind Dir,Wind Speed,Gust Speed,Precip,Events,Conditions
1998-10-14 1:00 AM,42.8°F,40.2°F,23.0°F,46%,30.18in,-,West,4.5mph,-,N/A,,Clear
1998-10-14 4:00 AM,39.2°F,-,26.6°F,61%,30.12in,6.2mi,Calm,Calm,-,N/A,,Clear
1998-10-14 5:00 AM,37.4°F,-,28.4°F,70%,30.09in,6.2mi,ESE,2.2mph,-,N/A,,Clear
1998-10-14 6:00 AM,35.6°F,-,28.4°F,75%,30.09in,6.2mi,Calm,Calm,-,N/A,,Clear
1998-10-14 7:00 AM,33.8°F,-,28.4°F,81%,30.09in,6.2mi,ESE,2.2mph,-,N/A,,Clear
1998-10-14 8:00 AM,41.0°F,38.1°F,30.2°F,65%,30.09in,6.2mi,SSW,4.5mph,-,N/A,,Clear
1998-10-14 9:00 AM,46.4°F,-,30.2°F,53%,30.09in,6.2mi,SSW,2.2mph,-,N/A,,Clear
1998-10-14 10:00 AM,51.8°F,-,28.4°F,41%,30.06in,6.2mi,SSW,4.5mph,-,N/A,,Clear
1998-10-14 11:00 AM,55.4°F,-,24.8°F,31%,30.04in,6.2mi,WSW,6.7mph,-,N/A,,Unknown
1998-10-14 12:00 PM,59.0°F,-,21.2°F,23%,30.01in,6.2mi,WSW,6.7mph,-,N/A,,Clear
1998-10-14 1:00 PM,62.6°F,-,14.0°F,15%,29.98in,6.2mi,NNW,8.9mph,-,N/A,,Clear
1998-10-14 2:00 PM,64.4°F,-,12.2°F,13%,29.92in,6.2mi,NW,15.7mph,-,N/A,,Clear
1998-10-14 3:00 PM,64.4°F,-,14.0°F,14%,29.92in,6.2mi,NW,13.4mph,-,N/A,,Clear
1998-10-14 4:00 PM,64.4°F,-,12.2°F,13%,29.89in,6.2mi,NW,15.7mph,-,N/A,,Clear
1998-10-14 5:00 PM,62.6°F,-,12.2°F,14%,29.89in,6.2mi,NW,17.9mph,-,N/A,,Clear
1998-10-14 6:00 PM,59.0°F,-,15.8°F,19%,29.92in,6.2mi,NW,11.2mph,-,N/A,,Clear
1998-10-14 7:00 PM,51.8°F,-,21.2°F,30%,29.95in,6.2mi,NW,4.5mph,-,N/A,,Clear
1998-10-14 8:00 PM,53.6°F,-,23.0°F,30%,29.95in,6.2mi,West,2.2mph,-,N/A,,Clear
1998-10-14 9:00 PM,48.2°F,-,24.8°F,40%,29.98in,6.2mi,NNE,2.2mph,-,N/A,,Clear
1998-10-14 10:00 PM,46.4°F,44.4°F,26.6°F,46%,29.98in,6.2mi,ESE,4.5mph,-,N/A,,Clear
1998-10-14 11:00 PM,42.8°F,-,26.6°F,53%,29.98in,6.2mi,ESE,2.2mph,-,N/A,,Clear
