Time (CST),Temp.,Windchill,Dew Point,Humidity,Pressure,Visibility,Wind Dir,Wind Speed,Gust Speed,Precip,Events,Conditions
1997-12-8 12:00 AM,-7.0°C,-12.9°C,-16.0°C,49%,1032hPa,10.0km,WNW,14.4km/h/4.0m/s,-,N/A,,Clear
1997-12-8 1:00 AM,-7.0°C,-11.9°C,-17.0°C,46%,1032hPa,10.0km,West,10.8km/h/3.0m/s,-,N/A,,Clear
1997-12-8 2:00 AM,-7.0°C,-10.6°C,-18.0°C,42%,1031hPa,10.0km,SW,7.2km/h/2.0m/s,-,N/A,,Clear
1997-12-8 4:00 AM,-10.0°C,-,-16.0°C,62%,1030hPa,10.0km,SW,3.6km/h/1.0m/s,-,N/A,,Clear
1997-12-8 5:00 AM,-10.0°C,-,-16.0°C,62%,1030hPa,10.0km,SW,3.6km/h/1.0m/s,-,N/A,,Clear
1997-12-8 6:00 AM,-12.0°C,-16.4°C,-16.0°C,73%,1030hPa,10.0km,SSE,7.2km/h/2.0m/s,-,N/A,,Clear
1997-12-8 7:00 AM,-12.0°C,-16.4°C,-16.0°C,73%,1030hPa,10.0km,East,7.2km/h/2.0m/s,-,N/A,,Clear
1997-12-8 8:00 AM,-14.0°C,-,-17.0°C,79%,1030hPa,10.0km,East,3.6km/h/1.0m/s,-,N/A,,Clear
1997-12-8 9:00 AM,-9.0°C,-,-15.0°C,62%,1031hPa,10.0km,East,3.6km/h/1.0m/s,-,N/A,,Clear
1997-12-8 10:00 AM,-6.0°C,-,-15.0°C,50%,1031hPa,10.0km,SW,3.6km/h/1.0m/s,-,N/A,,Clear
1997-12-8 11:00 AM,-3.0°C,-7.1°C,-16.0°C,37%,1030hPa,10.0km,SW,10.8km/h/3.0m/s,-,N/A,,Clear
1997-12-8 12:00 PM,-1.0°C,-3.6°C,-18.0°C,27%,1029hPa,10.0km,WSW,7.2km/h/2.0m/s,-,N/A,,Clear
1997-12-8 1:00 PM,0.0°C,-3.5°C,-21.0°C,20%,1028hPa,10.0km,SW,10.8km/h/3.0m/s,-,N/A,,Clear
1997-12-8 2:00 PM,1.0°C,-2.3°C,-21.0°C,18%,1027hPa,10.0km,SW,10.8km/h/3.0m/s,-,N/A,,Clear
1997-12-8 3:00 PM,1.0°C,-3.0°C,-20.0°C,20%,1027hPa,10.0km,WSW,14.4km/h/4.0m/s,-,N/A,,Clear
1997-12-8 4:00 PM,2.0°C,-0.1°C,-21.0°C,17%,1027hPa,10.0km,WSW,7.2km/h/2.0m/s,-,N/A,,Clear
1997-12-8 5:00 PM,0.0°C,-3.5°C,-19.0°C,23%,1027hPa,10.0km,West,10.8km/h/3.0m/s,-,N/A,,Clear
1997-12-8 6:00 PM,-1.0°C,-3.6°C,-19.0°C,25%,1028hPa,10.0km,WNW,7.2km/h/2.0m/s,-,N/A,,Clear
1997-12-8 7:00 PM,-3.0°C,-7.1°C,-19.0°C,29%,1028hPa,10.0km,WNW,10.8km/h/3.0m/s,-,N/A,,Clear
1997-12-8 8:00 PM,-6.0°C,-9.4°C,-19.0°C,36%,1029hPa,10.0km,NNW,7.2km/h/2.0m/s,-,N/A,,Clear
1997-12-8 9:00 PM,-4.0°C,-8.3°C,-18.0°C,34%,1029hPa,10.0km,NNW,10.8km/h/3.0m/s,-,N/A,,Clear
1997-12-8 10:00 PM,-3.0°C,-7.1°C,-18.0°C,31%,1029hPa,10.0km,NNW,10.8km/h/3.0m/s,-,N/A,,Clear
1997-12-8 11:00 PM,-6.0°C,-,-18.0°C,39%,1030hPa,10.0km,ENE,3.6km/h/1.0m/s,-,N/A,,Clear
