Time (CST),Temp.,Windchill,Dew Point,Humidity,Pressure,Visibility,Wind Dir,Wind Speed,Gust Speed,Precip,Events,Conditions
1997-4-19 12:00 AM,13.0°C,-,4.0°C,54%,1017hPa,10.0km,East,10.8km/h/3.0m/s,-,N/A,,Clear
1997-4-19 1:00 AM,13.0°C,-,5.0°C,58%,1017hPa,10.0km,East,10.8km/h/3.0m/s,-,N/A,,Clear
1997-4-19 2:00 AM,11.0°C,-,5.0°C,67%,1016hPa,10.0km,ESE,7.2km/h/2.0m/s,-,N/A,,Clear
1997-4-19 3:00 AM,11.0°C,-,6.0°C,71%,1016hPa,10.0km,ESE,10.8km/h/3.0m/s,-,N/A,,Clear
1997-4-19 4:00 AM,9.0°C,-,6.0°C,82%,1016hPa,10.0km,ESE,10.8km/h/3.0m/s,-,N/A,,Clear
1997-4-19 5:00 AM,8.0°C,6.1°C,5.0°C,81%,1016hPa,10.0km,East,10.8km/h/3.0m/s,-,N/A,,Clear
1997-4-19 6:00 AM,7.0°C,4.9°C,5.0°C,87%,1016hPa,10.0km,East,10.8km/h/3.0m/s,-,N/A,,Clear
1997-4-19 7:00 AM,9.0°C,-,4.0°C,71%,1017hPa,10.0km,East,10.8km/h/3.0m/s,-,N/A,,Clear
1997-4-19 8:00 AM,12.0°C,-,4.0°C,58%,1017hPa,10.0km,ENE,7.2km/h/2.0m/s,-,N/A,,Clear
1997-4-19 9:00 AM,14.0°C,-,4.0°C,51%,1017hPa,10.0km,South,10.8km/h/3.0m/s,-,N/A,,Clear
1997-4-19 10:00 AM,16.0°C,-,4.0°C,45%,1017hPa,-,SSW,14.4km/h/4.0m/s,-,N/A,,Clear
1997-4-19 11:00 AM,18.0°C,-,5.0°C,42%,1016hPa,-,WSW,21.6km/h/6.0m/s,-,N/A,,Clear
1997-4-19 12:00 PM,20.0°C,-,6.0°C,40%,1015hPa,-,SW,14.4km/h/4.0m/s,-,N/A,,Clear
1997-4-19 1:00 PM,21.0°C,-,5.0°C,35%,1014hPa,-,SW,18.0km/h/5.0m/s,-,N/A,,Clear
1997-4-19 2:00 PM,22.0°C,-,5.0°C,33%,1013hPa,10.0km,SSW,18.0km/h/5.0m/s,-,N/A,,Mostly Cloudy
1997-4-19 3:00 PM,23.0°C,-,5.0°C,31%,1012hPa,10.0km,SSW,18.0km/h/5.0m/s,-,N/A,,Mostly Cloudy
1997-4-19 4:00 PM,23.0°C,-,6.0°C,33%,1011hPa,10.0km,SSW,18.0km/h/5.0m/s,-,N/A,,Mostly Cloudy
1997-4-19 5:00 PM,24.0°C,-,6.0°C,31%,1010hPa,10.0km,SW,14.4km/h/4.0m/s,-,N/A,,Mostly Cloudy
1997-4-19 6:00 PM,23.0°C,-,4.0°C,29%,1011hPa,10.0km,WSW,18.0km/h/5.0m/s,-,N/A,,Mostly Cloudy
1997-4-19 7:00 PM,20.0°C,-,7.0°C,43%,1011hPa,10.0km,WNW,10.8km/h/3.0m/s,-,N/A,,Overcast
