Time (CST),Temp.,Windchill,Dew Point,Humidity,Pressure,Visibility,Wind Dir,Wind Speed,Gust Speed,Precip,Events,Conditions
1998-11-18 2:00 AM,21.2°F,-,-5.8°F,30%,30.30in,6.2mi,Calm,Calm,-,N/A,,Clear
1998-11-18 3:00 AM,17.6°F,-,-5.8°F,35%,30.27in,6.2mi,East,2.2mph,-,N/A,,Clear
1998-11-18 5:00 AM,14.0°F,-,-2.2°F,49%,30.24in,6.2mi,Calm,Calm,-,N/A,,Clear
1998-11-18 6:00 AM,14.0°F,-,-2.2°F,49%,30.24in,6.2mi,East,2.2mph,-,N/A,,Clear
1998-11-18 7:00 AM,10.4°F,-,-2.2°F,57%,30.24in,6.2mi,ESE,2.2mph,-,N/A,,Clear
1998-11-18 8:00 AM,14.0°F,6.6°F,-4.0°F,45%,30.24in,3.7mi,East,4.5mph,-,N/A,,Clear
1998-11-18 9:00 AM,21.2°F,-,-4.0°F,33%,30.24in,6.2mi,East,2.2mph,-,N/A,,Clear
1998-11-18 10:00 AM,26.6°F,-,-2.2°F,29%,30.24in,6.2mi,SSE,2.2mph,-,N/A,,Clear
1998-11-18 11:00 AM,28.4°F,-,-2.2°F,27%,30.21in,6.2mi,Calm,Calm,-,N/A,,Clear
1998-11-18 12:00 PM,32.0°F,-,-4.0°F,21%,30.18in,6.2mi,South,2.2mph,-,N/A,,Clear
1998-11-18 2:00 PM,39.2°F,-,-4.0°F,16%,30.06in,-,SE,2.2mph,-,N/A,,Clear
1998-11-18 3:00 PM,39.2°F,-,-4.0°F,16%,30.06in,-,South,2.2mph,-,N/A,,Clear
1998-11-18 4:00 PM,39.2°F,-,-2.2°F,17%,30.04in,6.2mi,South,2.2mph,-,N/A,,Clear
1998-11-18 5:00 PM,37.4°F,-,-0.4°F,20%,30.06in,6.2mi,ESE,2.2mph,-,N/A,,Clear
1998-11-18 6:00 PM,32.0°F,-,1.4°F,27%,30.06in,5.0mi,Calm,Calm,-,N/A,,Clear
1998-11-18 7:00 PM,30.2°F,-,1.4°F,29%,30.09in,6.2mi,Calm,Calm,-,N/A,,Clear
1998-11-18 8:00 PM,26.6°F,-,3.2°F,37%,30.12in,6.2mi,Calm,Calm,-,N/A,,Clear
1998-11-18 9:00 PM,26.6°F,-,3.2°F,37%,30.12in,6.2mi,ENE,2.2mph,-,N/A,,Clear
1998-11-18 10:00 PM,24.8°F,-,3.2°F,40%,30.15in,6.2mi,East,2.2mph,-,N/A,,Clear
1998-11-18 11:00 PM,23.0°F,-,3.2°F,43%,30.15in,6.2mi,Calm,Calm,-,N/A,,Clear
