Time (CST),Temp.,Dew Point,Humidity,Pressure,Visibility,Wind Dir,Wind Speed,Gust Speed,Precip,Events,Conditions
1998-11-14 12:00 AM,35.6°F,23.0°F,60%,29.95in,5.0mi,ESE,2.2mph,-,N/A,,Partly Cloudy
1998-11-14 1:00 AM,35.6°F,24.8°F,65%,29.92in,6.2mi,ESE,2.2mph,-,N/A,,Clear
1998-11-14 2:00 AM,35.6°F,24.8°F,65%,29.95in,3.1mi,Calm,Calm,-,N/A,,Haze
1998-11-14 3:00 AM,33.8°F,24.8°F,70%,29.95in,3.1mi,SE,2.2mph,-,N/A,,Haze
1998-11-14 4:00 AM,35.6°F,26.6°F,70%,29.95in,3.1mi,Calm,Calm,-,N/A,,Haze
1998-11-14 5:00 AM,32.0°F,24.8°F,75%,29.95in,3.1mi,Calm,Calm,-,N/A,,Haze
1998-11-14 6:00 AM,32.0°F,24.8°F,75%,29.95in,3.1mi,SE,2.2mph,-,N/A,,Haze
1998-11-14 8:00 AM,30.2°F,24.8°F,80%,29.98in,1.9mi,SSE,2.2mph,-,N/A,,Partly Cloudy
1998-11-14 11:00 AM,51.8°F,28.4°F,41%,29.98in,2.5mi,SE,2.2mph,-,N/A,,Haze
1998-11-14 12:00 PM,55.4°F,26.6°F,33%,29.95in,3.7mi,SE,2.2mph,-,N/A,,Clear
1998-11-14 1:00 PM,59.0°F,28.4°F,31%,29.92in,3.1mi,SSE,4.5mph,-,N/A,,Haze
1998-11-14 2:00 PM,62.6°F,26.6°F,26%,29.89in,3.1mi,South,2.2mph,-,N/A,,Haze
1998-11-14 3:00 PM,64.4°F,24.8°F,22%,29.86in,3.1mi,ESE,2.2mph,-,N/A,,Haze
1998-11-14 4:00 PM,66.2°F,24.8°F,21%,29.86in,3.7mi,ESE,2.2mph,-,N/A,,Clear
1998-11-14 5:00 PM,60.8°F,26.6°F,27%,29.86in,3.7mi,SE,2.2mph,-,N/A,,Clear
1998-11-14 6:00 PM,51.8°F,26.6°F,38%,29.89in,3.1mi,Calm,Calm,-,N/A,,Haze
1998-11-14 7:00 PM,53.6°F,21.2°F,28%,29.89in,3.7mi,ESE,2.2mph,-,N/A,,Clear
1998-11-14 8:00 PM,44.6°F,21.2°F,39%,29.89in,3.1mi,Calm,Calm,-,N/A,,Smoke
1998-11-14 9:00 PM,44.6°F,21.2°F,39%,29.92in,6.2mi,SE,2.2mph,-,N/A,,Clear
1998-11-14 10:00 PM,41.0°F,21.2°F,45%,29.92in,6.2mi,Calm,Calm,-,N/A,,Clear
1998-11-14 11:00 PM,39.2°F,23.0°F,52%,29.92in,6.2mi,SSE,2.2mph,-,N/A,,Clear
