Time (CST),Temp.,Windchill,Dew Point,Humidity,Pressure,Visibility,Wind Dir,Wind Speed,Gust Speed,Precip,Events,Conditions
1997-4-16 12:00 AM,11.0°C,-,1.0°C,50%,1016hPa,-,ENE,10.8km/h/3.0m/s,-,N/A,,Clear
1997-4-16 1:00 AM,10.0°C,-,1.0°C,54%,1016hPa,10.0km,Calm,Calm,-,N/A,,Clear
1997-4-16 2:00 AM,9.0°C,-,1.0°C,58%,1015hPa,10.0km,Calm,Calm,-,N/A,,Clear
1997-4-16 3:00 AM,8.0°C,6.9°C,2.0°C,66%,1015hPa,10.0km,North,7.2km/h/2.0m/s,-,N/A,,Clear
1997-4-16 4:00 AM,7.0°C,-,2.0°C,71%,1016hPa,10.0km,Calm,Calm,-,N/A,,Clear
1997-4-16 5:00 AM,6.0°C,-,2.0°C,76%,1016hPa,10.0km,Calm,Calm,-,N/A,,Clear
1997-4-16 6:00 AM,6.0°C,4.5°C,2.0°C,76%,1016hPa,10.0km,North,7.2km/h/2.0m/s,-,N/A,,Clear
1997-4-16 7:00 AM,8.0°C,4.4°C,0.0°C,57%,1017hPa,-,NE,25.2km/h/7.0m/s,-,N/A,,Clear
1997-4-16 8:00 AM,10.0°C,-,0.0°C,50%,1018hPa,-,ENE,25.2km/h/7.0m/s,-,N/A,,Clear
1997-4-16 9:00 AM,11.0°C,-,0.0°C,47%,1018hPa,-,ENE,28.8km/h/8.0m/s,-,N/A,,Clear
1997-4-16 10:00 AM,12.0°C,-,0.0°C,44%,1018hPa,-,ENE,28.8km/h/8.0m/s,-,N/A,,Clear
1997-4-16 11:00 AM,13.0°C,-,0.0°C,41%,1018hPa,-,East,32.4km/h/9.0m/s,-,N/A,,Clear
1997-4-16 12:00 PM,14.0°C,-,-7.0°C,23%,1017hPa,10.0km,East,36.0km/h/10.0m/s,-,N/A,,Mostly Cloudy
1997-4-16 1:00 PM,15.0°C,-,-9.0°C,19%,1016hPa,10.0km,ENE,18.0km/h/5.0m/s,-,N/A,,Mostly Cloudy
1997-4-16 2:00 PM,16.0°C,-,-5.0°C,23%,1015hPa,10.0km,ENE,25.2km/h/7.0m/s,-,N/A,,Mostly Cloudy
1997-4-16 3:00 PM,16.0°C,-,-5.0°C,23%,1014hPa,10.0km,East,25.2km/h/7.0m/s,-,N/A,,Mostly Cloudy
1997-4-16 4:00 PM,16.0°C,-,-6.0°C,22%,1013hPa,10.0km,East,36.0km/h/10.0m/s,-,N/A,,Mostly Cloudy
1997-4-16 6:00 PM,14.0°C,-,-7.0°C,23%,1014hPa,10.0km,East,25.2km/h/7.0m/s,-,N/A,,Mostly Cloudy
1997-4-16 10:00 PM,10.0°C,-,-4.0°C,37%,1018hPa,10.0km,ENE,21.6km/h/6.0m/s,-,N/A,,Mostly Cloudy
1997-4-16 11:00 PM,9.0°C,-,-4.0°C,40%,1018hPa,10.0km,East,14.4km/h/4.0m/s,-,N/A,,Mostly Cloudy
