Time (CST),Temp.,Heat Index,Dew Point,Humidity,Pressure,Visibility,Wind Dir,Wind Speed,Gust Speed,Precip,Events,Conditions
1997-7-6 12:00 AM,22.0°C,-,18.0°C,78%,1005hPa,-,SW,7.2km/h/2.0m/s,-,N/A,,Clear
1997-7-6 1:00 AM,21.0°C,-,18.0°C,83%,1005hPa,-,SSE,7.2km/h/2.0m/s,-,N/A,,Clear
1997-7-6 3:00 AM,19.0°C,-,18.0°C,94%,1004hPa,-,East,3.6km/h/1.0m/s,-,N/A,,Clear
1997-7-6 4:00 AM,18.0°C,-,17.0°C,94%,1004hPa,-,SE,7.2km/h/2.0m/s,-,N/A,,Clear
1997-7-6 5:00 AM,17.0°C,-,17.0°C,100%,1004hPa,-,SE,7.2km/h/2.0m/s,-,N/A,,Clear
1997-7-6 6:00 AM,17.0°C,-,17.0°C,100%,1004hPa,7.0km,ESE,3.6km/h/1.0m/s,-,N/A,,Mostly Cloudy
1997-7-6 7:00 AM,19.0°C,-,18.0°C,94%,1004hPa,3.0km,ESE,3.6km/h/1.0m/s,-,N/A,,Scattered Clouds
1997-7-6 8:00 AM,21.0°C,-,18.0°C,83%,1004hPa,5.0km,SSE,10.8km/h/3.0m/s,-,N/A,,Scattered Clouds
1997-7-6 9:00 AM,22.0°C,-,18.0°C,78%,1004hPa,5.0km,SSE,10.8km/h/3.0m/s,-,N/A,,Scattered Clouds
1997-7-6 10:00 AM,24.0°C,-,19.0°C,73%,1004hPa,7.0km,SSW,10.8km/h/3.0m/s,-,N/A,,Scattered Clouds
1997-7-6 11:00 AM,26.0°C,-,18.0°C,61%,1004hPa,7.0km,WSW,10.8km/h/3.0m/s,-,N/A,,Scattered Clouds
1997-7-6 12:00 PM,29.0°C,29.4°C,17.0°C,48%,1003hPa,-,WSW,10.8km/h/3.0m/s,-,N/A,,Clear
1997-7-6 1:00 PM,31.0°C,31.9°C,18.0°C,46%,1002hPa,-,SW,10.8km/h/3.0m/s,-,N/A,,Clear
1997-7-6 2:00 PM,32.0°C,32.8°C,18.0°C,43%,1002hPa,10.0km,WSW,10.8km/h/3.0m/s,-,N/A,,Scattered Clouds
1997-7-6 3:00 PM,30.0°C,31.2°C,19.0°C,51%,1001hPa,10.0km,West,10.8km/h/3.0m/s,-,N/A,,Scattered Clouds
1997-7-6 4:00 PM,29.0°C,30.3°C,19.0°C,55%,-,10.0km,West,14.4km/h/4.0m/s,-,N/A,Thunderstorm,Light Thunderstorm
1997-7-6 5:00 PM,28.0°C,28.8°C,18.0°C,54%,1001hPa,10.0km,West,14.4km/h/4.0m/s,-,N/A,Thunderstorm,Light Thunderstorm
1997-7-6 6:00 PM,29.0°C,29.1°C,16.0°C,45%,1001hPa,10.0km,North,14.4km/h/4.0m/s,-,N/A,Thunderstorm,Light Thunderstorm
1997-7-6 7:00 PM,31.0°C,-,6.0°C,21%,1001hPa,10.0km,WSW,28.8km/h/8.0m/s,57.6km/h/16.0m/s,N/A,"Rain
	,
Thunderstorm",Light Thunderstorms and Rain
1997-7-6 8:00 PM,28.0°C,27.5°C,12.0°C,37%,1001hPa,10.0km,NNW,18.0km/h/5.0m/s,-,N/A,,Partly Cloudy
1997-7-6 9:00 PM,26.0°C,-,13.0°C,44%,1002hPa,10.0km,Calm,Calm,-,N/A,,Mostly Cloudy
1997-7-6 10:00 PM,24.0°C,-,13.0°C,50%,1003hPa,10.0km,NW,10.8km/h/3.0m/s,-,N/A,,Mostly Cloudy
1997-7-6 11:00 PM,23.0°C,-,14.0°C,57%,1003hPa,-,ESE,7.2km/h/2.0m/s,-,N/A,,Clear
