Time (CST),Temp.,Windchill,Dew Point,Humidity,Pressure,Visibility,Wind Dir,Wind Speed,Gust Speed,Precip,Events,Conditions
1997-1-12 12:00 AM,-7.0°C,-,-14.0°C,58%,1021hPa,10.0km,Calm,Calm,-,N/A,,Clear
1997-1-12 1:00 AM,-8.0°C,-,-13.0°C,68%,1020hPa,10.0km,Calm,Calm,-,N/A,,Clear
1997-1-12 3:00 AM,-10.0°C,-,-14.0°C,73%,1020hPa,10.0km,Calm,Calm,-,N/A,,Clear
1997-1-12 4:00 AM,-11.0°C,-,-15.0°C,73%,1019hPa,10.0km,Calm,Calm,-,N/A,,Clear
1997-1-12 5:00 AM,-10.0°C,-,-15.0°C,67%,1019hPa,10.0km,Calm,Calm,-,N/A,,Clear
1997-1-12 6:00 AM,-11.0°C,-,-15.0°C,73%,1019hPa,8.0km,Calm,Calm,-,N/A,,Partly Cloudy
1997-1-12 7:00 AM,-10.0°C,-,-13.0°C,79%,1019hPa,8.0km,Calm,Calm,-,N/A,,Partly Cloudy
1997-1-12 8:00 AM,-9.0°C,-,-12.0°C,79%,1019hPa,3.0km,Calm,Calm,-,N/A,,Smoke
1997-1-12 9:00 AM,-10.0°C,-,-13.0°C,79%,1019hPa,3.0km,Calm,Calm,-,N/A,,Smoke
1997-1-12 10:00 AM,-5.0°C,-,-12.0°C,59%,1019hPa,3.0km,Calm,Calm,-,N/A,,Smoke
1997-1-12 11:00 AM,-2.0°C,-,-12.0°C,47%,1019hPa,3.0km,Calm,Calm,-,N/A,,Smoke
1997-1-12 12:00 PM,1.0°C,-,-11.0°C,41%,1018hPa,3.0km,Calm,Calm,-,N/A,,Smoke
1997-1-12 1:00 PM,4.0°C,-,-10.0°C,36%,1016hPa,3.0km,Calm,Calm,-,N/A,,Smoke
1997-1-12 2:00 PM,5.0°C,1.9°C,-9.0°C,36%,1015hPa,3.0km,South,14.4km/h/4.0m/s,-,N/A,,Smoke
1997-1-12 3:00 PM,6.0°C,3.1°C,-10.0°C,31%,1014hPa,4.0km,South,14.4km/h/4.0m/s,-,N/A,,Smoke
1997-1-12 4:00 PM,7.0°C,4.9°C,-10.0°C,29%,1014hPa,4.0km,South,10.8km/h/3.0m/s,-,N/A,,Smoke
1997-1-12 5:00 PM,6.0°C,4.5°C,-9.0°C,34%,1014hPa,4.0km,South,7.2km/h/2.0m/s,-,N/A,,Smoke
1997-1-12 6:00 PM,2.0°C,-,-9.0°C,44%,1014hPa,4.0km,Calm,Calm,-,N/A,,Smoke
1997-1-12 7:00 PM,2.0°C,-,-7.0°C,52%,1014hPa,3.0km,Calm,Calm,-,N/A,,Smoke
1997-1-12 8:00 PM,-2.0°C,-,-12.0°C,47%,1015hPa,3.0km,Calm,Calm,-,N/A,,Smoke
1997-1-12 9:00 PM,-2.0°C,-,-12.0°C,47%,1016hPa,2.2km,Calm,Calm,-,N/A,,Smoke
1997-1-12 10:00 PM,-3.0°C,-,-12.0°C,51%,1016hPa,2.2km,Calm,Calm,-,N/A,,Smoke
1997-1-12 11:00 PM,-4.0°C,-,-12.0°C,54%,1016hPa,3.0km,Calm,Calm,-,N/A,,Smoke
