Time (CST),Temp.,Windchill,Dew Point,Humidity,Pressure,Visibility,Wind Dir,Wind Speed,Gust Speed,Precip,Events,Conditions
1997-12-9 12:00 AM,-6.0°C,-9.4°C,-18.0°C,39%,1030hPa,10.0km,NE,7.2km/h/2.0m/s,-,N/A,,Clear
1997-12-9 1:00 AM,-7.0°C,-,-17.0°C,46%,1030hPa,10.0km,NE,3.6km/h/1.0m/s,-,N/A,,Clear
1997-12-9 2:00 AM,-12.0°C,-,-18.0°C,62%,1030hPa,10.0km,East,3.6km/h/1.0m/s,-,N/A,,Clear
1997-12-9 5:00 AM,-12.0°C,-,-18.0°C,62%,1031hPa,10.0km,Calm,Calm,-,N/A,,Clear
1997-12-9 6:00 AM,-12.0°C,-,-18.0°C,62%,1031hPa,10.0km,East,3.6km/h/1.0m/s,-,N/A,,Clear
1997-12-9 7:00 AM,-9.0°C,-,-17.0°C,53%,1032hPa,-,North,3.6km/h/1.0m/s,-,N/A,,Clear
1997-12-9 8:00 AM,-9.0°C,-15.3°C,-18.0°C,49%,1032hPa,10.0km,North,14.4km/h/4.0m/s,-,N/A,,Clear
1997-12-9 9:00 AM,-7.0°C,-14.3°C,-19.0°C,39%,1033hPa,10.0km,NNW,21.6km/h/6.0m/s,-,N/A,,Clear
1997-12-9 10:00 AM,-6.0°C,-11.6°C,-19.0°C,36%,1034hPa,10.0km,North,14.4km/h/4.0m/s,-,N/A,,Clear
1997-12-9 11:00 AM,-5.0°C,-11.2°C,-18.0°C,36%,1034hPa,10.0km,North,18.0km/h/5.0m/s,-,N/A,,Clear
1997-12-9 12:00 PM,-3.0°C,-7.1°C,-20.0°C,26%,1034hPa,10.0km,North,10.8km/h/3.0m/s,-,N/A,,Clear
1997-12-9 3:00 PM,-1.0°C,-4.7°C,-23.0°C,18%,1031hPa,10.0km,North,10.8km/h/3.0m/s,-,N/A,,Clear
1997-12-9 5:00 PM,-3.0°C,-5.9°C,-23.0°C,21%,1031hPa,10.0km,NNW,7.2km/h/2.0m/s,-,N/A,,Clear
1997-12-9 6:00 PM,-6.0°C,-9.4°C,-23.0°C,26%,1032hPa,10.0km,NNW,7.2km/h/2.0m/s,-,N/A,,Clear
1997-12-9 7:00 PM,9.0°C,-,-7.0°C,32%,1033hPa,10.0km,NNW,3.6km/h/1.0m/s,-,N/A,,Clear
1997-12-9 8:00 PM,-6.0°C,-11.6°C,-23.0°C,26%,1033hPa,10.0km,NW,14.4km/h/4.0m/s,-,N/A,,Clear
1997-12-9 9:00 PM,-7.0°C,-13.7°C,-24.0°C,25%,1033hPa,10.0km,NW,18.0km/h/5.0m/s,-,N/A,,Clear
1997-12-9 10:00 PM,-7.0°C,-13.7°C,-23.0°C,28%,1033hPa,10.0km,NW,18.0km/h/5.0m/s,-,N/A,,Clear
1997-12-9 11:00 PM,-8.0°C,-13.1°C,-23.0°C,30%,1033hPa,10.0km,NW,10.8km/h/3.0m/s,-,N/A,,Clear
