Time (CST),Temp.,Windchill,Dew Point,Humidity,Pressure,Visibility,Wind Dir,Wind Speed,Gust Speed,Precip,Events,Conditions
1997-11-26 12:00 AM,0.0°C,-5.4°C,-10.0°C,48%,1021hPa,10.0km,NW,21.6km/h/6.0m/s,-,N/A,,Clear
1997-11-26 1:00 AM,-1.0°C,-5.5°C,-11.0°C,47%,1021hPa,10.0km,NW,14.4km/h/4.0m/s,-,N/A,,Clear
1997-11-26 2:00 AM,-1.0°C,-5.5°C,-14.0°C,37%,1022hPa,10.0km,NW,14.4km/h/4.0m/s,-,N/A,,Clear
1997-11-26 4:00 AM,-4.0°C,-,-15.0°C,43%,1022hPa,10.0km,Calm,Calm,-,N/A,,Clear
1997-11-26 5:00 AM,-6.0°C,-,-12.0°C,63%,1022hPa,10.0km,NE,3.6km/h/1.0m/s,-,N/A,,Clear
1997-11-26 6:00 AM,-6.0°C,-9.4°C,-11.0°C,68%,1022hPa,6.0km,NE,7.2km/h/2.0m/s,-,N/A,,Clear
1997-11-26 7:00 AM,-7.0°C,-,-11.0°C,74%,1022hPa,6.0km,Calm,Calm,-,N/A,,Clear
1997-11-26 8:00 AM,-6.0°C,-,-10.0°C,74%,1023hPa,4.0km,SW,3.6km/h/1.0m/s,-,N/A,,Clear
1997-11-26 9:00 AM,-4.0°C,-,-9.0°C,69%,1024hPa,7.0km,Calm,Calm,-,N/A,,Clear
1997-11-26 10:00 AM,-2.0°C,-,-11.0°C,51%,1025hPa,6.0km,Calm,Calm,-,N/A,,Clear
1997-11-26 11:00 AM,0.0°C,-,-13.0°C,38%,1024hPa,6.0km,NNW,3.6km/h/1.0m/s,-,N/A,,Clear
1997-11-26 12:00 PM,1.0°C,-,-16.0°C,28%,1024hPa,6.0km,ESE,3.6km/h/1.0m/s,-,N/A,,Clear
1997-11-26 1:00 PM,2.0°C,-,-15.0°C,28%,1022hPa,10.0km,West,3.6km/h/1.0m/s,-,N/A,,Clear
1997-11-26 10:00 PM,-2.0°C,-,-9.0°C,59%,1023hPa,10.0km,ESE,3.6km/h/1.0m/s,-,N/A,,Clear
1997-11-26 11:00 PM,-1.0°C,-,-10.0°C,51%,1023hPa,8.0km,Calm,Calm,-,N/A,,Scattered Clouds
