Time (CST),Temp.,Dew Point,Humidity,Pressure,Visibility,Wind Dir,Wind Speed,Gust Speed,Precip,Events,Conditions
1997-11-28 12:00 AM,0.0°C,-3.0°C,80%,1027hPa,4.0km,East,3.6km/h/1.0m/s,-,N/A,,Overcast
1997-11-28 1:00 AM,0.0°C,-3.0°C,80%,1027hPa,6.0km,Calm,Calm,-,N/A,,Overcast
1997-11-28 2:00 AM,-1.0°C,-4.0°C,80%,1027hPa,6.0km,ESE,3.6km/h/1.0m/s,-,N/A,,Scattered Clouds
1997-11-28 3:00 AM,-2.0°C,-3.0°C,93%,1027hPa,6.0km,SE,3.6km/h/1.0m/s,-,N/A,,Clear
1997-11-28 4:00 AM,-2.0°C,-4.0°C,86%,1026hPa,6.0km,NNE,3.6km/h/1.0m/s,-,N/A,,Clear
1997-11-28 5:00 AM,-4.0°C,-5.0°C,93%,1026hPa,6.0km,ENE,3.6km/h/1.0m/s,-,N/A,,Clear
1997-11-28 6:00 AM,-3.0°C,-5.0°C,86%,1026hPa,3.0km,East,3.6km/h/1.0m/s,-,N/A,,Scattered Clouds
1997-11-28 7:00 AM,-3.0°C,-4.0°C,93%,1026hPa,3.0km,Calm,Calm,-,N/A,,Scattered Clouds
1997-11-28 8:00 AM,-2.0°C,-4.0°C,86%,1026hPa,1.7km,Calm,Calm,-,N/A,,Overcast
1997-11-28 9:00 AM,-1.0°C,-3.0°C,86%,1028hPa,1.5km,Calm,Calm,-,N/A,,Overcast
1997-11-28 10:00 AM,-1.0°C,-3.0°C,86%,1027hPa,1.5km,ESE,3.6km/h/1.0m/s,-,N/A,,Overcast
1997-11-28 1:00 PM,3.0°C,-4.0°C,60%,1025hPa,1.6km,South,3.6km/h/1.0m/s,-,N/A,,Smoke
1997-11-28 2:00 PM,3.0°C,-4.0°C,60%,1024hPa,1.7km,South,3.6km/h/1.0m/s,-,N/A,,Smoke
1997-11-28 3:00 PM,3.0°C,-3.0°C,65%,1024hPa,1.7km,SW,3.6km/h/1.0m/s,-,N/A,,Smoke
1997-11-28 4:00 PM,3.0°C,-3.0°C,65%,1024hPa,1.7km,Calm,Calm,-,N/A,,Smoke
1997-11-28 5:00 PM,2.0°C,-3.0°C,70%,1024hPa,1.5km,NW,3.6km/h/1.0m/s,-,N/A,,Overcast
1997-11-28 6:00 PM,1.0°C,-4.0°C,70%,1024hPa,1.4km,Calm,Calm,-,N/A,,Overcast
1997-11-28 7:00 PM,-1.0°C,-4.0°C,80%,1025hPa,1.3km,Calm,Calm,-,N/A,,Overcast
1997-11-28 8:00 PM,-2.0°C,-4.0°C,86%,-,1.1km,NE,3.6km/h/1.0m/s,-,N/A,,Overcast
1997-11-28 9:00 PM,-3.0°C,-5.0°C,86%,-,1.2km,ESE,3.6km/h/1.0m/s,-,N/A,,Overcast
1997-11-28 10:00 PM,-4.0°C,-5.0°C,93%,1026hPa,1.1km,SSE,3.6km/h/1.0m/s,-,N/A,,Overcast
