Time (CST),Temp.,Windchill,Dew Point,Humidity,Pressure,Visibility,Wind Dir,Wind Speed,Gust Speed,Precip,Events,Conditions
1997-2-15 12:00 AM,0.0°C,-,-17.0°C,27%,1018hPa,10.0km,Calm,Calm,-,N/A,,Clear
1997-2-15 1:00 AM,-2.0°C,-4.8°C,-18.0°C,29%,1018hPa,10.0km,West,7.2km/h/2.0m/s,-,N/A,,Clear
1997-2-15 2:00 AM,0.0°C,-6.3°C,-15.0°C,32%,1018hPa,10.0km,NW,28.8km/h/8.0m/s,-,N/A,,Clear
1997-2-15 3:00 AM,0.0°C,-4.3°C,-14.0°C,35%,1019hPa,10.0km,NE,14.4km/h/4.0m/s,-,N/A,,Clear
1997-2-15 4:00 AM,-1.0°C,-6.7°C,-16.0°C,32%,1020hPa,10.0km,NNW,21.6km/h/6.0m/s,-,N/A,,Clear
1997-2-15 5:00 AM,-2.0°C,-8.0°C,-16.0°C,34%,1021hPa,10.0km,NNW,21.6km/h/6.0m/s,-,N/A,,Clear
1997-2-15 6:00 AM,-3.0°C,-9.3°C,-16.0°C,37%,1022hPa,10.0km,WNW,21.6km/h/6.0m/s,-,N/A,,Clear
1997-2-15 7:00 AM,-3.0°C,-10.2°C,-15.0°C,40%,1022hPa,10.0km,NNW,28.8km/h/8.0m/s,-,N/A,,Clear
1997-2-15 8:00 AM,-4.0°C,-9.2°C,-15.0°C,43%,1024hPa,10.0km,NW,14.4km/h/4.0m/s,-,N/A,,Clear
1997-2-15 9:00 AM,-3.0°C,-8.7°C,-16.0°C,37%,1025hPa,10.0km,WNW,18.0km/h/5.0m/s,-,N/A,,Clear
1997-2-15 10:00 AM,-2.0°C,-8.0°C,-15.0°C,37%,1025hPa,10.0km,West,21.6km/h/6.0m/s,-,N/A,,Clear
1997-2-15 11:00 AM,-1.0°C,-6.7°C,-18.0°C,27%,1025hPa,10.0km,North,21.6km/h/6.0m/s,-,N/A,,Clear
1997-2-15 12:00 PM,1.0°C,-5.4°C,-16.0°C,28%,1025hPa,10.0km,West,32.4km/h/9.0m/s,-,N/A,,Clear
1997-2-15 1:00 PM,2.0°C,-2.9°C,-13.0°C,33%,1023hPa,10.0km,West,21.6km/h/6.0m/s,-,N/A,,Clear
1997-2-15 2:00 PM,2.0°C,-2.9°C,-20.0°C,18%,1023hPa,10.0km,West,21.6km/h/6.0m/s,-,N/A,,Clear
1997-2-15 3:00 PM,3.0°C,-2.4°C,-30.0°C,7%,1022hPa,10.0km,West,28.8km/h/8.0m/s,-,N/A,,Clear
1997-2-15 4:00 PM,3.0°C,-2.4°C,-13.0°C,30%,1022hPa,10.0km,West,28.8km/h/8.0m/s,-,N/A,,Clear
1997-2-15 5:00 PM,3.0°C,-3.3°C,-28.0°C,9%,1023hPa,10.0km,West,39.6km/h/11.0m/s,-,N/A,,Clear
1997-2-15 6:00 PM,1.0°C,-4.6°C,-28.0°C,10%,1023hPa,10.0km,West,25.2km/h/7.0m/s,-,N/A,,Clear
1997-2-15 7:00 PM,1.0°C,-3.0°C,-14.0°C,32%,584hPa,10.0km,WNW,14.4km/h/4.0m/s,-,N/A,,Clear
1997-2-15 8:00 PM,-1.0°C,-7.6°C,-21.0°C,21%,1025hPa,10.0km,NNW,28.8km/h/8.0m/s,-,N/A,,Clear
1997-2-15 9:00 PM,-2.0°C,-8.0°C,-20.0°C,25%,1025hPa,10.0km,North,21.6km/h/6.0m/s,-,N/A,,Clear
1997-2-15 10:00 PM,-3.0°C,-7.1°C,-19.0°C,29%,1026hPa,10.0km,NNE,10.8km/h/3.0m/s,-,N/A,,Clear
1997-2-15 11:00 PM,-4.0°C,-,-22.0°C,24%,1026hPa,10.0km,North,3.6km/h/1.0m/s,-,N/A,,Clear
