Time (CST),Temp.,Windchill,Dew Point,Humidity,Pressure,Visibility,Wind Dir,Wind Speed,Gust Speed,Precip,Events,Conditions
1998-1-14 12:00 AM,-4.0°C,-9.9°C,-6.0°C,86%,1025hPa,4.0km,ENE,18.0km/h/5.0m/s,-,N/A,Snow,Snow Grains
1998-1-14 1:00 AM,-4.0°C,-9.9°C,-7.0°C,80%,1025hPa,5.0km,ENE,18.0km/h/5.0m/s,-,N/A,Snow,Light Snow
1998-1-14 2:00 AM,-4.0°C,-10.5°C,-7.0°C,80%,1025hPa,5.0km,ENE,21.6km/h/6.0m/s,-,N/A,Snow,Light Snow
1998-1-14 3:00 AM,-4.0°C,-9.9°C,-7.0°C,80%,1024hPa,5.0km,ENE,18.0km/h/5.0m/s,-,N/A,Snow,Light Snow
1998-1-14 4:00 AM,-4.0°C,-9.9°C,-7.0°C,80%,1024hPa,6.0km,ENE,18.0km/h/5.0m/s,-,N/A,Snow,Light Snow
1998-1-14 5:00 AM,-5.0°C,-10.4°C,-7.0°C,86%,1025hPa,6.0km,ENE,14.4km/h/4.0m/s,-,N/A,Snow,Light Snow
1998-1-14 6:00 AM,-5.0°C,-12.3°C,-8.0°C,80%,1024hPa,6.0km,East,25.2km/h/7.0m/s,-,N/A,Snow,Light Snow
1998-1-14 7:00 AM,-5.0°C,-10.4°C,-8.0°C,80%,1025hPa,7.0km,ENE,14.4km/h/4.0m/s,-,N/A,Snow,Snow Grains
1998-1-14 8:00 AM,-5.0°C,-10.4°C,-8.0°C,80%,1025hPa,4.0km,ENE,14.4km/h/4.0m/s,-,N/A,Snow,Snow Grains
1998-1-14 9:00 AM,-5.0°C,-10.4°C,-7.0°C,86%,1025hPa,3.0km,ENE,14.4km/h/4.0m/s,-,N/A,Snow,Snow Grains
1998-1-14 10:00 AM,-5.0°C,-11.8°C,-8.0°C,80%,1025hPa,4.0km,East,21.6km/h/6.0m/s,-,N/A,,Overcast
1998-1-14 11:00 AM,-4.0°C,-10.5°C,-8.0°C,74%,1026hPa,-,ENE,21.6km/h/6.0m/s,-,N/A,Snow,Snow Grains
1998-1-14 1:00 PM,-5.0°C,-11.2°C,-8.0°C,80%,1024hPa,2.6km,East,18.0km/h/5.0m/s,-,N/A,Snow,Light Snow
1998-1-14 3:00 PM,-5.0°C,-11.2°C,-9.0°C,74%,1022hPa,10.0km,ENE,18.0km/h/5.0m/s,-,N/A,Snow,Light Snow
1998-1-14 4:00 PM,-5.0°C,-10.4°C,-9.0°C,74%,1022hPa,10.0km,ENE,14.4km/h/4.0m/s,-,N/A,Snow,Light Snow
1998-1-14 5:00 PM,-5.0°C,-10.4°C,-9.0°C,74%,1021hPa,10.0km,ENE,14.4km/h/4.0m/s,-,N/A,Snow,Light Snow
1998-1-14 6:00 PM,-5.0°C,-10.4°C,-9.0°C,74%,1021hPa,10.0km,ENE,14.4km/h/4.0m/s,-,N/A,Snow,Light Snow
1998-1-14 7:00 PM,-5.0°C,-10.4°C,-9.0°C,74%,1021hPa,10.0km,ENE,14.4km/h/4.0m/s,-,N/A,Snow,Light Snow
1998-1-14 8:00 PM,-5.0°C,-10.4°C,-9.0°C,74%,1021hPa,10.0km,ENE,14.4km/h/4.0m/s,-,N/A,,Overcast
1998-1-14 10:00 PM,-,-,-,N/A%,0hPa,-,North,-,-,N/A,,Unknown
1998-1-14 11:00 PM,-5.0°C,-10.4°C,-9.0°C,74%,1021hPa,8.0km,ENE,14.4km/h/4.0m/s,-,N/A,Snow,Light Snow
