Time (CST),Temp.,Windchill,Dew Point,Humidity,Pressure,Visibility,Wind Dir,Wind Speed,Gust Speed,Precip,Events,Conditions
1997-10-26 12:00 AM,-2.0°C,-,-14.0°C,40%,1031hPa,-,ESE,3.6km/h/1.0m/s,-,N/A,,Clear
1997-10-26 3:00 AM,-4.0°C,-8.3°C,-14.0°C,46%,1031hPa,-,SE,10.8km/h/3.0m/s,-,N/A,,Clear
1997-10-26 4:00 AM,-4.0°C,-8.3°C,-14.0°C,46%,1030hPa,-,SE,10.8km/h/3.0m/s,-,N/A,,Clear
1997-10-26 5:00 AM,-4.0°C,-8.3°C,-14.0°C,46%,1030hPa,-,SE,10.8km/h/3.0m/s,-,N/A,,Clear
1997-10-26 6:00 AM,-4.0°C,-7.1°C,-14.0°C,46%,1031hPa,-,SE,7.2km/h/2.0m/s,-,N/A,,Clear
1997-10-26 7:00 AM,-5.0°C,-,-14.0°C,50%,1031hPa,10.0km,Calm,Calm,-,N/A,,Clear
1997-10-26 8:00 AM,-2.0°C,-,-13.0°C,43%,1032hPa,10.0km,Calm,Calm,-,N/A,,Clear
1997-10-26 9:00 AM,3.0°C,1.0°C,-13.0°C,30%,1032hPa,10.0km,SSE,7.2km/h/2.0m/s,-,N/A,,Clear
1997-10-26 10:00 AM,6.0°C,-,-15.0°C,21%,1032hPa,10.0km,NE,3.6km/h/1.0m/s,-,N/A,,Clear
1997-10-26 11:00 AM,8.0°C,6.9°C,-16.0°C,17%,1032hPa,10.0km,NNW,7.2km/h/2.0m/s,-,N/A,,Clear
1997-10-26 12:00 PM,10.0°C,-,-16.0°C,15%,1031hPa,10.0km,WSW,7.2km/h/2.0m/s,-,N/A,,Clear
1997-10-26 1:00 PM,12.0°C,-,-19.0°C,10%,1029hPa,10.0km,WNW,10.8km/h/3.0m/s,-,N/A,,Clear
1997-10-26 2:00 PM,13.0°C,-,-24.0°C,6%,1028hPa,10.0km,WNW,21.6km/h/6.0m/s,-,N/A,,Clear
1997-10-26 3:00 PM,13.0°C,-,-25.0°C,6%,1027hPa,10.0km,NW,21.6km/h/6.0m/s,-,N/A,,Clear
1997-10-26 4:00 PM,14.0°C,-,-25.0°C,5%,1027hPa,10.0km,NW,18.0km/h/5.0m/s,-,N/A,,Clear
1997-10-26 5:00 PM,12.0°C,-,-23.0°C,7%,1027hPa,10.0km,NW,18.0km/h/5.0m/s,-,N/A,,Clear
1997-10-26 6:00 PM,9.0°C,-,-21.0°C,10%,1028hPa,10.0km,NW,18.0km/h/5.0m/s,-,N/A,,Clear
1997-10-26 7:00 PM,8.0°C,5.6°C,-20.0°C,12%,1028hPa,10.0km,NW,14.4km/h/4.0m/s,-,N/A,,Clear
1997-10-26 8:00 PM,8.0°C,5.1°C,-20.0°C,12%,1029hPa,10.0km,NW,18.0km/h/5.0m/s,-,N/A,,Clear
1997-10-26 9:00 PM,6.0°C,3.1°C,-20.0°C,14%,1030hPa,10.0km,NNW,14.4km/h/4.0m/s,-,N/A,,Clear
1997-10-26 10:00 PM,5.0°C,2.5°C,-13.0°C,26%,1030hPa,10.0km,SE,10.8km/h/3.0m/s,-,N/A,,Clear
1997-10-26 11:00 PM,2.0°C,-0.1°C,-13.0°C,33%,1031hPa,10.0km,East,7.2km/h/2.0m/s,-,N/A,,Clear
