Time (CST),Temp.,Heat Index,Dew Point,Humidity,Pressure,Visibility,Wind Dir,Wind Speed,Gust Speed,Precip,Events,Conditions
1997-8-6 12:00 AM,26.0°C,-,21.0°C,74%,1004hPa,10.0km,East,18.0km/h/5.0m/s,-,N/A,,Mostly Cloudy
1997-8-6 1:00 AM,26.0°C,-,21.0°C,74%,1004hPa,10.0km,East,18.0km/h/5.0m/s,-,N/A,,Mostly Cloudy
1997-8-6 3:00 AM,25.0°C,-,20.0°C,74%,1004hPa,10.0km,East,18.0km/h/5.0m/s,-,N/A,,Mostly Cloudy
1997-8-6 4:00 AM,25.0°C,-,21.0°C,78%,1003hPa,10.0km,East,10.8km/h/3.0m/s,-,N/A,,Mostly Cloudy
1997-8-6 5:00 AM,24.0°C,-,21.0°C,83%,1003hPa,-,East,7.2km/h/2.0m/s,-,N/A,,Clear
1997-8-6 6:00 AM,24.0°C,-,20.0°C,78%,1003hPa,8.0km,East,7.2km/h/2.0m/s,-,N/A,,Mostly Cloudy
1997-8-6 7:00 AM,24.0°C,-,21.0°C,83%,1003hPa,8.0km,ESE,7.2km/h/2.0m/s,-,N/A,,Mostly Cloudy
1997-8-6 8:00 AM,26.0°C,-,22.0°C,78%,1003hPa,8.0km,SE,7.2km/h/2.0m/s,-,N/A,,Mostly Cloudy
1997-8-6 9:00 AM,27.0°C,29.6°C,23.0°C,79%,1003hPa,-,SE,10.8km/h/3.0m/s,-,N/A,,Clear
1997-8-6 10:00 AM,27.0°C,29.6°C,23.0°C,79%,1003hPa,-,SSE,7.2km/h/2.0m/s,-,N/A,,Clear
1997-8-6 11:00 AM,28.0°C,31.2°C,23.0°C,74%,1003hPa,-,South,10.8km/h/3.0m/s,-,N/A,,Clear
1997-8-6 12:00 PM,27.0°C,29.6°C,23.0°C,79%,1003hPa,-,SW,7.2km/h/2.0m/s,-,N/A,,Clear
1997-8-6 1:00 PM,28.0°C,31.9°C,24.0°C,79%,1003hPa,-,SW,7.2km/h/2.0m/s,-,N/A,,Clear
1997-8-6 2:00 PM,28.0°C,31.2°C,23.0°C,74%,1002hPa,-,SSW,7.2km/h/2.0m/s,-,N/A,,Clear
1997-8-6 3:00 PM,28.0°C,31.2°C,23.0°C,74%,1002hPa,-,SSE,7.2km/h/2.0m/s,-,N/A,,Clear
1997-8-6 4:00 PM,28.0°C,31.9°C,24.0°C,79%,1002hPa,-,SSW,7.2km/h/2.0m/s,-,N/A,,Clear
1997-8-6 5:00 PM,28.0°C,31.9°C,24.0°C,79%,1002hPa,-,Calm,Calm,-,N/A,,Clear
1997-8-6 6:00 PM,28.0°C,31.9°C,24.0°C,79%,1002hPa,-,WSW,3.6km/h/1.0m/s,-,N/A,,Clear
1997-8-6 8:00 PM,26.0°C,-,24.0°C,89%,1002hPa,7.0km,Calm,Calm,-,N/A,,Overcast
1997-8-6 9:00 PM,26.0°C,-,24.0°C,89%,1002hPa,7.0km,Calm,Calm,-,N/A,,Overcast
1997-8-6 10:00 PM,26.0°C,-,24.0°C,89%,1002hPa,7.0km,Calm,Calm,-,N/A,,Overcast
1997-8-6 11:00 PM,26.0°C,-,24.0°C,89%,1002hPa,7.0km,Calm,Calm,-,N/A,,Overcast
