Time (CST),Temp.,Dew Point,Humidity,Pressure,Visibility,Wind Dir,Wind Speed,Gust Speed,Precip,Events,Conditions
1997-5-30 12:00 AM,17.0°C,-1.0°C,30%,1009hPa,-,Calm,Calm,-,N/A,,Clear
1997-5-30 1:00 AM,16.0°C,0.0°C,34%,1009hPa,10.0km,SSW,7.2km/h/2.0m/s,-,N/A,,Clear
1997-5-30 2:00 AM,15.0°C,2.0°C,42%,1009hPa,-,Calm,Calm,-,N/A,,Clear
1997-5-30 3:00 AM,15.0°C,2.0°C,42%,1009hPa,-,ESE,7.2km/h/2.0m/s,-,N/A,,Clear
1997-5-30 4:00 AM,14.0°C,2.0°C,44%,1009hPa,-,Calm,Calm,-,N/A,,Clear
1997-5-30 5:00 AM,12.0°C,2.0°C,51%,1009hPa,-,East,7.2km/h/2.0m/s,-,N/A,,Clear
1997-5-30 6:00 AM,12.0°C,3.0°C,54%,1010hPa,-,East,7.2km/h/2.0m/s,-,N/A,,Clear
1997-5-30 7:00 AM,14.0°C,4.0°C,51%,1009hPa,-,Calm,Calm,-,N/A,,Clear
1997-5-30 8:00 AM,17.0°C,6.0°C,48%,1009hPa,-,SSW,10.8km/h/3.0m/s,-,N/A,,Clear
1997-5-30 9:00 AM,19.0°C,4.0°C,37%,1009hPa,-,WSW,10.8km/h/3.0m/s,-,N/A,,Clear
1997-5-30 10:00 AM,22.0°C,3.0°C,29%,1008hPa,-,WSW,18.0km/h/5.0m/s,-,N/A,,Clear
1997-5-30 11:00 AM,25.0°C,-2.0°C,17%,1008hPa,-,NNW,21.6km/h/6.0m/s,-,N/A,,Clear
1997-5-30 12:00 PM,26.0°C,-4.0°C,14%,1007hPa,10.0km,NNW,28.8km/h/8.0m/s,-,N/A,,Clear
1997-5-30 1:00 PM,27.0°C,-3.0°C,14%,1006hPa,10.0km,WNW,28.8km/h/8.0m/s,-,N/A,,Clear
1997-5-30 2:00 PM,28.0°C,-4.0°C,12%,1005hPa,10.0km,NW,18.0km/h/5.0m/s,-,N/A,,Clear
1997-5-30 3:00 PM,29.0°C,-4.0°C,11%,1004hPa,-,NW,18.0km/h/5.0m/s,-,N/A,,Clear
1997-5-30 4:00 PM,28.0°C,-3.0°C,13%,1004hPa,-,WNW,28.8km/h/8.0m/s,-,N/A,,Clear
1997-5-30 5:00 PM,28.0°C,1.0°C,17%,1003hPa,-,North,18.0km/h/5.0m/s,-,N/A,,Clear
1997-5-30 6:00 PM,28.0°C,-2.0°C,14%,1003hPa,10.0km,NNW,25.2km/h/7.0m/s,-,N/A,,Scattered Clouds
1997-5-30 7:00 PM,27.0°C,0.0°C,17%,1003hPa,10.0km,NNW,18.0km/h/5.0m/s,-,N/A,,Partly Cloudy
1997-5-30 8:00 PM,25.0°C,-1.0°C,18%,1003hPa,10.0km,NW,7.2km/h/2.0m/s,-,N/A,,Scattered Clouds
1997-5-30 9:00 PM,24.0°C,2.0°C,24%,1004hPa,-,Calm,Calm,-,N/A,,Clear
1997-5-30 10:00 PM,22.0°C,2.0°C,27%,1004hPa,10.0km,East,7.2km/h/2.0m/s,-,N/A,,Clear
1997-5-30 11:00 PM,17.0°C,2.0°C,37%,1004hPa,10.0km,East,7.2km/h/2.0m/s,-,N/A,,Clear
