Time (CST),Temp.,Heat Index,Dew Point,Humidity,Pressure,Visibility,Wind Dir,Wind Speed,Gust Speed,Precip,Events,Conditions
1997-6-29 12:00 AM,21.0°C,-,19.0°C,88%,1004hPa,10.0km,NNE,3.6km/h/1.0m/s,-,N/A,,Overcast
1997-6-29 1:00 AM,21.0°C,-,19.0°C,88%,1004hPa,10.0km,ENE,3.6km/h/1.0m/s,-,N/A,,Overcast
1997-6-29 2:00 AM,20.0°C,-,18.0°C,88%,1003hPa,10.0km,WNW,7.2km/h/2.0m/s,-,N/A,,Overcast
1997-6-29 4:00 AM,20.0°C,-,18.0°C,88%,1003hPa,10.0km,NE,3.6km/h/1.0m/s,-,N/A,,Overcast
1997-6-29 5:00 AM,20.0°C,-,18.0°C,88%,1003hPa,8.0km,Calm,Calm,-,N/A,,Overcast
1997-6-29 6:00 AM,21.0°C,-,19.0°C,88%,1003hPa,4.0km,SSE,3.6km/h/1.0m/s,-,N/A,,Overcast
1997-6-29 7:00 AM,20.0°C,-,18.0°C,88%,1004hPa,2.5km,NNE,7.2km/h/2.0m/s,-,N/A,,Overcast
1997-6-29 8:00 AM,22.0°C,-,17.0°C,73%,1004hPa,4.0km,NNW,14.4km/h/4.0m/s,-,N/A,,Overcast
1997-6-29 9:00 AM,22.0°C,-,18.0°C,78%,1004hPa,4.0km,WNW,3.6km/h/1.0m/s,-,N/A,,Overcast
1997-6-29 10:00 AM,24.0°C,-,18.0°C,69%,1004hPa,5.0km,Calm,Calm,-,N/A,,Overcast
1997-6-29 11:00 AM,26.0°C,-,17.0°C,57%,1003hPa,8.0km,ENE,10.8km/h/3.0m/s,-,N/A,,Overcast
1997-6-29 12:00 PM,27.0°C,27.7°C,17.0°C,54%,1003hPa,8.0km,ENE,7.2km/h/2.0m/s,-,N/A,,Overcast
1997-6-29 1:00 PM,28.0°C,28.8°C,18.0°C,54%,1002hPa,-,ENE,7.2km/h/2.0m/s,-,N/A,,Clear
1997-6-29 2:00 PM,29.0°C,29.8°C,18.0°C,51%,1001hPa,-,Calm,Calm,-,N/A,,Clear
1997-6-29 3:00 PM,30.0°C,30.3°C,17.0°C,45%,1001hPa,-,South,10.8km/h/3.0m/s,-,N/A,,Clear
1997-6-29 4:00 PM,29.0°C,29.8°C,18.0°C,51%,1000hPa,10.0km,South,14.4km/h/4.0m/s,-,N/A,,Overcast
1997-6-29 5:00 PM,29.0°C,29.4°C,17.0°C,48%,1000hPa,10.0km,South,14.4km/h/4.0m/s,-,N/A,,Mostly Cloudy
1997-6-29 6:00 PM,27.0°C,27.9°C,18.0°C,58%,1000hPa,-,East,14.4km/h/4.0m/s,-,N/A,,Clear
1997-6-29 7:00 PM,28.0°C,28.3°C,16.0°C,48%,1000hPa,-,SE,10.8km/h/3.0m/s,-,N/A,,Clear
1997-6-29 8:00 PM,26.0°C,-,17.0°C,57%,1001hPa,-,ESE,14.4km/h/4.0m/s,-,N/A,,Clear
1997-6-29 9:00 PM,26.0°C,-,18.0°C,61%,1001hPa,-,Calm,Calm,-,N/A,,Clear
1997-6-29 10:00 PM,24.0°C,-,18.0°C,69%,1002hPa,-,ENE,10.8km/h/3.0m/s,-,N/A,,Clear
1997-6-29 11:00 PM,24.0°C,-,18.0°C,69%,1002hPa,-,East,10.8km/h/3.0m/s,-,N/A,,Clear
