Time (CST),Temp.,Dew Point,Humidity,Pressure,Visibility,Wind Dir,Wind Speed,Gust Speed,Precip,Events,Conditions
1997-5-9 12:00 AM,12.0°C,2.0°C,51%,1017hPa,10.0km,SSE,3.6km/h/1.0m/s,-,N/A,,Clear
1997-5-9 1:00 AM,12.0°C,0.0°C,44%,1017hPa,10.0km,East,7.2km/h/2.0m/s,-,N/A,,Clear
1997-5-9 2:00 AM,10.0°C,0.0°C,50%,1016hPa,10.0km,Calm,Calm,-,N/A,,Clear
1997-5-9 4:00 AM,10.0°C,1.0°C,54%,1015hPa,10.0km,Calm,Calm,-,N/A,,Clear
1997-5-9 5:00 AM,9.0°C,1.0°C,58%,1016hPa,10.0km,Calm,Calm,-,N/A,,Clear
1997-5-9 6:00 AM,9.0°C,2.0°C,62%,1016hPa,-,ENE,7.2km/h/2.0m/s,-,N/A,,Clear
1997-5-9 7:00 AM,10.0°C,3.0°C,62%,1016hPa,-,Calm,Calm,-,N/A,,Clear
1997-5-9 8:00 AM,12.0°C,4.0°C,58%,1016hPa,-,Calm,Calm,-,N/A,,Clear
1997-5-9 9:00 AM,16.0°C,5.0°C,48%,1015hPa,-,ESE,3.6km/h/1.0m/s,-,N/A,,Clear
1997-5-9 10:00 AM,19.0°C,6.0°C,43%,1014hPa,-,Calm,Calm,-,N/A,,Clear
1997-5-9 12:00 PM,22.0°C,4.0°C,31%,1012hPa,-,SW,18.0km/h/5.0m/s,-,N/A,,Clear
1997-5-9 1:00 PM,25.0°C,0.0°C,19%,1010hPa,-,South,28.8km/h/8.0m/s,-,N/A,,Clear
1997-5-9 3:00 PM,25.0°C,1.0°C,21%,1008hPa,-,South,36.0km/h/10.0m/s,-,N/A,,Clear
1997-5-9 4:00 PM,25.0°C,0.0°C,19%,1007hPa,-,SSW,21.6km/h/6.0m/s,-,N/A,,Clear
1997-5-9 5:00 PM,24.0°C,2.0°C,24%,1007hPa,-,South,28.8km/h/8.0m/s,-,N/A,,Clear
1997-5-9 6:00 PM,23.0°C,5.0°C,31%,1007hPa,-,WSW,21.6km/h/6.0m/s,-,N/A,,Clear
1997-5-9 7:00 PM,21.0°C,3.0°C,31%,1007hPa,10.0km,SW,21.6km/h/6.0m/s,-,N/A,,Overcast
1997-5-9 8:00 PM,21.0°C,5.0°C,35%,1006hPa,10.0km,SSE,14.4km/h/4.0m/s,-,N/A,,Overcast
1997-5-9 9:00 PM,20.0°C,-1.0°C,24%,1007hPa,10.0km,South,14.4km/h/4.0m/s,-,N/A,,Overcast
1997-5-9 10:00 PM,19.0°C,0.0°C,28%,1007hPa,10.0km,SSE,14.4km/h/4.0m/s,-,N/A,,Overcast
1997-5-9 11:00 PM,18.0°C,0.0°C,30%,1007hPa,10.0km,South,10.8km/h/3.0m/s,-,N/A,,Overcast
