Time (CST),Temp.,Windchill,Dew Point,Humidity,Pressure,Visibility,Wind Dir,Wind Speed,Gust Speed,Precip,Events,Conditions
1997-2-3 12:00 AM,-3.0°C,-5.9°C,-12.0°C,51%,1024hPa,-,ESE,7.2km/h/2.0m/s,-,N/A,,Clear
1997-2-3 1:00 AM,-4.0°C,-,-12.0°C,54%,1024hPa,-,Calm,Calm,-,N/A,,Clear
1997-2-3 3:00 AM,-5.0°C,-8.3°C,-12.0°C,59%,1024hPa,-,East,7.2km/h/2.0m/s,-,N/A,,Clear
1997-2-3 4:00 AM,-6.0°C,-9.4°C,-13.0°C,58%,1024hPa,-,East,7.2km/h/2.0m/s,-,N/A,,Clear
1997-2-3 5:00 AM,-7.0°C,-,-12.0°C,68%,1024hPa,-,Calm,Calm,-,N/A,,Clear
1997-2-3 6:00 AM,-7.0°C,-,-13.0°C,63%,1023hPa,-,Calm,Calm,-,N/A,,Clear
1997-2-3 7:00 AM,-6.0°C,-,-10.0°C,74%,1024hPa,7.0km,Calm,Calm,-,N/A,,Partly Cloudy
1997-2-3 8:00 AM,-6.0°C,-,-10.0°C,74%,1024hPa,5.0km,Calm,Calm,-,N/A,,Smoke
1997-2-3 9:00 AM,-5.0°C,-,-10.0°C,68%,1025hPa,2.0km,Calm,Calm,-,N/A,,Smoke
1997-2-3 10:00 AM,-3.0°C,-,-9.0°C,64%,1024hPa,5.0km,Calm,Calm,-,N/A,,Smoke
1997-2-3 11:00 AM,-3.0°C,-,-7.0°C,74%,1025hPa,1.8km,Calm,Calm,-,N/A,Snow,Light Snow
1997-2-3 12:00 PM,-2.0°C,-,-5.0°C,80%,1024hPa,2.0km,Calm,Calm,-,N/A,Snow,Light Snow
1997-2-3 1:00 PM,-1.0°C,-4.7°C,-6.0°C,69%,1022hPa,5.0km,ENE,10.8km/h/3.0m/s,-,N/A,Snow,Light Snow
1997-2-3 2:00 PM,0.0°C,-,-7.0°C,60%,1021hPa,6.0km,Calm,Calm,-,N/A,,Overcast
1997-2-3 3:00 PM,1.0°C,-1.3°C,-7.0°C,56%,1021hPa,6.0km,South,7.2km/h/2.0m/s,-,N/A,,Overcast
1997-2-3 4:00 PM,-1.0°C,-3.6°C,-4.0°C,80%,1021hPa,1.2km,WNW,7.2km/h/2.0m/s,-,N/A,"Rain
	,
Snow",Light Snow
1997-2-3 5:00 PM,-2.0°C,-,-3.0°C,93%,1021hPa,1.0km,Calm,Calm,-,N/A,"Rain
	,
Snow",Light Snow
1997-2-3 6:00 PM,-2.0°C,-,-2.0°C,100%,1022hPa,0.8km,Calm,Calm,-,N/A,"Rain
	,
Snow",Light Snow
1997-2-3 8:00 PM,-2.0°C,-,-2.0°C,100%,1023hPa,1.2km,Calm,Calm,-,N/A,"Rain
	,
Snow",Light Snow
1997-2-3 9:00 PM,-3.0°C,-5.9°C,-4.0°C,93%,1023hPa,3.0km,ENE,7.2km/h/2.0m/s,-,N/A,"Rain
	,
Snow",Light Snow
1997-2-3 10:00 PM,-3.0°C,-5.9°C,-5.0°C,86%,1023hPa,5.0km,East,7.2km/h/2.0m/s,-,N/A,"Rain
	,
Snow",Light Snow
1997-2-3 11:00 PM,-4.0°C,-7.1°C,-6.0°C,86%,1023hPa,5.0km,East,7.2km/h/2.0m/s,-,N/A,Snow,Light Snow
