Time (CST),Temp.,Heat Index,Dew Point,Humidity,Pressure,Visibility,Wind Dir,Wind Speed,Gust Speed,Precip,Events,Conditions
1997-7-12 12:00 AM,23.0°C,-,14.0°C,57%,1009hPa,10.0km,East,3.6km/h/1.0m/s,-,N/A,,Clear
1997-7-12 1:00 AM,23.0°C,-,14.0°C,57%,1009hPa,10.0km,East,3.6km/h/1.0m/s,-,N/A,,Clear
1997-7-12 2:00 AM,20.0°C,-,15.0°C,73%,1009hPa,10.0km,SE,10.8km/h/3.0m/s,-,N/A,,Clear
1997-7-12 3:00 AM,21.0°C,-,15.0°C,68%,1009hPa,10.0km,ESE,7.2km/h/2.0m/s,-,N/A,,Clear
1997-7-12 4:00 AM,19.0°C,-,15.0°C,78%,1009hPa,10.0km,East,7.2km/h/2.0m/s,-,N/A,,Clear
1997-7-12 5:00 AM,19.0°C,-,15.0°C,78%,1009hPa,10.0km,SW,7.2km/h/2.0m/s,-,N/A,,Clear
1997-7-12 6:00 AM,18.0°C,-,16.0°C,88%,1010hPa,-,SSE,7.2km/h/2.0m/s,-,N/A,,Clear
1997-7-12 7:00 AM,21.0°C,-,17.0°C,78%,1009hPa,-,Calm,Calm,-,N/A,,Clear
1997-7-12 8:00 AM,23.0°C,-,17.0°C,69%,1009hPa,-,WNW,7.2km/h/2.0m/s,-,N/A,,Clear
1997-7-12 9:00 AM,26.0°C,-,16.0°C,54%,1009hPa,-,WNW,3.6km/h/1.0m/s,-,N/A,,Clear
1997-7-12 10:00 AM,27.0°C,27.3°C,15.0°C,48%,1009hPa,-,SSE,3.6km/h/1.0m/s,-,N/A,,Clear
1997-7-12 11:00 AM,29.0°C,29.4°C,17.0°C,48%,1009hPa,-,Calm,Calm,-,N/A,,Clear
1997-7-12 12:00 PM,30.0°C,30.3°C,17.0°C,45%,1009hPa,-,West,7.2km/h/2.0m/s,-,N/A,,Clear
1997-7-12 1:00 PM,32.0°C,31.2°C,14.0°C,33%,1008hPa,10.0km,North,10.8km/h/3.0m/s,-,N/A,,Mostly Cloudy
1997-7-12 2:00 PM,33.0°C,31.9°C,13.0°C,29%,1006hPa,10.0km,South,7.2km/h/2.0m/s,-,N/A,,Mostly Cloudy
1997-7-12 3:00 PM,34.0°C,33.0°C,13.0°C,28%,1005hPa,10.0km,WSW,10.8km/h/3.0m/s,-,N/A,,Mostly Cloudy
1997-7-12 4:00 PM,32.0°C,31.9°C,16.0°C,38%,1005hPa,10.0km,West,7.2km/h/2.0m/s,-,N/A,,Mostly Cloudy
1997-7-12 5:00 PM,32.0°C,31.9°C,16.0°C,38%,1005hPa,10.0km,West,10.8km/h/3.0m/s,-,N/A,,Mostly Cloudy
1997-7-12 6:00 PM,31.0°C,30.9°C,16.0°C,40%,1005hPa,10.0km,WSW,7.2km/h/2.0m/s,-,N/A,,Mostly Cloudy
1997-7-12 7:00 PM,31.0°C,31.4°C,17.0°C,43%,1005hPa,10.0km,Calm,Calm,-,N/A,,Mostly Cloudy
1997-7-12 8:00 PM,28.0°C,28.8°C,18.0°C,54%,1006hPa,10.0km,ESE,3.6km/h/1.0m/s,-,N/A,,Scattered Clouds
1997-7-12 9:00 PM,26.0°C,-,16.0°C,54%,1006hPa,10.0km,ESE,3.6km/h/1.0m/s,-,N/A,,Mostly Cloudy
1997-7-12 10:00 PM,26.0°C,-,15.0°C,51%,1008hPa,-,ESE,10.8km/h/3.0m/s,-,N/A,,Clear
1997-7-12 11:00 PM,24.0°C,-,15.0°C,57%,1008hPa,-,SE,7.2km/h/2.0m/s,-,N/A,,Clear
