Time (CST),Temp.,Dew Point,Humidity,Pressure,Visibility,Wind Dir,Wind Speed,Gust Speed,Precip,Events,Conditions
1997-5-15 12:00 AM,21.0°C,8.0°C,43%,1010hPa,10.0km,North,32.4km/h/9.0m/s,-,N/A,,Partly Cloudy
1997-5-15 1:00 AM,20.0°C,6.0°C,40%,1011hPa,10.0km,North,43.2km/h/12.0m/s,-,N/A,,Mostly Cloudy
1997-5-15 2:00 AM,19.0°C,6.0°C,43%,1012hPa,-,WNW,14.4km/h/4.0m/s,-,N/A,,Clear
1997-5-15 6:00 AM,18.0°C,5.0°C,42%,1012hPa,10.0km,West,10.8km/h/3.0m/s,-,N/A,,Overcast
1997-5-15 7:00 AM,18.0°C,3.0°C,37%,1013hPa,10.0km,NNW,18.0km/h/5.0m/s,-,N/A,,Mostly Cloudy
1997-5-15 8:00 AM,18.0°C,2.0°C,34%,1014hPa,-,NNW,25.2km/h/7.0m/s,-,N/A,,Clear
1997-5-15 9:00 AM,19.0°C,0.0°C,28%,1014hPa,-,NNW,21.6km/h/6.0m/s,-,N/A,,Clear
1997-5-15 11:00 AM,21.0°C,-5.0°C,17%,1013hPa,-,NNW,21.6km/h/6.0m/s,-,N/A,,Clear
1997-5-15 12:00 PM,23.0°C,-4.0°C,16%,1013hPa,-,NW,21.6km/h/6.0m/s,-,N/A,,Clear
1997-5-15 1:00 PM,24.0°C,-12.0°C,8%,1012hPa,-,NNW,36.0km/h/10.0m/s,-,N/A,,Clear
1997-5-15 2:00 PM,24.0°C,-11.0°C,9%,1011hPa,-,NNW,50.4km/h/14.0m/s,-,N/A,,Clear
1997-5-15 3:00 PM,25.0°C,-11.0°C,9%,1011hPa,10.0km,NNW,32.4km/h/9.0m/s,50.4km/h/14.0m/s,N/A,,Clear
1997-5-15 4:00 PM,24.0°C,-11.0°C,9%,1011hPa,-,NW,32.4km/h/9.0m/s,-,N/A,,Clear
1997-5-15 5:00 PM,24.0°C,-9.0°C,11%,1011hPa,10.0km,NNW,36.0km/h/10.0m/s,-,N/A,,Clear
1997-5-15 6:00 PM,23.0°C,-7.0°C,13%,1011hPa,10.0km,NNW,36.0km/h/10.0m/s,-,N/A,,Clear
1997-5-15 7:00 PM,22.0°C,-11.0°C,10%,1011hPa,10.0km,NNW,28.8km/h/8.0m/s,-,N/A,,Clear
1997-5-15 8:00 PM,20.0°C,-12.0°C,11%,1012hPa,10.0km,NNW,21.6km/h/6.0m/s,-,N/A,,Clear
1997-5-15 9:00 PM,20.0°C,-9.0°C,13%,1014hPa,10.0km,North,21.6km/h/6.0m/s,-,N/A,,Clear
1997-5-15 10:00 PM,18.0°C,-5.0°C,21%,1015hPa,10.0km,WNW,18.0km/h/5.0m/s,-,N/A,,Clear
1997-5-15 11:00 PM,17.0°C,-4.0°C,24%,1016hPa,10.0km,WNW,18.0km/h/5.0m/s,-,N/A,,Clear
