Time (CST),Temp.,Windchill,Dew Point,Humidity,Pressure,Visibility,Wind Dir,Wind Speed,Gust Speed,Precip,Events,Conditions
1997-11-15 12:00 AM,0.0°C,-,-1.0°C,93%,1015hPa,6.0km,Calm,Calm,-,N/A,,Clear
1997-11-15 1:00 AM,-2.0°C,-,-3.0°C,93%,1015hPa,6.0km,East,3.6km/h/1.0m/s,-,N/A,,Clear
1997-11-15 2:00 AM,-1.0°C,-,-2.0°C,93%,1015hPa,6.0km,Calm,Calm,-,N/A,,Clear
1997-11-15 3:00 AM,-1.0°C,-,-2.0°C,93%,1015hPa,6.0km,Calm,Calm,-,N/A,,Clear
1997-11-15 4:00 AM,-2.0°C,-,-2.0°C,100%,1014hPa,5.0km,Calm,Calm,-,N/A,,Clear
1997-11-15 5:00 AM,-2.0°C,-,-2.0°C,100%,1014hPa,3.0km,Calm,Calm,-,N/A,,Clear
1997-11-15 6:00 AM,-2.0°C,-,-2.0°C,100%,1014hPa,3.0km,SE,3.6km/h/1.0m/s,-,N/A,,Clear
1997-11-15 7:00 AM,-1.0°C,-,-2.0°C,93%,1015hPa,2.6km,Calm,Calm,-,N/A,,Clear
1997-11-15 8:00 AM,-2.0°C,-,-3.0°C,93%,1015hPa,1.6km,SE,3.6km/h/1.0m/s,-,N/A,,Clear
1997-11-15 9:00 AM,0.0°C,-,0.0°C,100%,1016hPa,1.1km,Calm,Calm,-,N/A,,Clear
1997-11-15 10:00 AM,4.0°C,-,1.0°C,81%,1016hPa,1.8km,South,3.6km/h/1.0m/s,-,N/A,,Clear
1997-11-15 11:00 AM,7.0°C,-,1.0°C,66%,1016hPa,1.9km,West,3.6km/h/1.0m/s,-,N/A,,Clear
1997-11-15 12:00 PM,9.0°C,-,3.0°C,66%,1016hPa,1.8km,WSW,3.6km/h/1.0m/s,-,N/A,,Clear
1997-11-15 1:00 PM,11.0°C,-,2.0°C,54%,1015hPa,1.8km,WSW,3.6km/h/1.0m/s,-,N/A,,Smoke
1997-11-15 2:00 PM,11.0°C,-,1.0°C,50%,1015hPa,3.0km,SW,3.6km/h/1.0m/s,-,N/A,,Smoke
1997-11-15 3:00 PM,11.0°C,-,2.0°C,54%,1016hPa,3.0km,West,7.2km/h/2.0m/s,-,N/A,,Smoke
1997-11-15 4:00 PM,10.0°C,-,2.0°C,58%,1016hPa,2.0km,West,7.2km/h/2.0m/s,-,N/A,,Smoke
1997-11-15 5:00 PM,7.0°C,2.2°C,-2.0°C,53%,1019hPa,10.0km,NNW,36.0km/h/10.0m/s,-,N/A,,Overcast
1997-11-15 6:00 PM,4.0°C,-1.4°C,-4.0°C,56%,1022hPa,10.0km,NW,32.4km/h/9.0m/s,-,N/A,,Overcast
1997-11-15 7:00 PM,1.0°C,-5.7°C,-5.0°C,65%,1025hPa,10.0km,NNW,36.0km/h/10.0m/s,-,N/A,Snow,Light Snow
1997-11-15 8:00 PM,0.0°C,-5.9°C,-5.0°C,69%,1027hPa,10.0km,NNW,25.2km/h/7.0m/s,-,N/A,Snow,Light Snow
1997-11-15 9:00 PM,-2.0°C,-8.0°C,-6.0°C,74%,1030hPa,10.0km,North,21.6km/h/6.0m/s,-,N/A,Snow,Light Snow
1997-11-15 10:00 PM,-4.0°C,-9.9°C,-6.0°C,86%,1031hPa,7.0km,North,18.0km/h/5.0m/s,-,N/A,Snow,Light Snow
1997-11-15 11:00 PM,-4.0°C,-10.5°C,-7.0°C,80%,1032hPa,10.0km,North,21.6km/h/6.0m/s,-,N/A,Snow,Light Snow
