Time (CST),Temp.,Dew Point,Humidity,Pressure,Visibility,Wind Dir,Wind Speed,Gust Speed,Precip,Events,Conditions
1998-10-3 12:00 AM,50.0°F,50.0°F,100%,30.24in,3.1mi,North,4.5mph,-,N/A,Rain,Light Rain
1998-10-3 1:00 AM,50.0°F,50.0°F,100%,30.24in,3.7mi,South,2.2mph,-,N/A,,Overcast
1998-10-3 2:00 AM,50.0°F,50.0°F,100%,30.24in,3.7mi,Calm,Calm,-,N/A,,Overcast
1998-10-3 3:00 AM,50.0°F,50.0°F,100%,30.24in,1.2mi,SSW,2.2mph,-,N/A,,Overcast
1998-10-3 4:00 AM,50.0°F,50.0°F,100%,30.24in,1.2mi,Calm,Calm,-,N/A,,Overcast
1998-10-3 5:00 AM,50.0°F,50.0°F,100%,30.24in,1.7mi,SE,2.2mph,-,N/A,,Overcast
1998-10-3 6:00 AM,50.0°F,50.0°F,100%,30.24in,2.2mi,Calm,Calm,-,N/A,,Overcast
1998-10-3 7:00 AM,50.0°F,50.0°F,100%,30.27in,2.2mi,Calm,Calm,-,N/A,,Overcast
1998-10-3 8:00 AM,50.0°F,50.0°F,100%,30.27in,2.5mi,Calm,Calm,-,N/A,,Mostly Cloudy
1998-10-3 9:00 AM,50.0°F,48.2°F,94%,30.30in,3.7mi,Calm,Calm,-,N/A,,Scattered Clouds
1998-10-3 10:00 AM,53.6°F,50.0°F,88%,30.30in,3.7mi,Calm,Calm,-,N/A,,Scattered Clouds
1998-10-3 11:00 AM,57.2°F,51.8°F,82%,30.30in,-,Calm,Calm,-,N/A,,Clear
1998-10-3 12:00 PM,60.8°F,51.8°F,72%,30.27in,-,SSE,2.2mph,-,N/A,,Clear
1998-10-3 1:00 PM,62.6°F,51.8°F,68%,30.24in,-,SSE,4.5mph,-,N/A,,Clear
1998-10-3 2:00 PM,64.4°F,50.0°F,59%,30.21in,-,SSW,2.2mph,-,N/A,,Clear
1998-10-3 3:00 PM,66.2°F,50.0°F,56%,30.18in,-,SSE,2.2mph,-,N/A,,Clear
1998-10-3 4:00 PM,66.2°F,48.2°F,52%,30.18in,-,SSW,2.2mph,-,N/A,,Clear
1998-10-3 5:00 PM,66.2°F,48.2°F,52%,30.18in,-,Calm,Calm,-,N/A,,Clear
1998-10-3 6:00 PM,64.4°F,51.8°F,64%,30.18in,-,Calm,Calm,-,N/A,,Clear
1998-10-3 8:00 PM,57.2°F,53.6°F,88%,30.21in,-,Calm,Calm,-,N/A,,Clear
1998-10-3 9:00 PM,55.4°F,51.8°F,88%,30.21in,-,ESE,2.2mph,-,N/A,,Clear
1998-10-3 11:00 PM,53.6°F,48.2°F,82%,30.24in,4.3mi,SE,4.5mph,-,N/A,,Overcast
