Time (CST),Temp.,Windchill,Dew Point,Humidity,Pressure,Visibility,Wind Dir,Wind Speed,Gust Speed,Precip,Events,Conditions
1997-1-26 1:00 AM,-7.0°C,-11.9°C,-22.0°C,30%,1020hPa,8.0km,East,10.8km/h/3.0m/s,-,N/A,,Clear
1997-1-26 2:00 AM,-8.0°C,-14.9°C,-23.0°C,30%,1020hPa,10.0km,East,18.0km/h/5.0m/s,-,N/A,,Clear
1997-1-26 3:00 AM,-8.0°C,-13.1°C,-22.0°C,32%,1020hPa,10.0km,East,10.8km/h/3.0m/s,-,N/A,,Clear
1997-1-26 4:00 AM,-9.0°C,-,-23.0°C,32%,1019hPa,10.0km,Calm,Calm,-,N/A,,Clear
1997-1-26 7:00 AM,-11.0°C,-15.3°C,-20.0°C,48%,1019hPa,10.0km,East,7.2km/h/2.0m/s,-,N/A,,Clear
1997-1-26 8:00 AM,-9.0°C,-,-20.0°C,41%,1020hPa,-,Calm,Calm,-,N/A,,Clear
1997-1-26 9:00 AM,-9.0°C,-12.9°C,-22.0°C,35%,1020hPa,-,SSE,7.2km/h/2.0m/s,-,N/A,,Clear
1997-1-26 10:00 AM,-5.0°C,-,-22.0°C,26%,1020hPa,-,SSE,3.6km/h/1.0m/s,-,N/A,,Clear
1997-1-26 11:00 AM,-2.0°C,-,-18.0°C,29%,1020hPa,-,Calm,Calm,-,N/A,,Clear
1997-1-26 12:00 PM,1.0°C,-1.3°C,-18.0°C,23%,1019hPa,-,SW,7.2km/h/2.0m/s,-,N/A,,Clear
1997-1-26 1:00 PM,4.0°C,0.6°C,-17.0°C,21%,1018hPa,10.0km,SSW,14.4km/h/4.0m/s,-,N/A,,Clear
1997-1-26 2:00 PM,5.0°C,1.9°C,-20.0°C,15%,1017hPa,10.0km,WSW,14.4km/h/4.0m/s,-,N/A,,Clear
1997-1-26 3:00 PM,6.0°C,1.8°C,-16.0°C,19%,1016hPa,10.0km,West,25.2km/h/7.0m/s,-,N/A,,Clear
1997-1-26 5:00 PM,5.0°C,0.2°C,-25.0°C,10%,1017hPa,10.0km,West,28.8km/h/8.0m/s,-,N/A,,Clear
1997-1-26 6:00 PM,3.0°C,-2.4°C,-23.0°C,13%,1018hPa,10.0km,West,28.8km/h/8.0m/s,-,N/A,,Clear
1997-1-26 9:00 PM,0.0°C,-5.9°C,-16.0°C,30%,1019hPa,10.0km,WSW,25.2km/h/7.0m/s,-,N/A,,Clear
1997-1-26 11:00 PM,0.0°C,-4.3°C,-15.0°C,32%,1019hPa,10.0km,West,14.4km/h/4.0m/s,-,N/A,,Clear
