Time (CST),Temp.,Dew Point,Humidity,Pressure,Visibility,Wind Dir,Wind Speed,Gust Speed,Precip,Events,Conditions
1998-10-2 12:00 AM,57.2°F,32.0°F,38%,30.12in,6.2mi,NNE,2.2mph,-,N/A,,Clear
1998-10-2 1:00 AM,53.6°F,35.6°F,51%,30.12in,6.2mi,ESE,2.2mph,-,N/A,,Clear
1998-10-2 2:00 AM,51.8°F,35.6°F,54%,30.12in,6.2mi,Calm,Calm,-,N/A,,Clear
1998-10-2 3:00 AM,48.2°F,35.6°F,62%,30.12in,6.2mi,ESE,2.2mph,-,N/A,,Clear
1998-10-2 4:00 AM,50.0°F,35.6°F,58%,30.12in,6.2mi,Calm,Calm,-,N/A,,Clear
1998-10-2 6:00 AM,48.2°F,37.4°F,66%,30.12in,-,Calm,Calm,-,N/A,,Clear
1998-10-2 7:00 AM,51.8°F,37.4°F,58%,30.12in,-,North,2.2mph,-,N/A,,Clear
1998-10-2 9:00 AM,60.8°F,28.4°F,29%,30.15in,-,NNW,6.7mph,-,N/A,,Clear
1998-10-2 10:00 AM,62.6°F,28.4°F,27%,30.15in,-,NW,4.5mph,-,N/A,,Clear
1998-10-2 11:00 AM,60.8°F,35.6°F,39%,30.18in,5.0mi,Calm,Calm,-,N/A,,Mostly Cloudy
1998-10-2 12:00 PM,53.6°F,48.2°F,82%,30.18in,1.0mi,WSW,2.2mph,-,N/A,Rain,Light Rain
1998-10-2 1:00 PM,53.6°F,48.2°F,82%,30.15in,1.2mi,Calm,Calm,-,N/A,Rain,Light Rain
1998-10-2 2:00 PM,55.4°F,50.0°F,82%,30.15in,1.2mi,Calm,Calm,-,N/A,Rain,Light Rain
1998-10-2 3:00 PM,55.4°F,51.8°F,88%,30.15in,1.2mi,Calm,Calm,-,N/A,Rain,Light Rain
1998-10-2 4:00 PM,55.4°F,50.0°F,82%,30.18in,1.2mi,Calm,Calm,-,N/A,Rain,Light Rain
1998-10-2 5:00 PM,55.4°F,50.0°F,82%,30.15in,3.1mi,North,6.7mph,-,N/A,,Overcast
1998-10-2 6:00 PM,55.4°F,50.0°F,82%,30.18in,3.7mi,Calm,Calm,-,N/A,,Overcast
1998-10-2 7:00 PM,53.6°F,51.8°F,94%,30.21in,3.7mi,Calm,Calm,-,N/A,Rain,Light Rain
1998-10-2 8:00 PM,51.8°F,51.8°F,100%,30.24in,2.5mi,Calm,Calm,-,N/A,Rain,Light Rain
1998-10-2 9:00 PM,51.8°F,51.8°F,100%,30.24in,1.9mi,SSE,2.2mph,-,N/A,Rain,Light Rain
1998-10-2 10:00 PM,51.8°F,51.8°F,100%,30.24in,1.6mi,South,2.2mph,-,N/A,Rain,Light Rain
1998-10-2 11:00 PM,51.8°F,51.8°F,100%,30.24in,3.1mi,Calm,Calm,-,N/A,Rain,Light Rain
