Time (CST),Temp.,Windchill,Dew Point,Humidity,Pressure,Visibility,Wind Dir,Wind Speed,Gust Speed,Precip,Events,Conditions
1997-1-14 12:00 AM,-7.0°C,-11.9°C,-24.0°C,25%,1028hPa,10.0km,North,10.8km/h/3.0m/s,-,N/A,,Clear
1997-1-14 1:00 AM,-9.0°C,-12.9°C,-24.0°C,30%,1028hPa,10.0km,NE,7.2km/h/2.0m/s,-,N/A,,Clear
1997-1-14 2:00 AM,-10.0°C,-,-25.0°C,29%,1028hPa,10.0km,Calm,Calm,-,N/A,,Clear
1997-1-14 3:00 AM,-10.0°C,-,-24.0°C,32%,1028hPa,10.0km,Calm,Calm,-,N/A,,Clear
1997-1-14 4:00 AM,-11.0°C,-,-21.0°C,45%,1028hPa,10.0km,Calm,Calm,-,N/A,,Clear
1997-1-14 5:00 AM,-11.0°C,-,-22.0°C,41%,1028hPa,10.0km,Calm,Calm,-,N/A,,Clear
1997-1-14 6:00 AM,-12.0°C,-,-21.0°C,48%,1028hPa,10.0km,Calm,Calm,-,N/A,,Clear
1997-1-14 7:00 AM,-12.0°C,-,-21.0°C,48%,1028hPa,10.0km,Calm,Calm,-,N/A,,Clear
1997-1-14 8:00 AM,-13.0°C,-,-21.0°C,52%,1028hPa,10.0km,Calm,Calm,-,N/A,,Clear
1997-1-14 9:00 AM,-12.0°C,-,-19.0°C,57%,1029hPa,-,Calm,Calm,-,N/A,,Clear
1997-1-14 10:00 AM,-8.0°C,-,-16.0°C,53%,1028hPa,8.0km,Calm,Calm,-,N/A,,Scattered Clouds
1997-1-14 11:00 AM,-5.0°C,-8.3°C,-23.0°C,24%,1028hPa,8.0km,SSE,7.2km/h/2.0m/s,-,N/A,,Mostly Cloudy
1997-1-14 12:00 PM,-2.0°C,-,-21.0°C,23%,1026hPa,-,Calm,Calm,-,N/A,,Clear
1997-1-14 1:00 PM,-2.0°C,-,-16.0°C,34%,1025hPa,-,SSW,3.6km/h/1.0m/s,-,N/A,,Clear
1997-1-14 2:00 PM,-2.0°C,-,-15.0°C,37%,1024hPa,-,Calm,Calm,-,N/A,,Clear
1997-1-14 5:00 PM,-1.0°C,-3.6°C,-18.0°C,27%,1023hPa,-,South,7.2km/h/2.0m/s,-,N/A,,Clear
1997-1-14 6:00 PM,-2.0°C,-,-17.0°C,31%,1023hPa,-,Calm,Calm,-,N/A,,Clear
1997-1-14 7:00 PM,-2.0°C,-,-16.0°C,34%,1023hPa,-,Calm,Calm,-,N/A,,Clear
1997-1-14 8:00 PM,-3.0°C,-5.9°C,-18.0°C,31%,1024hPa,-,SW,7.2km/h/2.0m/s,-,N/A,,Clear
1997-1-14 9:00 PM,-3.0°C,-5.9°C,-17.0°C,34%,1025hPa,-,SW,7.2km/h/2.0m/s,-,N/A,,Clear
1997-1-14 10:00 PM,-2.0°C,-7.4°C,-15.0°C,37%,1025hPa,-,SW,18.0km/h/5.0m/s,-,N/A,,Clear
1997-1-14 11:00 PM,-4.0°C,-10.5°C,-8.0°C,74%,-,5.0km,SW,21.6km/h/6.0m/s,-,N/A,Snow,Light Snow
