Time (CST),Temp.,Heat Index,Dew Point,Humidity,Pressure,Visibility,Wind Dir,Wind Speed,Gust Speed,Precip,Events,Conditions
1997-8-13 12:00 AM,22.0°C,-,17.0°C,73%,1010hPa,10.0km,ESE,7.2km/h/2.0m/s,-,N/A,,Clear
1997-8-13 1:00 AM,24.0°C,-,18.0°C,69%,1010hPa,10.0km,ESE,10.8km/h/3.0m/s,-,N/A,,Clear
1997-8-13 2:00 AM,23.0°C,-,17.0°C,69%,1010hPa,10.0km,ESE,10.8km/h/3.0m/s,-,N/A,,Clear
1997-8-13 4:00 AM,22.0°C,-,18.0°C,78%,1010hPa,10.0km,East,7.2km/h/2.0m/s,-,N/A,,Clear
1997-8-13 5:00 AM,22.0°C,-,18.0°C,78%,1011hPa,10.0km,East,10.8km/h/3.0m/s,-,N/A,,Clear
1997-8-13 6:00 AM,22.0°C,-,18.0°C,78%,1011hPa,10.0km,East,10.8km/h/3.0m/s,-,N/A,,Clear
1997-8-13 7:00 AM,22.0°C,-,18.0°C,78%,1012hPa,10.0km,East,10.8km/h/3.0m/s,-,N/A,,Clear
1997-8-13 8:00 AM,24.0°C,-,19.0°C,73%,1012hPa,10.0km,East,14.4km/h/4.0m/s,-,N/A,,Clear
1997-8-13 9:00 AM,26.0°C,-,20.0°C,69%,1013hPa,10.0km,SSE,14.4km/h/4.0m/s,-,N/A,,Clear
1997-8-13 10:00 AM,27.0°C,28.2°C,19.0°C,61%,1012hPa,-,SE,10.8km/h/3.0m/s,-,N/A,,Clear
1997-8-13 11:00 AM,29.0°C,28.8°C,15.0°C,42%,1012hPa,-,SSW,14.4km/h/4.0m/s,-,N/A,,Clear
1997-8-13 12:00 PM,31.0°C,30.0°C,13.0°C,33%,1011hPa,-,SSE,18.0km/h/5.0m/s,-,N/A,,Clear
1997-8-13 1:00 PM,32.0°C,30.9°C,13.0°C,31%,1010hPa,-,SSE,14.4km/h/4.0m/s,-,N/A,,Clear
1997-8-13 2:00 PM,32.0°C,30.9°C,13.0°C,31%,1010hPa,-,SW,7.2km/h/2.0m/s,-,N/A,,Clear
1997-8-13 3:00 PM,32.0°C,30.7°C,12.0°C,29%,1009hPa,-,WSW,10.8km/h/3.0m/s,-,N/A,,Clear
1997-8-13 4:00 PM,32.0°C,-,10.0°C,26%,1009hPa,-,SSW,10.8km/h/3.0m/s,-,N/A,,Clear
1997-8-13 5:00 PM,33.0°C,-,11.0°C,26%,1009hPa,-,SE,7.2km/h/2.0m/s,-,N/A,,Clear
1997-8-13 6:00 PM,31.0°C,29.8°C,12.0°C,31%,1009hPa,-,East,25.2km/h/7.0m/s,-,N/A,,Clear
1997-8-13 7:00 PM,29.0°C,28.4°C,13.0°C,37%,1009hPa,-,East,21.6km/h/6.0m/s,-,N/A,,Clear
1997-8-13 8:00 PM,28.0°C,27.8°C,14.0°C,42%,1010hPa,10.0km,East,14.4km/h/4.0m/s,-,N/A,,Clear
1997-8-13 9:00 PM,26.0°C,-,14.0°C,47%,1011hPa,10.0km,East,21.6km/h/6.0m/s,-,N/A,,Clear
1997-8-13 10:00 PM,25.0°C,-,14.0°C,50%,1012hPa,10.0km,SE,21.6km/h/6.0m/s,-,N/A,,Clear
1997-8-13 11:00 PM,23.0°C,-,14.0°C,57%,1012hPa,10.0km,ENE,18.0km/h/5.0m/s,-,N/A,,Clear
