Time (CST),Temp.,Dew Point,Humidity,Pressure,Visibility,Wind Dir,Wind Speed,Gust Speed,Precip,Events,Conditions
1998-10-9 12:00 AM,64.4°F,57.2°F,77%,30.06in,1.4mi,ENE,4.5mph,-,N/A,,Mostly Cloudy
1998-10-9 1:00 AM,62.6°F,57.2°F,82%,30.09in,1.4mi,Calm,Calm,-,N/A,,Mostly Cloudy
1998-10-9 2:00 AM,60.8°F,57.2°F,88%,30.09in,1.3mi,Calm,Calm,-,N/A,,Mostly Cloudy
1998-10-9 3:00 AM,59.0°F,57.2°F,94%,30.06in,1.2mi,East,4.5mph,-,N/A,,Overcast
1998-10-9 4:00 AM,59.0°F,55.4°F,88%,30.06in,1.4mi,WNW,2.2mph,-,N/A,,Overcast
1998-10-9 5:00 AM,57.2°F,55.4°F,94%,30.06in,1.4mi,Calm,Calm,-,N/A,,Overcast
1998-10-9 6:00 AM,55.4°F,53.6°F,94%,30.06in,1.2mi,Calm,Calm,-,N/A,,Scattered Clouds
1998-10-9 7:00 AM,55.4°F,55.4°F,100%,30.06in,1.2mi,Calm,Calm,-,N/A,,Mostly Cloudy
1998-10-9 8:00 AM,59.0°F,55.4°F,88%,-,0.8mi,Calm,Calm,-,N/A,,Mostly Cloudy
1998-10-9 9:00 AM,62.6°F,55.4°F,77%,30.09in,0.8mi,East,2.2mph,-,N/A,,Scattered Clouds
1998-10-9 10:00 AM,64.4°F,55.4°F,73%,-,0.9mi,West,2.2mph,-,N/A,,Smoke
1998-10-9 11:00 AM,69.8°F,53.6°F,56%,30.09in,1.9mi,NE,2.2mph,-,N/A,,Smoke
1998-10-9 12:00 PM,71.6°F,50.0°F,46%,30.09in,3.7mi,Calm,Calm,-,N/A,,Scattered Clouds
1998-10-9 2:00 PM,77.0°F,44.6°F,32%,30.04in,-,SSE,2.2mph,-,N/A,,Clear
1998-10-9 3:00 PM,77.0°F,41.0°F,28%,30.01in,-,WSW,2.2mph,-,N/A,,Clear
1998-10-9 4:00 PM,77.0°F,39.2°F,26%,30.01in,-,West,2.2mph,-,N/A,,Clear
1998-10-9 5:00 PM,75.2°F,48.2°F,38%,30.01in,-,Calm,Calm,-,N/A,,Clear
1998-10-9 6:00 PM,69.8°F,50.0°F,49%,30.01in,-,Calm,Calm,-,N/A,,Clear
1998-10-9 7:00 PM,68.0°F,50.0°F,52%,30.04in,-,Calm,Calm,-,N/A,,Clear
1998-10-9 8:00 PM,68.0°F,50.0°F,52%,30.06in,-,SSE,2.2mph,-,N/A,,Clear
1998-10-9 9:00 PM,66.2°F,51.8°F,60%,30.06in,-,SE,2.2mph,-,N/A,,Clear
1998-10-9 10:00 PM,64.4°F,51.8°F,64%,30.06in,-,ENE,2.2mph,-,N/A,,Clear
1998-10-9 11:00 PM,62.6°F,53.6°F,72%,30.09in,-,ESE,2.2mph,-,N/A,,Clear
