Time (CST),Temp.,Heat Index,Dew Point,Humidity,Pressure,Visibility,Wind Dir,Wind Speed,Gust Speed,Precip,Events,Conditions
1997-7-16 12:00 AM,27.0°C,26.8°C,12.0°C,39%,1005hPa,-,ENE,10.8km/h/3.0m/s,-,N/A,,Clear
1997-7-16 1:00 AM,27.0°C,26.8°C,12.0°C,39%,1005hPa,-,East,10.8km/h/3.0m/s,-,N/A,,Clear
1997-7-16 2:00 AM,23.0°C,-,14.0°C,57%,1005hPa,-,SE,3.6km/h/1.0m/s,-,N/A,,Clear
1997-7-16 3:00 AM,21.0°C,-,15.0°C,68%,1006hPa,-,NNW,3.6km/h/1.0m/s,-,N/A,,Clear
1997-7-16 4:00 AM,21.0°C,-,15.0°C,68%,1006hPa,-,Calm,Calm,-,N/A,,Clear
1997-7-16 5:00 AM,19.0°C,-,15.0°C,78%,1006hPa,-,North,7.2km/h/2.0m/s,-,N/A,,Clear
1997-7-16 6:00 AM,19.0°C,-,16.0°C,83%,1006hPa,-,SSW,3.6km/h/1.0m/s,-,N/A,,Clear
1997-7-16 7:00 AM,21.0°C,-,16.0°C,73%,1008hPa,-,SSW,3.6km/h/1.0m/s,-,N/A,,Clear
1997-7-16 8:00 AM,24.0°C,-,17.0°C,65%,1008hPa,-,Calm,Calm,-,N/A,,Clear
1997-7-16 9:00 AM,26.0°C,-,18.0°C,61%,1006hPa,10.0km,WNW,7.2km/h/2.0m/s,-,N/A,,Clear
1997-7-16 10:00 AM,29.0°C,29.1°C,16.0°C,45%,1006hPa,10.0km,Calm,Calm,-,N/A,,Clear
1997-7-16 11:00 AM,31.0°C,30.0°C,13.0°C,33%,1006hPa,10.0km,Calm,Calm,-,N/A,,Clear
1997-7-16 12:00 PM,32.0°C,30.9°C,13.0°C,31%,1006hPa,-,SSW,7.2km/h/2.0m/s,-,N/A,,Clear
1997-7-16 1:00 PM,33.0°C,33.0°C,16.0°C,36%,1005hPa,-,NNW,14.4km/h/4.0m/s,-,N/A,,Clear
1997-7-16 2:00 PM,34.0°C,33.6°C,15.0°C,32%,1004hPa,10.0km,ESE,10.8km/h/3.0m/s,-,N/A,,Scattered Clouds
1997-7-16 3:00 PM,34.0°C,33.6°C,15.0°C,32%,1003hPa,10.0km,SSE,7.2km/h/2.0m/s,-,N/A,,Scattered Clouds
1997-7-16 4:00 PM,36.0°C,35.5°C,14.0°C,27%,1003hPa,10.0km,ESE,21.6km/h/6.0m/s,-,N/A,,Mostly Cloudy
1997-7-16 5:00 PM,36.0°C,35.5°C,14.0°C,27%,1002hPa,10.0km,ESE,25.2km/h/7.0m/s,-,N/A,,Scattered Clouds
1997-7-16 6:00 PM,34.0°C,33.3°C,14.0°C,30%,1003hPa,10.0km,ESE,21.6km/h/6.0m/s,-,N/A,,Scattered Clouds
1997-7-16 7:00 PM,32.0°C,32.8°C,18.0°C,43%,1004hPa,-,East,28.8km/h/8.0m/s,-,N/A,,Clear
1997-7-16 8:00 PM,30.0°C,31.2°C,19.0°C,51%,1005hPa,-,East,28.8km/h/8.0m/s,-,N/A,,Clear
1997-7-16 9:00 PM,29.0°C,30.7°C,20.0°C,58%,1006hPa,-,East,25.2km/h/7.0m/s,-,N/A,,Clear
1997-7-16 10:00 PM,28.0°C,29.7°C,20.0°C,62%,1008hPa,-,East,18.0km/h/5.0m/s,-,N/A,,Clear
1997-7-16 11:00 PM,27.0°C,28.5°C,20.0°C,65%,1008hPa,-,ESE,18.0km/h/5.0m/s,-,N/A,,Clear
