Time (CST),Temp.,Windchill,Dew Point,Humidity,Pressure,Visibility,Wind Dir,Wind Speed,Gust Speed,Precip,Events,Conditions
1998-12-31 12:00 AM,19.4°F,-,6.8°F,58%,30.36in,-,Calm,Calm,-,N/A,,Clear
1998-12-31 1:00 AM,15.8°F,8.7°F,6.8°F,68%,30.36in,-,ESE,4.5mph,-,N/A,,Clear
1998-12-31 2:00 AM,15.8°F,-,6.8°F,68%,30.36in,-,Calm,Calm,-,N/A,,Clear
1998-12-31 3:00 AM,14.0°F,-,5.0°F,67%,30.36in,-,ESE,2.2mph,-,N/A,,Clear
1998-12-31 4:00 AM,14.0°F,6.6°F,5.0°F,67%,30.36in,-,SE,4.5mph,-,N/A,,Clear
1998-12-31 5:00 AM,14.0°F,-,3.2°F,62%,30.39in,-,Calm,Calm,-,N/A,,Clear
1998-12-31 6:00 AM,12.2°F,-,3.2°F,67%,30.36in,-,ESE,2.2mph,-,N/A,,Clear
1998-12-31 7:00 AM,12.2°F,-,3.2°F,67%,30.39in,-,Calm,Calm,-,N/A,,Clear
1998-12-31 8:00 AM,10.4°F,-,3.2°F,73%,30.42in,-,SE,2.2mph,-,N/A,,Clear
1998-12-31 9:00 AM,15.8°F,-,8.6°F,73%,30.42in,2.5mi,Calm,Calm,-,N/A,,Haze
1998-12-31 10:00 AM,23.0°F,-,6.8°F,50%,30.42in,3.1mi,Calm,Calm,-,N/A,,Haze
1998-12-31 11:00 AM,28.4°F,-,8.6°F,43%,30.42in,3.1mi,ESE,2.2mph,-,N/A,,Haze
1998-12-31 12:00 PM,32.0°F,-,8.6°F,38%,30.39in,3.7mi,South,2.2mph,-,N/A,,Clear
1998-12-31 1:00 PM,33.8°F,-,10.4°F,38%,30.36in,3.7mi,WSW,2.2mph,-,N/A,,Clear
1998-12-31 2:00 PM,35.6°F,-,8.6°F,33%,30.33in,3.7mi,Calm,Calm,-,N/A,,Clear
1998-12-31 3:00 PM,37.4°F,-,10.4°F,33%,30.33in,4.3mi,SW,2.2mph,-,N/A,,Clear
1998-12-31 4:00 PM,37.4°F,-,12.2°F,36%,30.30in,4.3mi,WSW,2.2mph,-,N/A,,Clear
1998-12-31 5:00 PM,35.6°F,-,10.4°F,35%,30.30in,4.3mi,South,2.2mph,-,N/A,,Clear
1998-12-31 6:00 PM,28.4°F,-,8.6°F,43%,30.30in,4.3mi,East,2.2mph,-,N/A,,Clear
1998-12-31 7:00 PM,24.8°F,-,6.8°F,46%,30.33in,3.7mi,East,2.2mph,-,N/A,,Partly Cloudy
1998-12-31 8:00 PM,24.8°F,-,6.8°F,46%,30.33in,3.1mi,ESE,2.2mph,-,N/A,,Smoke
1998-12-31 9:00 PM,21.2°F,12.7°F,6.8°F,54%,30.33in,4.3mi,ESE,6.7mph,-,N/A,,Clear
1998-12-31 10:00 PM,21.2°F,-,5.0°F,50%,30.33in,4.3mi,Calm,Calm,-,N/A,,Clear
1998-12-31 11:00 PM,19.4°F,-,5.0°F,54%,30.33in,4.3mi,SE,2.2mph,-,N/A,,Clear
