Time (CST),Temp.,Heat Index,Dew Point,Humidity,Pressure,Visibility,Wind Dir,Wind Speed,Gust Speed,Precip,Events,Conditions
1997-6-25 12:00 AM,25.0°C,-,12.0°C,44%,1007hPa,10.0km,ESE,14.4km/h/4.0m/s,-,N/A,Thunderstorm,Thunderstorm
1997-6-25 1:00 AM,25.0°C,-,11.0°C,41%,1007hPa,10.0km,East,18.0km/h/5.0m/s,-,N/A,Thunderstorm,Thunderstorm
1997-6-25 2:00 AM,23.0°C,-,13.0°C,53%,1006hPa,10.0km,East,18.0km/h/5.0m/s,-,N/A,,Mostly Cloudy
1997-6-25 4:00 AM,21.0°C,-,15.0°C,68%,1006hPa,10.0km,South,10.8km/h/3.0m/s,-,N/A,,Mostly Cloudy
1997-6-25 5:00 AM,22.0°C,-,15.0°C,64%,1007hPa,10.0km,NE,10.8km/h/3.0m/s,-,N/A,,Overcast
1997-6-25 6:00 AM,22.0°C,-,14.0°C,60%,1007hPa,-,ENE,14.4km/h/4.0m/s,-,N/A,,Clear
1997-6-25 7:00 AM,23.0°C,-,14.0°C,57%,1008hPa,-,East,14.4km/h/4.0m/s,-,N/A,,Clear
1997-6-25 8:00 AM,23.0°C,-,14.0°C,57%,1008hPa,-,SSE,10.8km/h/3.0m/s,-,N/A,,Clear
1997-6-25 9:00 AM,24.0°C,-,14.0°C,53%,1009hPa,-,SSE,10.8km/h/3.0m/s,-,N/A,,Clear
1997-6-25 2:00 PM,26.0°C,-,17.0°C,57%,1007hPa,6.0km,NNW,10.8km/h/3.0m/s,-,N/A,Rain,Light Rain Showers
1997-6-25 3:00 PM,29.0°C,29.8°C,18.0°C,51%,1005hPa,6.0km,Calm,Calm,-,N/A,,Overcast
1997-6-25 4:00 PM,30.0°C,30.1°C,16.0°C,43%,1005hPa,8.0km,ESE,7.2km/h/2.0m/s,-,N/A,,Mostly Cloudy
1997-6-25 5:00 PM,30.0°C,29.7°C,15.0°C,40%,1005hPa,8.0km,East,18.0km/h/5.0m/s,-,N/A,,Mostly Cloudy
1997-6-25 6:00 PM,29.0°C,29.1°C,16.0°C,45%,1005hPa,-,ENE,21.6km/h/6.0m/s,-,N/A,,Clear
1997-6-25 7:00 PM,28.0°C,27.6°C,13.0°C,39%,1005hPa,-,East,14.4km/h/4.0m/s,-,N/A,,Clear
1997-6-25 8:00 PM,26.0°C,-,17.0°C,57%,1006hPa,8.0km,ENE,36.0km/h/10.0m/s,-,N/A,,Mostly Cloudy
1997-6-25 9:00 PM,24.0°C,-,16.0°C,61%,1007hPa,8.0km,East,36.0km/h/10.0m/s,-,N/A,,Mostly Cloudy
1997-6-25 10:00 PM,23.0°C,-,17.0°C,69%,1008hPa,8.0km,East,36.0km/h/10.0m/s,-,N/A,,Mostly Cloudy
1997-6-25 11:00 PM,23.0°C,-,17.0°C,69%,1009hPa,8.0km,East,28.8km/h/8.0m/s,-,N/A,,Mostly Cloudy
