Time (CST),Temp.,Heat Index,Dew Point,Humidity,Pressure,Visibility,Wind Dir,Wind Speed,Gust Speed,Precip,Events,Conditions
1997-8-31 12:00 AM,24.0°C,-,21.0°C,83%,1009hPa,10.0km,East,10.8km/h/3.0m/s,-,N/A,,Clear
1997-8-31 1:00 AM,24.0°C,-,22.0°C,89%,1009hPa,10.0km,ESE,3.6km/h/1.0m/s,-,N/A,,Clear
1997-8-31 2:00 AM,23.0°C,-,21.0°C,88%,1009hPa,10.0km,ESE,3.6km/h/1.0m/s,-,N/A,,Clear
1997-8-31 3:00 AM,22.0°C,-,21.0°C,94%,1009hPa,10.0km,Calm,Calm,-,N/A,,Clear
1997-8-31 4:00 AM,22.0°C,-,21.0°C,94%,1008hPa,10.0km,SE,14.4km/h/4.0m/s,-,N/A,,Clear
1997-8-31 5:00 AM,21.0°C,-,21.0°C,100%,1008hPa,10.0km,SE,7.2km/h/2.0m/s,-,N/A,,Clear
1997-8-31 6:00 AM,21.0°C,-,21.0°C,100%,1009hPa,10.0km,SE,7.2km/h/2.0m/s,-,N/A,,Clear
1997-8-31 7:00 AM,22.0°C,-,21.0°C,94%,1009hPa,-,SE,7.2km/h/2.0m/s,-,N/A,,Clear
1997-8-31 8:00 AM,24.0°C,-,22.0°C,89%,1009hPa,8.0km,Calm,Calm,-,N/A,,Scattered Clouds
1997-8-31 9:00 AM,26.0°C,-,21.0°C,74%,1009hPa,6.0km,SE,10.8km/h/3.0m/s,-,N/A,,Partly Cloudy
1997-8-31 10:00 AM,28.0°C,30.7°C,22.0°C,70%,1009hPa,8.0km,SSW,7.2km/h/2.0m/s,-,N/A,,Partly Cloudy
1997-8-31 11:00 AM,30.0°C,33.2°C,22.0°C,62%,1008hPa,8.0km,South,7.2km/h/2.0m/s,-,N/A,,Partly Cloudy
1997-8-31 12:00 PM,31.0°C,34.4°C,22.0°C,58%,1008hPa,8.0km,SW,10.8km/h/3.0m/s,-,N/A,,Mostly Cloudy
1997-8-31 1:00 PM,33.0°C,37.8°C,23.0°C,55%,1006hPa,-,WSW,7.2km/h/2.0m/s,-,N/A,,Clear
1997-8-31 2:00 PM,33.0°C,36.9°C,22.0°C,52%,1005hPa,-,West,7.2km/h/2.0m/s,-,N/A,,Clear
1997-8-31 3:00 PM,34.0°C,37.1°C,21.0°C,46%,1004hPa,10.0km,SW,10.8km/h/3.0m/s,-,N/A,,Mostly Cloudy
1997-8-31 4:00 PM,32.0°C,35.6°C,22.0°C,55%,1004hPa,10.0km,NNW,25.2km/h/7.0m/s,-,N/A,,Mostly Cloudy
1997-8-31 5:00 PM,31.0°C,33.7°C,21.0°C,55%,1004hPa,10.0km,North,18.0km/h/5.0m/s,-,N/A,,Scattered Clouds
1997-8-31 6:00 PM,30.0°C,32.4°C,21.0°C,58%,1005hPa,10.0km,North,21.6km/h/6.0m/s,-,N/A,,Mostly Cloudy
1997-8-31 7:30 PM,28.0°C,30.2°C,21.0°C,66%,1006hPa,10.0km,North,25.2km/h/7.0m/s,-,N/A,,Scattered Clouds
1997-8-31 8:00 PM,29.0°C,30.7°C,20.0°C,58%,1008hPa,10.0km,North,25.2km/h/7.0m/s,-,N/A,,Partly Cloudy
1997-8-31 9:00 PM,27.0°C,28.5°C,20.0°C,65%,1009hPa,10.0km,North,18.0km/h/5.0m/s,-,N/A,,Partly Cloudy
1997-8-31 10:00 PM,26.0°C,-,21.0°C,74%,1010hPa,10.0km,North,7.2km/h/2.0m/s,-,N/A,,Partly Cloudy
1997-8-31 11:00 PM,25.0°C,-,20.0°C,74%,1011hPa,10.0km,North,10.8km/h/3.0m/s,-,N/A,,Partly Cloudy
