Time (CST),Temp.,Dew Point,Humidity,Pressure,Visibility,Wind Dir,Wind Speed,Gust Speed,Precip,Events,Conditions
1998-11-26 12:00 AM,33.8°F,30.2°F,87%,30.15in,-,Calm,Calm,-,N/A,,Clear
1998-11-26 1:00 AM,30.2°F,28.4°F,93%,30.15in,-,SE,2.2mph,-,N/A,,Clear
1998-11-26 2:00 AM,28.4°F,28.4°F,100%,30.15in,-,ESE,2.2mph,-,N/A,,Clear
1998-11-26 3:00 AM,28.4°F,28.4°F,100%,30.12in,-,Calm,Calm,-,N/A,,Clear
1998-11-26 4:00 AM,26.6°F,24.8°F,93%,30.12in,-,Calm,Calm,-,N/A,,Clear
1998-11-26 5:00 AM,26.6°F,24.8°F,93%,30.15in,-,Calm,Calm,-,N/A,,Clear
1998-11-26 6:00 AM,24.8°F,24.8°F,100%,30.15in,-,SE,2.2mph,-,N/A,,Clear
1998-11-26 7:00 AM,24.8°F,24.8°F,100%,30.15in,2.5mi,Calm,Calm,-,N/A,,Scattered Clouds
1998-11-26 8:00 AM,24.8°F,24.8°F,100%,30.18in,1.0mi,ESE,2.2mph,-,N/A,,Mostly Cloudy
1998-11-26 9:00 AM,28.4°F,26.6°F,93%,30.21in,0.7mi,Calm,Calm,-,N/A,,Mostly Cloudy
1998-11-26 10:00 AM,32.0°F,30.2°F,93%,30.18in,0.8mi,Calm,Calm,-,N/A,,Mostly Cloudy
1998-11-26 11:00 AM,37.4°F,30.2°F,75%,30.15in,0.8mi,Calm,Calm,-,N/A,,Mostly Cloudy
1998-11-26 12:00 PM,39.2°F,32.0°F,75%,-,0.9mi,SW,2.2mph,-,N/A,,Scattered Clouds
1998-11-26 1:00 PM,41.0°F,32.0°F,70%,-,0.9mi,Calm,Calm,-,N/A,,Partly Cloudy
1998-11-26 3:00 PM,41.0°F,32.0°F,70%,30.06in,0.7mi,Calm,Calm,-,N/A,,Smoke
1998-11-26 4:00 PM,41.0°F,33.8°F,76%,30.09in,0.7mi,SW,2.2mph,-,N/A,,Smoke
1998-11-26 5:00 PM,41.0°F,32.0°F,70%,30.09in,0.7mi,Calm,Calm,-,N/A,,Mostly Cloudy
1998-11-26 6:00 PM,39.2°F,32.0°F,75%,30.12in,1.2mi,Calm,Calm,-,N/A,,Overcast
1998-11-26 7:00 PM,37.4°F,32.0°F,81%,30.15in,1.2mi,ESE,2.2mph,-,N/A,,Mostly Cloudy
1998-11-26 8:00 PM,33.8°F,28.4°F,81%,30.18in,1.1mi,ESE,2.2mph,-,N/A,,Scattered Clouds
1998-11-26 9:00 PM,33.8°F,30.2°F,87%,30.18in,1.1mi,Calm,Calm,-,N/A,,Scattered Clouds
1998-11-26 10:00 PM,32.0°F,28.4°F,87%,30.21in,1.0mi,East,2.2mph,-,N/A,,Scattered Clouds
1998-11-26 11:00 PM,32.0°F,28.4°F,87%,30.24in,1.0mi,ESE,2.2mph,-,N/A,,Scattered Clouds
