Time (CST),Temp.,Windchill,Dew Point,Humidity,Pressure,Visibility,Wind Dir,Wind Speed,Gust Speed,Precip,Events,Conditions
1997-11-14 12:00 AM,0.0°C,-,-1.0°C,93%,1018hPa,-,SE,3.6km/h/1.0m/s,-,N/A,,Clear
1997-11-14 1:00 AM,0.0°C,-3.5°C,-1.0°C,93%,1018hPa,-,ENE,10.8km/h/3.0m/s,-,N/A,,Clear
1997-11-14 2:00 AM,1.0°C,-,0.0°C,93%,1017hPa,-,ESE,3.6km/h/1.0m/s,-,N/A,,Clear
1997-11-14 3:00 AM,0.0°C,-,0.0°C,100%,1017hPa,-,ESE,3.6km/h/1.0m/s,-,N/A,,Clear
1997-11-14 4:00 AM,0.0°C,-,0.0°C,100%,1017hPa,-,East,3.6km/h/1.0m/s,-,N/A,,Clear
1997-11-14 5:00 AM,-1.0°C,-,-2.0°C,93%,1016hPa,7.0km,East,3.6km/h/1.0m/s,-,N/A,,Clear
1997-11-14 6:00 AM,-2.0°C,-,-2.0°C,100%,1016hPa,5.0km,ESE,3.6km/h/1.0m/s,-,N/A,,Clear
1997-11-14 7:00 AM,-1.0°C,-3.6°C,-2.0°C,93%,1017hPa,1.8km,SE,7.2km/h/2.0m/s,-,N/A,,Clear
1997-11-14 8:00 AM,-2.0°C,-,-2.0°C,100%,1017hPa,1.6km,SE,3.6km/h/1.0m/s,-,N/A,,Clear
1997-11-14 9:00 AM,1.0°C,-,1.0°C,100%,1018hPa,1.8km,ESE,3.6km/h/1.0m/s,-,N/A,,Clear
1997-11-14 10:00 AM,4.0°C,-,2.0°C,87%,1018hPa,2.3km,ESE,3.6km/h/1.0m/s,-,N/A,,Clear
1997-11-14 11:00 AM,7.0°C,-,1.0°C,66%,1017hPa,3.0km,South,3.6km/h/1.0m/s,-,N/A,,Smoke
1997-11-14 12:00 PM,8.0°C,-,2.0°C,66%,1016hPa,3.0km,SSW,3.6km/h/1.0m/s,-,N/A,,Smoke
1997-11-14 1:00 PM,10.0°C,-,1.0°C,54%,1015hPa,7.0km,SSW,3.6km/h/1.0m/s,-,N/A,,Clear
1997-11-14 2:00 PM,11.0°C,-,0.0°C,47%,1014hPa,7.0km,South,7.2km/h/2.0m/s,-,N/A,,Clear
1997-11-14 3:00 PM,12.0°C,-,0.0°C,44%,1013hPa,10.0km,SW,3.6km/h/1.0m/s,-,N/A,,Clear
1997-11-14 4:00 PM,12.0°C,-,0.0°C,44%,1013hPa,10.0km,NNE,3.6km/h/1.0m/s,-,N/A,,Clear
1997-11-14 5:00 PM,9.0°C,-,2.0°C,62%,1013hPa,10.0km,East,3.6km/h/1.0m/s,-,N/A,,Clear
1997-11-14 6:00 PM,7.0°C,-,1.0°C,66%,1013hPa,8.0km,Calm,Calm,-,N/A,,Clear
1997-11-14 7:00 PM,4.0°C,2.2°C,1.0°C,81%,1013hPa,6.0km,ESE,7.2km/h/2.0m/s,-,N/A,,Clear
1997-11-14 8:00 PM,3.0°C,-,0.0°C,81%,1014hPa,6.0km,SE,3.6km/h/1.0m/s,-,N/A,,Clear
1997-11-14 9:00 PM,3.0°C,-,0.0°C,81%,1014hPa,6.0km,ESE,3.6km/h/1.0m/s,-,N/A,,Clear
1997-11-14 10:00 PM,1.0°C,-,-1.0°C,87%,1015hPa,6.0km,SE,3.6km/h/1.0m/s,-,N/A,,Clear
1997-11-14 11:00 PM,1.0°C,-,-1.0°C,87%,1015hPa,5.0km,ESE,3.6km/h/1.0m/s,-,N/A,,Clear
