Time (CST),Temp.,Windchill,Dew Point,Humidity,Pressure,Visibility,Wind Dir,Wind Speed,Gust Speed,Precip,Events,Conditions
1997-10-13 12:00 AM,7.0°C,-,-1.0°C,57%,1017hPa,10.0km,ESE,3.6km/h/1.0m/s,-,N/A,,Clear
1997-10-13 1:00 AM,6.0°C,4.5°C,-1.0°C,61%,1017hPa,10.0km,ESE,7.2km/h/2.0m/s,-,N/A,,Clear
1997-10-13 2:00 AM,4.0°C,2.2°C,0.0°C,75%,1017hPa,7.0km,East,7.2km/h/2.0m/s,-,N/A,,Clear
1997-10-13 3:00 AM,5.0°C,3.4°C,-1.0°C,65%,1016hPa,7.0km,East,7.2km/h/2.0m/s,-,N/A,,Clear
1997-10-13 4:00 AM,4.0°C,-,0.0°C,75%,1016hPa,7.0km,East,3.6km/h/1.0m/s,-,N/A,,Clear
1997-10-13 5:00 AM,5.0°C,3.4°C,0.0°C,70%,1016hPa,7.0km,ESE,7.2km/h/2.0m/s,-,N/A,,Clear
1997-10-13 6:00 AM,5.0°C,-,1.0°C,76%,1017hPa,4.0km,Calm,Calm,-,N/A,,Smoke
1997-10-13 7:00 AM,3.0°C,1.0°C,0.0°C,81%,1017hPa,4.0km,ESE,7.2km/h/2.0m/s,-,N/A,,Partly Cloudy
1997-10-13 8:00 AM,7.0°C,-,3.0°C,76%,1018hPa,3.0km,ESE,3.6km/h/1.0m/s,-,N/A,,Clear
1997-10-13 9:00 AM,12.0°C,-,3.0°C,54%,1018hPa,3.0km,SSE,7.2km/h/2.0m/s,-,N/A,,Clear
1997-10-13 10:00 AM,19.0°C,-,5.0°C,40%,1018hPa,3.0km,East,7.2km/h/2.0m/s,-,N/A,,Smoke
1997-10-13 11:00 AM,21.0°C,-,4.0°C,33%,1017hPa,5.0km,South,7.2km/h/2.0m/s,-,N/A,,Smoke
1997-10-13 12:00 PM,22.0°C,-,1.0°C,25%,1016hPa,7.0km,ESE,7.2km/h/2.0m/s,-,N/A,,Clear
1997-10-13 1:00 PM,24.0°C,-,-1.0°C,19%,1015hPa,10.0km,WNW,7.2km/h/2.0m/s,-,N/A,,Clear
1997-10-13 2:00 PM,26.0°C,-,-2.0°C,16%,1014hPa,-,North,18.0km/h/5.0m/s,-,N/A,,Clear
1997-10-13 3:00 PM,26.0°C,-,-4.0°C,14%,1013hPa,10.0km,WNW,21.6km/h/6.0m/s,-,N/A,,Clear
1997-10-13 4:00 PM,26.0°C,-,-4.0°C,14%,1013hPa,-,NW,18.0km/h/5.0m/s,-,N/A,,Clear
1997-10-13 5:00 PM,24.0°C,-,-4.0°C,15%,1013hPa,-,NNW,10.8km/h/3.0m/s,-,N/A,,Clear
1997-10-13 6:00 PM,20.0°C,-,-3.0°C,21%,1014hPa,-,WNW,10.8km/h/3.0m/s,-,N/A,,Clear
1997-10-13 7:00 PM,16.0°C,-,-1.0°C,31%,1015hPa,8.0km,NW,7.2km/h/2.0m/s,-,N/A,,Partly Cloudy
1997-10-13 8:00 PM,15.0°C,-,-2.0°C,31%,1016hPa,10.0km,NNW,7.2km/h/2.0m/s,-,N/A,,Clear
1997-10-13 9:00 PM,11.0°C,-,-1.0°C,44%,1017hPa,10.0km,West,7.2km/h/2.0m/s,-,N/A,,Clear
1997-10-13 10:00 PM,12.0°C,-,4.0°C,58%,1017hPa,10.0km,SSE,7.2km/h/2.0m/s,-,N/A,,Clear
1997-10-13 11:00 PM,8.0°C,6.9°C,-1.0°C,53%,1018hPa,10.0km,SE,7.2km/h/2.0m/s,-,N/A,,Clear
