Time (CST),Temp.,Dew Point,Humidity,Pressure,Visibility,Wind Dir,Wind Speed,Gust Speed,Precip,Events,Conditions
1997-5-26 12:00 AM,20.0°C,10.0°C,52%,1007hPa,10.0km,NNW,21.6km/h/6.0m/s,-,N/A,,Partly Cloudy
1997-5-26 1:00 AM,20.0°C,9.0°C,49%,1007hPa,10.0km,ENE,7.2km/h/2.0m/s,-,N/A,,Scattered Clouds
1997-5-26 2:00 AM,20.0°C,10.0°C,52%,1007hPa,10.0km,Calm,Calm,-,N/A,,Scattered Clouds
1997-5-26 4:00 AM,19.0°C,10.0°C,56%,1008hPa,10.0km,North,18.0km/h/5.0m/s,-,N/A,,Clear
1997-5-26 5:00 AM,18.0°C,10.0°C,59%,1009hPa,10.0km,North,18.0km/h/5.0m/s,-,N/A,,Clear
1997-5-26 6:00 AM,17.0°C,10.0°C,63%,1009hPa,10.0km,Calm,Calm,-,N/A,,Clear
1997-5-26 7:00 AM,18.0°C,10.0°C,59%,1010hPa,10.0km,West,7.2km/h/2.0m/s,-,N/A,,Clear
1997-5-26 8:00 AM,21.0°C,4.0°C,33%,1010hPa,10.0km,NNW,10.8km/h/3.0m/s,-,N/A,,Clear
1997-5-26 9:00 AM,23.0°C,6.0°C,33%,1010hPa,10.0km,NW,7.2km/h/2.0m/s,-,N/A,,Clear
1997-5-26 10:00 AM,23.0°C,6.0°C,33%,1010hPa,10.0km,Calm,Calm,-,N/A,,Clear
1997-5-26 11:00 AM,25.0°C,5.0°C,28%,1010hPa,10.0km,ENE,7.2km/h/2.0m/s,-,N/A,,Clear
1997-5-26 12:00 PM,26.0°C,4.0°C,24%,1009hPa,10.0km,NNE,7.2km/h/2.0m/s,-,N/A,,Clear
1997-5-26 1:00 PM,26.0°C,2.0°C,21%,1009hPa,10.0km,SSE,7.2km/h/2.0m/s,-,N/A,,Clear
1997-5-26 2:00 PM,28.0°C,1.0°C,17%,1008hPa,10.0km,North,7.2km/h/2.0m/s,-,N/A,,Partly Cloudy
1997-5-26 3:00 PM,29.0°C,0.0°C,15%,1008hPa,10.0km,North,7.2km/h/2.0m/s,-,N/A,,Partly Cloudy
1997-5-26 4:00 PM,29.0°C,0.0°C,15%,1007hPa,10.0km,WNW,7.2km/h/2.0m/s,-,N/A,,Partly Cloudy
1997-5-26 5:00 PM,29.0°C,0.0°C,15%,1007hPa,10.0km,East,7.2km/h/2.0m/s,-,N/A,,Scattered Clouds
1997-5-26 6:00 PM,27.0°C,-1.0°C,16%,1007hPa,-,NNE,10.8km/h/3.0m/s,-,N/A,,Clear
1997-5-26 7:00 PM,26.0°C,-1.0°C,17%,1008hPa,-,NNE,14.4km/h/4.0m/s,-,N/A,,Clear
1997-5-26 8:00 PM,25.0°C,0.0°C,19%,1008hPa,-,NE,7.2km/h/2.0m/s,-,N/A,,Clear
1997-5-26 9:00 PM,23.0°C,-3.0°C,18%,1009hPa,-,ENE,14.4km/h/4.0m/s,-,N/A,,Clear
1997-5-26 10:00 PM,22.0°C,8.0°C,41%,1009hPa,-,ENE,28.8km/h/8.0m/s,-,N/A,,Clear
1997-5-26 11:00 PM,21.0°C,9.0°C,46%,1010hPa,-,ENE,28.8km/h/8.0m/s,-,N/A,,Clear
