Time (CST),Temp.,Windchill,Dew Point,Humidity,Pressure,Visibility,Wind Dir,Wind Speed,Gust Speed,Precip,Events,Conditions
1997-11-3 12:00 AM,9.0°C,-,0.0°C,54%,1021hPa,-,ENE,7.2km/h/2.0m/s,-,N/A,,Clear
1997-11-3 1:00 AM,7.0°C,-,0.0°C,61%,1021hPa,-,ESE,3.6km/h/1.0m/s,-,N/A,,Clear
1997-11-3 2:00 AM,6.0°C,-,0.0°C,66%,1021hPa,6.0km,Calm,Calm,-,N/A,,Mostly Cloudy
1997-11-3 3:00 AM,5.0°C,-,-1.0°C,65%,1021hPa,6.0km,Calm,Calm,-,N/A,,Mostly Cloudy
1997-11-3 4:00 AM,4.0°C,-,0.0°C,75%,1020hPa,-,NE,3.6km/h/1.0m/s,-,N/A,,Clear
1997-11-3 5:00 AM,2.0°C,-,-2.0°C,75%,1021hPa,-,ESE,3.6km/h/1.0m/s,-,N/A,,Clear
1997-11-3 6:00 AM,1.0°C,-,-2.0°C,81%,1021hPa,8.0km,ENE,3.6km/h/1.0m/s,-,N/A,,Clear
1997-11-3 7:00 AM,2.0°C,-,-1.0°C,81%,1022hPa,4.0km,SE,3.6km/h/1.0m/s,-,N/A,,Partly Cloudy
1997-11-3 8:00 AM,2.0°C,-,-1.0°C,81%,1023hPa,3.0km,Calm,Calm,-,N/A,,Clear
1997-11-3 9:00 AM,6.0°C,-,-2.0°C,57%,1024hPa,1.6km,WSW,3.6km/h/1.0m/s,-,N/A,,Partly Cloudy
1997-11-3 10:00 AM,9.0°C,-,-4.0°C,40%,1025hPa,2.6km,WSW,3.6km/h/1.0m/s,-,N/A,,Smoke
1997-11-3 11:00 AM,13.0°C,-,-3.0°C,33%,1024hPa,2.6km,SW,7.2km/h/2.0m/s,-,N/A,,Smoke
1997-11-3 12:00 PM,14.0°C,-,-4.0°C,29%,1023hPa,6.0km,WNW,3.6km/h/1.0m/s,-,N/A,,Clear
1997-11-3 1:00 PM,-,-,-,N/A%,-,-,Variable,3.6km/h/1.0m/s,-,N/A,,Unknown
1997-11-3 2:00 PM,16.0°C,-,-5.0°C,23%,1022hPa,10.0km,West,7.2km/h/2.0m/s,-,N/A,,Mostly Cloudy
1997-11-3 3:00 PM,-,-,-,N/A%,-,6.0km,West,7.2km/h/2.0m/s,-,N/A,,Clear
1997-11-3 4:00 PM,15.0°C,-,-8.0°C,20%,1022hPa,-,North,7.2km/h/2.0m/s,-,N/A,,Clear
1997-11-3 9:00 PM,7.0°C,4.9°C,-9.0°C,31%,1027hPa,10.0km,NW,10.8km/h/3.0m/s,-,N/A,,Clear
1997-11-3 10:00 PM,8.0°C,-,-8.0°C,32%,1029hPa,10.0km,West,3.6km/h/1.0m/s,-,N/A,,Clear
1997-11-3 11:00 PM,7.0°C,4.9°C,-9.0°C,31%,1029hPa,10.0km,North,10.8km/h/3.0m/s,-,N/A,,Clear
