Time (CST),Temp.,Windchill,Dew Point,Humidity,Pressure,Visibility,Wind Dir,Wind Speed,Gust Speed,Precip,Events,Conditions
1998-12-30 12:00 AM,28.4°F,-,5.0°F,37%,30.33in,-,Calm,Calm,-,N/A,,Clear
1998-12-30 3:00 AM,32.0°F,21.4°F,15.8°F,51%,30.33in,-,NNW,15.7mph,-,N/A,,Clear
1998-12-30 4:00 AM,32.0°F,25.7°F,12.2°F,44%,30.33in,-,NW,6.7mph,-,N/A,,Clear
1998-12-30 5:00 AM,30.2°F,19.9°F,8.6°F,40%,30.30in,-,North,13.4mph,-,N/A,,Clear
1998-12-30 6:00 AM,28.4°F,-,6.8°F,40%,30.33in,-,NNW,2.2mph,-,N/A,,Clear
1998-12-30 8:00 AM,28.4°F,19.9°F,6.8°F,40%,30.33in,-,NNW,8.9mph,-,N/A,,Clear
1998-12-30 9:00 AM,28.4°F,-,6.8°F,40%,30.33in,-,WNW,2.2mph,-,N/A,,Clear
1998-12-30 10:00 AM,32.0°F,24.3°F,10.4°F,41%,30.33in,-,WNW,8.9mph,-,N/A,,Clear
1998-12-30 11:00 AM,33.8°F,27.9°F,6.8°F,32%,30.33in,-,WNW,6.7mph,-,N/A,,Clear
1998-12-30 12:00 PM,35.6°F,27.7°F,6.8°F,30%,30.30in,-,NW,11.2mph,-,N/A,,Clear
1998-12-30 1:00 PM,37.4°F,32.2°F,6.8°F,28%,30.27in,-,North,6.7mph,-,N/A,,Clear
1998-12-30 2:00 PM,39.2°F,36.0°F,10.4°F,31%,30.24in,-,SSW,4.5mph,-,N/A,,Clear
1998-12-30 3:00 PM,39.2°F,36.0°F,10.4°F,31%,30.21in,-,WSW,4.5mph,-,N/A,,Clear
1998-12-30 4:00 PM,37.4°F,33.9°F,10.4°F,33%,30.24in,-,SSW,4.5mph,-,N/A,,Clear
1998-12-30 5:00 PM,35.6°F,-,10.4°F,35%,30.24in,-,SSW,2.2mph,-,N/A,,Clear
1998-12-30 6:00 PM,30.2°F,-,8.6°F,40%,30.24in,-,Calm,Calm,-,N/A,,Clear
1998-12-30 7:00 PM,30.2°F,-,10.4°F,44%,30.27in,-,Calm,Calm,-,N/A,,Clear
1998-12-30 8:00 PM,24.8°F,-,8.6°F,50%,30.30in,-,ESE,2.2mph,-,N/A,,Clear
1998-12-30 9:00 PM,23.0°F,-,6.8°F,50%,30.30in,-,SE,2.2mph,-,N/A,,Clear
1998-12-30 10:00 PM,21.2°F,-,6.8°F,54%,30.33in,-,East,2.2mph,-,N/A,,Clear
1998-12-30 11:00 PM,19.4°F,-,6.8°F,58%,30.33in,-,East,2.2mph,-,N/A,,Clear
