Time (CST),Temp.,Windchill,Dew Point,Humidity,Pressure,Visibility,Wind Dir,Wind Speed,Gust Speed,Precip,Events,Conditions
1998-11-23 12:00 AM,33.8°F,-,14.0°F,44%,30.09in,6.2mi,ESE,2.2mph,-,N/A,,Clear
1998-11-23 1:00 AM,32.0°F,27.6°F,14.0°F,48%,30.09in,6.2mi,NE,4.5mph,-,N/A,,Clear
1998-11-23 2:00 AM,33.8°F,-,15.8°F,48%,30.12in,6.2mi,East,2.2mph,-,N/A,,Clear
1998-11-23 3:00 AM,32.0°F,-,14.0°F,48%,30.12in,6.2mi,ENE,2.2mph,-,N/A,,Clear
1998-11-23 4:00 AM,28.4°F,23.4°F,15.8°F,59%,30.09in,6.2mi,SE,4.5mph,-,N/A,,Clear
1998-11-23 5:00 AM,28.4°F,-,15.8°F,59%,30.09in,6.2mi,ESE,2.2mph,-,N/A,,Clear
1998-11-23 6:00 AM,32.0°F,-,15.8°F,51%,30.09in,6.2mi,East,2.2mph,-,N/A,,Clear
1998-11-23 8:00 AM,28.4°F,23.4°F,17.6°F,64%,30.12in,2.5mi,ESE,4.5mph,-,N/A,,Haze
1998-11-23 9:00 AM,37.4°F,-,19.4°F,48%,30.15in,3.1mi,Calm,Calm,-,N/A,,Clear
1998-11-23 10:00 AM,42.8°F,40.2°F,19.4°F,39%,30.15in,3.1mi,ESE,4.5mph,-,N/A,,Haze
1998-11-23 11:00 AM,50.0°F,-,19.4°F,30%,30.12in,3.7mi,South,2.2mph,-,N/A,,Clear
1998-11-23 12:00 PM,55.4°F,-,21.2°F,26%,30.09in,3.7mi,SW,6.7mph,-,N/A,,Clear
1998-11-23 1:00 PM,60.8°F,-,19.4°F,20%,30.06in,3.7mi,West,8.9mph,-,N/A,,Clear
1998-11-23 2:00 PM,60.8°F,-,19.4°F,20%,30.06in,-,NW,6.7mph,-,N/A,,Clear
1998-11-23 3:00 PM,62.6°F,-,19.4°F,19%,30.04in,-,NNW,8.9mph,-,N/A,,Clear
1998-11-23 4:00 PM,60.8°F,-,15.8°F,17%,30.06in,-,West,13.4mph,-,N/A,,Clear
1998-11-23 5:00 PM,57.2°F,-,17.6°F,21%,30.06in,-,West,6.7mph,-,N/A,,Clear
1998-11-23 6:00 PM,55.4°F,-,17.6°F,23%,30.09in,-,North,8.9mph,-,N/A,,Clear
1998-11-23 7:00 PM,53.6°F,-,19.4°F,26%,30.12in,-,NNW,8.9mph,-,N/A,,Clear
1998-11-23 8:00 PM,51.8°F,-,19.4°F,28%,30.15in,-,Calm,Calm,-,N/A,,Clear
1998-11-23 9:00 PM,50.0°F,-,19.4°F,30%,30.15in,-,West,6.7mph,-,N/A,,Clear
1998-11-23 10:00 PM,44.6°F,42.3°F,19.4°F,37%,30.18in,-,West,4.5mph,-,N/A,,Clear
1998-11-23 11:00 PM,50.0°F,-,19.4°F,30%,30.18in,-,WNW,8.9mph,-,N/A,,Clear
