Time (CST),Temp.,Windchill,Dew Point,Humidity,Pressure,Visibility,Wind Dir,Wind Speed,Gust Speed,Precip,Events,Conditions
1997-12-22 12:00 AM,-7.0°C,-10.6°C,-10.0°C,80%,1030hPa,2.4km,ESE,7.2km/h/2.0m/s,-,N/A,,Clear
1997-12-22 1:00 AM,-7.0°C,-10.6°C,-9.0°C,86%,1031hPa,2.4km,ESE,7.2km/h/2.0m/s,-,N/A,,Clear
1997-12-22 2:00 AM,-8.0°C,-,-10.0°C,86%,1031hPa,2.4km,Calm,Calm,-,N/A,,Clear
1997-12-22 3:00 AM,-10.0°C,-14.1°C,-13.0°C,79%,1030hPa,2.4km,SE,7.2km/h/2.0m/s,-,N/A,,Clear
1997-12-22 4:00 AM,-8.0°C,-,-10.0°C,86%,1030hPa,2.4km,Calm,Calm,-,N/A,,Clear
1997-12-22 5:00 AM,-9.0°C,-,-12.0°C,79%,1030hPa,2.0km,Calm,Calm,-,N/A,,Scattered Clouds
1997-12-22 6:00 AM,-11.0°C,-,-13.0°C,85%,1030hPa,2.0km,ESE,3.6km/h/1.0m/s,-,N/A,,Scattered Clouds
1997-12-22 7:00 AM,-11.0°C,-15.3°C,-12.0°C,92%,1030hPa,2.3km,ESE,7.2km/h/2.0m/s,-,N/A,,Clear
1997-12-22 8:00 AM,-10.0°C,-,-12.0°C,86%,1030hPa,2.0km,Calm,Calm,-,N/A,,Clear
1997-12-22 9:00 AM,-9.0°C,-,-11.0°C,86%,1031hPa,2.1km,ESE,3.6km/h/1.0m/s,-,N/A,,Clear
1997-12-22 10:00 AM,-6.0°C,-,-8.0°C,86%,1031hPa,1.6km,Calm,Calm,-,N/A,,Clear
1997-12-22 11:00 AM,-3.0°C,-,-8.0°C,69%,1030hPa,1.6km,South,3.6km/h/1.0m/s,-,N/A,,Clear
1997-12-22 12:00 PM,2.0°C,-,-5.0°C,60%,1029hPa,1.5km,Calm,Calm,-,N/A,,Smoke
1997-12-22 1:00 PM,0.0°C,-,-8.0°C,55%,1028hPa,1.8km,Calm,Calm,-,N/A,,Smoke
1997-12-22 2:00 PM,2.0°C,-,-8.0°C,48%,1027hPa,2.2km,Calm,Calm,-,N/A,,Smoke
1997-12-22 3:00 PM,2.0°C,-,-8.0°C,48%,1027hPa,2.6km,Calm,Calm,-,N/A,,Smoke
1997-12-22 4:00 PM,2.0°C,-,-8.0°C,48%,1026hPa,2.6km,Calm,Calm,-,N/A,,Smoke
1997-12-22 5:00 PM,-1.0°C,-,-9.0°C,55%,1027hPa,3.0km,Calm,Calm,-,N/A,,Smoke
1997-12-22 6:00 PM,-4.0°C,-,-9.0°C,69%,1027hPa,3.0km,Calm,Calm,-,N/A,,Smoke
1997-12-22 7:00 PM,-5.0°C,-,-10.0°C,68%,1027hPa,1.8km,ENE,3.6km/h/1.0m/s,-,N/A,,Smoke
1997-12-22 8:00 PM,-6.0°C,-,-11.0°C,68%,1027hPa,2.0km,Calm,Calm,-,N/A,,Smoke
1997-12-22 9:00 PM,-7.0°C,-,-11.0°C,74%,1027hPa,2.0km,ESE,3.6km/h/1.0m/s,-,N/A,,Clear
1997-12-22 10:00 PM,-7.0°C,-,-10.0°C,80%,1027hPa,2.0km,ESE,3.6km/h/1.0m/s,-,N/A,,Clear
1997-12-22 11:00 PM,-7.0°C,-,-11.0°C,74%,1027hPa,2.0km,ESE,3.6km/h/1.0m/s,-,N/A,,Clear
