Time (CST),Temp.,Windchill,Dew Point,Humidity,Pressure,Visibility,Wind Dir,Wind Speed,Gust Speed,Precip,Events,Conditions
1998-2-1 12:00 AM,-3.0°C,-5.9°C,-7.0°C,74%,1028hPa,7.0km,East,7.2km/h/2.0m/s,-,N/A,,Overcast
1998-2-1 1:00 AM,-4.0°C,-,-7.0°C,80%,1028hPa,7.0km,East,3.6km/h/1.0m/s,-,N/A,,Overcast
1998-2-1 2:00 AM,-4.0°C,-,-7.0°C,80%,1027hPa,8.0km,Calm,Calm,-,N/A,,Overcast
1998-2-1 3:00 AM,-4.0°C,-,-7.0°C,80%,1027hPa,8.0km,Calm,Calm,-,N/A,,Overcast
1998-2-1 4:00 AM,-4.0°C,-,-7.0°C,80%,-,8.0km,Calm,Calm,-,N/A,,Overcast
1998-2-1 5:00 AM,-3.0°C,-,-7.0°C,74%,1027hPa,7.0km,Calm,Calm,-,N/A,,Overcast
1998-2-1 6:00 AM,-3.0°C,-,-7.0°C,74%,1027hPa,5.0km,Variable,3.6km/h/1.0m/s,-,N/A,,Overcast
1998-2-1 7:00 AM,-4.0°C,-7.1°C,-7.0°C,80%,1027hPa,6.0km,SSE,7.2km/h/2.0m/s,-,N/A,,Overcast
1998-2-1 8:00 AM,-4.0°C,-,-7.0°C,80%,1027hPa,4.0km,Calm,Calm,-,N/A,,Overcast
1998-2-1 9:00 AM,-4.0°C,-,-6.0°C,86%,1028hPa,4.0km,SSE,3.6km/h/1.0m/s,-,N/A,,Overcast
1998-2-1 10:00 AM,-3.0°C,-,-6.0°C,80%,1028hPa,3.0km,Calm,Calm,-,N/A,Snow,Light Snow
1998-2-1 12:00 PM,-2.0°C,-,-5.0°C,80%,1027hPa,2.2km,ESE,3.6km/h/1.0m/s,-,N/A,,Overcast
1998-2-1 1:00 PM,-,-,-,N/A%,1026hPa,2.6km,Calm,Calm,-,N/A,,Overcast
1998-2-1 2:00 PM,0.0°C,-,-5.0°C,69%,1025hPa,-,Calm,Calm,-,N/A,,Overcast
1998-2-1 3:00 PM,0.0°C,-,-5.0°C,69%,1025hPa,4.0km,Calm,Calm,-,N/A,,Overcast
1998-2-1 4:00 PM,0.0°C,-,-5.0°C,69%,1025hPa,3.5km,Calm,Calm,-,N/A,,Overcast
1998-2-1 5:00 PM,0.0°C,-,-5.0°C,69%,1024hPa,3.5km,Calm,Calm,-,N/A,,Overcast
1998-2-1 6:00 PM,0.0°C,-,-5.0°C,69%,1025hPa,3.5km,Calm,Calm,-,N/A,,Overcast
1998-2-1 7:00 PM,-1.0°C,-,-6.0°C,69%,1025hPa,5.0km,Calm,Calm,-,N/A,,Overcast
1998-2-1 8:00 PM,-2.0°C,-,-6.0°C,74%,1024hPa,4.0km,Calm,Calm,-,N/A,,Overcast
1998-2-1 9:00 PM,-2.0°C,-,-6.0°C,74%,1025hPa,4.0km,Calm,Calm,-,N/A,,Overcast
1998-2-1 10:00 PM,-2.0°C,-,-6.0°C,74%,1025hPa,5.0km,Calm,Calm,-,N/A,,Overcast
1998-2-1 11:00 PM,-1.0°C,-,-6.0°C,69%,1025hPa,5.0km,Calm,Calm,-,N/A,,Overcast
