Time (CST),Temp.,Windchill,Dew Point,Humidity,Pressure,Visibility,Wind Dir,Wind Speed,Gust Speed,Precip,Events,Conditions
1997-4-6 12:00 AM,9.0°C,-,1.0°C,58%,1014hPa,10.0km,ENE,7.2km/h/2.0m/s,-,N/A,,Clear
1997-4-6 2:00 AM,8.0°C,-,2.0°C,66%,1014hPa,10.0km,Calm,Calm,-,N/A,,Clear
1997-4-6 3:00 AM,7.0°C,-,1.0°C,66%,1013hPa,10.0km,Calm,Calm,-,N/A,,Clear
1997-4-6 4:00 AM,6.0°C,-,1.0°C,70%,1014hPa,10.0km,Calm,Calm,-,N/A,,Clear
1997-4-6 5:00 AM,6.0°C,-,2.0°C,76%,1014hPa,10.0km,Calm,Calm,-,N/A,,Clear
1997-4-6 6:00 AM,5.0°C,3.4°C,1.0°C,76%,1013hPa,8.0km,South,7.2km/h/2.0m/s,-,N/A,,Clear
1997-4-6 7:00 AM,6.0°C,-,2.0°C,76%,1015hPa,8.0km,Calm,Calm,-,N/A,,Clear
1997-4-6 8:00 AM,7.0°C,-,3.0°C,76%,1015hPa,4.0km,Calm,Calm,-,N/A,,Smoke
1997-4-6 9:00 AM,9.0°C,-,4.0°C,71%,1015hPa,4.0km,Calm,Calm,-,N/A,,Smoke
1997-4-6 10:00 AM,13.0°C,-,1.0°C,44%,1015hPa,6.0km,SW,7.2km/h/2.0m/s,-,N/A,,Clear
1997-4-6 11:00 AM,15.0°C,-,1.0°C,39%,1014hPa,10.0km,West,7.2km/h/2.0m/s,-,N/A,,Clear
1997-4-6 12:00 PM,19.0°C,-,3.0°C,35%,1013hPa,10.0km,Calm,Calm,-,N/A,,Clear
1997-4-6 1:00 PM,21.0°C,-,0.0°C,25%,1012hPa,10.0km,WSW,14.4km/h/4.0m/s,-,N/A,,Clear
1997-4-6 2:00 PM,21.0°C,-,-2.0°C,21%,1010hPa,10.0km,Calm,Calm,-,N/A,,Clear
1997-4-6 3:00 PM,22.0°C,-,-2.0°C,20%,1009hPa,10.0km,SSW,10.8km/h/3.0m/s,-,N/A,,Clear
1997-4-6 4:00 PM,23.0°C,-,1.0°C,23%,1009hPa,10.0km,West,14.4km/h/4.0m/s,-,N/A,,Clear
1997-4-6 7:00 PM,19.0°C,-,5.0°C,40%,1008hPa,10.0km,SW,10.8km/h/3.0m/s,-,N/A,,Clear
1997-4-6 8:00 PM,18.0°C,-,5.0°C,42%,1009hPa,10.0km,East,25.2km/h/7.0m/s,-,N/A,,Clear
1997-4-6 9:00 PM,16.0°C,-,5.0°C,48%,1010hPa,10.0km,East,25.2km/h/7.0m/s,-,N/A,,Clear
1997-4-6 10:00 PM,15.0°C,-,6.0°C,55%,1010hPa,10.0km,East,21.6km/h/6.0m/s,-,N/A,,Clear
1997-4-6 11:00 PM,14.0°C,-,6.0°C,59%,1010hPa,10.0km,East,18.0km/h/5.0m/s,-,N/A,,Clear
