Time (CST),Temp.,Dew Point,Humidity,Pressure,Visibility,Wind Dir,Wind Speed,Gust Speed,Precip,Events,Conditions
1997-6-17 12:00 AM,25.0°C,11.0°C,41%,1013hPa,-,South,10.8km/h/3.0m/s,-,N/A,,Clear
1997-6-17 1:00 AM,24.0°C,10.0°C,41%,1012hPa,10.0km,SSE,18.0km/h/5.0m/s,-,N/A,,Overcast
1997-6-17 2:00 AM,24.0°C,11.0°C,44%,1012hPa,10.0km,SSW,14.4km/h/4.0m/s,-,N/A,,Overcast
1997-6-17 4:00 AM,22.0°C,13.0°C,57%,1012hPa,-,SW,10.8km/h/3.0m/s,-,N/A,,Clear
1997-6-17 5:00 AM,22.0°C,12.0°C,53%,1013hPa,-,SSW,21.6km/h/6.0m/s,-,N/A,,Clear
1997-6-17 6:00 AM,21.0°C,13.0°C,60%,1013hPa,-,SSW,18.0km/h/5.0m/s,-,N/A,,Clear
1997-6-17 7:00 AM,20.0°C,14.0°C,68%,1013hPa,6.0km,WSW,14.4km/h/4.0m/s,-,N/A,,Overcast
1997-6-17 8:00 AM,20.0°C,14.0°C,68%,-,8.0km,SSW,21.6km/h/6.0m/s,-,N/A,Rain,Light Rain Showers
1997-6-17 9:00 AM,20.0°C,14.0°C,68%,1014hPa,8.0km,SSW,21.6km/h/6.0m/s,-,N/A,,Overcast
1997-6-17 10:00 AM,20.0°C,14.0°C,68%,1013hPa,10.0km,West,7.2km/h/2.0m/s,-,N/A,,Overcast
1997-6-17 11:00 AM,21.0°C,14.0°C,64%,1013hPa,-,South,14.4km/h/4.0m/s,-,N/A,,Clear
1997-6-17 12:00 PM,23.0°C,13.0°C,53%,1012hPa,-,South,18.0km/h/5.0m/s,-,N/A,,Clear
1997-6-17 1:00 PM,23.0°C,14.0°C,57%,1011hPa,-,South,21.6km/h/6.0m/s,-,N/A,,Clear
1997-6-17 2:00 PM,26.0°C,13.0°C,44%,1010hPa,-,South,18.0km/h/5.0m/s,-,N/A,,Clear
1997-6-17 3:00 PM,26.0°C,11.0°C,39%,1009hPa,-,SSE,10.8km/h/3.0m/s,-,N/A,,Clear
1997-6-17 4:00 PM,27.0°C,11.0°C,37%,1008hPa,-,SSW,10.8km/h/3.0m/s,-,N/A,,Clear
1997-6-17 5:00 PM,28.0°C,10.0°C,32%,1008hPa,-,SW,18.0km/h/5.0m/s,-,N/A,,Clear
1997-6-17 6:00 PM,28.0°C,11.0°C,35%,1007hPa,-,SSW,14.4km/h/4.0m/s,-,N/A,,Clear
1997-6-17 7:00 PM,28.0°C,11.0°C,35%,1007hPa,-,SW,10.8km/h/3.0m/s,-,N/A,,Clear
1997-6-17 8:00 PM,27.0°C,11.0°C,37%,1008hPa,-,Calm,Calm,-,N/A,,Clear
1997-6-17 9:00 PM,25.0°C,11.0°C,41%,1008hPa,-,South,7.2km/h/2.0m/s,-,N/A,,Clear
1997-6-17 10:00 PM,22.0°C,13.0°C,57%,1008hPa,10.0km,ESE,21.6km/h/6.0m/s,-,N/A,Rain,Light Rain Showers
1997-6-17 11:00 PM,22.0°C,13.0°C,57%,1010hPa,10.0km,ENE,7.2km/h/2.0m/s,-,N/A,,Mostly Cloudy
