Time (CST),Temp.,Dew Point,Humidity,Pressure,Visibility,Wind Dir,Wind Speed,Gust Speed,Precip,Events,Conditions
1997-12-4 12:00 AM,-7.0°C,-12.0°C,68%,1025hPa,6.0km,Calm,Calm,-,N/A,,Clear
1997-12-4 1:00 AM,-9.0°C,-13.0°C,73%,1024hPa,6.0km,Calm,Calm,-,N/A,,Clear
1997-12-4 2:00 AM,-8.0°C,-12.0°C,73%,1024hPa,6.0km,Calm,Calm,-,N/A,,Clear
1997-12-4 3:00 AM,-8.0°C,-12.0°C,73%,1024hPa,6.0km,SE,3.6km/h/1.0m/s,-,N/A,,Clear
1997-12-4 4:00 AM,-10.0°C,-13.0°C,79%,1024hPa,6.0km,ESE,3.6km/h/1.0m/s,-,N/A,,Clear
1997-12-4 5:00 AM,-10.0°C,-12.0°C,86%,1024hPa,6.0km,East,3.6km/h/1.0m/s,-,N/A,,Clear
1997-12-4 6:00 AM,-9.0°C,-12.0°C,79%,1024hPa,6.0km,Calm,Calm,-,N/A,,Clear
1997-12-4 7:00 AM,-11.0°C,-13.0°C,85%,1024hPa,6.0km,ESE,3.6km/h/1.0m/s,-,N/A,,Clear
1997-12-4 8:00 AM,-10.0°C,-12.0°C,86%,1024hPa,6.0km,ESE,3.6km/h/1.0m/s,-,N/A,,Clear
1997-12-4 9:00 AM,-7.0°C,-9.0°C,86%,1025hPa,3.0km,Calm,Calm,-,N/A,,Clear
1997-12-4 10:00 AM,-4.0°C,-9.0°C,69%,1025hPa,3.0km,Calm,Calm,-,N/A,,Clear
1997-12-4 11:00 AM,-1.0°C,-9.0°C,55%,1025hPa,2.6km,North,3.6km/h/1.0m/s,-,N/A,,Clear
1997-12-4 12:00 PM,1.0°C,-8.0°C,52%,1024hPa,4.0km,Calm,Calm,-,N/A,,Smoke
1997-12-4 1:00 PM,3.0°C,-7.0°C,48%,1022hPa,4.0km,SW,3.6km/h/1.0m/s,-,N/A,,Smoke
1997-12-4 2:00 PM,4.0°C,-7.0°C,45%,1022hPa,5.0km,Calm,Calm,-,N/A,,Smoke
1997-12-4 3:00 PM,5.0°C,-7.0°C,42%,1021hPa,6.0km,Calm,Calm,-,N/A,,Clear
1997-12-4 4:00 PM,3.0°C,-6.0°C,52%,1022hPa,8.0km,West,3.6km/h/1.0m/s,-,N/A,,Scattered Clouds
1997-12-4 5:00 PM,3.0°C,-6.0°C,52%,1022hPa,6.0km,Calm,Calm,-,N/A,,Scattered Clouds
1997-12-4 6:00 PM,-1.0°C,-7.0°C,64%,1022hPa,3.0km,NNW,3.6km/h/1.0m/s,-,N/A,,Smoke
1997-12-4 7:00 PM,-2.0°C,-7.0°C,69%,1023hPa,4.0km,NE,3.6km/h/1.0m/s,-,N/A,,Clear
1997-12-4 8:00 PM,-3.0°C,-8.0°C,69%,1022hPa,3.0km,Calm,Calm,-,N/A,,Clear
1997-12-4 9:00 PM,-3.0°C,-8.0°C,69%,1023hPa,3.0km,East,3.6km/h/1.0m/s,-,N/A,,Clear
1997-12-4 10:00 PM,-2.0°C,-7.0°C,69%,1024hPa,3.0km,NE,3.6km/h/1.0m/s,-,N/A,,Clear
1997-12-4 11:00 PM,-4.0°C,-7.0°C,80%,1023hPa,3.0km,SSW,3.6km/h/1.0m/s,-,N/A,,Clear
