Time (CST),Temp.,Windchill,Dew Point,Humidity,Pressure,Visibility,Wind Dir,Wind Speed,Gust Speed,Precip,Events,Conditions
1998-11-13 12:00 AM,33.8°F,-,23.0°F,65%,29.95in,6.2mi,East,2.2mph,-,N/A,,Clear
1998-11-13 1:00 AM,35.6°F,-,23.0°F,60%,29.92in,6.2mi,ESE,2.2mph,-,N/A,,Clear
1998-11-13 2:00 AM,33.8°F,-,23.0°F,65%,29.92in,6.2mi,ESE,2.2mph,-,N/A,,Clear
1998-11-13 4:00 AM,30.2°F,-,23.0°F,75%,29.89in,6.2mi,Calm,Calm,-,N/A,,Clear
1998-11-13 5:00 AM,30.2°F,-,23.0°F,75%,29.92in,6.2mi,Calm,Calm,-,N/A,,Clear
1998-11-13 6:00 AM,30.2°F,-,23.0°F,75%,29.92in,5.0mi,Calm,Calm,-,N/A,,Clear
1998-11-13 7:00 AM,32.0°F,-,23.0°F,69%,29.92in,3.7mi,Calm,Calm,-,N/A,,Clear
1998-11-13 9:00 AM,37.4°F,33.9°F,28.4°F,70%,29.98in,1.2mi,SE,4.5mph,-,N/A,,Smoke
1998-11-13 11:00 AM,50.0°F,-,26.6°F,40%,29.95in,1.6mi,SSE,2.2mph,-,N/A,,Smoke
1998-11-13 12:00 PM,53.6°F,-,28.4°F,38%,29.92in,2.5mi,SSE,4.5mph,-,N/A,,Smoke
1998-11-13 2:00 PM,62.6°F,-,26.6°F,26%,29.86in,2.5mi,South,4.5mph,-,N/A,,Smoke
1998-11-13 3:00 PM,64.4°F,-,24.8°F,22%,29.86in,3.1mi,South,2.2mph,-,N/A,,Smoke
1998-11-13 4:00 PM,64.4°F,-,26.6°F,24%,29.83in,3.7mi,SE,2.2mph,-,N/A,,Clear
1998-11-13 5:00 PM,59.0°F,-,26.6°F,29%,29.86in,3.1mi,Calm,Calm,-,N/A,,Smoke
1998-11-13 6:00 PM,53.6°F,-,24.8°F,33%,29.86in,3.7mi,East,2.2mph,-,N/A,,Clear
1998-11-13 7:00 PM,48.2°F,-,24.8°F,40%,29.89in,2.8mi,East,2.2mph,-,N/A,,Smoke
1998-11-13 8:00 PM,44.6°F,-,24.8°F,46%,29.89in,3.1mi,SE,2.2mph,-,N/A,,Smoke
1998-11-13 9:00 PM,41.0°F,38.1°F,23.0°F,49%,29.92in,3.7mi,East,4.5mph,-,N/A,,Partly Cloudy
1998-11-13 10:00 PM,39.2°F,-,23.0°F,52%,29.95in,3.7mi,ESE,2.2mph,-,N/A,,Partly Cloudy
1998-11-13 11:00 PM,37.4°F,33.9°F,24.8°F,60%,29.95in,3.7mi,ESE,4.5mph,-,N/A,,Partly Cloudy
