Time (CST),Temp.,Dew Point,Humidity,Pressure,Visibility,Wind Dir,Wind Speed,Gust Speed,Precip,Events,Conditions
1997-6-23 12:00 AM,27.0°C,8.0°C,30%,1009hPa,-,Calm,Calm,-,N/A,,Clear
1997-6-23 1:00 AM,25.0°C,7.0°C,32%,1009hPa,-,ESE,7.2km/h/2.0m/s,-,N/A,,Clear
1997-6-23 2:00 AM,24.0°C,8.0°C,36%,1008hPa,-,Calm,Calm,-,N/A,,Clear
1997-6-23 3:00 AM,24.0°C,8.0°C,36%,1009hPa,-,East,7.2km/h/2.0m/s,-,N/A,,Clear
1997-6-23 4:00 AM,22.0°C,6.0°C,35%,1008hPa,-,East,7.2km/h/2.0m/s,-,N/A,,Clear
1997-6-23 5:00 AM,21.0°C,7.0°C,40%,1008hPa,-,East,10.8km/h/3.0m/s,-,N/A,,Clear
1997-6-23 6:00 AM,19.0°C,10.0°C,56%,1009hPa,-,Calm,Calm,-,N/A,,Clear
1997-6-23 8:00 AM,25.0°C,11.0°C,41%,1009hPa,-,Calm,Calm,-,N/A,,Clear
1997-6-23 9:00 AM,26.0°C,9.0°C,34%,1009hPa,-,South,7.2km/h/2.0m/s,-,N/A,,Clear
1997-6-23 10:00 AM,28.0°C,8.0°C,28%,1009hPa,-,South,18.0km/h/5.0m/s,-,N/A,,Clear
1997-6-23 11:00 AM,31.0°C,8.0°C,24%,1009hPa,-,WSW,25.2km/h/7.0m/s,-,N/A,,Clear
1997-6-23 12:00 PM,31.0°C,9.0°C,25%,1008hPa,-,SSW,28.8km/h/8.0m/s,-,N/A,,Clear
1997-6-23 1:00 PM,34.0°C,5.0°C,16%,1007hPa,-,South,14.4km/h/4.0m/s,-,N/A,,Clear
1997-6-23 2:00 PM,35.0°C,6.0°C,16%,1006hPa,-,South,14.4km/h/4.0m/s,-,N/A,,Clear
1997-6-23 3:00 PM,36.0°C,1.0°C,11%,1005hPa,-,SSW,21.6km/h/6.0m/s,-,N/A,,Clear
1997-6-23 4:00 PM,36.0°C,5.0°C,15%,1005hPa,-,WSW,14.4km/h/4.0m/s,-,N/A,,Clear
1997-6-23 5:00 PM,36.0°C,5.0°C,15%,1004hPa,-,SSW,7.2km/h/2.0m/s,-,N/A,,Clear
1997-6-23 6:00 PM,36.0°C,6.0°C,16%,1004hPa,-,West,7.2km/h/2.0m/s,-,N/A,,Clear
1997-6-23 7:00 PM,34.0°C,6.0°C,17%,1004hPa,-,Calm,Calm,-,N/A,,Clear
1997-6-23 8:00 PM,31.0°C,7.0°C,22%,1004hPa,10.0km,Calm,Calm,-,N/A,,Scattered Clouds
1997-6-23 9:00 PM,29.0°C,9.0°C,29%,1005hPa,10.0km,East,10.8km/h/3.0m/s,-,N/A,,Mostly Cloudy
1997-6-23 10:00 PM,27.0°C,9.0°C,32%,1006hPa,10.0km,Calm,Calm,-,N/A,,Scattered Clouds
1997-6-23 11:00 PM,26.0°C,8.0°C,32%,1006hPa,-,East,7.2km/h/2.0m/s,-,N/A,,Clear
