Time (CST),Temp.,Dew Point,Humidity,Pressure,Visibility,Wind Dir,Wind Speed,Gust Speed,Precip,Events,Conditions
1997-5-22 12:00 AM,19.0°C,7.0°C,46%,1015hPa,-,ESE,10.8km/h/3.0m/s,-,N/A,,Clear
1997-5-22 1:00 AM,18.0°C,6.0°C,45%,1015hPa,-,East,7.2km/h/2.0m/s,-,N/A,,Clear
1997-5-22 3:00 AM,18.0°C,6.0°C,45%,1015hPa,-,ESE,10.8km/h/3.0m/s,-,N/A,,Clear
1997-5-22 4:00 AM,17.0°C,8.0°C,55%,1015hPa,-,East,7.2km/h/2.0m/s,-,N/A,,Clear
1997-5-22 5:00 AM,16.0°C,8.0°C,59%,1015hPa,-,ESE,7.2km/h/2.0m/s,-,N/A,,Clear
1997-5-22 6:00 AM,15.0°C,9.0°C,67%,1015hPa,-,Calm,Calm,-,N/A,,Clear
1997-5-22 7:00 AM,15.0°C,9.0°C,67%,1015hPa,-,Calm,Calm,-,N/A,,Clear
1997-5-22 8:00 AM,18.0°C,10.0°C,59%,1016hPa,-,Calm,Calm,-,N/A,,Clear
1997-5-22 9:00 AM,19.0°C,10.0°C,56%,1016hPa,-,Calm,Calm,-,N/A,,Clear
1997-5-22 10:00 AM,21.0°C,11.0°C,53%,1015hPa,-,Calm,Calm,-,N/A,,Clear
1997-5-22 11:00 AM,23.0°C,10.0°C,44%,1015hPa,-,Calm,Calm,-,N/A,,Clear
1997-5-22 12:00 PM,25.0°C,10.0°C,39%,1014hPa,-,West,18.0km/h/5.0m/s,-,N/A,,Clear
1997-5-22 1:00 PM,27.0°C,6.0°C,26%,1013hPa,10.0km,WNW,7.2km/h/2.0m/s,-,N/A,,Scattered Clouds
1997-5-22 2:00 PM,25.0°C,1.0°C,21%,1012hPa,10.0km,WNW,21.6km/h/6.0m/s,-,N/A,,Mostly Cloudy
1997-5-22 3:00 PM,23.0°C,2.0°C,25%,1012hPa,10.0km,West,43.2km/h/12.0m/s,-,N/A,Rain,Light Rain Showers
1997-5-22 4:00 PM,24.0°C,3.0°C,25%,1011hPa,10.0km,West,28.8km/h/8.0m/s,-,N/A,,Scattered Clouds
1997-5-22 5:00 PM,24.0°C,6.0°C,31%,1011hPa,10.0km,WSW,25.2km/h/7.0m/s,-,N/A,,Scattered Clouds
1997-5-22 6:00 PM,21.0°C,8.0°C,43%,1011hPa,10.0km,WSW,54.0km/h/15.0m/s,-,N/A,,Mostly Cloudy
1997-5-22 7:00 PM,21.0°C,9.0°C,46%,1012hPa,10.0km,South,10.8km/h/3.0m/s,-,N/A,,Mostly Cloudy
1997-5-22 9:00 PM,19.0°C,7.0°C,46%,1014hPa,10.0km,South,25.2km/h/7.0m/s,-,N/A,,Mostly Cloudy
1997-5-22 10:00 PM,18.0°C,7.0°C,49%,1015hPa,-,South,7.2km/h/2.0m/s,-,N/A,,Clear
1997-5-22 11:00 PM,17.0°C,8.0°C,55%,1016hPa,-,ESE,7.2km/h/2.0m/s,-,N/A,,Clear
