Time (CST),Temp.,Windchill,Dew Point,Humidity,Pressure,Visibility,Wind Dir,Wind Speed,Gust Speed,Precip,Events,Conditions
1997-12-5 12:00 AM,-5.0°C,-,-8.0°C,80%,1023hPa,3.0km,ENE,3.6km/h/1.0m/s,-,N/A,,Clear
1997-12-5 1:00 AM,-5.0°C,-,-8.0°C,80%,1024hPa,3.0km,Calm,Calm,-,N/A,,Clear
1997-12-5 2:00 AM,-6.0°C,-,-8.0°C,86%,1023hPa,3.0km,Calm,Calm,-,N/A,,Clear
1997-12-5 3:00 AM,-5.0°C,-,-8.0°C,80%,1023hPa,2.0km,North,3.6km/h/1.0m/s,-,N/A,,Clear
1997-12-5 4:00 AM,-5.0°C,-,-8.0°C,80%,1023hPa,2.0km,Calm,Calm,-,N/A,,Clear
1997-12-5 5:00 AM,-4.0°C,-,-7.0°C,80%,1023hPa,2.0km,Calm,Calm,-,N/A,,Scattered Clouds
1997-12-5 6:00 AM,-3.0°C,-,-6.0°C,80%,1022hPa,2.0km,NNW,3.6km/h/1.0m/s,-,N/A,,Overcast
1997-12-5 7:00 AM,-2.0°C,-,-6.0°C,74%,1023hPa,2.1km,Calm,Calm,-,N/A,,Overcast
1997-12-5 8:00 AM,-1.0°C,-,-6.0°C,69%,1022hPa,1.5km,NNW,3.6km/h/1.0m/s,-,N/A,,Overcast
1997-12-5 9:00 AM,-1.0°C,-,-7.0°C,64%,1023hPa,1.2km,WNW,3.6km/h/1.0m/s,-,N/A,,Smoke
1997-12-5 10:00 AM,0.0°C,-,-7.0°C,60%,1024hPa,1.2km,NW,3.6km/h/1.0m/s,-,N/A,,Smoke
1997-12-5 11:00 AM,0.0°C,-,-5.0°C,69%,1024hPa,1.1km,NNE,3.6km/h/1.0m/s,-,N/A,Snow,Snow
1997-12-5 12:00 PM,0.0°C,-2.5°C,-2.0°C,87%,1023hPa,1.0km,NNW,7.2km/h/2.0m/s,-,N/A,"Rain
	,
Snow",Rain
1997-12-5 1:00 PM,0.0°C,-2.5°C,-1.0°C,93%,1022hPa,0.8km,NNW,7.2km/h/2.0m/s,-,N/A,Fog,Fog
1997-12-5 2:00 PM,0.0°C,-,-3.0°C,80%,1022hPa,1.3km,North,3.6km/h/1.0m/s,-,N/A,,Light Freezing Drizzle
1997-12-5 3:00 PM,0.0°C,-,-2.0°C,87%,1022hPa,1.1km,Calm,Calm,-,N/A,,Light Drizzle
1997-12-5 4:00 PM,1.0°C,-,-1.0°C,87%,1022hPa,1.4km,Calm,Calm,-,N/A,,Light Drizzle
1997-12-5 5:00 PM,0.0°C,-,-1.0°C,93%,1022hPa,1.2km,Calm,Calm,-,N/A,,Light Drizzle
1997-12-5 6:00 PM,0.0°C,-,-2.0°C,87%,1023hPa,1.1km,WNW,3.6km/h/1.0m/s,-,N/A,,Overcast
1997-12-5 7:00 PM,0.0°C,-,-2.0°C,87%,1023hPa,0.9km,NW,3.6km/h/1.0m/s,-,N/A,Fog,Fog
1997-12-5 8:00 PM,0.0°C,-,-2.0°C,87%,1023hPa,1.1km,Calm,Calm,-,N/A,,Overcast
1997-12-5 9:00 PM,-1.0°C,-,-2.0°C,93%,1023hPa,0.9km,SSW,3.6km/h/1.0m/s,-,N/A,Fog,Fog
1997-12-5 10:00 PM,0.0°C,-,-2.0°C,87%,1024hPa,1.1km,West,3.6km/h/1.0m/s,-,N/A,,Overcast
1997-12-5 11:00 PM,0.0°C,-,-2.0°C,87%,1024hPa,1.0km,Calm,Calm,-,N/A,,Overcast
