Time (CST),Temp.,Dew Point,Humidity,Pressure,Visibility,Wind Dir,Wind Speed,Gust Speed,Precip,Events,Conditions
1997-6-5 12:00 AM,21.0°C,10.0°C,49%,1002hPa,10.0km,South,10.8km/h/3.0m/s,-,N/A,,Clear
1997-6-5 1:00 AM,19.0°C,11.0°C,60%,1003hPa,10.0km,SSW,3.6km/h/1.0m/s,-,N/A,,Clear
1997-6-5 2:00 AM,19.0°C,11.0°C,60%,1003hPa,10.0km,ENE,7.2km/h/2.0m/s,-,N/A,,Clear
1997-6-5 3:00 AM,18.0°C,11.0°C,64%,1003hPa,10.0km,East,7.2km/h/2.0m/s,-,N/A,,Clear
1997-6-5 4:00 AM,17.0°C,11.0°C,68%,1003hPa,10.0km,Calm,Calm,-,N/A,,Clear
1997-6-5 5:00 AM,17.0°C,11.0°C,68%,1004hPa,10.0km,Calm,Calm,-,N/A,,Clear
1997-6-5 6:00 AM,16.0°C,11.0°C,72%,1005hPa,10.0km,Calm,Calm,-,N/A,,Clear
1997-6-5 7:00 AM,17.0°C,11.0°C,68%,1005hPa,8.0km,South,7.2km/h/2.0m/s,-,N/A,,Clear
1997-6-5 8:00 AM,19.0°C,12.0°C,64%,1005hPa,10.0km,Calm,Calm,-,N/A,,Clear
1997-6-5 9:00 AM,22.0°C,12.0°C,53%,1006hPa,10.0km,Calm,Calm,-,N/A,,Clear
1997-6-5 10:00 AM,25.0°C,9.0°C,36%,1005hPa,10.0km,East,21.6km/h/6.0m/s,-,N/A,,Clear
1997-6-5 11:00 AM,28.0°C,7.0°C,26%,1005hPa,10.0km,East,10.8km/h/3.0m/s,-,N/A,,Clear
1997-6-5 12:00 PM,30.0°C,7.0°C,23%,1004hPa,10.0km,ENE,10.8km/h/3.0m/s,-,N/A,,Clear
1997-6-5 1:00 PM,32.0°C,7.0°C,21%,1004hPa,-,ENE,14.4km/h/4.0m/s,-,N/A,,Clear
1997-6-5 2:00 PM,33.0°C,8.0°C,21%,1003hPa,10.0km,ENE,14.4km/h/4.0m/s,-,N/A,,Partly Cloudy
1997-6-5 3:00 PM,33.0°C,8.0°C,21%,1002hPa,10.0km,East,18.0km/h/5.0m/s,-,N/A,,Partly Cloudy
1997-6-5 4:00 PM,33.0°C,7.0°C,20%,1002hPa,10.0km,ENE,28.8km/h/8.0m/s,-,N/A,,Partly Cloudy
1997-6-5 5:00 PM,32.0°C,8.0°C,22%,1002hPa,10.0km,East,18.0km/h/5.0m/s,-,N/A,,Scattered Clouds
1997-6-5 6:00 PM,29.0°C,9.0°C,29%,1003hPa,10.0km,ENE,36.0km/h/10.0m/s,-,N/A,,Scattered Clouds
1997-6-5 7:00 PM,27.0°C,9.0°C,32%,1004hPa,10.0km,East,36.0km/h/10.0m/s,-,N/A,,Mostly Cloudy
1997-6-5 8:00 PM,24.0°C,11.0°C,44%,1005hPa,10.0km,East,46.8km/h/13.0m/s,-,N/A,,Mostly Cloudy
1997-6-5 9:00 PM,23.0°C,11.0°C,47%,1006hPa,10.0km,ENE,36.0km/h/10.0m/s,-,N/A,,Overcast
1997-6-5 11:00 PM,23.0°C,13.0°C,53%,1008hPa,10.0km,East,18.0km/h/5.0m/s,-,N/A,,Overcast
