Time (CST),Temp.,Heat Index,Dew Point,Humidity,Pressure,Visibility,Wind Dir,Wind Speed,Gust Speed,Precip,Events,Conditions
1997-8-22 12:00 AM,21.0°C,-,17.0°C,78%,1010hPa,7.0km,Calm,Calm,-,N/A,,Scattered Clouds
1997-8-22 1:00 AM,22.0°C,-,16.0°C,69%,1010hPa,7.0km,East,7.2km/h/2.0m/s,-,N/A,,Scattered Clouds
1997-8-22 2:00 AM,22.0°C,-,17.0°C,73%,1010hPa,7.0km,East,3.6km/h/1.0m/s,-,N/A,,Mostly Cloudy
1997-8-22 3:00 AM,21.0°C,-,18.0°C,83%,1010hPa,7.0km,Calm,Calm,-,N/A,,Mostly Cloudy
1997-8-22 4:00 AM,19.0°C,-,17.0°C,88%,1010hPa,7.0km,Calm,Calm,-,N/A,,Mostly Cloudy
1997-8-22 5:00 AM,20.0°C,-,17.0°C,83%,1010hPa,7.0km,Calm,Calm,-,N/A,,Mostly Cloudy
1997-8-22 6:00 AM,20.0°C,-,18.0°C,88%,1011hPa,6.0km,SSW,3.6km/h/1.0m/s,-,N/A,,Overcast
1997-8-22 7:00 AM,21.0°C,-,17.0°C,78%,1011hPa,6.0km,Calm,Calm,-,N/A,,Mostly Cloudy
1997-8-22 8:00 AM,22.0°C,-,18.0°C,78%,1011hPa,6.0km,South,7.2km/h/2.0m/s,-,N/A,,Mostly Cloudy
1997-8-22 9:00 AM,24.0°C,-,18.0°C,69%,1012hPa,4.0km,WNW,7.2km/h/2.0m/s,-,N/A,,Overcast
1997-8-22 10:00 AM,26.0°C,-,19.0°C,65%,1012hPa,4.0km,SSW,3.6km/h/1.0m/s,-,N/A,,Mostly Cloudy
1997-8-22 11:00 AM,28.0°C,28.8°C,18.0°C,54%,1011hPa,6.0km,East,3.6km/h/1.0m/s,-,N/A,,Mostly Cloudy
1997-8-22 12:00 PM,31.0°C,32.4°C,19.0°C,49%,1010hPa,-,SSW,7.2km/h/2.0m/s,-,N/A,,Clear
1997-8-22 1:00 PM,31.0°C,31.4°C,17.0°C,43%,1010hPa,-,SSW,10.8km/h/3.0m/s,-,N/A,,Clear
1997-8-22 2:00 PM,33.0°C,33.0°C,16.0°C,36%,1009hPa,-,SSW,10.8km/h/3.0m/s,-,N/A,,Clear
1997-8-22 3:00 PM,34.0°C,34.0°C,16.0°C,34%,1008hPa,-,SW,10.8km/h/3.0m/s,-,N/A,,Clear
1997-8-22 4:00 PM,32.0°C,32.8°C,18.0°C,43%,1008hPa,10.0km,West,7.2km/h/2.0m/s,-,N/A,,Mostly Cloudy
1997-8-22 5:00 PM,31.0°C,30.3°C,14.0°C,35%,1008hPa,10.0km,North,10.8km/h/3.0m/s,-,N/A,,Mostly Cloudy
1997-8-22 6:00 PM,31.0°C,30.0°C,13.0°C,33%,1008hPa,10.0km,North,10.8km/h/3.0m/s,-,N/A,,Mostly Cloudy
1997-8-22 7:00 PM,29.0°C,28.6°C,14.0°C,40%,1009hPa,10.0km,North,7.2km/h/2.0m/s,-,N/A,,Scattered Clouds
1997-8-22 8:00 PM,27.0°C,27.0°C,13.0°C,42%,1009hPa,10.0km,North,7.2km/h/2.0m/s,-,N/A,,Scattered Clouds
1997-8-22 9:00 PM,23.0°C,-,15.0°C,61%,1010hPa,-,SE,7.2km/h/2.0m/s,-,N/A,,Clear
1997-8-22 10:00 PM,21.0°C,-,16.0°C,73%,1010hPa,-,NNW,7.2km/h/2.0m/s,-,N/A,,Clear
1997-8-22 11:00 PM,21.0°C,-,14.0°C,64%,1010hPa,-,East,7.2km/h/2.0m/s,-,N/A,,Clear
