Time (CST),Temp.,Dew Point,Humidity,Pressure,Visibility,Wind Dir,Wind Speed,Gust Speed,Precip,Events,Conditions
1997-6-10 1:00 AM,17.0°C,5.0°C,45%,1007hPa,10.0km,North,7.2km/h/2.0m/s,-,N/A,,Clear
1997-6-10 3:00 AM,18.0°C,2.0°C,34%,1006hPa,-,NNW,18.0km/h/5.0m/s,-,N/A,,Clear
1997-6-10 4:00 AM,19.0°C,2.0°C,32%,1006hPa,-,NNW,25.2km/h/7.0m/s,-,N/A,,Clear
1997-6-10 5:00 AM,19.0°C,3.0°C,35%,1007hPa,10.0km,WSW,18.0km/h/5.0m/s,-,N/A,,Mostly Cloudy
1997-6-10 6:00 AM,16.0°C,4.0°C,45%,1008hPa,10.0km,Calm,Calm,-,N/A,,Mostly Cloudy
1997-6-10 7:00 AM,17.0°C,5.0°C,45%,1008hPa,10.0km,South,10.8km/h/3.0m/s,-,N/A,,Mostly Cloudy
1997-6-10 8:00 AM,19.0°C,5.0°C,40%,1008hPa,-,WSW,10.8km/h/3.0m/s,-,N/A,,Clear
1997-6-10 9:00 AM,22.0°C,2.0°C,27%,1007hPa,-,NNW,18.0km/h/5.0m/s,-,N/A,,Clear
1997-6-10 10:00 AM,23.0°C,2.0°C,25%,1007hPa,-,NW,14.4km/h/4.0m/s,-,N/A,,Clear
1997-6-10 11:00 AM,25.0°C,3.0°C,24%,1006hPa,10.0km,WNW,14.4km/h/4.0m/s,-,N/A,,Partly Cloudy
1997-6-10 12:00 PM,26.0°C,1.0°C,20%,1005hPa,10.0km,WNW,14.4km/h/4.0m/s,-,N/A,,Scattered Clouds
1997-6-10 1:00 PM,27.0°C,1.0°C,18%,1005hPa,10.0km,WNW,32.4km/h/9.0m/s,-,N/A,,Partly Cloudy
1997-6-10 2:00 PM,28.0°C,0.0°C,16%,1004hPa,10.0km,North,21.6km/h/6.0m/s,-,N/A,,Mostly Cloudy
1997-6-10 3:00 PM,28.0°C,0.0°C,16%,1004hPa,10.0km,NW,18.0km/h/5.0m/s,-,N/A,,Scattered Clouds
1997-6-10 4:00 PM,28.0°C,0.0°C,16%,1003hPa,10.0km,NW,18.0km/h/5.0m/s,-,N/A,,Scattered Clouds
1997-6-10 5:00 PM,28.0°C,-1.0°C,15%,1003hPa,10.0km,ENE,39.6km/h/11.0m/s,-,N/A,,Partly Cloudy
1997-6-10 6:00 PM,23.0°C,4.0°C,29%,1005hPa,10.0km,ENE,36.0km/h/10.0m/s,-,N/A,"Rain
	,
Thunderstorm",Light Thunderstorms and Rain
1997-6-10 7:00 PM,23.0°C,6.0°C,33%,1005hPa,10.0km,WNW,3.6km/h/1.0m/s,-,N/A,,Scattered Clouds
1997-6-10 8:00 PM,22.0°C,7.0°C,38%,1006hPa,10.0km,Calm,Calm,-,N/A,,Scattered Clouds
1997-6-10 9:00 PM,22.0°C,3.0°C,29%,1006hPa,10.0km,South,21.6km/h/6.0m/s,-,N/A,Rain,Light Rain Showers
1997-6-10 10:00 PM,21.0°C,4.0°C,33%,1007hPa,-,ENE,10.8km/h/3.0m/s,-,N/A,,Clear
1997-6-10 11:00 PM,18.0°C,6.0°C,45%,1007hPa,10.0km,South,7.2km/h/2.0m/s,-,N/A,,Clear
