Time (CST),Temp.,Windchill,Dew Point,Humidity,Pressure,Visibility,Wind Dir,Wind Speed,Gust Speed,Precip,Events,Conditions
1997-10-28 12:00 AM,0.0°C,-,-13.0°C,38%,1029hPa,10.0km,East,3.6km/h/1.0m/s,-,N/A,,Clear
1997-10-28 1:00 AM,-2.0°C,-,-12.0°C,47%,1029hPa,10.0km,ESE,3.6km/h/1.0m/s,-,N/A,,Clear
1997-10-28 2:00 AM,-2.0°C,-4.8°C,-12.0°C,47%,1029hPa,10.0km,ESE,7.2km/h/2.0m/s,-,N/A,,Clear
1997-10-28 3:00 AM,-2.0°C,-,-12.0°C,47%,1029hPa,10.0km,ESE,3.6km/h/1.0m/s,-,N/A,,Clear
1997-10-28 4:00 AM,-3.0°C,-5.9°C,-12.0°C,51%,1028hPa,10.0km,SE,7.2km/h/2.0m/s,-,N/A,,Clear
1997-10-28 5:00 AM,-3.0°C,-,-12.0°C,51%,1028hPa,10.0km,ESE,3.6km/h/1.0m/s,-,N/A,,Clear
1997-10-28 6:00 AM,-6.0°C,-9.4°C,-12.0°C,63%,1028hPa,10.0km,SE,7.2km/h/2.0m/s,-,N/A,,Clear
1997-10-28 7:00 AM,-4.0°C,-,-12.0°C,54%,1029hPa,10.0km,SE,3.6km/h/1.0m/s,-,N/A,,Clear
1997-10-28 8:00 AM,-2.0°C,-,-10.0°C,55%,1029hPa,10.0km,Calm,Calm,-,N/A,,Clear
1997-10-28 9:00 AM,3.0°C,1.0°C,-12.0°C,33%,1029hPa,8.0km,SSE,7.2km/h/2.0m/s,-,N/A,,Clear
1997-10-28 10:00 AM,6.0°C,4.5°C,-11.0°C,29%,1029hPa,8.0km,WSW,7.2km/h/2.0m/s,-,N/A,,Clear
1997-10-28 11:00 AM,9.0°C,-,-15.0°C,17%,1028hPa,8.0km,West,7.2km/h/2.0m/s,-,N/A,,Clear
1997-10-28 12:00 PM,11.0°C,-,-16.0°C,14%,1027hPa,8.0km,WSW,7.2km/h/2.0m/s,-,N/A,,Clear
1997-10-28 1:00 PM,12.0°C,-,-16.0°C,13%,1026hPa,8.0km,WSW,14.4km/h/4.0m/s,-,N/A,,Clear
1997-10-28 2:00 PM,13.0°C,-,-16.0°C,12%,1025hPa,10.0km,SW,14.4km/h/4.0m/s,-,N/A,,Clear
1997-10-28 3:00 PM,14.0°C,-,-16.0°C,11%,1025hPa,10.0km,SW,10.8km/h/3.0m/s,-,N/A,,Clear
1997-10-28 4:00 PM,14.0°C,-,-14.0°C,13%,1024hPa,10.0km,WSW,14.4km/h/4.0m/s,-,N/A,,Clear
1997-10-28 5:00 PM,14.0°C,-,-15.0°C,12%,1025hPa,-,North,-,-,N/A,,Clear
1997-10-28 6:00 PM,12.0°C,-,-14.0°C,15%,1025hPa,10.0km,NW,21.6km/h/6.0m/s,-,N/A,,Clear
1997-10-28 7:00 PM,11.0°C,-,-13.0°C,18%,1026hPa,10.0km,NNW,18.0km/h/5.0m/s,-,N/A,,Clear
1997-10-28 8:00 PM,9.0°C,-,-12.0°C,22%,1027hPa,10.0km,NW,18.0km/h/5.0m/s,-,N/A,,Clear
1997-10-28 9:00 PM,6.0°C,3.1°C,-12.0°C,27%,1028hPa,10.0km,NNW,14.4km/h/4.0m/s,-,N/A,,Clear
1997-10-28 10:00 PM,5.0°C,2.5°C,-11.0°C,31%,1028hPa,10.0km,ESE,10.8km/h/3.0m/s,-,N/A,,Clear
1997-10-28 11:00 PM,1.0°C,-,-12.0°C,38%,1029hPa,10.0km,ESE,3.6km/h/1.0m/s,-,N/A,,Clear
