Time (CST),Temp.,Windchill,Dew Point,Humidity,Pressure,Visibility,Wind Dir,Wind Speed,Gust Speed,Precip,Events,Conditions
1998-10-22 12:00 AM,48.2°F,-,39.2°F,71%,30.15in,-,ESE,2.2mph,-,N/A,,Clear
1998-10-22 1:00 AM,46.4°F,-,37.4°F,71%,30.15in,-,ESE,2.2mph,-,N/A,,Clear
1998-10-22 2:00 AM,44.6°F,-,37.4°F,76%,30.18in,-,Calm,Calm,-,N/A,,Clear
1998-10-22 3:00 AM,42.8°F,40.2°F,35.6°F,76%,30.15in,6.2mi,NNW,4.5mph,-,N/A,,Clear
1998-10-22 4:00 AM,46.4°F,-,28.4°F,50%,30.18in,6.2mi,Calm,Calm,-,N/A,,Clear
1998-10-22 5:00 AM,46.4°F,44.4°F,21.2°F,37%,30.18in,6.2mi,NNW,4.5mph,-,N/A,,Clear
1998-10-22 6:00 AM,46.4°F,42.0°F,21.2°F,37%,30.18in,6.2mi,North,8.9mph,-,N/A,,Clear
1998-10-22 8:00 AM,48.2°F,-,19.4°F,32%,30.24in,6.2mi,NNW,11.2mph,-,N/A,,Clear
1998-10-22 9:00 AM,51.8°F,-,14.0°F,22%,30.24in,6.2mi,NNW,11.2mph,-,N/A,,Clear
1998-10-22 10:00 AM,57.2°F,-,10.4°F,16%,30.24in,6.2mi,North,8.9mph,-,N/A,,Clear
1998-10-22 12:00 PM,60.8°F,-,6.8°F,12%,30.21in,6.2mi,NNW,8.9mph,-,N/A,,Clear
1998-10-22 2:00 PM,62.6°F,-,10.4°F,13%,30.15in,6.2mi,Calm,Calm,-,N/A,,Clear
1998-10-22 3:00 PM,64.4°F,-,8.6°F,11%,30.12in,6.2mi,WSW,2.2mph,-,N/A,,Clear
1998-10-22 4:00 PM,64.4°F,-,12.2°F,13%,30.12in,6.2mi,SSW,2.2mph,-,N/A,,Clear
1998-10-22 5:00 PM,62.6°F,-,17.6°F,18%,30.12in,6.2mi,Calm,Calm,-,N/A,,Clear
1998-10-22 6:00 PM,55.4°F,-,21.2°F,26%,30.12in,1.9mi,Calm,Calm,-,N/A,,Smoke
1998-10-22 7:00 PM,50.0°F,-,23.0°F,35%,30.12in,6.2mi,ENE,2.2mph,-,N/A,,Clear
1998-10-22 8:00 PM,44.6°F,-,21.2°F,39%,30.15in,6.2mi,Calm,Calm,-,N/A,,Clear
1998-10-22 9:00 PM,46.4°F,-,21.2°F,37%,30.15in,6.2mi,Calm,Calm,-,N/A,,Clear
1998-10-22 10:00 PM,44.6°F,-,21.2°F,39%,30.18in,6.2mi,Calm,Calm,-,N/A,,Clear
1998-10-22 11:00 PM,41.0°F,-,19.4°F,42%,30.18in,6.2mi,Calm,Calm,-,N/A,,Clear
