Time (CST),Temp.,Windchill,Dew Point,Humidity,Pressure,Visibility,Wind Dir,Wind Speed,Gust Speed,Precip,Events,Conditions
1997-2-1 12:00 AM,0.0°C,-4.3°C,-11.0°C,44%,1023hPa,-,ENE,14.4km/h/4.0m/s,-,N/A,,Clear
1997-2-1 1:00 AM,0.0°C,-,-11.0°C,44%,1023hPa,-,Calm,Calm,-,N/A,,Clear
1997-2-1 2:00 AM,0.0°C,-2.5°C,-12.0°C,41%,1023hPa,-,NE,7.2km/h/2.0m/s,-,N/A,,Clear
1997-2-1 3:00 AM,-2.0°C,-4.8°C,-12.0°C,47%,1023hPa,-,South,7.2km/h/2.0m/s,-,N/A,,Clear
1997-2-1 4:00 AM,-2.0°C,-4.8°C,-11.0°C,51%,1023hPa,-,SW,7.2km/h/2.0m/s,-,N/A,,Clear
1997-2-1 5:00 AM,-3.0°C,-,-11.0°C,55%,1023hPa,-,Calm,Calm,-,N/A,,Clear
1997-2-1 6:00 AM,-3.0°C,-,-9.0°C,64%,1023hPa,-,Calm,Calm,-,N/A,,Clear
1997-2-1 7:00 AM,-4.0°C,-7.1°C,-12.0°C,54%,1024hPa,-,SW,7.2km/h/2.0m/s,-,N/A,,Clear
1997-2-1 8:00 AM,-5.0°C,-,-11.0°C,63%,1024hPa,8.0km,Calm,Calm,-,N/A,,Mostly Cloudy
1997-2-1 9:00 AM,-3.0°C,-,-12.0°C,51%,1025hPa,6.0km,Calm,Calm,-,N/A,,Mostly Cloudy
1997-2-1 10:00 AM,-2.0°C,-,-11.0°C,51%,1025hPa,6.0km,Calm,Calm,-,N/A,,Mostly Cloudy
1997-2-1 11:00 AM,0.0°C,-,-9.0°C,51%,1025hPa,6.0km,Calm,Calm,-,N/A,,Mostly Cloudy
1997-2-1 12:00 PM,3.0°C,-,-8.0°C,45%,1024hPa,8.0km,Calm,Calm,-,N/A,,Mostly Cloudy
1997-2-1 1:00 PM,4.0°C,2.2°C,-9.0°C,39%,1022hPa,8.0km,SSW,7.2km/h/2.0m/s,-,N/A,,Mostly Cloudy
1997-2-1 2:00 PM,5.0°C,0.2°C,-7.0°C,42%,1021hPa,8.0km,SSW,28.8km/h/8.0m/s,-,N/A,,Scattered Clouds
1997-2-1 3:00 PM,6.0°C,2.6°C,-8.0°C,36%,1021hPa,8.0km,WSW,18.0km/h/5.0m/s,-,N/A,,Clear
1997-2-1 4:00 PM,5.0°C,1.3°C,-8.0°C,39%,1020hPa,8.0km,SSW,18.0km/h/5.0m/s,-,N/A,,Clear
1997-2-1 5:00 PM,4.0°C,0.6°C,-7.0°C,45%,1020hPa,8.0km,South,14.4km/h/4.0m/s,-,N/A,,Clear
1997-2-1 6:00 PM,4.0°C,1.3°C,-8.0°C,42%,1021hPa,4.0km,SSE,10.8km/h/3.0m/s,-,N/A,,Smoke
1997-2-1 7:00 PM,2.0°C,-,-8.0°C,48%,1021hPa,4.0km,Calm,Calm,-,N/A,,Smoke
1997-2-1 8:00 PM,1.0°C,-,-9.0°C,48%,1022hPa,4.0km,Calm,Calm,-,N/A,,Smoke
1997-2-1 9:00 PM,-1.0°C,-5.5°C,-10.0°C,51%,1022hPa,6.0km,East,14.4km/h/4.0m/s,-,N/A,,Clear
1997-2-1 10:00 PM,-2.0°C,-4.8°C,-9.0°C,59%,1022hPa,6.0km,East,7.2km/h/2.0m/s,-,N/A,,Clear
1997-2-1 11:00 PM,-2.0°C,-5.9°C,-9.0°C,59%,1022hPa,6.0km,ESE,10.8km/h/3.0m/s,-,N/A,,Clear
