Time (CST),Temp.,Windchill,Dew Point,Humidity,Pressure,Visibility,Wind Dir,Wind Speed,Gust Speed,Precip,Events,Conditions
1997-9-27 12:00 AM,7.0°C,5.7°C,4.0°C,81%,1023hPa,-,SE,7.2km/h/2.0m/s,-,N/A,,Clear
1997-9-27 1:00 AM,7.0°C,-,5.0°C,87%,1023hPa,-,Calm,Calm,-,N/A,,Clear
1997-9-27 2:00 AM,5.0°C,-,4.0°C,93%,1023hPa,-,Calm,Calm,-,N/A,,Clear
1997-9-27 3:00 AM,3.0°C,-,3.0°C,100%,1022hPa,-,Calm,Calm,-,N/A,,Clear
1997-9-27 4:00 AM,4.0°C,-,3.0°C,93%,1022hPa,-,Calm,Calm,-,N/A,,Clear
1997-9-27 5:00 AM,3.0°C,-,3.0°C,100%,1022hPa,-,Calm,Calm,-,N/A,,Clear
1997-9-27 6:00 AM,4.0°C,-,3.0°C,93%,1022hPa,-,Calm,Calm,-,N/A,,Clear
1997-9-27 7:00 AM,3.0°C,1.0°C,3.0°C,100%,1022hPa,10.0km,SE,7.2km/h/2.0m/s,-,N/A,,Clear
1997-9-27 8:00 AM,6.0°C,-,5.0°C,93%,1022hPa,10.0km,SE,3.6km/h/1.0m/s,-,N/A,,Clear
1997-9-27 9:00 AM,10.0°C,-,5.0°C,71%,1022hPa,10.0km,SE,3.6km/h/1.0m/s,-,N/A,,Clear
1997-9-27 10:00 AM,13.0°C,-,3.0°C,51%,1022hPa,10.0km,North,3.6km/h/1.0m/s,-,N/A,,Clear
1997-9-27 11:00 AM,17.0°C,-,3.0°C,39%,1021hPa,10.0km,WSW,7.2km/h/2.0m/s,-,N/A,,Clear
1997-9-27 12:00 PM,18.0°C,-,1.0°C,32%,1020hPa,10.0km,North,7.2km/h/2.0m/s,-,N/A,,Clear
1997-9-27 1:00 PM,19.0°C,-,0.0°C,28%,1019hPa,10.0km,NW,10.8km/h/3.0m/s,-,N/A,,Clear
1997-9-27 2:00 PM,21.0°C,-,2.0°C,28%,1018hPa,10.0km,NW,10.8km/h/3.0m/s,-,N/A,,Clear
1997-9-27 3:00 PM,20.0°C,-,2.0°C,30%,1017hPa,10.0km,WSW,7.2km/h/2.0m/s,-,N/A,,Clear
1997-9-27 4:00 PM,20.0°C,-,4.0°C,35%,1017hPa,10.0km,West,10.8km/h/3.0m/s,-,N/A,,Clear
1997-9-27 5:00 PM,19.0°C,-,3.0°C,35%,1017hPa,10.0km,SW,10.8km/h/3.0m/s,-,N/A,,Clear
1997-9-27 6:00 PM,17.0°C,-,3.0°C,39%,1017hPa,10.0km,SSW,3.6km/h/1.0m/s,-,N/A,,Clear
1997-9-27 7:00 PM,12.0°C,-,5.0°C,62%,1018hPa,10.0km,SSE,7.2km/h/2.0m/s,-,N/A,,Clear
1997-9-27 8:00 PM,10.0°C,-,4.0°C,66%,1018hPa,10.0km,ESE,7.2km/h/2.0m/s,-,N/A,,Clear
1997-9-27 9:00 PM,11.0°C,-,5.0°C,67%,1019hPa,10.0km,Calm,Calm,-,N/A,,Clear
1997-9-27 10:00 PM,8.0°C,6.9°C,6.0°C,87%,1019hPa,10.0km,SSW,7.2km/h/2.0m/s,-,N/A,,Clear
1997-9-27 11:00 PM,7.0°C,5.7°C,4.0°C,81%,1019hPa,10.0km,East,7.2km/h/2.0m/s,-,N/A,,Clear
