Time (CST),Temp.,Windchill,Dew Point,Humidity,Pressure,Visibility,Wind Dir,Wind Speed,Gust Speed,Precip,Events,Conditions
1997-4-15 12:00 AM,9.0°C,-,4.0°C,71%,1018hPa,10.0km,Calm,Calm,-,N/A,,Clear
1997-4-15 1:00 AM,8.0°C,-,3.0°C,71%,1018hPa,10.0km,East,3.6km/h/1.0m/s,-,N/A,,Clear
1997-4-15 2:00 AM,6.0°C,4.5°C,4.0°C,87%,1017hPa,10.0km,NNE,7.2km/h/2.0m/s,-,N/A,,Clear
1997-4-15 3:00 AM,7.0°C,5.7°C,3.0°C,76%,1017hPa,10.0km,South,7.2km/h/2.0m/s,-,N/A,,Clear
1997-4-15 4:00 AM,6.0°C,3.7°C,3.0°C,81%,1017hPa,10.0km,South,10.8km/h/3.0m/s,-,N/A,,Clear
1997-4-15 5:00 AM,6.0°C,4.5°C,3.0°C,81%,1017hPa,10.0km,NE,7.2km/h/2.0m/s,-,N/A,,Clear
1997-4-15 6:00 AM,6.0°C,-,3.0°C,81%,1018hPa,10.0km,NNE,3.6km/h/1.0m/s,-,N/A,,Clear
1997-4-15 7:00 AM,6.0°C,-,3.0°C,81%,1018hPa,8.0km,WNW,3.6km/h/1.0m/s,-,N/A,,Scattered Clouds
1997-4-15 8:00 AM,9.0°C,-,4.0°C,71%,1019hPa,6.0km,South,7.2km/h/2.0m/s,-,N/A,,Clear
1997-4-15 9:00 AM,13.0°C,-,6.0°C,63%,1019hPa,6.0km,Calm,Calm,-,N/A,,Scattered Clouds
1997-4-15 10:00 AM,13.0°C,-,2.0°C,47%,1018hPa,-,SSW,7.2km/h/2.0m/s,-,N/A,,Clear
1997-4-15 11:00 AM,15.0°C,-,2.0°C,42%,1018hPa,-,SSW,7.2km/h/2.0m/s,-,N/A,,Clear
1997-4-15 12:00 PM,17.0°C,-,2.0°C,37%,1017hPa,-,WSW,14.4km/h/4.0m/s,-,N/A,,Clear
1997-4-15 1:00 PM,17.0°C,-,2.0°C,37%,1015hPa,-,West,18.0km/h/5.0m/s,-,N/A,,Clear
1997-4-15 2:00 PM,18.0°C,-,1.0°C,32%,1015hPa,10.0km,West,18.0km/h/5.0m/s,-,N/A,,Mostly Cloudy
1997-4-15 3:00 PM,20.0°C,-,-2.0°C,23%,1013hPa,10.0km,SSW,14.4km/h/4.0m/s,-,N/A,,Mostly Cloudy
1997-4-15 4:00 PM,19.0°C,-,-3.0°C,23%,1013hPa,10.0km,NE,18.0km/h/5.0m/s,-,N/A,,Mostly Cloudy
1997-4-15 5:00 PM,19.0°C,-,0.0°C,28%,1013hPa,10.0km,Calm,Calm,-,N/A,,Scattered Clouds
1997-4-15 6:00 PM,17.0°C,-,-2.0°C,27%,1013hPa,10.0km,NNE,10.8km/h/3.0m/s,-,N/A,,Mostly Cloudy
1997-4-15 7:00 PM,17.0°C,-,-2.0°C,27%,1014hPa,10.0km,NE,14.4km/h/4.0m/s,-,N/A,,Mostly Cloudy
1997-4-15 8:00 PM,15.0°C,-,0.0°C,36%,1014hPa,10.0km,Calm,Calm,-,N/A,,Partly Cloudy
1997-4-15 9:00 PM,14.0°C,-,1.0°C,41%,1015hPa,10.0km,Calm,Calm,-,N/A,,Partly Cloudy
1997-4-15 10:00 PM,13.0°C,-,2.0°C,47%,1015hPa,-,Calm,Calm,-,N/A,,Clear
1997-4-15 11:00 PM,12.0°C,-,-1.0°C,41%,1016hPa,-,East,10.8km/h/3.0m/s,-,N/A,,Clear
