Time (CST),Temp.,Windchill,Dew Point,Humidity,Pressure,Visibility,Wind Dir,Wind Speed,Gust Speed,Precip,Events,Conditions
1997-6-1 12:00 AM,11.0°C,-,1.0°C,50%,1011hPa,10.0km,NNW,7.2km/h/2.0m/s,-,N/A,,Clear
1997-6-1 1:00 AM,10.0°C,-,1.0°C,54%,1010hPa,10.0km,ENE,7.2km/h/2.0m/s,-,N/A,,Clear
1997-6-1 2:00 AM,9.0°C,-,1.0°C,58%,1010hPa,10.0km,Calm,Calm,-,N/A,,Clear
1997-6-1 3:00 AM,8.0°C,6.1°C,1.0°C,62%,1010hPa,10.0km,ESE,10.8km/h/3.0m/s,-,N/A,,Clear
1997-6-1 4:00 AM,8.0°C,6.9°C,1.0°C,62%,1010hPa,10.0km,SSE,7.2km/h/2.0m/s,-,N/A,,Clear
1997-6-1 5:00 AM,7.0°C,5.7°C,1.0°C,66%,1010hPa,10.0km,ESE,7.2km/h/2.0m/s,-,N/A,,Clear
1997-6-1 6:00 AM,8.0°C,6.9°C,0.0°C,57%,1010hPa,10.0km,ESE,7.2km/h/2.0m/s,-,N/A,,Clear
1997-6-1 7:00 AM,10.0°C,-,0.0°C,50%,1010hPa,10.0km,East,7.2km/h/2.0m/s,-,N/A,,Clear
1997-6-1 8:00 AM,14.0°C,-,1.0°C,41%,1010hPa,10.0km,South,7.2km/h/2.0m/s,-,N/A,,Clear
1997-6-1 9:00 AM,16.0°C,-,-4.0°C,25%,1010hPa,10.0km,West,10.8km/h/3.0m/s,-,N/A,,Clear
1997-6-1 10:00 AM,19.0°C,-,-3.0°C,23%,1009hPa,10.0km,WNW,18.0km/h/5.0m/s,-,N/A,,Clear
1997-6-1 11:00 AM,22.0°C,-,-2.0°C,20%,1009hPa,10.0km,North,18.0km/h/5.0m/s,-,N/A,,Clear
1997-6-1 12:00 PM,22.0°C,-,-2.0°C,20%,1009hPa,10.0km,Calm,Calm,-,N/A,,Clear
1997-6-1 1:00 PM,23.0°C,-,0.0°C,22%,1008hPa,10.0km,Calm,Calm,-,N/A,,Partly Cloudy
1997-6-1 2:00 PM,26.0°C,-,1.0°C,20%,1007hPa,10.0km,North,18.0km/h/5.0m/s,-,N/A,,Partly Cloudy
1997-6-1 3:00 PM,25.0°C,-,0.0°C,19%,1006hPa,10.0km,ENE,28.8km/h/8.0m/s,-,N/A,,Partly Cloudy
1997-6-1 4:00 PM,26.0°C,-,1.0°C,20%,1006hPa,10.0km,Calm,Calm,-,N/A,,Partly Cloudy
1997-6-1 5:00 PM,25.0°C,-,-1.0°C,18%,1006hPa,10.0km,NNW,10.8km/h/3.0m/s,-,N/A,,Partly Cloudy
1997-6-1 6:00 PM,25.0°C,-,2.0°C,22%,1006hPa,10.0km,North,10.8km/h/3.0m/s,-,N/A,,Partly Cloudy
1997-6-1 8:00 PM,22.0°C,-,2.0°C,27%,1008hPa,-,East,10.8km/h/3.0m/s,-,N/A,,Clear
1997-6-1 9:00 PM,21.0°C,-,2.0°C,28%,1008hPa,-,Calm,Calm,-,N/A,,Clear
1997-6-1 10:00 PM,19.0°C,-,1.0°C,30%,1009hPa,-,NNE,7.2km/h/2.0m/s,-,N/A,,Clear
1997-6-1 11:00 PM,17.0°C,-,1.0°C,34%,1009hPa,10.0km,NNE,10.8km/h/3.0m/s,-,N/A,,Clear
