Time (CST),Temp.,Heat Index,Dew Point,Humidity,Pressure,Visibility,Wind Dir,Wind Speed,Gust Speed,Precip,Events,Conditions
1997-9-6 12:00 AM,23.0°C,-,14.0°C,57%,1006hPa,10.0km,SE,10.8km/h/3.0m/s,-,N/A,,Clear
1997-9-6 1:00 AM,22.0°C,-,14.0°C,60%,1006hPa,10.0km,East,7.2km/h/2.0m/s,-,N/A,,Clear
1997-9-6 2:00 AM,18.0°C,-,14.0°C,77%,1008hPa,10.0km,Calm,Calm,-,N/A,,Clear
1997-9-6 3:00 AM,17.0°C,-,14.0°C,82%,1008hPa,10.0km,SSE,3.6km/h/1.0m/s,-,N/A,,Clear
1997-9-6 4:00 AM,17.0°C,-,14.0°C,82%,1009hPa,10.0km,West,3.6km/h/1.0m/s,-,N/A,,Clear
1997-9-6 5:00 AM,14.0°C,-,13.0°C,94%,1009hPa,6.0km,Calm,Calm,-,N/A,,Clear
1997-9-6 6:00 AM,14.0°C,-,13.0°C,94%,1010hPa,1.4km,Calm,Calm,-,N/A,,Clear
1997-9-6 7:00 AM,14.0°C,-,14.0°C,100%,1011hPa,1.4km,Calm,Calm,-,N/A,,Clear
1997-9-6 8:00 AM,19.0°C,-,15.0°C,78%,1012hPa,1.6km,ENE,3.6km/h/1.0m/s,-,N/A,,Clear
1997-9-6 9:00 AM,24.0°C,-,14.0°C,53%,1012hPa,10.0km,Calm,Calm,-,N/A,,Clear
1997-9-6 10:00 AM,26.0°C,-,14.0°C,47%,1012hPa,10.0km,SSW,7.2km/h/2.0m/s,-,N/A,,Clear
1997-9-6 11:00 AM,29.0°C,-,5.0°C,22%,1012hPa,10.0km,NW,14.4km/h/4.0m/s,-,N/A,,Clear
1997-9-6 12:00 PM,32.0°C,-,7.0°C,21%,1011hPa,10.0km,NNW,14.4km/h/4.0m/s,-,N/A,,Clear
1997-9-6 1:00 PM,33.0°C,-,6.0°C,18%,1010hPa,10.0km,North,10.8km/h/3.0m/s,-,N/A,,Clear
1997-9-6 2:00 PM,34.0°C,-,4.0°C,15%,1010hPa,10.0km,North,10.8km/h/3.0m/s,-,N/A,,Clear
1997-9-6 3:00 PM,34.0°C,-,3.0°C,14%,1009hPa,10.0km,NNW,10.8km/h/3.0m/s,-,N/A,,Clear
1997-9-6 4:00 PM,34.0°C,-,3.0°C,14%,1009hPa,10.0km,North,10.8km/h/3.0m/s,-,N/A,,Clear
1997-9-6 5:00 PM,34.0°C,-,-1.0°C,11%,1009hPa,10.0km,East,7.2km/h/2.0m/s,-,N/A,,Clear
1997-9-6 6:00 PM,32.0°C,31.9°C,16.0°C,38%,1010hPa,10.0km,East,18.0km/h/5.0m/s,-,N/A,,Clear
1997-9-6 7:00 PM,28.0°C,28.3°C,16.0°C,48%,1011hPa,10.0km,East,21.6km/h/6.0m/s,-,N/A,,Clear
1997-9-6 8:00 PM,26.0°C,-,18.0°C,61%,1013hPa,10.0km,ENE,25.2km/h/7.0m/s,-,N/A,,Clear
1997-9-6 9:00 PM,25.0°C,-,18.0°C,65%,1013hPa,10.0km,East,25.2km/h/7.0m/s,-,N/A,,Clear
1997-9-6 10:00 PM,23.0°C,-,17.0°C,69%,1014hPa,10.0km,East,25.2km/h/7.0m/s,-,N/A,,Clear
1997-9-6 11:00 PM,23.0°C,-,18.0°C,73%,1014hPa,10.0km,East,18.0km/h/5.0m/s,-,N/A,,Clear
