Time (CST),Temp.,Windchill,Dew Point,Humidity,Pressure,Visibility,Wind Dir,Wind Speed,Gust Speed,Precip,Events,Conditions
1997-3-15 12:00 AM,3.0°C,1.0°C,1.0°C,87%,1022hPa,-,ENE,7.2km/h/2.0m/s,-,N/A,,Clear
1997-3-15 1:00 AM,2.0°C,-,0.0°C,87%,1021hPa,-,Calm,Calm,-,N/A,,Clear
1997-3-15 2:00 AM,2.0°C,-0.1°C,0.0°C,87%,1022hPa,-,East,7.2km/h/2.0m/s,-,N/A,,Clear
1997-3-15 4:00 AM,1.0°C,-,0.0°C,93%,1021hPa,-,Calm,Calm,-,N/A,,Clear
1997-3-15 5:00 AM,1.0°C,-,0.0°C,93%,1020hPa,-,Calm,Calm,-,N/A,,Clear
1997-3-15 6:00 AM,1.0°C,-,0.0°C,93%,1021hPa,-,Calm,Calm,-,N/A,,Clear
1997-3-15 7:00 AM,1.0°C,-1.3°C,0.0°C,93%,1021hPa,5.0km,ESE,7.2km/h/2.0m/s,-,N/A,,Mostly Cloudy
1997-3-15 8:00 AM,1.0°C,-1.3°C,0.0°C,93%,1022hPa,5.0km,ENE,7.2km/h/2.0m/s,-,N/A,,Mostly Cloudy
1997-3-15 9:00 AM,3.0°C,-,0.0°C,81%,1023hPa,2.6km,Calm,Calm,-,N/A,,Mostly Cloudy
1997-3-15 10:00 AM,5.0°C,3.4°C,0.0°C,70%,1023hPa,3.0km,South,7.2km/h/2.0m/s,-,N/A,,Mostly Cloudy
1997-3-15 11:00 AM,6.0°C,-,1.0°C,70%,1023hPa,5.0km,Calm,Calm,-,N/A,,Scattered Clouds
1997-3-15 12:00 PM,7.0°C,5.7°C,2.0°C,71%,1023hPa,5.0km,SW,7.2km/h/2.0m/s,-,N/A,,Mostly Cloudy
1997-3-15 1:00 PM,9.0°C,-,2.0°C,62%,1022hPa,5.0km,South,14.4km/h/4.0m/s,-,N/A,,Mostly Cloudy
1997-3-15 2:00 PM,9.0°C,-,3.0°C,66%,1021hPa,5.0km,SW,14.4km/h/4.0m/s,-,N/A,,Mostly Cloudy
1997-3-15 3:00 PM,9.0°C,-,3.0°C,66%,1021hPa,5.0km,Calm,Calm,-,N/A,,Mostly Cloudy
1997-3-15 4:00 PM,10.0°C,-,4.0°C,66%,1020hPa,5.0km,Calm,Calm,-,N/A,,Scattered Clouds
1997-3-15 5:00 PM,10.0°C,-,4.0°C,66%,1020hPa,5.0km,Calm,Calm,-,N/A,,Mostly Cloudy
1997-3-15 6:00 PM,10.0°C,-,5.0°C,71%,1021hPa,5.0km,Calm,Calm,-,N/A,,Mostly Cloudy
1997-3-15 7:00 PM,8.0°C,-,7.0°C,93%,1022hPa,2.8km,Calm,Calm,-,N/A,,Mostly Cloudy
1997-3-15 8:00 PM,8.0°C,-,5.0°C,81%,1022hPa,3.0km,Calm,Calm,-,N/A,,Mostly Cloudy
1997-3-15 9:00 PM,8.0°C,6.9°C,4.0°C,76%,1022hPa,5.0km,NE,7.2km/h/2.0m/s,-,N/A,,Mostly Cloudy
1997-3-15 10:00 PM,8.0°C,-,4.0°C,76%,1023hPa,8.0km,Calm,Calm,-,N/A,,Mostly Cloudy
1997-3-15 11:00 PM,8.0°C,-,4.0°C,76%,1023hPa,-,Calm,Calm,-,N/A,,Clear
