Time (CST),Temp.,Windchill,Dew Point,Humidity,Pressure,Visibility,Wind Dir,Wind Speed,Gust Speed,Precip,Events,Conditions
1998-11-27 12:00 AM,33.8°F,-,30.2°F,87%,30.24in,1.1mi,SE,2.2mph,-,N/A,,Mostly Cloudy
1998-11-27 1:00 AM,30.2°F,-,28.4°F,93%,30.24in,0.9mi,Calm,Calm,-,N/A,,Scattered Clouds
1998-11-27 2:00 AM,28.4°F,-,28.4°F,100%,30.24in,0.9mi,Calm,Calm,-,N/A,,Partly Cloudy
1998-11-27 3:00 AM,39.2°F,34.4°F,24.8°F,56%,30.27in,1.9mi,West,6.7mph,-,N/A,,Partly Cloudy
1998-11-27 4:00 AM,39.2°F,30.6°F,17.6°F,42%,30.24in,-,WNW,15.7mph,-,N/A,,Clear
1998-11-27 5:00 AM,39.2°F,31.3°F,15.8°F,39%,30.27in,-,WNW,13.4mph,-,N/A,,Clear
1998-11-27 6:00 AM,37.4°F,30.9°F,14.0°F,38%,30.27in,-,West,8.9mph,-,N/A,,Clear
1998-11-27 7:00 AM,35.6°F,31.8°F,14.0°F,41%,30.30in,-,WNW,4.5mph,-,N/A,,Clear
1998-11-27 8:00 AM,35.6°F,26.8°F,14.0°F,41%,30.30in,-,West,13.4mph,-,N/A,,Clear
1998-11-27 10:00 AM,41.0°F,35.4°F,14.0°F,33%,30.33in,-,WNW,8.9mph,-,N/A,,Clear
1998-11-27 11:00 AM,42.8°F,37.6°F,14.0°F,31%,30.33in,-,WNW,8.9mph,-,N/A,,Clear
1998-11-27 12:00 PM,44.6°F,40.8°F,14.0°F,29%,30.30in,-,SW,6.7mph,-,N/A,,Clear
1998-11-27 1:00 PM,46.4°F,44.4°F,12.2°F,25%,30.24in,-,SSW,4.5mph,-,N/A,,Clear
1998-11-27 4:00 PM,48.2°F,-,12.2°F,24%,30.18in,-,SW,4.5mph,-,N/A,,Clear
1998-11-27 5:00 PM,44.6°F,-,14.0°F,29%,30.18in,-,Calm,Calm,-,N/A,,Clear
1998-11-27 6:00 PM,39.2°F,-,14.0°F,36%,30.21in,-,Calm,Calm,-,N/A,,Clear
1998-11-27 7:00 PM,35.6°F,31.8°F,12.2°F,38%,30.21in,-,ENE,4.5mph,-,N/A,,Clear
1998-11-27 8:00 PM,33.8°F,-,12.2°F,41%,30.21in,-,East,2.2mph,-,N/A,,Clear
1998-11-27 9:00 PM,30.2°F,-,12.2°F,47%,30.21in,-,Calm,Calm,-,N/A,,Clear
1998-11-27 10:00 PM,26.6°F,21.3°F,12.2°F,55%,30.21in,-,SSE,4.5mph,-,N/A,,Clear
1998-11-27 11:00 PM,26.6°F,-,12.2°F,55%,30.21in,-,ESE,2.2mph,-,N/A,,Clear
