Time (CST),Temp.,Windchill,Dew Point,Humidity,Pressure,Visibility,Wind Dir,Wind Speed,Gust Speed,Precip,Events,Conditions
1997-9-30 12:00 AM,10.0°C,-,4.0°C,66%,1016hPa,10.0km,East,7.2km/h/2.0m/s,-,N/A,,Clear
1997-9-30 1:00 AM,9.0°C,-,4.0°C,71%,1016hPa,10.0km,ESE,3.6km/h/1.0m/s,-,N/A,,Clear
1997-9-30 2:00 AM,8.0°C,-,4.0°C,76%,1016hPa,10.0km,Calm,Calm,-,N/A,,Clear
1997-9-30 3:00 AM,8.0°C,6.9°C,5.0°C,81%,1016hPa,10.0km,SSE,7.2km/h/2.0m/s,-,N/A,,Clear
1997-9-30 4:00 AM,8.0°C,-,4.0°C,76%,1017hPa,10.0km,Calm,Calm,-,N/A,,Clear
1997-9-30 5:00 AM,6.0°C,4.5°C,4.0°C,87%,1017hPa,10.0km,SE,7.2km/h/2.0m/s,-,N/A,,Clear
1997-9-30 6:00 AM,7.0°C,-,5.0°C,87%,1017hPa,-,Calm,Calm,-,N/A,,Clear
1997-9-30 7:00 AM,6.0°C,-,5.0°C,93%,1017hPa,-,NNE,3.6km/h/1.0m/s,-,N/A,,Clear
1997-9-30 8:00 AM,10.0°C,-,7.0°C,82%,1018hPa,-,SE,3.6km/h/1.0m/s,-,N/A,,Clear
1997-9-30 9:00 AM,13.0°C,-,7.0°C,67%,1018hPa,8.0km,Calm,Calm,-,N/A,,Mostly Cloudy
1997-9-30 10:00 AM,17.0°C,-,6.0°C,48%,1018hPa,8.0km,SW,7.2km/h/2.0m/s,-,N/A,,Mostly Cloudy
1997-9-30 11:00 AM,20.0°C,-,5.0°C,37%,1018hPa,-,South,7.2km/h/2.0m/s,-,N/A,,Clear
1997-9-30 12:00 PM,22.0°C,-,6.0°C,35%,1017hPa,-,West,7.2km/h/2.0m/s,-,N/A,,Clear
1997-9-30 1:00 PM,24.0°C,-,6.0°C,31%,1016hPa,-,SW,10.8km/h/3.0m/s,-,N/A,,Clear
1997-9-30 2:00 PM,25.0°C,-,6.0°C,29%,1015hPa,-,SW,10.8km/h/3.0m/s,-,N/A,,Clear
1997-9-30 3:00 PM,26.0°C,-,8.0°C,32%,1014hPa,-,SSW,10.8km/h/3.0m/s,-,N/A,,Clear
1997-9-30 4:00 PM,26.0°C,-,6.0°C,28%,1014hPa,-,SSE,10.8km/h/3.0m/s,-,N/A,,Clear
1997-9-30 5:00 PM,25.0°C,-,6.0°C,29%,1014hPa,-,SW,7.2km/h/2.0m/s,-,N/A,,Clear
1997-9-30 6:00 PM,22.0°C,-,8.0°C,41%,1014hPa,-,Calm,Calm,-,N/A,,Clear
1997-9-30 7:00 PM,18.0°C,-,9.0°C,56%,1014hPa,-,ENE,3.6km/h/1.0m/s,-,N/A,,Clear
1997-9-30 8:00 PM,13.0°C,-,7.0°C,67%,1015hPa,-,SE,10.8km/h/3.0m/s,-,N/A,,Clear
1997-9-30 9:00 PM,16.0°C,-,7.0°C,55%,1016hPa,-,East,7.2km/h/2.0m/s,-,N/A,,Clear
1997-9-30 10:00 PM,13.0°C,-,5.0°C,58%,1016hPa,-,ESE,7.2km/h/2.0m/s,-,N/A,,Clear
