Time (CST),Temp.,Dew Point,Humidity,Pressure,Visibility,Wind Dir,Wind Speed,Gust Speed,Precip,Events,Conditions
1997-5-7 12:00 AM,12.0°C,1.0°C,47%,1011hPa,10.0km,ENE,14.4km/h/4.0m/s,-,N/A,,Overcast
1997-5-7 1:00 AM,12.0°C,3.0°C,54%,1011hPa,10.0km,NNE,10.8km/h/3.0m/s,-,N/A,,Overcast
1997-5-7 2:00 AM,12.0°C,1.0°C,47%,1011hPa,10.0km,North,28.8km/h/8.0m/s,-,N/A,,Overcast
1997-5-7 3:00 AM,12.0°C,2.0°C,51%,1010hPa,10.0km,ENE,10.8km/h/3.0m/s,-,N/A,,Overcast
1997-5-7 4:00 AM,11.0°C,4.0°C,62%,1009hPa,10.0km,ESE,14.4km/h/4.0m/s,-,N/A,,Overcast
1997-5-7 5:00 AM,11.0°C,5.0°C,67%,1009hPa,10.0km,Calm,Calm,-,N/A,,Overcast
1997-5-7 6:00 AM,10.0°C,2.0°C,58%,1009hPa,10.0km,West,7.2km/h/2.0m/s,-,N/A,,Mostly Cloudy
1997-5-7 7:00 AM,10.0°C,3.0°C,62%,1010hPa,-,SW,7.2km/h/2.0m/s,-,N/A,,Clear
1997-5-7 8:00 AM,11.0°C,4.0°C,62%,1010hPa,10.0km,Calm,Calm,-,N/A,,Mostly Cloudy
1997-5-7 9:00 AM,12.0°C,4.0°C,58%,1011hPa,10.0km,Calm,Calm,-,N/A,,Overcast
1997-5-7 10:00 AM,14.0°C,4.0°C,51%,1011hPa,10.0km,Calm,Calm,-,N/A,,Mostly Cloudy
1997-5-7 11:00 AM,15.0°C,5.0°C,51%,1011hPa,10.0km,Calm,Calm,-,N/A,,Mostly Cloudy
1997-5-7 12:00 PM,18.0°C,6.0°C,45%,1011hPa,10.0km,NNE,25.2km/h/7.0m/s,-,N/A,,Mostly Cloudy
1997-5-7 1:00 PM,19.0°C,6.0°C,43%,1010hPa,10.0km,NNE,21.6km/h/6.0m/s,-,N/A,,Clear
1997-5-7 2:00 PM,20.0°C,7.0°C,43%,1010hPa,10.0km,NNE,28.8km/h/8.0m/s,-,N/A,,Scattered Clouds
1997-5-7 3:00 PM,21.0°C,7.0°C,40%,1010hPa,10.0km,North,32.4km/h/9.0m/s,-,N/A,,Partly Cloudy
1997-5-7 4:00 PM,20.0°C,6.0°C,40%,1010hPa,10.0km,NE,21.6km/h/6.0m/s,-,N/A,,Mostly Cloudy
1997-5-7 5:00 PM,21.0°C,5.0°C,35%,1010hPa,10.0km,NNE,21.6km/h/6.0m/s,-,N/A,,Scattered Clouds
1997-5-7 6:00 PM,20.0°C,5.0°C,37%,1010hPa,10.0km,NE,25.2km/h/7.0m/s,-,N/A,,Mostly Cloudy
1997-5-7 7:00 PM,18.0°C,4.0°C,40%,1012hPa,10.0km,NE,25.2km/h/7.0m/s,-,N/A,,Mostly Cloudy
1997-5-7 8:00 PM,16.0°C,3.0°C,42%,1013hPa,10.0km,East,28.8km/h/8.0m/s,-,N/A,,Mostly Cloudy
1997-5-7 9:00 PM,15.0°C,3.0°C,45%,1015hPa,10.0km,NNE,36.0km/h/10.0m/s,-,N/A,,Mostly Cloudy
1997-5-7 10:00 PM,14.0°C,3.0°C,48%,1015hPa,-,NE,28.8km/h/8.0m/s,-,N/A,,Clear
1997-5-7 11:00 PM,13.0°C,3.0°C,51%,1016hPa,-,NNE,32.4km/h/9.0m/s,-,N/A,,Clear
