Time (CST),Temp.,Windchill,Dew Point,Humidity,Pressure,Visibility,Wind Dir,Wind Speed,Gust Speed,Precip,Events,Conditions
1997-3-12 12:00 AM,5.0°C,1.3°C,4.0°C,93%,1019hPa,10.0km,East,18.0km/h/5.0m/s,-,N/A,Rain,Light Rain
1997-3-12 2:00 AM,5.0°C,-,4.0°C,93%,1018hPa,10.0km,Calm,Calm,-,N/A,Rain,Light Rain
1997-3-12 3:00 AM,5.0°C,-,5.0°C,100%,1017hPa,10.0km,Calm,Calm,-,N/A,Rain,Light Rain
1997-3-12 4:00 AM,5.0°C,-,5.0°C,100%,1017hPa,10.0km,Calm,Calm,-,N/A,Rain,Light Rain
1997-3-12 5:00 AM,5.0°C,-,5.0°C,100%,1016hPa,10.0km,Calm,Calm,-,N/A,Rain,Light Rain
1997-3-12 6:00 AM,5.0°C,-,4.0°C,93%,1016hPa,2.0km,Calm,Calm,-,N/A,Rain,Light Rain
1997-3-12 7:00 AM,4.0°C,-,4.0°C,100%,1016hPa,2.0km,Calm,Calm,-,N/A,Rain,Light Rain
1997-3-12 8:00 AM,5.0°C,-,4.0°C,93%,1016hPa,1.0km,Calm,Calm,-,N/A,Rain,Light Rain
1997-3-12 9:00 AM,5.0°C,-,5.0°C,100%,1016hPa,0.7km,Calm,Calm,-,N/A,Rain,Light Rain
1997-3-12 10:00 AM,6.0°C,-,5.0°C,93%,1017hPa,2.0km,Calm,Calm,-,N/A,,Overcast
1997-3-12 11:00 AM,7.0°C,5.7°C,5.0°C,87%,1016hPa,4.0km,ENE,7.2km/h/2.0m/s,-,N/A,,Overcast
1997-3-12 12:00 PM,8.0°C,-,6.0°C,87%,1016hPa,8.0km,Calm,Calm,-,N/A,,Overcast
1997-3-12 1:00 PM,8.0°C,-,6.0°C,87%,1015hPa,4.0km,Calm,Calm,-,N/A,,Overcast
1997-3-12 2:00 PM,8.0°C,-,6.0°C,87%,1014hPa,3.0km,Calm,Calm,-,N/A,,Overcast
1997-3-12 3:00 PM,9.0°C,-,5.0°C,76%,1014hPa,8.0km,Calm,Calm,-,N/A,,Overcast
1997-3-12 4:00 PM,9.0°C,-,5.0°C,76%,1014hPa,8.0km,Calm,Calm,-,N/A,,Overcast
1997-3-12 5:00 PM,7.0°C,-,6.0°C,93%,1014hPa,1.8km,Calm,Calm,-,N/A,,Overcast
1997-3-12 6:00 PM,8.0°C,-,5.0°C,81%,1014hPa,4.0km,ENE,3.6km/h/1.0m/s,-,N/A,,Overcast
1997-3-12 8:00 PM,7.0°C,5.7°C,6.0°C,93%,1014hPa,6.0km,WSW,7.2km/h/2.0m/s,-,N/A,,Overcast
1997-3-12 9:00 PM,7.0°C,-,6.0°C,93%,1014hPa,4.0km,Calm,Calm,-,N/A,,Overcast
1997-3-12 10:00 PM,7.0°C,-,6.0°C,93%,1015hPa,4.0km,Calm,Calm,-,N/A,,Overcast
1997-3-12 11:00 PM,7.0°C,5.7°C,5.0°C,87%,1015hPa,4.0km,SSW,7.2km/h/2.0m/s,-,N/A,,Overcast
