Time (CST),Temp.,Windchill,Dew Point,Humidity,Pressure,Visibility,Wind Dir,Wind Speed,Gust Speed,Precip,Events,Conditions
1998-1-31 12:00 AM,-1.0°C,-5.5°C,-15.0°C,34%,1028hPa,10.0km,NE,14.4km/h/4.0m/s,-,N/A,,Clear
1998-1-31 1:00 AM,-1.0°C,-5.5°C,-15.0°C,34%,1028hPa,7.0km,ENE,14.4km/h/4.0m/s,-,N/A,,Clear
1998-1-31 2:00 AM,-2.0°C,-4.8°C,-15.0°C,37%,1028hPa,6.0km,ENE,7.2km/h/2.0m/s,-,N/A,,Clear
1998-1-31 3:00 AM,-4.0°C,-,-15.0°C,43%,1028hPa,7.0km,Calm,Calm,-,N/A,,Clear
1998-1-31 4:00 AM,-5.0°C,-8.3°C,-15.0°C,46%,1028hPa,7.0km,North,7.2km/h/2.0m/s,-,N/A,,Clear
1998-1-31 7:00 AM,-5.0°C,-,-14.0°C,50%,1029hPa,4.5km,Calm,Calm,-,N/A,,Smoke
1998-1-31 8:00 AM,-6.0°C,-,-14.0°C,54%,1030hPa,-,Calm,Calm,-,N/A,,Smoke
1998-1-31 9:00 AM,-3.0°C,-5.9°C,-15.0°C,40%,1029hPa,4.0km,NNE,7.2km/h/2.0m/s,-,N/A,,Smoke
1998-1-31 10:00 AM,-1.0°C,-3.6°C,-14.0°C,37%,1030hPa,2.7km,NNE,7.2km/h/2.0m/s,-,N/A,,Overcast
1998-1-31 12:00 PM,0.0°C,-4.3°C,-16.0°C,30%,1028hPa,-,ENE,14.4km/h/4.0m/s,-,N/A,,Clear
1998-1-31 1:00 PM,0.0°C,-4.3°C,-17.0°C,27%,1028hPa,-,East,14.4km/h/4.0m/s,-,N/A,,Clear
1998-1-31 2:00 PM,0.0°C,-4.3°C,-17.0°C,27%,1027hPa,-,East,14.4km/h/4.0m/s,-,N/A,,Clear
1998-1-31 3:00 PM,0.0°C,-2.5°C,-16.0°C,30%,1027hPa,-,East,7.2km/h/2.0m/s,-,N/A,,Clear
1998-1-31 4:00 PM,0.0°C,-2.5°C,-11.0°C,44%,1027hPa,-,ESE,7.2km/h/2.0m/s,-,N/A,,Clear
1998-1-31 5:00 PM,-1.0°C,-3.6°C,-9.0°C,55%,1027hPa,-,NE,7.2km/h/2.0m/s,-,N/A,,Clear
1998-1-31 6:00 PM,-2.0°C,-5.9°C,-8.0°C,64%,1028hPa,8.0km,NE,10.8km/h/3.0m/s,-,N/A,Snow,Snow Grains
1998-1-31 9:00 PM,-4.0°C,-7.1°C,-6.0°C,86%,1029hPa,6.0km,ENE,7.2km/h/2.0m/s,-,N/A,Snow,Light Snow
1998-1-31 10:00 PM,-3.0°C,-5.9°C,-7.0°C,74%,1029hPa,7.0km,ENE,7.2km/h/2.0m/s,-,N/A,Snow,Light Snow
