Time (CST),Temp.,Windchill,Dew Point,Humidity,Pressure,Visibility,Wind Dir,Wind Speed,Gust Speed,Precip,Events,Conditions
1998-12-27 12:00 AM,24.8°F,-,14.0°F,64%,30.12in,4.3mi,ESE,2.2mph,-,N/A,,Clear
1998-12-27 2:00 AM,24.8°F,-,14.0°F,64%,30.12in,4.3mi,ESE,2.2mph,-,N/A,,Clear
1998-12-27 3:00 AM,19.4°F,-,10.4°F,68%,30.15in,4.3mi,Calm,Calm,-,N/A,,Clear
1998-12-27 4:00 AM,17.6°F,-,10.4°F,73%,30.15in,4.3mi,Calm,Calm,-,N/A,,Clear
1998-12-27 5:00 AM,17.6°F,-,10.4°F,73%,30.15in,4.3mi,Calm,Calm,-,N/A,,Clear
1998-12-27 6:00 AM,17.6°F,-,10.4°F,73%,30.15in,4.3mi,Calm,Calm,-,N/A,,Clear
1998-12-27 7:00 AM,15.8°F,-,10.4°F,79%,30.18in,4.3mi,ESE,2.2mph,-,N/A,,Clear
1998-12-27 8:00 AM,15.8°F,-,10.4°F,79%,30.18in,4.3mi,ENE,2.2mph,-,N/A,,Clear
1998-12-27 9:00 AM,21.2°F,-,14.0°F,74%,30.21in,3.1mi,SE,2.2mph,-,N/A,,Smoke
1998-12-27 10:00 AM,28.4°F,-,15.8°F,59%,30.24in,2.5mi,Calm,Calm,-,N/A,,Smoke
1998-12-27 11:00 AM,33.8°F,-,15.8°F,48%,30.24in,2.5mi,Calm,Calm,-,N/A,,Smoke
1998-12-27 12:00 PM,39.2°F,-,15.8°F,39%,30.18in,3.7mi,Calm,Calm,-,N/A,,Partly Cloudy
1998-12-27 1:00 PM,42.8°F,-,15.8°F,34%,30.15in,5.0mi,SSW,2.2mph,-,N/A,,Partly Cloudy
1998-12-27 2:00 PM,46.4°F,-,17.6°F,32%,30.12in,5.0mi,SW,2.2mph,-,N/A,,Scattered Clouds
1998-12-27 3:00 PM,48.2°F,-,17.6°F,30%,30.12in,-,SW,2.2mph,-,N/A,,Clear
1998-12-27 4:00 PM,48.2°F,-,15.8°F,27%,30.15in,-,SW,2.2mph,-,N/A,,Clear
1998-12-27 5:00 PM,46.4°F,-,17.6°F,32%,30.15in,3.7mi,Calm,Calm,-,N/A,,Clear
1998-12-27 6:00 PM,33.8°F,-,12.2°F,41%,30.18in,4.3mi,NE,2.2mph,-,N/A,,Clear
1998-12-27 7:00 PM,32.0°F,-,14.0°F,48%,30.18in,5.0mi,West,2.2mph,-,N/A,,Clear
1998-12-27 8:00 PM,32.0°F,-,10.4°F,41%,30.21in,-,Calm,Calm,-,N/A,,Clear
1998-12-27 9:00 PM,37.4°F,33.9°F,10.4°F,33%,30.24in,-,NNW,4.5mph,-,N/A,,Clear
1998-12-27 10:00 PM,35.6°F,-,12.2°F,38%,30.24in,-,South,2.2mph,-,N/A,,Clear
