Time (CST),Temp.,Dew Point,Humidity,Pressure,Visibility,Wind Dir,Wind Speed,Gust Speed,Precip,Events,Conditions
1997-6-8 12:00 AM,15.0°C,10.0°C,72%,1016hPa,10.0km,NNE,14.4km/h/4.0m/s,-,N/A,Rain,Light Rain
1997-6-8 1:00 AM,14.0°C,10.0°C,77%,1016hPa,10.0km,NNE,7.2km/h/2.0m/s,-,N/A,Rain,Light Rain
1997-6-8 2:00 AM,14.0°C,10.0°C,77%,1015hPa,10.0km,NNE,7.2km/h/2.0m/s,-,N/A,,Overcast
1997-6-8 3:00 AM,14.0°C,10.0°C,77%,1015hPa,10.0km,Calm,Calm,-,N/A,,Overcast
1997-6-8 4:00 AM,13.0°C,10.0°C,82%,1015hPa,-,Calm,Calm,-,N/A,,Clear
1997-6-8 5:00 AM,12.0°C,8.0°C,77%,1015hPa,-,Calm,Calm,-,N/A,,Clear
1997-6-8 6:00 AM,12.0°C,8.0°C,77%,1015hPa,-,South,7.2km/h/2.0m/s,-,N/A,,Clear
1997-6-8 7:00 AM,13.0°C,10.0°C,82%,1015hPa,-,Calm,Calm,-,N/A,,Clear
1997-6-8 8:00 AM,15.0°C,10.0°C,72%,1015hPa,-,Calm,Calm,-,N/A,,Clear
1997-6-8 9:00 AM,17.0°C,9.0°C,59%,1015hPa,-,SSW,14.4km/h/4.0m/s,-,N/A,,Clear
1997-6-8 10:00 AM,19.0°C,6.0°C,43%,1014hPa,-,Calm,Calm,-,N/A,,Clear
1997-6-8 11:00 AM,21.0°C,4.0°C,33%,1013hPa,-,South,7.2km/h/2.0m/s,-,N/A,,Clear
1997-6-8 12:00 PM,23.0°C,3.0°C,27%,1013hPa,-,Calm,Calm,-,N/A,,Clear
1997-6-8 1:00 PM,25.0°C,4.0°C,26%,1011hPa,-,South,10.8km/h/3.0m/s,-,N/A,,Clear
1997-6-8 2:00 PM,26.0°C,0.0°C,18%,1010hPa,-,NNW,14.4km/h/4.0m/s,-,N/A,,Clear
1997-6-8 3:00 PM,26.0°C,-2.0°C,16%,1010hPa,-,WNW,25.2km/h/7.0m/s,-,N/A,,Clear
1997-6-8 4:00 PM,25.0°C,-3.0°C,16%,1010hPa,-,Calm,Calm,-,N/A,,Clear
1997-6-8 5:00 PM,24.0°C,-3.0°C,17%,1010hPa,-,NNW,25.2km/h/7.0m/s,-,N/A,,Clear
1997-6-8 6:00 PM,23.0°C,-3.0°C,18%,1010hPa,-,NNW,25.2km/h/7.0m/s,-,N/A,,Clear
1997-6-8 7:00 PM,22.0°C,0.0°C,23%,1011hPa,-,North,18.0km/h/5.0m/s,-,N/A,,Clear
1997-6-8 8:00 PM,21.0°C,1.0°C,27%,1011hPa,-,NW,18.0km/h/5.0m/s,-,N/A,,Clear
1997-6-8 9:00 PM,21.0°C,0.0°C,25%,1012hPa,-,Calm,Calm,-,N/A,,Clear
1997-6-8 10:00 PM,19.0°C,3.0°C,35%,1013hPa,-,NNW,10.8km/h/3.0m/s,-,N/A,,Clear
1997-6-8 11:00 PM,19.0°C,2.0°C,32%,1013hPa,-,West,10.8km/h/3.0m/s,-,N/A,,Clear
