Time (CST),Temp.,Windchill,Dew Point,Humidity,Pressure,Visibility,Wind Dir,Wind Speed,Gust Speed,Precip,Events,Conditions
1997-9-21 12:00 AM,7.0°C,5.7°C,4.0°C,81%,1024hPa,-,ESE,7.2km/h/2.0m/s,-,N/A,,Clear
1997-9-21 1:00 AM,4.0°C,2.2°C,3.0°C,93%,1024hPa,-,East,7.2km/h/2.0m/s,-,N/A,,Clear
1997-9-21 2:00 AM,4.0°C,-,3.0°C,93%,1024hPa,-,NE,3.6km/h/1.0m/s,-,N/A,,Clear
1997-9-21 3:00 AM,3.0°C,1.0°C,3.0°C,100%,1024hPa,-,SE,7.2km/h/2.0m/s,-,N/A,,Clear
1997-9-21 4:00 AM,3.0°C,1.0°C,2.0°C,93%,1024hPa,-,SE,7.2km/h/2.0m/s,-,N/A,,Clear
1997-9-21 5:00 AM,2.0°C,-0.1°C,2.0°C,100%,1024hPa,-,SE,7.2km/h/2.0m/s,-,N/A,,Clear
1997-9-21 6:00 AM,2.0°C,-0.1°C,2.0°C,100%,1024hPa,-,ESE,7.2km/h/2.0m/s,-,N/A,,Clear
1997-9-21 7:00 AM,3.0°C,-,2.0°C,93%,1025hPa,-,East,3.6km/h/1.0m/s,-,N/A,,Clear
1997-9-21 8:00 AM,6.0°C,4.5°C,5.0°C,93%,1025hPa,-,SE,7.2km/h/2.0m/s,-,N/A,,Clear
1997-9-21 9:00 AM,10.0°C,-,4.0°C,66%,1025hPa,10.0km,East,7.2km/h/2.0m/s,-,N/A,,Clear
1997-9-21 10:00 AM,13.0°C,-,3.0°C,51%,1025hPa,10.0km,SW,3.6km/h/1.0m/s,-,N/A,,Clear
1997-9-21 11:00 AM,16.0°C,-,3.0°C,42%,1024hPa,10.0km,South,10.8km/h/3.0m/s,-,N/A,,Clear
1997-9-21 12:00 PM,18.0°C,-,2.0°C,34%,1023hPa,10.0km,WSW,7.2km/h/2.0m/s,-,N/A,,Clear
1997-9-21 1:00 PM,19.0°C,-,1.0°C,30%,1022hPa,-,SSW,10.8km/h/3.0m/s,-,N/A,,Clear
1997-9-21 2:00 PM,20.0°C,-,-1.0°C,24%,1021hPa,10.0km,SSE,10.8km/h/3.0m/s,-,N/A,,Clear
1997-9-21 3:00 PM,21.0°C,-,0.0°C,25%,1021hPa,10.0km,South,7.2km/h/2.0m/s,-,N/A,,Clear
1997-9-21 4:00 PM,20.0°C,-,0.0°C,26%,1020hPa,-,SSW,10.8km/h/3.0m/s,-,N/A,,Clear
1997-9-21 5:00 PM,19.0°C,-,-1.0°C,26%,1020hPa,10.0km,SSW,10.8km/h/3.0m/s,-,N/A,,Clear
1997-9-21 6:00 PM,18.0°C,-,1.0°C,32%,1020hPa,10.0km,SSW,3.6km/h/1.0m/s,-,N/A,,Clear
1997-9-21 7:00 PM,14.0°C,-,4.0°C,51%,1021hPa,10.0km,SSE,7.2km/h/2.0m/s,-,N/A,,Clear
1997-9-21 8:00 PM,11.0°C,-,5.0°C,67%,1021hPa,10.0km,NE,7.2km/h/2.0m/s,-,N/A,,Clear
1997-9-21 9:00 PM,9.0°C,-,6.0°C,82%,1022hPa,10.0km,Calm,Calm,-,N/A,,Clear
1997-9-21 10:00 PM,7.0°C,4.9°C,4.0°C,81%,1022hPa,10.0km,ESE,10.8km/h/3.0m/s,-,N/A,,Clear
1997-9-21 11:00 PM,8.0°C,-,4.0°C,76%,1022hPa,10.0km,Calm,Calm,-,N/A,,Clear
