Time (CST),Temp.,Windchill,Dew Point,Humidity,Pressure,Visibility,Wind Dir,Wind Speed,Gust Speed,Precip,Events,Conditions
1997-3-24 12:00 AM,5.0°C,1.3°C,-4.0°C,53%,1025hPa,-,East,18.0km/h/5.0m/s,-,N/A,,Clear
1997-3-24 2:00 AM,5.0°C,-,-3.0°C,57%,1024hPa,-,Calm,Calm,-,N/A,,Clear
1997-3-24 3:00 AM,4.0°C,2.2°C,-4.0°C,56%,1024hPa,-,East,7.2km/h/2.0m/s,-,N/A,,Clear
1997-3-24 4:00 AM,-,-,-,N/A%,-,-,East,7.2km/h/2.0m/s,-,N/A,,Clear
1997-3-24 5:00 AM,4.0°C,-,-3.0°C,61%,1023hPa,-,Calm,Calm,-,N/A,,Clear
1997-3-24 6:00 AM,3.0°C,-,-4.0°C,60%,1023hPa,-,Calm,Calm,-,N/A,,Clear
1997-3-24 7:00 AM,3.0°C,1.0°C,-3.0°C,65%,1023hPa,-,ENE,7.2km/h/2.0m/s,-,N/A,,Clear
1997-3-24 8:00 AM,4.0°C,2.2°C,-2.0°C,65%,1023hPa,-,East,7.2km/h/2.0m/s,-,N/A,,Clear
1997-3-24 9:00 AM,-,-,-,N/A%,-,-,SSE,10.8km/h/3.0m/s,-,N/A,,Unknown
1997-3-24 12:00 PM,8.0°C,6.1°C,-2.0°C,50%,1022hPa,-,SSW,10.8km/h/3.0m/s,-,N/A,,Clear
1997-3-24 1:00 PM,9.0°C,-,0.0°C,54%,1021hPa,-,South,18.0km/h/5.0m/s,-,N/A,,Clear
1997-3-24 2:00 PM,10.0°C,-,-1.0°C,47%,1019hPa,7.0km,SW,10.8km/h/3.0m/s,-,N/A,,Overcast
1997-3-24 3:00 PM,10.0°C,-,0.0°C,50%,1018hPa,6.0km,WSW,18.0km/h/5.0m/s,-,N/A,,Overcast
1997-3-24 4:00 PM,10.0°C,-,0.0°C,50%,1018hPa,6.0km,SW,18.0km/h/5.0m/s,-,N/A,,Overcast
1997-3-24 5:00 PM,10.0°C,-,1.0°C,54%,1017hPa,5.0km,Calm,Calm,-,N/A,,Smoke
1997-3-24 6:00 PM,9.0°C,-,1.0°C,58%,1018hPa,5.0km,WSW,14.4km/h/4.0m/s,-,N/A,,Smoke
1997-3-24 7:00 PM,8.0°C,6.1°C,2.0°C,66%,1018hPa,5.0km,WSW,10.8km/h/3.0m/s,-,N/A,,Smoke
1997-3-24 8:00 PM,8.0°C,6.1°C,1.0°C,62%,1018hPa,5.0km,SSE,10.8km/h/3.0m/s,-,N/A,,Smoke
1997-3-24 9:00 PM,8.0°C,-,2.0°C,66%,1019hPa,5.0km,Calm,Calm,-,N/A,,Smoke
1997-3-24 10:00 PM,8.0°C,-,2.0°C,66%,1019hPa,5.0km,SSE,3.6km/h/1.0m/s,-,N/A,,Smoke
1997-3-24 11:00 PM,7.0°C,5.7°C,2.0°C,71%,1019hPa,5.0km,South,7.2km/h/2.0m/s,-,N/A,,Smoke
