Time (CST),Temp.,Heat Index,Dew Point,Humidity,Pressure,Visibility,Wind Dir,Wind Speed,Gust Speed,Precip,Events,Conditions
1997-7-17 12:00 AM,26.0°C,-,20.0°C,69%,1009hPa,-,East,14.4km/h/4.0m/s,-,N/A,,Clear
1997-7-17 1:00 AM,26.0°C,-,20.0°C,69%,1009hPa,-,East,14.4km/h/4.0m/s,-,N/A,,Clear
1997-7-17 2:00 AM,25.0°C,-,20.0°C,74%,1009hPa,-,East,14.4km/h/4.0m/s,-,N/A,,Clear
1997-7-17 3:00 AM,25.0°C,-,20.0°C,74%,1008hPa,-,ENE,10.8km/h/3.0m/s,-,N/A,,Clear
1997-7-17 4:00 AM,24.0°C,-,21.0°C,83%,1008hPa,-,East,14.4km/h/4.0m/s,-,N/A,,Clear
1997-7-17 5:00 AM,24.0°C,-,21.0°C,83%,1009hPa,-,East,10.8km/h/3.0m/s,-,N/A,,Clear
1997-7-17 6:00 AM,23.0°C,-,20.0°C,83%,1009hPa,-,ENE,14.4km/h/4.0m/s,-,N/A,,Clear
1997-7-17 7:00 AM,24.0°C,-,21.0°C,83%,1010hPa,-,ESE,7.2km/h/2.0m/s,-,N/A,,Clear
1997-7-17 8:00 AM,26.0°C,-,21.0°C,74%,1010hPa,-,East,14.4km/h/4.0m/s,-,N/A,,Clear
1997-7-17 9:00 AM,27.0°C,28.9°C,21.0°C,70%,1010hPa,-,East,14.4km/h/4.0m/s,-,N/A,,Clear
1997-7-17 11:00 AM,29.0°C,30.7°C,20.0°C,58%,1010hPa,-,ENE,21.6km/h/6.0m/s,-,N/A,,Clear
1997-7-17 12:00 PM,30.0°C,31.9°C,20.0°C,55%,1010hPa,-,East,28.8km/h/8.0m/s,-,N/A,,Clear
1997-7-17 1:00 PM,29.0°C,30.7°C,20.0°C,58%,1009hPa,-,East,28.8km/h/8.0m/s,-,N/A,,Clear
1997-7-17 2:00 PM,29.0°C,30.7°C,20.0°C,58%,1009hPa,-,East,25.2km/h/7.0m/s,43.2km/h/12.0m/s,N/A,,Clear
1997-7-17 3:00 PM,29.0°C,30.7°C,20.0°C,58%,1009hPa,-,East,32.4km/h/9.0m/s,-,N/A,,Clear
1997-7-17 4:00 PM,28.0°C,29.7°C,20.0°C,62%,1009hPa,10.0km,East,32.4km/h/9.0m/s,-,N/A,,Mostly Cloudy
1997-7-17 5:00 PM,27.0°C,28.5°C,20.0°C,65%,1009hPa,10.0km,East,25.2km/h/7.0m/s,-,N/A,,Overcast
1997-7-17 6:00 PM,27.0°C,28.2°C,19.0°C,61%,1009hPa,10.0km,East,32.4km/h/9.0m/s,-,N/A,,Mostly Cloudy
1997-7-17 7:00 PM,24.0°C,-,21.0°C,83%,1009hPa,8.0km,East,25.2km/h/7.0m/s,43.2km/h/12.0m/s,N/A,Rain,Light Rain Showers
1997-7-17 8:00 PM,24.0°C,-,20.0°C,78%,1010hPa,8.0km,East,28.8km/h/8.0m/s,-,N/A,,Mostly Cloudy
1997-7-17 9:00 PM,24.0°C,-,20.0°C,78%,1010hPa,8.0km,East,25.2km/h/7.0m/s,-,N/A,,Scattered Clouds
1997-7-17 10:00 PM,25.0°C,-,20.0°C,74%,1011hPa,8.0km,East,21.6km/h/6.0m/s,-,N/A,,Scattered Clouds
1997-7-17 11:00 PM,24.0°C,-,20.0°C,78%,1012hPa,6.0km,East,18.0km/h/5.0m/s,-,N/A,,Mostly Cloudy
