Time (CST),Temp.,Windchill,Dew Point,Humidity,Pressure,Visibility,Wind Dir,Wind Speed,Gust Speed,Precip,Events,Conditions
1998-11-30 12:00 AM,26.6°F,21.3°F,23.0°F,86%,29.98in,3.1mi,ESE,4.5mph,-,N/A,,Smoke
1998-11-30 1:00 AM,28.4°F,-,23.0°F,80%,29.98in,2.5mi,West,2.2mph,-,N/A,,Smoke
1998-11-30 3:00 AM,24.8°F,-,21.2°F,86%,29.98in,2.5mi,Calm,Calm,-,N/A,,Smoke
1998-11-30 4:00 AM,23.0°F,17.1°F,21.2°F,93%,29.95in,2.5mi,SE,4.5mph,-,N/A,,Smoke
1998-11-30 5:00 AM,24.8°F,-,23.0°F,93%,29.95in,1.2mi,Calm,Calm,-,N/A,,Smoke
1998-11-30 6:00 AM,23.0°F,-,19.4°F,86%,29.95in,1.2mi,East,2.2mph,-,N/A,,Smoke
1998-11-30 7:00 AM,23.0°F,-,21.2°F,93%,29.98in,0.9mi,ESE,2.2mph,-,N/A,,Mostly Cloudy
1998-11-30 8:00 AM,26.6°F,-,24.8°F,93%,29.98in,0.7mi,Calm,Calm,-,N/A,,Mostly Cloudy
1998-11-30 9:00 AM,24.8°F,-,23.0°F,93%,0.44in,0.5mi,Calm,Calm,-,N/A,Fog,Light Freezing Fog
1998-11-30 10:00 AM,30.2°F,-,26.6°F,86%,29.98in,0.4mi,Calm,Calm,-,N/A,Fog,Light Freezing Fog
1998-11-30 11:00 AM,37.4°F,-,28.4°F,70%,29.98in,0.4mi,Calm,Calm,-,N/A,,Smoke
1998-11-30 12:00 PM,42.8°F,-,28.4°F,57%,29.92in,0.6mi,South,2.2mph,-,N/A,,Smoke
1998-11-30 2:00 PM,50.0°F,-,30.2°F,47%,29.83in,1.0mi,SSE,4.5mph,-,N/A,,Smoke
1998-11-30 3:00 PM,51.8°F,-,30.2°F,44%,29.80in,1.5mi,SE,4.5mph,-,N/A,,Smoke
1998-11-30 4:00 PM,51.8°F,-,28.4°F,41%,29.80in,1.9mi,Calm,Calm,-,N/A,,Smoke
1998-11-30 5:00 PM,46.4°F,-,30.2°F,53%,29.83in,0.7mi,WNW,2.2mph,-,N/A,,Smoke
1998-11-30 6:00 PM,37.4°F,27.0°F,28.4°F,70%,29.89in,1.4mi,East,20.1mph,-,N/A,,Smoke
1998-11-30 7:00 PM,33.8°F,20.7°F,28.4°F,81%,-,1.6mi,East,26.8mph,-,N/A,,Blowing Sand
1998-11-30 8:00 PM,32.0°F,19.4°F,28.4°F,87%,29.98in,1.9mi,ENE,22.4mph,-,N/A,,Blowing Sand
1998-11-30 9:00 PM,32.0°F,20.0°F,26.6°F,80%,30.04in,3.1mi,ENE,20.1mph,-,N/A,,Blowing Sand
1998-11-30 10:00 PM,32.0°F,20.0°F,28.4°F,87%,30.06in,3.1mi,ENE,20.1mph,-,N/A,,Blowing Sand
1998-11-30 11:00 PM,32.0°F,21.4°F,28.4°F,87%,30.09in,3.7mi,ENE,15.7mph,-,N/A,,Scattered Clouds
