Time (CST),Temp.,Windchill,Dew Point,Humidity,Pressure,Visibility,Wind Dir,Wind Speed,Gust Speed,Precip,Events,Conditions
1997-1-22 12:00 AM,-5.0°C,-8.3°C,-12.0°C,59%,1026hPa,10.0km,East,7.2km/h/2.0m/s,-,N/A,,Clear
1997-1-22 1:00 AM,-6.0°C,-9.4°C,-12.0°C,63%,1026hPa,10.0km,East,7.2km/h/2.0m/s,-,N/A,,Clear
1997-1-22 2:00 AM,-7.0°C,-,-12.0°C,68%,1026hPa,10.0km,Calm,Calm,-,N/A,,Clear
1997-1-22 3:00 AM,-7.0°C,-,-12.0°C,68%,1025hPa,10.0km,Calm,Calm,-,N/A,,Clear
1997-1-22 4:00 AM,-6.0°C,-,-12.0°C,63%,1024hPa,-,Calm,Calm,-,N/A,,Clear
1997-1-22 5:00 AM,-6.0°C,-,-12.0°C,63%,1024hPa,-,Calm,Calm,-,N/A,,Clear
1997-1-22 6:00 AM,-5.0°C,-,-11.0°C,63%,1024hPa,-,Calm,Calm,-,N/A,,Clear
1997-1-22 7:00 AM,-4.0°C,-,-9.0°C,69%,1024hPa,-,Calm,Calm,-,N/A,,Clear
1997-1-22 8:00 AM,-5.0°C,-,-10.0°C,68%,1024hPa,7.0km,Calm,Calm,-,N/A,,Overcast
1997-1-22 9:00 AM,-5.0°C,-,-10.0°C,68%,1024hPa,7.0km,Calm,Calm,-,N/A,,Overcast
1997-1-22 10:00 AM,-3.0°C,-,-9.0°C,64%,1023hPa,2.5km,Calm,Calm,-,N/A,,Smoke
1997-1-22 11:00 AM,-2.0°C,-,-9.0°C,59%,1023hPa,2.5km,Calm,Calm,-,N/A,,Smoke
1997-1-22 1:00 PM,0.0°C,-2.5°C,-10.0°C,48%,1021hPa,3.0km,South,7.2km/h/2.0m/s,-,N/A,,Smoke
1997-1-22 2:00 PM,1.0°C,-2.3°C,-10.0°C,44%,1020hPa,3.0km,WSW,10.8km/h/3.0m/s,-,N/A,,Smoke
1997-1-22 3:00 PM,1.0°C,-,-10.0°C,44%,1020hPa,1.5km,Calm,Calm,-,N/A,,Smoke
1997-1-22 5:00 PM,2.0°C,-0.1°C,-14.0°C,30%,1020hPa,6.0km,NNW,7.2km/h/2.0m/s,-,N/A,,Overcast
1997-1-22 6:00 PM,1.0°C,-2.3°C,-13.0°C,35%,1021hPa,7.0km,NNW,10.8km/h/3.0m/s,-,N/A,,Overcast
1997-1-22 7:00 PM,0.0°C,-3.5°C,-12.0°C,41%,1021hPa,-,NW,10.8km/h/3.0m/s,-,N/A,,Clear
1997-1-22 8:00 PM,0.0°C,-3.5°C,-12.0°C,41%,1021hPa,-,NNW,10.8km/h/3.0m/s,-,N/A,,Clear
1997-1-22 9:00 PM,0.0°C,-,-12.0°C,41%,1022hPa,-,Calm,Calm,-,N/A,,Clear
1997-1-22 10:00 PM,0.0°C,-6.3°C,-14.0°C,35%,1022hPa,-,North,28.8km/h/8.0m/s,-,N/A,,Clear
