Time (CST),Temp.,Dew Point,Humidity,Pressure,Visibility,Wind Dir,Wind Speed,Gust Speed,Precip,Events,Conditions
1997-6-13 12:00 AM,19.0°C,8.0°C,49%,1012hPa,10.0km,Calm,Calm,-,N/A,,Clear
1997-6-13 1:00 AM,18.0°C,6.0°C,45%,1013hPa,10.0km,Calm,Calm,-,N/A,,Clear
1997-6-13 2:00 AM,17.0°C,6.0°C,48%,1012hPa,10.0km,Calm,Calm,-,N/A,,Clear
1997-6-13 3:00 AM,17.0°C,7.0°C,52%,1013hPa,10.0km,Calm,Calm,-,N/A,,Clear
1997-6-13 4:00 AM,17.0°C,6.0°C,48%,1012hPa,10.0km,North,7.2km/h/2.0m/s,-,N/A,,Clear
1997-6-13 5:00 AM,16.0°C,5.0°C,48%,1013hPa,10.0km,North,7.2km/h/2.0m/s,-,N/A,,Clear
1997-6-13 6:00 AM,17.0°C,9.0°C,59%,1013hPa,10.0km,Calm,Calm,-,N/A,,Clear
1997-6-13 7:00 AM,19.0°C,9.0°C,52%,1013hPa,10.0km,Calm,Calm,-,N/A,,Clear
1997-6-13 8:00 AM,20.0°C,8.0°C,46%,1014hPa,10.0km,Calm,Calm,-,N/A,,Clear
1997-6-13 9:00 AM,25.0°C,9.0°C,36%,1013hPa,6.0km,Calm,Calm,-,N/A,,Clear
1997-6-13 10:00 AM,27.0°C,8.0°C,30%,1013hPa,10.0km,Calm,Calm,-,N/A,,Clear
1997-6-13 11:00 AM,28.0°C,8.0°C,28%,1013hPa,10.0km,SSE,7.2km/h/2.0m/s,-,N/A,,Clear
1997-6-13 12:00 PM,31.0°C,9.0°C,25%,1012hPa,10.0km,SSW,7.2km/h/2.0m/s,-,N/A,,Partly Cloudy
1997-6-13 1:00 PM,31.0°C,6.0°C,21%,1012hPa,10.0km,West,14.4km/h/4.0m/s,-,N/A,,Scattered Clouds
1997-6-13 2:00 PM,32.0°C,5.0°C,18%,1011hPa,10.0km,SSW,14.4km/h/4.0m/s,-,N/A,,Scattered Clouds
1997-6-13 3:00 PM,29.0°C,4.0°C,20%,1011hPa,10.0km,ENE,46.8km/h/13.0m/s,-,N/A,,Scattered Clouds
1997-6-13 4:00 PM,29.0°C,3.0°C,19%,1011hPa,10.0km,NE,36.0km/h/10.0m/s,-,N/A,,Partly Cloudy
1997-6-13 5:00 PM,27.0°C,5.0°C,24%,1011hPa,10.0km,NE,36.0km/h/10.0m/s,-,N/A,,Mostly Cloudy
1997-6-13 6:00 PM,29.0°C,3.0°C,19%,1012hPa,10.0km,ENE,14.4km/h/4.0m/s,-,N/A,,Mostly Cloudy
1997-6-13 7:00 PM,29.0°C,5.0°C,22%,1012hPa,10.0km,East,14.4km/h/4.0m/s,-,N/A,,Scattered Clouds
1997-6-13 8:00 PM,27.0°C,7.0°C,28%,1013hPa,-,Calm,Calm,-,N/A,,Clear
1997-6-13 9:00 PM,25.0°C,8.0°C,34%,1013hPa,10.0km,East,18.0km/h/5.0m/s,-,N/A,,Clear
1997-6-13 10:00 PM,24.0°C,9.0°C,38%,1014hPa,10.0km,East,14.4km/h/4.0m/s,-,N/A,,Clear
1997-6-13 11:00 PM,21.0°C,10.0°C,49%,1014hPa,10.0km,South,3.6km/h/1.0m/s,-,N/A,,Clear
