Time (CST),Temp.,Heat Index,Dew Point,Humidity,Pressure,Visibility,Wind Dir,Wind Speed,Gust Speed,Precip,Events,Conditions
1997-6-30 12:00 AM,22.0°C,-,18.0°C,78%,1002hPa,-,East,10.8km/h/3.0m/s,-,N/A,,Clear
1997-6-30 1:00 AM,22.0°C,-,18.0°C,78%,1002hPa,-,East,10.8km/h/3.0m/s,-,N/A,,Clear
1997-6-30 2:00 AM,22.0°C,-,18.0°C,78%,1002hPa,-,East,10.8km/h/3.0m/s,-,N/A,,Clear
1997-6-30 3:00 AM,21.0°C,-,18.0°C,83%,1002hPa,-,NE,7.2km/h/2.0m/s,-,N/A,,Clear
1997-6-30 4:00 AM,20.0°C,-,17.0°C,83%,1002hPa,-,East,7.2km/h/2.0m/s,-,N/A,,Clear
1997-6-30 5:00 AM,20.0°C,-,18.0°C,88%,1002hPa,-,East,10.8km/h/3.0m/s,-,N/A,,Clear
1997-6-30 6:00 AM,20.0°C,-,18.0°C,88%,1003hPa,5.0km,Calm,Calm,-,N/A,,Overcast
1997-6-30 7:00 AM,21.0°C,-,18.0°C,83%,1003hPa,1.6km,Calm,Calm,-,N/A,,Overcast
1997-6-30 8:00 AM,24.0°C,-,18.0°C,69%,1003hPa,4.0km,NNE,14.4km/h/4.0m/s,-,N/A,,Overcast
1997-6-30 9:00 AM,25.0°C,-,18.0°C,65%,1003hPa,5.0km,East,7.2km/h/2.0m/s,-,N/A,,Smoke
1997-6-30 10:00 AM,27.0°C,27.9°C,18.0°C,58%,1003hPa,-,NNW,10.8km/h/3.0m/s,-,N/A,,Clear
1997-6-30 11:00 AM,27.0°C,27.9°C,18.0°C,58%,1002hPa,-,Calm,Calm,-,N/A,,Clear
1997-6-30 12:00 PM,29.0°C,29.8°C,18.0°C,51%,1002hPa,-,SSW,7.2km/h/2.0m/s,-,N/A,,Clear
1997-6-30 1:00 PM,31.0°C,31.4°C,17.0°C,43%,1001hPa,-,NE,21.6km/h/6.0m/s,-,N/A,,Clear
1997-6-30 2:00 PM,32.0°C,32.3°C,17.0°C,40%,1000hPa,10.0km,East,3.6km/h/1.0m/s,-,N/A,,Mostly Cloudy
1997-6-30 3:00 PM,33.0°C,33.4°C,17.0°C,38%,1000hPa,10.0km,Calm,Calm,-,N/A,,Mostly Cloudy
1997-6-30 4:00 PM,33.0°C,33.4°C,17.0°C,38%,999hPa,10.0km,ESE,7.2km/h/2.0m/s,-,N/A,,Partly Cloudy
1997-6-30 5:00 PM,33.0°C,33.4°C,17.0°C,38%,999hPa,10.0km,Calm,Calm,-,N/A,,Scattered Clouds
1997-6-30 6:00 PM,31.0°C,31.4°C,17.0°C,43%,1000hPa,10.0km,ENE,18.0km/h/5.0m/s,-,N/A,Rain,Light Rain Showers
1997-6-30 7:00 PM,29.0°C,29.8°C,18.0°C,51%,1001hPa,10.0km,ENE,36.0km/h/10.0m/s,-,N/A,,Mostly Cloudy
1997-6-30 8:00 PM,28.0°C,28.3°C,16.0°C,48%,1001hPa,10.0km,East,36.0km/h/10.0m/s,-,N/A,,Mostly Cloudy
1997-6-30 9:00 PM,27.0°C,27.7°C,17.0°C,54%,1002hPa,10.0km,ENE,28.8km/h/8.0m/s,-,N/A,,Overcast
1997-6-30 10:00 PM,26.0°C,-,17.0°C,57%,1003hPa,10.0km,East,36.0km/h/10.0m/s,-,N/A,,Overcast
1997-6-30 11:00 PM,26.0°C,-,18.0°C,61%,1003hPa,10.0km,ENE,28.8km/h/8.0m/s,-,N/A,,Mostly Cloudy
