Time (CST),Temp.,Windchill,Dew Point,Humidity,Pressure,Visibility,Wind Dir,Wind Speed,Gust Speed,Precip,Events,Conditions
1997-3-11 1:00 AM,11.0°C,-,-6.0°C,30%,1018hPa,-,East,14.4km/h/4.0m/s,-,N/A,,Clear
1997-3-11 2:00 AM,10.0°C,-,-5.0°C,35%,1018hPa,-,East,21.6km/h/6.0m/s,-,N/A,,Clear
1997-3-11 3:00 AM,9.0°C,-,-5.0°C,37%,1018hPa,10.0km,ESE,10.8km/h/3.0m/s,-,N/A,,Clear
1997-3-11 4:00 AM,8.0°C,6.1°C,-6.0°C,37%,1018hPa,10.0km,SE,10.8km/h/3.0m/s,-,N/A,,Clear
1997-3-11 5:00 AM,7.0°C,-,-6.0°C,39%,1018hPa,10.0km,Calm,Calm,-,N/A,,Clear
1997-3-11 6:00 AM,8.0°C,-,-2.0°C,50%,1018hPa,10.0km,Calm,Calm,-,N/A,,Clear
1997-3-11 7:00 AM,7.0°C,5.7°C,-3.0°C,49%,1018hPa,-,East,7.2km/h/2.0m/s,-,N/A,,Clear
1997-3-11 8:00 AM,10.0°C,-,-9.0°C,26%,1019hPa,-,NE,25.2km/h/7.0m/s,-,N/A,,Clear
1997-3-11 9:00 AM,10.0°C,-,-10.0°C,24%,1019hPa,10.0km,ENE,32.4km/h/9.0m/s,-,N/A,,Mostly Cloudy
1997-3-11 10:00 AM,10.0°C,-,-8.0°C,28%,1019hPa,10.0km,ENE,21.6km/h/6.0m/s,-,N/A,,Overcast
1997-3-11 11:00 AM,11.0°C,-,-8.0°C,26%,1019hPa,10.0km,ENE,28.8km/h/8.0m/s,-,N/A,,Overcast
1997-3-11 12:00 PM,10.0°C,-,-4.0°C,37%,1019hPa,10.0km,East,36.0km/h/10.0m/s,-,N/A,,Overcast
1997-3-11 2:00 PM,8.0°C,3.6°C,-2.0°C,50%,1018hPa,10.0km,East,36.0km/h/10.0m/s,-,N/A,,Overcast
1997-3-11 3:00 PM,8.0°C,3.6°C,-2.0°C,50%,1017hPa,-,East,36.0km/h/10.0m/s,-,N/A,,Clear
1997-3-11 4:00 PM,8.0°C,3.8°C,-1.0°C,53%,1017hPa,-,East,32.4km/h/9.0m/s,-,N/A,,Clear
1997-3-11 5:00 PM,8.0°C,4.4°C,0.0°C,57%,1017hPa,10.0km,East,25.2km/h/7.0m/s,-,N/A,,Overcast
1997-3-11 6:00 PM,8.0°C,5.1°C,1.0°C,62%,1017hPa,10.0km,ENE,18.0km/h/5.0m/s,-,N/A,,Overcast
1997-3-11 7:00 PM,8.0°C,5.6°C,1.0°C,62%,1018hPa,10.0km,ESE,14.4km/h/4.0m/s,-,N/A,,Overcast
1997-3-11 8:00 PM,7.0°C,3.1°C,1.0°C,66%,1018hPa,10.0km,East,25.2km/h/7.0m/s,-,N/A,Rain,Light Rain
1997-3-11 9:00 PM,8.0°C,5.6°C,2.0°C,66%,1019hPa,10.0km,East,14.4km/h/4.0m/s,-,N/A,Rain,Light Rain
1997-3-11 10:00 PM,7.0°C,4.9°C,2.0°C,71%,1019hPa,10.0km,ESE,10.8km/h/3.0m/s,-,N/A,Rain,Light Rain
