Time (CST),Temp.,Heat Index,Dew Point,Humidity,Pressure,Visibility,Wind Dir,Wind Speed,Gust Speed,Precip,Events,Conditions
1997-8-19 12:00 AM,21.0°C,-,13.0°C,60%,1014hPa,10.0km,NE,7.2km/h/2.0m/s,-,N/A,,Clear
1997-8-19 1:00 AM,18.0°C,-,13.0°C,73%,1014hPa,10.0km,Calm,Calm,-,N/A,,Clear
1997-8-19 2:00 AM,19.0°C,-,13.0°C,68%,1014hPa,10.0km,ENE,7.2km/h/2.0m/s,-,N/A,,Clear
1997-8-19 3:00 AM,18.0°C,-,13.0°C,73%,1014hPa,10.0km,Calm,Calm,-,N/A,,Clear
1997-8-19 4:00 AM,17.0°C,-,13.0°C,77%,1014hPa,10.0km,Calm,Calm,-,N/A,,Clear
1997-8-19 5:00 AM,17.0°C,-,13.0°C,77%,1014hPa,10.0km,North,7.2km/h/2.0m/s,-,N/A,,Clear
1997-8-19 6:00 AM,16.0°C,-,13.0°C,82%,1014hPa,10.0km,NW,7.2km/h/2.0m/s,-,N/A,,Clear
1997-8-19 7:00 AM,18.0°C,-,14.0°C,77%,1015hPa,10.0km,North,3.6km/h/1.0m/s,-,N/A,,Clear
1997-8-19 8:00 AM,21.0°C,-,14.0°C,64%,1015hPa,10.0km,North,7.2km/h/2.0m/s,-,N/A,,Clear
1997-8-19 9:00 AM,25.0°C,-,15.0°C,54%,1015hPa,8.0km,NNW,14.4km/h/4.0m/s,-,N/A,,Clear
1997-8-19 10:00 AM,27.0°C,27.3°C,15.0°C,48%,1015hPa,10.0km,NNW,14.4km/h/4.0m/s,-,N/A,,Clear
1997-8-19 11:00 AM,29.0°C,28.6°C,14.0°C,40%,1014hPa,10.0km,NNW,3.6km/h/1.0m/s,-,N/A,,Clear
1997-8-19 12:00 PM,31.0°C,30.0°C,13.0°C,33%,1013hPa,10.0km,NW,14.4km/h/4.0m/s,-,N/A,,Clear
1997-8-19 1:00 PM,32.0°C,-,11.0°C,27%,1013hPa,10.0km,NW,10.8km/h/3.0m/s,-,N/A,,Partly Cloudy
1997-8-19 2:00 PM,34.0°C,32.7°C,12.0°C,26%,1012hPa,10.0km,NNE,7.2km/h/2.0m/s,-,N/A,,Scattered Clouds
1997-8-19 3:00 PM,33.0°C,31.9°C,13.0°C,29%,1012hPa,10.0km,East,14.4km/h/4.0m/s,-,N/A,,Scattered Clouds
1997-8-19 4:00 PM,32.0°C,31.2°C,14.0°C,33%,1012hPa,10.0km,East,25.2km/h/7.0m/s,-,N/A,,Scattered Clouds
1997-8-19 5:00 PM,31.0°C,30.0°C,13.0°C,33%,1012hPa,10.0km,East,25.2km/h/7.0m/s,-,N/A,,Partly Cloudy
1997-8-19 6:00 PM,30.0°C,29.2°C,13.0°C,35%,1012hPa,10.0km,East,18.0km/h/5.0m/s,-,N/A,,Partly Cloudy
1997-8-19 7:00 PM,28.0°C,27.8°C,14.0°C,42%,1013hPa,10.0km,East,18.0km/h/5.0m/s,-,N/A,,Scattered Clouds
1997-8-19 8:00 PM,27.0°C,27.1°C,14.0°C,45%,1014hPa,10.0km,East,18.0km/h/5.0m/s,-,N/A,,Scattered Clouds
1997-8-19 9:00 PM,26.0°C,-,14.0°C,47%,1014hPa,10.0km,East,10.8km/h/3.0m/s,-,N/A,,Scattered Clouds
1997-8-19 10:00 PM,25.0°C,-,15.0°C,54%,1015hPa,10.0km,East,10.8km/h/3.0m/s,-,N/A,,Scattered Clouds
1997-8-19 11:00 PM,23.0°C,-,16.0°C,65%,1015hPa,10.0km,NE,10.8km/h/3.0m/s,-,N/A,,Scattered Clouds
