Time (CST),Temp.,Windchill,Dew Point,Humidity,Pressure,Visibility,Wind Dir,Wind Speed,Gust Speed,Precip,Events,Conditions
1997-10-21 12:00 AM,8.0°C,6.9°C,-4.0°C,43%,1012hPa,10.0km,ESE,7.2km/h/2.0m/s,-,N/A,,Clear
1997-10-21 1:00 AM,8.0°C,6.9°C,-3.0°C,46%,1012hPa,10.0km,East,7.2km/h/2.0m/s,-,N/A,,Clear
1997-10-21 2:00 AM,7.0°C,5.7°C,-3.0°C,49%,1013hPa,10.0km,ESE,7.2km/h/2.0m/s,-,N/A,,Clear
1997-10-21 3:00 AM,7.0°C,5.7°C,-3.0°C,49%,1013hPa,10.0km,ESE,7.2km/h/2.0m/s,-,N/A,,Clear
1997-10-21 4:00 AM,6.0°C,-,-3.0°C,53%,1014hPa,10.0km,NE,3.6km/h/1.0m/s,-,N/A,,Clear
1997-10-21 6:00 AM,4.0°C,2.2°C,-3.0°C,61%,1014hPa,10.0km,SE,7.2km/h/2.0m/s,-,N/A,,Clear
1997-10-21 8:00 AM,7.0°C,-,-2.0°C,53%,1015hPa,10.0km,Calm,Calm,-,N/A,,Clear
1997-10-21 9:00 AM,13.0°C,-,-3.0°C,33%,1016hPa,8.0km,Calm,Calm,-,N/A,,Clear
1997-10-21 10:00 AM,19.0°C,-,-3.0°C,23%,1016hPa,10.0km,ENE,14.4km/h/4.0m/s,-,N/A,,Clear
1997-10-21 11:00 AM,21.0°C,-,-4.0°C,18%,1015hPa,10.0km,Calm,Calm,-,N/A,,Clear
1997-10-21 12:00 PM,23.0°C,-,-5.0°C,15%,1014hPa,10.0km,ENE,10.8km/h/3.0m/s,-,N/A,,Clear
1997-10-21 1:00 PM,24.0°C,-,-6.0°C,13%,1013hPa,10.0km,ENE,7.2km/h/2.0m/s,-,N/A,,Clear
1997-10-21 2:00 PM,26.0°C,-,-6.0°C,12%,1012hPa,10.0km,South,7.2km/h/2.0m/s,-,N/A,,Clear
1997-10-21 3:00 PM,26.0°C,-,-6.0°C,12%,1011hPa,10.0km,SSE,7.2km/h/2.0m/s,-,N/A,,Clear
1997-10-21 4:00 PM,26.0°C,-,-6.0°C,12%,1011hPa,10.0km,SSE,10.8km/h/3.0m/s,-,N/A,,Clear
1997-10-21 5:00 PM,23.0°C,-,-5.0°C,15%,1011hPa,10.0km,SE,10.8km/h/3.0m/s,-,N/A,,Clear
1997-10-21 6:00 PM,21.0°C,-,-1.0°C,23%,1011hPa,10.0km,East,14.4km/h/4.0m/s,-,N/A,,Clear
1997-10-21 8:00 PM,18.0°C,-,-1.0°C,28%,1012hPa,10.0km,ENE,18.0km/h/5.0m/s,-,N/A,,Clear
1997-10-21 9:00 PM,17.0°C,-,-2.0°C,27%,1012hPa,10.0km,East,18.0km/h/5.0m/s,-,N/A,,Clear
1997-10-21 10:00 PM,16.0°C,-,-1.0°C,31%,1013hPa,10.0km,NE,7.2km/h/2.0m/s,-,N/A,,Clear
