Time (CST),Temp.,Windchill,Dew Point,Humidity,Pressure,Visibility,Wind Dir,Wind Speed,Gust Speed,Precip,Events,Conditions
1998-11-25 12:00 AM,30.2°F,25.5°F,23.0°F,75%,30.27in,-,East,4.5mph,-,N/A,,Clear
1998-11-25 7:00 AM,32.0°F,27.6°F,24.8°F,75%,30.21in,3.7mi,ESE,4.5mph,-,N/A,,Mostly Cloudy
1998-11-25 8:00 AM,32.0°F,27.6°F,24.8°F,75%,30.24in,3.1mi,ESE,4.5mph,-,N/A,,Mostly Cloudy
1998-11-25 9:00 AM,32.0°F,-,24.8°F,75%,30.24in,2.5mi,East,2.2mph,-,N/A,,Smoke
1998-11-25 10:00 AM,35.6°F,31.8°F,26.6°F,70%,30.24in,2.5mi,ESE,4.5mph,-,N/A,,Smoke
1998-11-25 11:00 AM,37.4°F,-,28.4°F,70%,30.21in,3.1mi,SSE,2.2mph,-,N/A,,Smoke
1998-11-25 12:00 PM,41.0°F,38.1°F,30.2°F,65%,30.18in,3.1mi,SSE,4.5mph,-,N/A,,Smoke
1998-11-25 1:00 PM,42.8°F,-,30.2°F,61%,30.15in,3.1mi,Calm,Calm,-,N/A,,Haze
1998-11-25 2:00 PM,44.6°F,42.3°F,28.4°F,53%,30.09in,3.7mi,SSE,4.5mph,-,N/A,,Scattered Clouds
1998-11-25 3:00 PM,44.6°F,42.3°F,30.2°F,57%,30.09in,3.7mi,SE,4.5mph,-,N/A,,Mostly Cloudy
1998-11-25 4:00 PM,44.6°F,-,32.0°F,61%,30.09in,3.7mi,SSE,2.2mph,-,N/A,,Scattered Clouds
1998-11-25 6:00 PM,35.6°F,31.8°F,30.2°F,81%,30.09in,3.7mi,ESE,4.5mph,-,N/A,,Scattered Clouds
1998-11-25 7:00 PM,37.4°F,-,32.0°F,81%,30.12in,3.7mi,Calm,Calm,-,N/A,,Clear
1998-11-25 8:00 PM,39.2°F,36.0°F,33.8°F,81%,30.12in,5.0mi,ESE,4.5mph,-,N/A,,Clear
1998-11-25 9:00 PM,35.6°F,-,32.0°F,87%,30.15in,5.0mi,Calm,Calm,-,N/A,,Clear
1998-11-25 10:00 PM,35.6°F,-,32.0°F,87%,30.15in,6.2mi,Calm,Calm,-,N/A,,Clear
1998-11-25 11:00 PM,35.6°F,-,32.0°F,87%,30.15in,-,North,-,-,N/A,,Clear
