Time (CST),Temp.,Windchill,Dew Point,Humidity,Pressure,Visibility,Wind Dir,Wind Speed,Gust Speed,Precip,Events,Conditions
1997-2-2 12:00 AM,-3.0°C,-7.1°C,-9.0°C,64%,1023hPa,6.0km,East,10.8km/h/3.0m/s,-,N/A,,Clear
1997-2-2 1:00 AM,-3.0°C,-7.1°C,-9.0°C,64%,1023hPa,6.0km,East,10.8km/h/3.0m/s,-,N/A,,Clear
1997-2-2 2:00 AM,-3.0°C,-,-9.0°C,64%,1023hPa,6.0km,Calm,Calm,-,N/A,,Clear
1997-2-2 4:00 AM,-5.0°C,-,-10.0°C,68%,1024hPa,6.0km,Calm,Calm,-,N/A,,Clear
1997-2-2 5:00 AM,-5.0°C,-,-10.0°C,68%,1024hPa,6.0km,Calm,Calm,-,N/A,,Clear
1997-2-2 6:00 AM,-7.0°C,-,-12.0°C,68%,1023hPa,6.0km,Calm,Calm,-,N/A,,Clear
1997-2-2 7:00 AM,-6.0°C,-,-10.0°C,74%,1024hPa,5.0km,Calm,Calm,-,N/A,,Smoke
1997-2-2 8:00 AM,-6.0°C,-,-11.0°C,68%,1025hPa,1.8km,Calm,Calm,-,N/A,,Smoke
1997-2-2 9:00 AM,-6.0°C,-,-10.0°C,74%,1025hPa,1.8km,Calm,Calm,-,N/A,,Smoke
1997-2-2 10:00 AM,-4.0°C,-,-11.0°C,59%,1025hPa,2.6km,Calm,Calm,-,N/A,,Smoke
1997-2-2 11:00 AM,-1.0°C,-,-10.0°C,51%,1025hPa,1.6km,Calm,Calm,-,N/A,,Smoke
1997-2-2 12:00 PM,1.0°C,-,-9.0°C,48%,1024hPa,3.0km,Calm,Calm,-,N/A,,Smoke
1997-2-2 1:00 PM,3.0°C,-,-8.0°C,45%,1023hPa,6.0km,Calm,Calm,-,N/A,,Partly Cloudy
1997-2-2 2:00 PM,4.0°C,-,-6.0°C,49%,1022hPa,9.0km,Calm,Calm,-,N/A,,Clear
1997-2-2 3:00 PM,5.0°C,2.5°C,-6.0°C,45%,1021hPa,-,South,10.8km/h/3.0m/s,-,N/A,,Clear
1997-2-2 4:00 PM,5.0°C,2.5°C,-7.0°C,42%,1021hPa,-,SSE,10.8km/h/3.0m/s,-,N/A,,Clear
1997-2-2 5:00 PM,5.0°C,2.5°C,-7.0°C,42%,1021hPa,-,South,10.8km/h/3.0m/s,-,N/A,,Clear
1997-2-2 6:00 PM,3.0°C,0.1°C,-10.0°C,38%,1022hPa,-,NNE,10.8km/h/3.0m/s,-,N/A,,Clear
1997-2-2 7:00 PM,0.0°C,-4.9°C,-12.0°C,41%,1023hPa,-,NE,18.0km/h/5.0m/s,-,N/A,,Clear
1997-2-2 8:00 PM,-1.0°C,-7.2°C,-11.0°C,47%,1023hPa,-,NE,25.2km/h/7.0m/s,-,N/A,,Clear
1997-2-2 9:00 PM,-2.0°C,-7.4°C,-12.0°C,47%,1023hPa,-,NNE,18.0km/h/5.0m/s,-,N/A,,Clear
1997-2-2 10:00 PM,-2.0°C,-5.9°C,-11.0°C,51%,1024hPa,-,ENE,10.8km/h/3.0m/s,-,N/A,,Clear
1997-2-2 11:00 PM,-3.0°C,-8.0°C,-12.0°C,51%,1024hPa,-,ENE,14.4km/h/4.0m/s,-,N/A,,Clear
