Time (CST),Temp.,Windchill,Dew Point,Humidity,Pressure,Visibility,Wind Dir,Wind Speed,Gust Speed,Precip,Events,Conditions
1998-1-9 12:00 AM,-9.0°C,-12.9°C,-16.0°C,58%,1017hPa,10.0km,SE,7.2km/h/2.0m/s,-,N/A,,Clear
1998-1-9 1:00 AM,-8.0°C,-,-16.0°C,53%,1018hPa,10.0km,NE,3.6km/h/1.0m/s,-,N/A,,Clear
1998-1-9 3:00 AM,-10.0°C,-,-15.0°C,67%,1018hPa,10.0km,SE,3.6km/h/1.0m/s,-,N/A,,Clear
1998-1-9 5:00 AM,-9.0°C,-,-14.0°C,68%,1018hPa,10.0km,Calm,Calm,-,N/A,,Clear
1998-1-9 6:00 AM,-9.0°C,-,-14.0°C,68%,1018hPa,10.0km,Calm,Calm,-,N/A,,Clear
1998-1-9 7:00 AM,-8.0°C,-,-13.0°C,68%,1018hPa,8.0km,ESE,3.6km/h/1.0m/s,-,N/A,,Scattered Clouds
1998-1-9 8:00 AM,-9.0°C,-,-13.0°C,73%,1019hPa,-,ENE,3.6km/h/1.0m/s,-,N/A,,Clear
1998-1-9 9:00 AM,-8.0°C,-,-13.0°C,68%,1019hPa,5.0km,Calm,Calm,-,N/A,,Smoke
1998-1-9 10:00 AM,-3.0°C,-,-12.0°C,51%,1019hPa,3.0km,ENE,3.6km/h/1.0m/s,-,N/A,,Smoke
1998-1-9 11:00 AM,-1.0°C,-,-12.0°C,44%,1019hPa,3.0km,NE,3.6km/h/1.0m/s,-,N/A,,Smoke
1998-1-9 12:00 PM,2.0°C,-,-12.0°C,35%,1018hPa,2.6km,NNE,3.6km/h/1.0m/s,-,N/A,,Smoke
1998-1-9 1:00 PM,4.0°C,-,-12.0°C,31%,1017hPa,3.0km,SSW,3.6km/h/1.0m/s,-,N/A,,Smoke
1998-1-9 3:00 PM,5.0°C,-,-11.0°C,31%,1015hPa,4.0km,NW,3.6km/h/1.0m/s,-,N/A,,Smoke
1998-1-9 4:00 PM,5.0°C,-,-11.0°C,31%,1016hPa,4.0km,Calm,Calm,-,N/A,,Smoke
1998-1-9 5:00 PM,5.0°C,-,-11.0°C,31%,1016hPa,4.0km,SSW,3.6km/h/1.0m/s,-,N/A,,Smoke
1998-1-9 7:00 PM,1.0°C,-,-12.0°C,38%,1018hPa,5.0km,East,3.6km/h/1.0m/s,-,N/A,,Smoke
1998-1-9 8:00 PM,-1.0°C,-,-11.0°C,47%,1018hPa,4.5km,ESE,3.6km/h/1.0m/s,-,N/A,,Smoke
1998-1-9 9:00 PM,-1.0°C,-,-10.0°C,51%,1019hPa,4.5km,ESE,3.6km/h/1.0m/s,-,N/A,,Smoke
1998-1-9 10:00 PM,-2.0°C,-4.8°C,-12.0°C,47%,1020hPa,5.0km,East,7.2km/h/2.0m/s,-,N/A,,Smoke
1998-1-9 11:00 PM,-2.0°C,-,-12.0°C,47%,1020hPa,5.0km,NNE,3.6km/h/1.0m/s,-,N/A,,Smoke
