Time (CST),Temp.,Windchill,Dew Point,Humidity,Pressure,Visibility,Wind Dir,Wind Speed,Gust Speed,Precip,Events,Conditions
1997-1-16 6:00 AM,-8.0°C,-11.8°C,-10.0°C,86%,1019hPa,8.0km,ENE,7.2km/h/2.0m/s,-,N/A,,Clear
1997-1-16 8:00 AM,-8.0°C,-,-9.0°C,93%,1019hPa,0.4km,Calm,Calm,-,N/A,Fog,Light Freezing Fog
1997-1-16 9:00 AM,-8.0°C,-11.8°C,-9.0°C,93%,1020hPa,0.6km,SSE,7.2km/h/2.0m/s,-,N/A,Fog,Light Freezing Fog
1997-1-16 10:00 AM,-7.0°C,-10.6°C,-8.0°C,93%,1021hPa,0.7km,SW,7.2km/h/2.0m/s,-,N/A,Fog,Light Freezing Fog
1997-1-16 11:00 AM,-7.0°C,-10.6°C,-8.0°C,93%,1021hPa,0.7km,South,7.2km/h/2.0m/s,-,N/A,Fog,Light Freezing Fog
1997-1-16 12:00 PM,-6.0°C,-9.4°C,-8.0°C,86%,1020hPa,0.8km,SSE,7.2km/h/2.0m/s,-,N/A,Fog,Light Freezing Fog
1997-1-16 1:00 PM,-4.0°C,-,-7.0°C,80%,1018hPa,0.8km,Calm,Calm,-,N/A,Fog,Light Freezing Fog
1997-1-16 2:00 PM,-3.0°C,-,-7.0°C,74%,1017hPa,1.2km,Calm,Calm,-,N/A,,Partly Cloudy
1997-1-16 3:00 PM,0.0°C,-,-8.0°C,55%,1016hPa,1.5km,Calm,Calm,-,N/A,,Smoke
1997-1-16 4:00 PM,1.0°C,-1.3°C,-8.0°C,52%,1017hPa,2.0km,WSW,7.2km/h/2.0m/s,-,N/A,,Smoke
1997-1-16 5:00 PM,0.0°C,-3.5°C,-8.0°C,55%,1017hPa,1.5km,SSW,10.8km/h/3.0m/s,-,N/A,,Smoke
1997-1-16 6:00 PM,-2.0°C,-5.9°C,-7.0°C,69%,1017hPa,1.5km,WSW,10.8km/h/3.0m/s,-,N/A,,Smoke
1997-1-16 7:00 PM,-2.0°C,-5.9°C,-8.0°C,64%,1018hPa,2.5km,NNW,10.8km/h/3.0m/s,-,N/A,,Smoke
1997-1-16 8:00 PM,-3.0°C,-7.1°C,-7.0°C,74%,1018hPa,2.0km,SW,10.8km/h/3.0m/s,-,N/A,,Smoke
1997-1-16 9:00 PM,-3.0°C,-7.1°C,-8.0°C,69%,1020hPa,2.0km,SSW,10.8km/h/3.0m/s,-,N/A,,Smoke
1997-1-16 10:00 PM,-3.0°C,-,-7.0°C,74%,1021hPa,2.0km,Calm,Calm,-,N/A,,Smoke
1997-1-16 11:00 PM,-4.0°C,-7.1°C,-7.0°C,80%,1021hPa,2.0km,East,7.2km/h/2.0m/s,-,N/A,,Smoke
