Time (CST),Temp.,Windchill,Dew Point,Humidity,Pressure,Visibility,Wind Dir,Wind Speed,Gust Speed,Precip,Events,Conditions
1997-9-14 12:00 AM,14.0°C,-,12.0°C,88%,1026hPa,10.0km,East,7.2km/h/2.0m/s,-,N/A,,Overcast
1997-9-14 1:00 AM,12.0°C,-,12.0°C,100%,1026hPa,10.0km,Calm,Calm,-,N/A,,Overcast
1997-9-14 2:00 AM,11.0°C,-,11.0°C,100%,1025hPa,-,North,7.2km/h/2.0m/s,-,N/A,,Clear
1997-9-14 3:00 AM,11.0°C,-,11.0°C,100%,1025hPa,-,ESE,7.2km/h/2.0m/s,-,N/A,,Clear
1997-9-14 4:00 AM,10.0°C,-,10.0°C,100%,1025hPa,10.0km,East,3.6km/h/1.0m/s,-,N/A,,Clear
1997-9-14 5:00 AM,8.0°C,6.9°C,8.0°C,100%,1025hPa,10.0km,SE,7.2km/h/2.0m/s,-,N/A,,Clear
1997-9-14 6:00 AM,9.0°C,-,8.0°C,93%,1025hPa,-,Calm,Calm,-,N/A,,Clear
1997-9-14 7:00 AM,9.0°C,-,9.0°C,100%,1026hPa,6.0km,Calm,Calm,-,N/A,,Mostly Cloudy
1997-9-14 8:00 AM,12.0°C,-,12.0°C,100%,1026hPa,5.0km,North,3.6km/h/1.0m/s,-,N/A,,Scattered Clouds
1997-9-14 9:00 AM,16.0°C,-,11.0°C,72%,1026hPa,5.0km,North,3.6km/h/1.0m/s,-,N/A,,Scattered Clouds
1997-9-14 10:00 AM,19.0°C,-,9.0°C,52%,1026hPa,-,East,7.2km/h/2.0m/s,-,N/A,,Clear
1997-9-14 11:00 AM,19.0°C,-,8.0°C,49%,1026hPa,-,East,14.4km/h/4.0m/s,-,N/A,,Clear
1997-9-14 12:00 PM,20.0°C,-,9.0°C,49%,1025hPa,-,East,10.8km/h/3.0m/s,-,N/A,,Clear
1997-9-14 1:00 PM,21.0°C,-,10.0°C,49%,1024hPa,-,South,10.8km/h/3.0m/s,-,N/A,,Clear
1997-9-14 2:00 PM,22.0°C,-,11.0°C,50%,1023hPa,10.0km,South,10.8km/h/3.0m/s,-,N/A,,Mostly Cloudy
1997-9-14 3:00 PM,22.0°C,-,11.0°C,50%,1023hPa,10.0km,North,3.6km/h/1.0m/s,-,N/A,,Mostly Cloudy
1997-9-14 4:00 PM,22.0°C,-,12.0°C,53%,1022hPa,10.0km,SE,10.8km/h/3.0m/s,-,N/A,,Mostly Cloudy
1997-9-14 5:00 PM,21.0°C,-,13.0°C,60%,1022hPa,10.0km,SE,7.2km/h/2.0m/s,-,N/A,,Mostly Cloudy
1997-9-14 6:00 PM,20.0°C,-,14.0°C,68%,1022hPa,-,ESE,14.4km/h/4.0m/s,-,N/A,,Clear
1997-9-14 7:00 PM,18.0°C,-,13.0°C,73%,1023hPa,10.0km,ESE,10.8km/h/3.0m/s,-,N/A,,Mostly Cloudy
1997-9-14 8:00 PM,17.0°C,-,13.0°C,77%,1023hPa,10.0km,East,18.0km/h/5.0m/s,-,N/A,,Mostly Cloudy
1997-9-14 9:00 PM,17.0°C,-,13.0°C,77%,1024hPa,10.0km,East,14.4km/h/4.0m/s,-,N/A,,Overcast
1997-9-14 10:00 PM,16.0°C,-,13.0°C,82%,1024hPa,-,East,14.4km/h/4.0m/s,-,N/A,,Clear
1997-9-14 11:00 PM,16.0°C,-,13.0°C,82%,1024hPa,10.0km,East,14.4km/h/4.0m/s,-,N/A,,Mostly Cloudy
