Time (CST),Temp.,Dew Point,Humidity,Pressure,Visibility,Wind Dir,Wind Speed,Gust Speed,Precip,Events,Conditions
1997-9-10 12:00 AM,18.0°C,14.0°C,77%,1019hPa,10.0km,East,28.8km/h/8.0m/s,-,N/A,,Mostly Cloudy
1997-9-10 1:00 AM,17.0°C,14.0°C,82%,1019hPa,10.0km,East,28.8km/h/8.0m/s,-,N/A,,Mostly Cloudy
1997-9-10 2:00 AM,17.0°C,14.0°C,82%,1019hPa,10.0km,East,25.2km/h/7.0m/s,-,N/A,,Mostly Cloudy
1997-9-10 3:00 AM,16.0°C,13.0°C,82%,1019hPa,10.0km,East,32.4km/h/9.0m/s,-,N/A,,Mostly Cloudy
1997-9-10 4:00 AM,17.0°C,13.0°C,77%,1019hPa,10.0km,ENE,14.4km/h/4.0m/s,-,N/A,,Overcast
1997-9-10 5:00 AM,16.0°C,12.0°C,77%,1020hPa,10.0km,ENE,25.2km/h/7.0m/s,-,N/A,,Overcast
1997-9-10 6:00 AM,16.0°C,13.0°C,82%,1020hPa,10.0km,East,21.6km/h/6.0m/s,-,N/A,,Overcast
1997-9-10 7:00 AM,16.0°C,13.0°C,82%,1020hPa,10.0km,ENE,18.0km/h/5.0m/s,-,N/A,,Overcast
1997-9-10 8:00 AM,17.0°C,13.0°C,77%,1020hPa,-,ENE,21.6km/h/6.0m/s,-,N/A,,Clear
1997-9-10 9:00 AM,18.0°C,13.0°C,73%,1020hPa,10.0km,ENE,21.6km/h/6.0m/s,-,N/A,,Overcast
1997-9-10 10:00 AM,18.0°C,13.0°C,73%,1020hPa,10.0km,ENE,21.6km/h/6.0m/s,-,N/A,,Overcast
1997-9-10 11:00 AM,18.0°C,13.0°C,73%,1020hPa,-,ENE,21.6km/h/6.0m/s,-,N/A,,Clear
1997-9-10 12:00 PM,19.0°C,13.0°C,68%,1020hPa,-,ENE,21.6km/h/6.0m/s,-,N/A,,Clear
1997-9-10 1:00 PM,22.0°C,14.0°C,60%,1018hPa,-,ENE,10.8km/h/3.0m/s,-,N/A,,Clear
1997-9-10 2:00 PM,24.0°C,14.0°C,53%,1016hPa,-,ENE,7.2km/h/2.0m/s,-,N/A,,Clear
1997-9-10 3:00 PM,23.0°C,14.0°C,57%,1016hPa,10.0km,East,25.2km/h/7.0m/s,-,N/A,,Clear
1997-9-10 4:00 PM,22.0°C,14.0°C,60%,1015hPa,10.0km,East,28.8km/h/8.0m/s,-,N/A,,Clear
1997-9-10 5:00 PM,20.0°C,14.0°C,68%,1015hPa,-,East,32.4km/h/9.0m/s,-,N/A,,Clear
1997-9-10 6:00 PM,18.0°C,13.0°C,73%,1016hPa,-,ENE,28.8km/h/8.0m/s,-,N/A,,Clear
1997-9-10 7:00 PM,17.0°C,14.0°C,82%,1017hPa,-,East,25.2km/h/7.0m/s,-,N/A,,Clear
1997-9-10 8:00 PM,16.0°C,13.0°C,82%,1017hPa,-,ENE,25.2km/h/7.0m/s,-,N/A,,Clear
1997-9-10 9:00 PM,16.0°C,13.0°C,82%,1018hPa,-,ENE,28.8km/h/8.0m/s,-,N/A,,Clear
1997-9-10 10:00 PM,16.0°C,13.0°C,82%,1018hPa,-,East,25.2km/h/7.0m/s,-,N/A,,Clear
1997-9-10 11:00 PM,17.0°C,13.0°C,77%,1019hPa,-,NE,18.0km/h/5.0m/s,-,N/A,,Clear
