Time (CST),Temp.,Heat Index,Dew Point,Humidity,Pressure,Visibility,Wind Dir,Wind Speed,Gust Speed,Precip,Events,Conditions
1997-8-3 12:00 AM,25.0°C,-,14.0°C,50%,1009hPa,-,ENE,7.2km/h/2.0m/s,-,N/A,,Clear
1997-8-3 1:00 AM,24.0°C,-,15.0°C,57%,1009hPa,-,Calm,Calm,-,N/A,,Clear
1997-8-3 2:00 AM,22.0°C,-,18.0°C,78%,1009hPa,-,WNW,7.2km/h/2.0m/s,-,N/A,,Clear
1997-8-3 4:00 AM,22.0°C,-,17.0°C,73%,1008hPa,-,NNW,3.6km/h/1.0m/s,-,N/A,,Clear
1997-8-3 5:00 AM,22.0°C,-,18.0°C,78%,1008hPa,10.0km,NNW,7.2km/h/2.0m/s,-,N/A,,Overcast
1997-8-3 6:00 AM,21.0°C,-,16.0°C,73%,1008hPa,10.0km,NW,7.2km/h/2.0m/s,-,N/A,,Mostly Cloudy
1997-8-3 7:00 AM,22.0°C,-,17.0°C,73%,1009hPa,10.0km,NW,7.2km/h/2.0m/s,-,N/A,,Mostly Cloudy
1997-8-3 8:00 AM,23.0°C,-,18.0°C,73%,1009hPa,10.0km,NW,7.2km/h/2.0m/s,-,N/A,,Mostly Cloudy
1997-8-3 9:00 AM,24.0°C,-,15.0°C,57%,1009hPa,-,North,10.8km/h/3.0m/s,-,N/A,,Clear
1997-8-3 10:00 AM,26.0°C,-,16.0°C,54%,1008hPa,-,NNW,10.8km/h/3.0m/s,-,N/A,,Clear
1997-8-3 11:00 AM,27.0°C,27.3°C,15.0°C,48%,1008hPa,10.0km,NNW,10.8km/h/3.0m/s,-,N/A,,Mostly Cloudy
1997-8-3 12:00 PM,27.0°C,27.9°C,18.0°C,58%,1008hPa,10.0km,NNW,10.8km/h/3.0m/s,-,N/A,,Mostly Cloudy
1997-8-3 1:00 PM,27.0°C,27.9°C,18.0°C,58%,1006hPa,-,NW,7.2km/h/2.0m/s,-,N/A,,Clear
1997-8-3 3:00 PM,28.0°C,28.0°C,15.0°C,45%,1005hPa,10.0km,East,10.8km/h/3.0m/s,-,N/A,,Mostly Cloudy
1997-8-3 4:00 PM,30.0°C,30.3°C,17.0°C,45%,1004hPa,-,East,7.2km/h/2.0m/s,-,N/A,,Clear
1997-8-3 5:00 PM,29.0°C,29.8°C,18.0°C,51%,1004hPa,10.0km,East,10.8km/h/3.0m/s,-,N/A,,Mostly Cloudy
1997-8-3 6:00 PM,28.0°C,28.3°C,16.0°C,48%,1004hPa,10.0km,East,10.8km/h/3.0m/s,-,N/A,,Mostly Cloudy
1997-8-3 7:00 PM,28.0°C,28.0°C,15.0°C,45%,1004hPa,10.0km,East,18.0km/h/5.0m/s,-,N/A,,Scattered Clouds
1997-8-3 8:00 PM,27.0°C,27.3°C,15.0°C,48%,1005hPa,-,East,10.8km/h/3.0m/s,-,N/A,,Clear
1997-8-3 9:00 PM,27.0°C,27.3°C,15.0°C,48%,1005hPa,-,East,21.6km/h/6.0m/s,-,N/A,,Clear
1997-8-3 10:00 PM,25.0°C,-,15.0°C,54%,1006hPa,-,ENE,14.4km/h/4.0m/s,-,N/A,,Clear
1997-8-3 11:00 PM,26.0°C,-,17.0°C,57%,1006hPa,-,ENE,10.8km/h/3.0m/s,-,N/A,,Clear
