Time (CST),Temp.,Heat Index,Dew Point,Humidity,Pressure,Visibility,Wind Dir,Wind Speed,Gust Speed,Precip,Events,Conditions
1997-8-8 12:00 AM,23.0°C,-,22.0°C,94%,1004hPa,7.0km,Calm,Calm,-,N/A,,Scattered Clouds
1997-8-8 2:00 AM,22.0°C,-,21.0°C,94%,1004hPa,7.0km,ESE,3.6km/h/1.0m/s,-,N/A,,Scattered Clouds
1997-8-8 3:00 AM,22.0°C,-,22.0°C,100%,1004hPa,7.0km,ENE,3.6km/h/1.0m/s,-,N/A,,Scattered Clouds
1997-8-8 4:00 AM,21.0°C,-,21.0°C,100%,1004hPa,7.0km,SE,7.2km/h/2.0m/s,-,N/A,,Scattered Clouds
1997-8-8 5:00 AM,22.0°C,-,21.0°C,94%,1004hPa,7.0km,East,3.6km/h/1.0m/s,-,N/A,,Mostly Cloudy
1997-8-8 6:00 AM,19.0°C,-,19.0°C,100%,1005hPa,7.0km,SE,7.2km/h/2.0m/s,-,N/A,,Mostly Cloudy
1997-8-8 7:00 AM,21.0°C,-,20.0°C,94%,1005hPa,7.0km,SW,7.2km/h/2.0m/s,-,N/A,,Mostly Cloudy
1997-8-8 10:00 AM,28.0°C,28.3°C,16.0°C,48%,1006hPa,-,North,7.2km/h/2.0m/s,-,N/A,,Clear
1997-8-8 11:00 AM,31.0°C,30.9°C,16.0°C,40%,1005hPa,-,NNW,14.4km/h/4.0m/s,-,N/A,,Clear
1997-8-8 12:00 PM,31.0°C,30.9°C,16.0°C,40%,1005hPa,-,North,7.2km/h/2.0m/s,-,N/A,,Clear
1997-8-8 1:00 PM,32.0°C,31.9°C,16.0°C,38%,1005hPa,10.0km,North,18.0km/h/5.0m/s,-,N/A,,Scattered Clouds
1997-8-8 2:00 PM,32.0°C,32.3°C,17.0°C,40%,1005hPa,10.0km,North,7.2km/h/2.0m/s,-,N/A,,Scattered Clouds
1997-8-8 3:00 PM,31.0°C,30.9°C,16.0°C,40%,1005hPa,10.0km,North,14.4km/h/4.0m/s,-,N/A,,Scattered Clouds
1997-8-8 4:00 PM,31.0°C,30.9°C,16.0°C,40%,1005hPa,10.0km,North,18.0km/h/5.0m/s,-,N/A,,Mostly Cloudy
1997-8-8 5:00 PM,31.0°C,30.6°C,15.0°C,38%,1005hPa,10.0km,NNE,18.0km/h/5.0m/s,-,N/A,,Scattered Clouds
1997-8-8 6:00 PM,29.0°C,28.8°C,15.0°C,42%,1005hPa,10.0km,NE,14.4km/h/4.0m/s,-,N/A,,Mostly Cloudy
1997-8-8 7:00 PM,29.0°C,28.6°C,14.0°C,40%,1005hPa,10.0km,NNE,14.4km/h/4.0m/s,-,N/A,,Partly Cloudy
1997-8-8 8:00 PM,27.0°C,27.1°C,14.0°C,45%,1006hPa,10.0km,NNE,7.2km/h/2.0m/s,-,N/A,,Partly Cloudy
1997-8-8 9:00 PM,24.0°C,-,15.0°C,57%,1009hPa,10.0km,NW,3.6km/h/1.0m/s,-,N/A,,Clear
1997-8-8 10:00 PM,19.0°C,-,15.0°C,78%,1009hPa,10.0km,Calm,Calm,-,N/A,,Clear
