Time (CST),Temp.,Windchill,Dew Point,Humidity,Pressure,Visibility,Wind Dir,Wind Speed,Gust Speed,Precip,Events,Conditions
1998-2-19 12:00 AM,28.4°F,21.4°F,23.0°F,80%,30.21in,-,ESE,6.7mph,-,N/A,,Clear
1998-2-19 1:00 AM,28.4°F,19.9°F,23.0°F,80%,30.21in,-,East,8.9mph,-,N/A,,Clear
1998-2-19 2:00 AM,30.2°F,23.5°F,24.8°F,80%,30.21in,6.2mi,East,6.7mph,-,N/A,,Unknown
1998-2-19 5:00 AM,30.2°F,25.5°F,24.8°F,80%,30.15in,6.2mi,SE,4.5mph,-,N/A,,Overcast
1998-2-19 6:00 AM,30.2°F,25.5°F,24.8°F,80%,30.15in,3.7mi,ESE,4.5mph,-,N/A,,Overcast
1998-2-19 7:00 AM,28.4°F,23.4°F,24.8°F,86%,30.15in,3.7mi,ESE,4.5mph,-,N/A,,Overcast
1998-2-19 8:00 AM,30.2°F,25.5°F,24.8°F,80%,30.15in,6.2mi,SE,4.5mph,-,N/A,,Overcast
1998-2-19 10:00 AM,32.0°F,-,26.6°F,80%,30.15in,-,Calm,Calm,-,N/A,,Overcast
1998-2-19 11:00 AM,32.0°F,-,26.6°F,80%,30.15in,-,Calm,Calm,-,N/A,,Clear
1998-2-19 12:00 PM,33.8°F,-,28.4°F,81%,30.12in,6.2mi,Calm,Calm,-,N/A,,Overcast
1998-2-19 1:00 PM,33.8°F,-,30.2°F,87%,30.09in,3.7mi,ESE,2.2mph,-,N/A,,Overcast
1998-2-19 2:00 PM,33.8°F,-,32.0°F,93%,30.09in,1.2mi,SSE,2.2mph,-,N/A,Snow,Light Snow
1998-2-19 4:00 PM,33.8°F,-,30.2°F,87%,30.06in,0.9mi,Calm,Calm,-,N/A,Snow,Light Snow
1998-2-19 8:00 PM,32.0°F,-,32.0°F,100%,30.12in,0.9mi,Calm,Calm,-,N/A,Snow,Light Snow
1998-2-19 9:00 PM,33.8°F,29.7°F,33.8°F,100%,30.12in,2.2mi,East,4.5mph,-,N/A,"Rain
	,
Snow",Light Snow
1998-2-19 10:00 PM,33.8°F,-,33.8°F,100%,30.12in,-,ENE,2.2mph,-,N/A,Snow,Light Snow
1998-2-19 11:00 PM,33.8°F,-,33.8°F,100%,30.12in,4.3mi,East,2.2mph,-,N/A,Snow,Light Snow
