Time (CST),Temp.,Dew Point,Humidity,Pressure,Visibility,Wind Dir,Wind Speed,Gust Speed,Precip,Events,Conditions
1998-10-30 12:00 AM,39.2°F,39.2°F,100%,30.09in,1.7mi,Calm,Calm,-,N/A,,Clear
1998-10-30 1:00 AM,33.8°F,33.8°F,100%,30.09in,1.4mi,SSE,2.2mph,-,N/A,,Clear
1998-10-30 2:00 AM,35.6°F,35.6°F,100%,30.09in,1.4mi,SE,2.2mph,-,N/A,,Clear
1998-10-30 3:00 AM,33.8°F,33.8°F,100%,30.09in,1.6mi,ESE,2.2mph,-,N/A,,Clear
1998-10-30 4:00 AM,33.8°F,32.0°F,93%,30.09in,1.9mi,ESE,2.2mph,-,N/A,,Clear
1998-10-30 6:00 AM,33.8°F,33.8°F,100%,30.09in,1.1mi,Calm,Calm,-,N/A,,Clear
1998-10-30 7:00 AM,32.0°F,32.0°F,100%,30.12in,1.4mi,SE,2.2mph,-,N/A,,Clear
1998-10-30 8:00 AM,32.0°F,32.0°F,100%,30.12in,0.8mi,Calm,Calm,-,N/A,,Clear
1998-10-30 10:00 AM,46.4°F,41.0°F,81%,30.15in,0.8mi,Calm,Calm,-,N/A,,Clear
1998-10-30 11:00 AM,50.0°F,41.0°F,71%,30.12in,1.1mi,South,2.2mph,-,N/A,,Clear
1998-10-30 12:00 PM,55.4°F,39.2°F,54%,30.12in,1.9mi,SSW,4.5mph,-,N/A,,Clear
1998-10-30 1:00 PM,59.0°F,39.2°F,48%,30.09in,1.9mi,WSW,4.5mph,-,N/A,,Smoke
1998-10-30 2:00 PM,62.6°F,37.4°F,39%,30.04in,3.7mi,SW,11.2mph,-,N/A,,Scattered Clouds
1998-10-30 4:00 PM,64.4°F,30.2°F,28%,30.04in,-,South,17.9mph,-,N/A,,Clear
1998-10-30 5:00 PM,62.6°F,21.2°F,20%,30.06in,-,NW,15.7mph,-,N/A,,Clear
1998-10-30 6:00 PM,57.2°F,24.8°F,29%,30.06in,-,WNW,6.7mph,-,N/A,,Clear
1998-10-30 7:00 PM,59.0°F,23.0°F,25%,30.06in,-,West,8.9mph,-,N/A,,Clear
1998-10-30 9:00 PM,57.2°F,21.2°F,25%,30.15in,-,NW,15.7mph,-,N/A,,Clear
1998-10-30 10:00 PM,51.8°F,21.2°F,30%,30.18in,-,WNW,4.5mph,-,N/A,,Clear
1998-10-30 11:00 PM,51.8°F,21.2°F,30%,30.18in,6.2mi,WNW,8.9mph,-,N/A,,Clear
