Time (CST),Temp.,Heat Index,Dew Point,Humidity,Pressure,Visibility,Wind Dir,Wind Speed,Gust Speed,Precip,Events,Conditions
1997-7-10 12:00 AM,21.0°C,-,16.0°C,73%,1010hPa,10.0km,East,10.8km/h/3.0m/s,-,N/A,,Clear
1997-7-10 1:00 AM,19.0°C,-,16.0°C,83%,1010hPa,10.0km,Calm,Calm,-,N/A,,Clear
1997-7-10 2:00 AM,18.0°C,-,16.0°C,88%,1010hPa,10.0km,SE,10.8km/h/3.0m/s,-,N/A,,Clear
1997-7-10 10:00 AM,26.0°C,-,18.0°C,61%,1011hPa,-,Calm,Calm,-,N/A,,Clear
1997-7-10 11:00 AM,27.0°C,27.9°C,18.0°C,58%,1011hPa,-,ESE,3.6km/h/1.0m/s,-,N/A,,Clear
1997-7-10 12:00 PM,29.0°C,30.3°C,19.0°C,55%,1011hPa,-,South,3.6km/h/1.0m/s,-,N/A,,Clear
1997-7-10 1:00 PM,29.0°C,29.8°C,18.0°C,51%,1010hPa,10.0km,SW,7.2km/h/2.0m/s,-,N/A,,Partly Cloudy
1997-7-10 2:00 PM,31.0°C,31.4°C,17.0°C,43%,1009hPa,10.0km,SSE,7.2km/h/2.0m/s,-,N/A,,Mostly Cloudy
1997-7-10 3:00 PM,32.0°C,30.9°C,13.0°C,31%,1008hPa,10.0km,SW,10.8km/h/3.0m/s,-,N/A,,Mostly Cloudy
1997-7-10 4:00 PM,32.0°C,31.2°C,14.0°C,33%,1008hPa,10.0km,SW,7.2km/h/2.0m/s,-,N/A,,Mostly Cloudy
1997-7-10 5:00 PM,32.0°C,30.7°C,12.0°C,29%,1008hPa,10.0km,SW,3.6km/h/1.0m/s,-,N/A,,Scattered Clouds
1997-7-10 6:00 PM,32.0°C,30.9°C,13.0°C,31%,1008hPa,10.0km,WSW,3.6km/h/1.0m/s,-,N/A,,Scattered Clouds
1997-7-10 7:00 PM,31.0°C,30.9°C,16.0°C,40%,1008hPa,-,Calm,Calm,-,N/A,,Clear
1997-7-10 8:00 PM,28.0°C,28.3°C,16.0°C,48%,1008hPa,-,WSW,3.6km/h/1.0m/s,-,N/A,,Clear
1997-7-10 9:00 PM,26.0°C,-,16.0°C,54%,1009hPa,-,NNW,7.2km/h/2.0m/s,-,N/A,,Clear
1997-7-10 10:00 PM,25.0°C,-,17.0°C,61%,1010hPa,10.0km,North,7.2km/h/2.0m/s,-,N/A,,Scattered Clouds
1997-7-10 11:00 PM,23.0°C,-,17.0°C,69%,1010hPa,10.0km,NW,7.2km/h/2.0m/s,-,N/A,,Scattered Clouds
