Time (CST),Temp.,Windchill,Dew Point,Humidity,Pressure,Visibility,Wind Dir,Wind Speed,Gust Speed,Precip,Events,Conditions
1997-2-5 12:00 AM,-4.0°C,-8.3°C,-5.0°C,93%,1022hPa,1.2km,East,10.8km/h/3.0m/s,-,N/A,,Partly Cloudy
1997-2-5 1:00 AM,-5.0°C,-10.4°C,-6.0°C,93%,1022hPa,1.2km,East,14.4km/h/4.0m/s,-,N/A,,Clear
1997-2-5 2:00 AM,-6.0°C,-9.4°C,-7.0°C,93%,1022hPa,3.0km,ENE,7.2km/h/2.0m/s,-,N/A,,Clear
1997-2-5 3:00 AM,-7.0°C,-,-9.0°C,86%,1023hPa,3.0km,Calm,Calm,-,N/A,,Clear
1997-2-5 4:00 AM,-6.0°C,-,-8.0°C,86%,1023hPa,3.0km,Calm,Calm,-,N/A,,Clear
1997-2-5 5:00 AM,-8.0°C,-,-9.0°C,93%,1023hPa,3.0km,Calm,Calm,-,N/A,,Clear
1997-2-5 6:00 AM,-9.0°C,-12.9°C,-11.0°C,86%,1023hPa,1.4km,NE,7.2km/h/2.0m/s,-,N/A,,Clear
1997-2-5 7:00 AM,-9.0°C,-12.9°C,-10.0°C,93%,1024hPa,2.0km,NNE,7.2km/h/2.0m/s,-,N/A,,Clear
1997-2-5 8:00 AM,-8.0°C,-13.1°C,-11.0°C,79%,1025hPa,4.0km,North,10.8km/h/3.0m/s,-,N/A,,Clear
1997-2-5 9:00 AM,-5.0°C,-10.4°C,-11.0°C,63%,1026hPa,6.0km,North,14.4km/h/4.0m/s,-,N/A,,Clear
1997-2-5 10:00 AM,-3.0°C,-8.7°C,-13.0°C,47%,1026hPa,10.0km,NNE,18.0km/h/5.0m/s,-,N/A,,Clear
1997-2-5 11:00 AM,-2.0°C,-8.0°C,-14.0°C,40%,1027hPa,10.0km,NNW,21.6km/h/6.0m/s,-,N/A,,Clear
1997-2-5 12:00 PM,-2.0°C,-7.4°C,-10.0°C,55%,1027hPa,10.0km,NNE,18.0km/h/5.0m/s,-,N/A,,Clear
1997-2-5 1:00 PM,0.0°C,-5.4°C,-9.0°C,51%,1025hPa,10.0km,North,21.6km/h/6.0m/s,-,N/A,,Clear
1997-2-5 2:00 PM,0.0°C,-4.9°C,-14.0°C,35%,1024hPa,10.0km,North,18.0km/h/5.0m/s,-,N/A,,Clear
1997-2-5 3:00 PM,2.0°C,-1.8°C,-13.0°C,33%,1023hPa,10.0km,NNE,14.4km/h/4.0m/s,-,N/A,,Clear
1997-2-5 4:00 PM,2.0°C,-2.4°C,-13.0°C,33%,1023hPa,10.0km,North,18.0km/h/5.0m/s,-,N/A,,Clear
1997-2-5 5:00 PM,1.0°C,-3.7°C,-11.0°C,41%,1023hPa,10.0km,North,18.0km/h/5.0m/s,-,N/A,,Clear
1997-2-5 6:00 PM,0.0°C,-5.4°C,-15.0°C,32%,1023hPa,10.0km,NNW,21.6km/h/6.0m/s,-,N/A,,Clear
1997-2-5 7:00 PM,-2.0°C,-8.0°C,-13.0°C,43%,1023hPa,10.0km,NNW,21.6km/h/6.0m/s,-,N/A,,Clear
1997-2-5 8:00 PM,-2.0°C,-6.7°C,-13.0°C,43%,1025hPa,10.0km,NNW,14.4km/h/4.0m/s,-,N/A,,Clear
1997-2-5 9:00 PM,-3.0°C,-8.0°C,-14.0°C,43%,1026hPa,10.0km,North,14.4km/h/4.0m/s,-,N/A,,Clear
1997-2-5 10:00 PM,-4.0°C,-8.3°C,-12.0°C,54%,1026hPa,10.0km,NE,10.8km/h/3.0m/s,-,N/A,,Clear
1997-2-5 11:00 PM,-5.0°C,-9.5°C,-13.0°C,54%,1026hPa,10.0km,NNW,10.8km/h/3.0m/s,-,N/A,,Clear
