Time (CST),Temp.,Windchill,Dew Point,Humidity,Pressure,Visibility,Wind Dir,Wind Speed,Gust Speed,Precip,Events,Conditions
1997-10-6 12:00 AM,5.0°C,3.4°C,2.0°C,81%,1019hPa,10.0km,ESE,7.2km/h/2.0m/s,-,N/A,,Clear
1997-10-6 1:00 AM,4.0°C,2.2°C,2.0°C,87%,1019hPa,10.0km,ESE,7.2km/h/2.0m/s,-,N/A,,Clear
1997-10-6 2:00 AM,4.0°C,-,2.0°C,87%,1018hPa,10.0km,ESE,3.6km/h/1.0m/s,-,N/A,,Clear
1997-10-6 3:00 AM,3.0°C,-,2.0°C,93%,1018hPa,10.0km,Calm,Calm,-,N/A,,Clear
1997-10-6 4:00 AM,3.0°C,1.0°C,2.0°C,93%,1018hPa,10.0km,SE,7.2km/h/2.0m/s,-,N/A,,Clear
1997-10-6 5:00 AM,3.0°C,-,2.0°C,93%,1018hPa,10.0km,Calm,Calm,-,N/A,,Clear
1997-10-6 6:00 AM,3.0°C,-,2.0°C,93%,1019hPa,7.0km,Calm,Calm,-,N/A,,Clear
1997-10-6 7:00 AM,1.0°C,-,0.0°C,93%,1019hPa,5.0km,Calm,Calm,-,N/A,,Clear
1997-10-6 8:00 AM,5.0°C,3.4°C,4.0°C,93%,1019hPa,3.0km,SE,7.2km/h/2.0m/s,-,N/A,,Clear
1997-10-6 9:00 AM,9.0°C,-,5.0°C,76%,1020hPa,2.8km,SE,7.2km/h/2.0m/s,-,N/A,,Clear
1997-10-6 10:00 AM,13.0°C,-,6.0°C,63%,1020hPa,2.8km,SSE,7.2km/h/2.0m/s,-,N/A,,Clear
1997-10-6 11:00 AM,17.0°C,-,4.0°C,42%,1019hPa,2.8km,SW,10.8km/h/3.0m/s,-,N/A,,Clear
1997-10-6 12:00 PM,22.0°C,-,-2.0°C,20%,1019hPa,10.0km,NNW,18.0km/h/5.0m/s,43.2km/h/12.0m/s,N/A,,Clear
1997-10-6 1:00 PM,22.0°C,-,-7.0°C,14%,1019hPa,10.0km,North,28.8km/h/8.0m/s,-,N/A,,Clear
1997-10-6 2:00 PM,22.0°C,-,-7.0°C,14%,1018hPa,10.0km,NNW,28.8km/h/8.0m/s,-,N/A,,Clear
1997-10-6 3:00 PM,22.0°C,-,-9.0°C,12%,1018hPa,10.0km,NW,25.2km/h/7.0m/s,-,N/A,,Clear
1997-10-6 4:00 PM,22.0°C,-,-9.0°C,12%,1018hPa,10.0km,NNW,21.6km/h/6.0m/s,-,N/A,,Clear
1997-10-6 5:00 PM,20.0°C,-,-7.0°C,16%,1019hPa,10.0km,NW,21.6km/h/6.0m/s,-,N/A,,Clear
1997-10-6 6:00 PM,17.0°C,-,-8.0°C,18%,1020hPa,10.0km,NW,14.4km/h/4.0m/s,-,N/A,,Clear
1997-10-6 7:00 PM,14.0°C,-,-5.0°C,27%,1021hPa,10.0km,North,7.2km/h/2.0m/s,-,N/A,,Clear
1997-10-6 8:00 PM,12.0°C,-,-3.0°C,35%,1022hPa,10.0km,North,3.6km/h/1.0m/s,-,N/A,,Clear
1997-10-6 9:00 PM,8.0°C,6.1°C,-1.0°C,53%,1023hPa,10.0km,NNW,10.8km/h/3.0m/s,-,N/A,,Clear
1997-10-6 10:00 PM,9.0°C,-,-4.0°C,40%,1024hPa,10.0km,NW,3.6km/h/1.0m/s,-,N/A,,Clear
1997-10-6 11:00 PM,8.0°C,-,-2.0°C,50%,1024hPa,10.0km,Calm,Calm,-,N/A,,Clear
