Time (CST),Temp.,Heat Index,Dew Point,Humidity,Pressure,Visibility,Wind Dir,Wind Speed,Gust Speed,Precip,Events,Conditions
1997-6-16 12:00 AM,23.0°C,-,9.0°C,41%,1015hPa,10.0km,ENE,14.4km/h/4.0m/s,-,N/A,,Clear
1997-6-16 1:00 AM,22.0°C,-,9.0°C,43%,1015hPa,10.0km,East,10.8km/h/3.0m/s,-,N/A,,Clear
1997-6-16 2:00 AM,21.0°C,-,9.0°C,46%,1015hPa,10.0km,East,10.8km/h/3.0m/s,-,N/A,,Clear
1997-6-16 3:00 AM,21.0°C,-,9.0°C,46%,1015hPa,10.0km,East,7.2km/h/2.0m/s,-,N/A,,Clear
1997-6-16 4:00 AM,21.0°C,-,9.0°C,46%,1015hPa,10.0km,East,7.2km/h/2.0m/s,-,N/A,,Clear
1997-6-16 5:00 AM,21.0°C,-,9.0°C,46%,1015hPa,-,East,7.2km/h/2.0m/s,-,N/A,,Clear
1997-6-16 6:00 AM,19.0°C,-,11.0°C,60%,1015hPa,-,Calm,Calm,-,N/A,,Clear
1997-6-16 7:00 AM,20.0°C,-,12.0°C,60%,1015hPa,-,West,7.2km/h/2.0m/s,-,N/A,,Clear
1997-6-16 8:00 AM,23.0°C,-,12.0°C,50%,1016hPa,-,Calm,Calm,-,N/A,,Clear
1997-6-16 9:00 AM,24.0°C,-,12.0°C,47%,1016hPa,8.0km,South,10.8km/h/3.0m/s,-,N/A,,Overcast
1997-6-16 10:00 AM,25.0°C,-,12.0°C,44%,1016hPa,8.0km,SSW,10.8km/h/3.0m/s,-,N/A,,Overcast
1997-6-16 11:00 AM,26.0°C,-,12.0°C,42%,1015hPa,8.0km,SW,7.2km/h/2.0m/s,-,N/A,,Overcast
1997-6-16 12:00 PM,28.0°C,-,10.0°C,32%,1015hPa,-,WSW,18.0km/h/5.0m/s,-,N/A,,Clear
1997-6-16 1:00 PM,29.0°C,-,10.0°C,30%,1014hPa,-,WSW,18.0km/h/5.0m/s,-,N/A,,Clear
1997-6-16 2:00 PM,29.0°C,-,11.0°C,33%,1013hPa,-,SW,7.2km/h/2.0m/s,-,N/A,,Clear
1997-6-16 3:00 PM,30.0°C,-,9.0°C,27%,1012hPa,-,Calm,Calm,-,N/A,,Clear
1997-6-16 4:00 PM,30.0°C,-,9.0°C,27%,1012hPa,-,SW,7.2km/h/2.0m/s,-,N/A,,Clear
1997-6-16 5:00 PM,29.0°C,-,10.0°C,30%,1011hPa,-,WSW,7.2km/h/2.0m/s,-,N/A,,Clear
1997-6-16 6:00 PM,30.0°C,-,9.0°C,27%,1011hPa,-,SW,7.2km/h/2.0m/s,-,N/A,,Clear
1997-6-16 7:00 PM,29.0°C,-,10.0°C,30%,1011hPa,-,South,7.2km/h/2.0m/s,-,N/A,,Clear
1997-6-16 8:00 PM,28.0°C,27.5°C,12.0°C,37%,1011hPa,-,SSW,10.8km/h/3.0m/s,-,N/A,,Clear
1997-6-16 9:00 PM,27.0°C,27.0°C,13.0°C,42%,1012hPa,-,East,7.2km/h/2.0m/s,-,N/A,,Clear
1997-6-16 10:00 PM,26.0°C,-,12.0°C,42%,1012hPa,10.0km,South,3.6km/h/1.0m/s,-,N/A,,Mostly Cloudy
1997-6-16 11:00 PM,25.0°C,-,12.0°C,44%,1013hPa,10.0km,South,10.8km/h/3.0m/s,-,N/A,,Mostly Cloudy
