Time (CST),Temp.,Dew Point,Humidity,Pressure,Visibility,Wind Dir,Wind Speed,Gust Speed,Precip,Events,Conditions
1997-5-2 12:00 AM,21.0°C,10.0°C,49%,1005hPa,10.0km,East,25.2km/h/7.0m/s,-,N/A,,Clear
1997-5-2 2:00 AM,20.0°C,14.0°C,68%,1006hPa,10.0km,NE,32.4km/h/9.0m/s,-,N/A,,Clear
1997-5-2 3:00 AM,20.0°C,15.0°C,73%,1007hPa,-,ENE,28.8km/h/8.0m/s,-,N/A,,Clear
1997-5-2 4:00 AM,19.0°C,15.0°C,78%,1008hPa,-,East,14.4km/h/4.0m/s,-,N/A,,Clear
1997-5-2 5:00 AM,18.0°C,12.0°C,68%,1008hPa,10.0km,Calm,Calm,-,N/A,,Clear
1997-5-2 6:00 AM,18.0°C,13.0°C,73%,1009hPa,4.0km,NE,18.0km/h/5.0m/s,-,N/A,,Smoke
1997-5-2 7:00 AM,19.0°C,14.0°C,73%,1010hPa,3.0km,ENE,18.0km/h/5.0m/s,-,N/A,,Smoke
1997-5-2 8:00 AM,19.0°C,13.0°C,68%,1011hPa,3.0km,East,32.4km/h/9.0m/s,-,N/A,,Smoke
1997-5-2 9:00 AM,20.0°C,11.0°C,56%,1012hPa,6.0km,East,25.2km/h/7.0m/s,-,N/A,,Mostly Cloudy
1997-5-2 10:00 AM,20.0°C,11.0°C,56%,1012hPa,8.0km,ESE,28.8km/h/8.0m/s,-,N/A,,Mostly Cloudy
1997-5-2 11:00 AM,20.0°C,10.0°C,52%,1011hPa,8.0km,ENE,39.6km/h/11.0m/s,-,N/A,,Mostly Cloudy
1997-5-2 12:00 PM,22.0°C,10.0°C,46%,1011hPa,8.0km,ESE,25.2km/h/7.0m/s,-,N/A,,Mostly Cloudy
1997-5-2 1:00 PM,23.0°C,9.0°C,41%,1010hPa,8.0km,ENE,39.6km/h/11.0m/s,-,N/A,,Clear
1997-5-2 2:00 PM,23.0°C,8.0°C,38%,1009hPa,8.0km,East,39.6km/h/11.0m/s,-,N/A,,Clear
1997-5-2 3:00 PM,24.0°C,8.0°C,36%,1008hPa,10.0km,ENE,39.6km/h/11.0m/s,-,N/A,,Clear
1997-5-2 4:00 PM,25.0°C,8.0°C,34%,1007hPa,-,East,39.6km/h/11.0m/s,-,N/A,,Clear
1997-5-2 5:00 PM,25.0°C,9.0°C,36%,1006hPa,-,East,43.2km/h/12.0m/s,-,N/A,,Clear
1997-5-2 6:00 PM,24.0°C,9.0°C,38%,1005hPa,-,East,43.2km/h/12.0m/s,-,N/A,,Clear
1997-5-2 7:00 PM,22.0°C,10.0°C,46%,1007hPa,-,East,18.0km/h/5.0m/s,-,N/A,,Clear
1997-5-2 8:00 PM,21.0°C,9.0°C,46%,1007hPa,-,East,25.2km/h/7.0m/s,-,N/A,,Clear
1997-5-2 9:00 PM,20.0°C,9.0°C,49%,1007hPa,-,East,32.4km/h/9.0m/s,-,N/A,,Clear
1997-5-2 10:00 PM,19.0°C,10.0°C,56%,1008hPa,-,East,25.2km/h/7.0m/s,-,N/A,,Clear
