Time (CST),Temp.,Dew Point,Humidity,Pressure,Visibility,Wind Dir,Wind Speed,Gust Speed,Precip,Events,Conditions
1998-11-11 12:00 AM,33.8°F,24.8°F,70%,30.21in,6.2mi,ESE,2.2mph,-,N/A,,Clear
1998-11-11 1:00 AM,35.6°F,23.0°F,60%,30.21in,6.2mi,Calm,Calm,-,N/A,,Clear
1998-11-11 3:00 AM,33.8°F,23.0°F,65%,30.21in,6.2mi,Calm,Calm,-,N/A,,Clear
1998-11-11 4:00 AM,33.8°F,24.8°F,70%,30.21in,-,North,-,-,N/A,,Clear
1998-11-11 5:00 AM,30.2°F,23.0°F,75%,30.24in,6.2mi,Calm,Calm,-,N/A,,Clear
1998-11-11 6:00 AM,32.0°F,23.0°F,69%,30.24in,5.0mi,Calm,Calm,-,N/A,,Clear
1998-11-11 7:00 AM,30.2°F,23.0°F,75%,30.24in,3.1mi,ESE,2.2mph,-,N/A,,Clear
1998-11-11 8:00 AM,30.2°F,24.8°F,80%,30.27in,3.1mi,Calm,Calm,-,N/A,,Clear
1998-11-11 9:00 AM,37.4°F,26.6°F,65%,30.27in,2.5mi,Calm,Calm,-,N/A,,Clear
1998-11-11 10:00 AM,42.8°F,26.6°F,53%,30.27in,1.6mi,Calm,Calm,-,N/A,,Clear
1998-11-11 11:00 AM,48.2°F,26.6°F,43%,30.27in,3.1mi,Calm,Calm,-,N/A,,Smoke
1998-11-11 12:00 PM,53.6°F,26.6°F,35%,30.24in,2.5mi,SSE,2.2mph,-,N/A,,Smoke
1998-11-11 1:00 PM,57.2°F,24.8°F,29%,30.21in,3.7mi,SW,4.5mph,-,N/A,,Clear
1998-11-11 2:00 PM,59.0°F,24.8°F,27%,30.18in,3.7mi,South,2.2mph,-,N/A,,Clear
1998-11-11 3:00 PM,60.8°F,26.6°F,27%,30.15in,3.7mi,WSW,4.5mph,-,N/A,,Clear
1998-11-11 4:00 PM,60.8°F,24.8°F,25%,30.15in,5.0mi,SW,2.2mph,-,N/A,,Clear
1998-11-11 5:00 PM,53.6°F,26.6°F,35%,30.12in,5.0mi,NNE,2.2mph,-,N/A,,Clear
1998-11-11 6:00 PM,48.2°F,26.6°F,43%,30.15in,4.3mi,East,2.2mph,-,N/A,,Clear
1998-11-11 7:00 PM,42.8°F,26.6°F,53%,30.15in,5.0mi,NE,2.2mph,-,N/A,,Clear
1998-11-11 8:00 PM,41.0°F,24.8°F,53%,30.15in,4.3mi,East,2.2mph,-,N/A,,Clear
1998-11-11 9:00 PM,39.2°F,24.8°F,56%,30.18in,3.1mi,SSE,2.2mph,-,N/A,,Smoke
1998-11-11 10:00 PM,41.0°F,23.0°F,49%,30.18in,4.3mi,SSE,2.2mph,-,N/A,,Clear
1998-11-11 11:00 PM,39.2°F,23.0°F,52%,30.18in,6.2mi,East,2.2mph,-,N/A,,Clear
