Time (CST),Temp.,Windchill,Dew Point,Humidity,Pressure,Visibility,Wind Dir,Wind Speed,Gust Speed,Precip,Events,Conditions
1997-12-15 12:00 AM,-11.0°C,-,-19.0°C,53%,1024hPa,6.0km,SSE,3.6km/h/1.0m/s,-,N/A,,Clear
1997-12-15 1:00 AM,-10.0°C,-,-19.0°C,49%,1024hPa,6.0km,ENE,3.6km/h/1.0m/s,-,N/A,,Clear
1997-12-15 2:00 AM,-13.0°C,-,-20.0°C,57%,1023hPa,6.0km,SSE,3.6km/h/1.0m/s,-,N/A,,Clear
1997-12-15 3:00 AM,-11.0°C,-,-18.0°C,57%,1024hPa,6.0km,ENE,3.6km/h/1.0m/s,-,N/A,,Clear
1997-12-15 4:00 AM,-12.0°C,-,-19.0°C,57%,1024hPa,6.0km,SSE,3.6km/h/1.0m/s,-,N/A,,Clear
1997-12-15 5:00 AM,-11.0°C,-15.3°C,-18.0°C,57%,1024hPa,6.0km,NE,7.2km/h/2.0m/s,-,N/A,,Clear
1997-12-15 6:00 AM,-13.0°C,-,-19.0°C,62%,1024hPa,6.0km,Calm,Calm,-,N/A,,Clear
1997-12-15 7:00 AM,-15.0°C,-,-19.0°C,72%,1024hPa,8.0km,SSE,3.6km/h/1.0m/s,-,N/A,,Clear
1997-12-15 8:00 AM,-12.0°C,-,-18.0°C,62%,1025hPa,4.0km,ESE,3.6km/h/1.0m/s,-,N/A,,Smoke
1997-12-15 9:00 AM,-11.0°C,-,-17.0°C,62%,1024hPa,2.0km,North,3.6km/h/1.0m/s,-,N/A,,Smoke
1997-12-15 10:00 AM,-4.0°C,-,-15.0°C,43%,1025hPa,2.0km,Calm,Calm,-,N/A,,Smoke
1997-12-15 11:00 AM,1.0°C,-1.3°C,-17.0°C,25%,1025hPa,3.0km,North,7.2km/h/2.0m/s,-,N/A,,Smoke
1997-12-15 12:00 PM,2.0°C,-,-17.0°C,24%,1024hPa,5.0km,Calm,Calm,-,N/A,,Smoke
1997-12-15 1:00 PM,3.0°C,-,-16.0°C,24%,1023hPa,4.0km,NE,3.6km/h/1.0m/s,-,N/A,,Smoke
1997-12-15 2:00 PM,4.0°C,-,-14.0°C,26%,1022hPa,4.0km,Calm,Calm,-,N/A,,Smoke
1997-12-15 3:00 PM,5.0°C,-,-14.0°C,24%,1021hPa,4.0km,Calm,Calm,-,N/A,,Smoke
1997-12-15 4:00 PM,4.0°C,-,-13.0°C,28%,1021hPa,4.0km,Calm,Calm,-,N/A,,Smoke
1997-12-15 5:00 PM,2.0°C,-,-12.0°C,35%,-,0.8km,WSW,3.6km/h/1.0m/s,-,N/A,,Smoke
1997-12-15 6:00 PM,-1.0°C,-,-13.0°C,40%,1021hPa,1.3km,Calm,Calm,-,N/A,,Smoke
1997-12-15 7:00 PM,-4.0°C,-,-13.0°C,50%,1021hPa,1.3km,NE,3.6km/h/1.0m/s,-,N/A,,Smoke
1997-12-15 8:00 PM,-5.0°C,-,-14.0°C,50%,1022hPa,1.4km,SE,3.6km/h/1.0m/s,-,N/A,,Smoke
1997-12-15 9:00 PM,-4.0°C,-,-14.0°C,46%,1022hPa,2.2km,East,3.6km/h/1.0m/s,-,N/A,,Smoke
1997-12-15 10:00 PM,-5.0°C,-,-13.0°C,54%,1023hPa,2.6km,Calm,Calm,-,N/A,,Smoke
1997-12-15 11:00 PM,-6.0°C,-9.4°C,-14.0°C,54%,1023hPa,2.6km,East,7.2km/h/2.0m/s,-,N/A,,Smoke
