Time (CST),Temp.,Heat Index,Dew Point,Humidity,Pressure,Visibility,Wind Dir,Wind Speed,Gust Speed,Precip,Events,Conditions
1997-6-28 12:00 AM,25.0°C,-,16.0°C,57%,1006hPa,10.0km,East,18.0km/h/5.0m/s,-,N/A,,Mostly Cloudy
1997-6-28 1:00 AM,24.0°C,-,16.0°C,61%,1006hPa,10.0km,East,14.4km/h/4.0m/s,-,N/A,,Mostly Cloudy
1997-6-28 2:00 AM,24.0°C,-,16.0°C,61%,1005hPa,-,East,21.6km/h/6.0m/s,-,N/A,,Clear
1997-6-28 3:00 AM,24.0°C,-,16.0°C,61%,1005hPa,-,Calm,Calm,-,N/A,,Clear
1997-6-28 4:00 AM,23.0°C,-,16.0°C,65%,1005hPa,-,Calm,Calm,-,N/A,,Clear
1997-6-28 5:00 AM,22.0°C,-,16.0°C,69%,1005hPa,-,NW,7.2km/h/2.0m/s,-,N/A,,Clear
1997-6-28 6:00 AM,21.0°C,-,16.0°C,73%,1005hPa,8.0km,Calm,Calm,-,N/A,,Overcast
1997-6-28 7:00 AM,23.0°C,-,16.0°C,65%,1005hPa,8.0km,Calm,Calm,-,N/A,,Overcast
1997-6-28 8:00 AM,23.0°C,-,16.0°C,65%,1005hPa,8.0km,Calm,Calm,-,N/A,,Overcast
1997-6-28 9:00 AM,25.0°C,-,16.0°C,57%,1005hPa,-,SW,7.2km/h/2.0m/s,-,N/A,,Clear
1997-6-28 10:00 AM,26.0°C,-,17.0°C,57%,1005hPa,-,South,10.8km/h/3.0m/s,-,N/A,,Clear
1997-6-28 11:00 AM,27.0°C,27.5°C,16.0°C,51%,1005hPa,6.0km,West,10.8km/h/3.0m/s,-,N/A,,Overcast
1997-6-28 12:00 PM,28.0°C,28.3°C,16.0°C,48%,1004hPa,5.0km,SW,10.8km/h/3.0m/s,-,N/A,,Smoke
1997-6-28 1:00 PM,29.0°C,30.3°C,19.0°C,55%,1003hPa,5.0km,West,7.2km/h/2.0m/s,-,N/A,,Smoke
1997-6-28 2:00 PM,28.0°C,30.2°C,21.0°C,66%,1002hPa,5.0km,West,7.2km/h/2.0m/s,-,N/A,,Smoke
1997-6-28 3:00 PM,30.0°C,34.1°C,23.0°C,66%,1002hPa,6.0km,ENE,7.2km/h/2.0m/s,-,N/A,,Overcast
1997-6-28 4:00 PM,28.0°C,30.7°C,22.0°C,70%,1001hPa,10.0km,East,28.8km/h/8.0m/s,-,N/A,,Mostly Cloudy
1997-6-28 5:00 PM,27.0°C,28.9°C,21.0°C,70%,1001hPa,10.0km,NE,36.0km/h/10.0m/s,-,N/A,,Mostly Cloudy
1997-6-28 6:00 PM,27.0°C,27.5°C,16.0°C,51%,1001hPa,10.0km,ENE,32.4km/h/9.0m/s,-,N/A,,Mostly Cloudy
1997-6-28 7:00 PM,24.0°C,-,15.0°C,57%,1004hPa,10.0km,SW,25.2km/h/7.0m/s,-,N/A,Thunderstorm,Light Thunderstorm
1997-6-28 8:00 PM,20.0°C,-,18.0°C,88%,1005hPa,10.0km,South,18.0km/h/5.0m/s,-,N/A,,Overcast
1997-6-28 9:00 PM,21.0°C,-,18.0°C,83%,1005hPa,10.0km,ESE,7.2km/h/2.0m/s,-,N/A,,Overcast
1997-6-28 10:00 PM,21.0°C,-,18.0°C,83%,1005hPa,10.0km,ENE,14.4km/h/4.0m/s,-,N/A,,Overcast
1997-6-28 11:00 PM,21.0°C,-,19.0°C,88%,1004hPa,10.0km,NE,3.6km/h/1.0m/s,-,N/A,,Overcast
