Time (CST),Temp.,Windchill,Dew Point,Humidity,Pressure,Visibility,Wind Dir,Wind Speed,Gust Speed,Precip,Events,Conditions
1998-1-2 12:00 AM,-4.0°C,-,-14.0°C,46%,1015hPa,10.0km,ENE,3.6km/h/1.0m/s,-,N/A,,Clear
1998-1-2 1:00 AM,-5.0°C,-,-14.0°C,50%,1015hPa,10.0km,NE,3.6km/h/1.0m/s,-,N/A,,Clear
1998-1-2 3:00 AM,-3.0°C,-,-14.0°C,43%,1016hPa,10.0km,Calm,Calm,-,N/A,,Clear
1998-1-2 4:00 AM,-3.0°C,-7.1°C,-13.0°C,47%,1015hPa,10.0km,NW,10.8km/h/3.0m/s,-,N/A,,Clear
1998-1-2 5:00 AM,-5.0°C,-,-14.0°C,50%,1015hPa,10.0km,Calm,Calm,-,N/A,,Clear
1998-1-2 6:00 AM,0.0°C,-2.5°C,-14.0°C,35%,1016hPa,10.0km,West,7.2km/h/2.0m/s,-,N/A,,Clear
1998-1-2 7:00 AM,-6.0°C,-,-16.0°C,46%,1017hPa,10.0km,Calm,Calm,-,N/A,,Clear
1998-1-2 8:00 AM,-8.0°C,-,-15.0°C,58%,1018hPa,6.0km,Calm,Calm,-,N/A,,Mostly Cloudy
1998-1-2 9:00 AM,-4.0°C,-,-12.0°C,54%,1017hPa,4.0km,Calm,Calm,-,N/A,,Smoke
1998-1-2 10:00 AM,0.0°C,-,-13.0°C,38%,1018hPa,10.0km,South,3.6km/h/1.0m/s,-,N/A,,Clear
1998-1-2 11:00 AM,2.0°C,-,-13.0°C,33%,1018hPa,10.0km,SW,3.6km/h/1.0m/s,-,N/A,,Clear
1998-1-2 12:00 PM,4.0°C,-,-14.0°C,26%,1017hPa,10.0km,WSW,3.6km/h/1.0m/s,-,N/A,,Clear
1998-1-2 2:00 PM,6.0°C,-,-16.0°C,19%,1015hPa,-,SSW,3.6km/h/1.0m/s,-,N/A,,Clear
1998-1-2 3:00 PM,8.0°C,6.9°C,-16.0°C,17%,1014hPa,-,SSE,7.2km/h/2.0m/s,-,N/A,,Clear
1998-1-2 4:00 PM,7.0°C,-,-16.0°C,18%,1014hPa,-,Calm,Calm,-,N/A,,Clear
1998-1-2 5:00 PM,5.0°C,-,-17.0°C,19%,1015hPa,-,Calm,Calm,-,N/A,,Clear
1998-1-2 6:00 PM,1.0°C,-,-16.0°C,28%,1016hPa,-,NW,3.6km/h/1.0m/s,-,N/A,,Clear
1998-1-2 7:00 PM,-2.0°C,-,-17.0°C,31%,1017hPa,-,ENE,3.6km/h/1.0m/s,-,N/A,,Clear
1998-1-2 8:00 PM,-5.0°C,-,-18.0°C,36%,1017hPa,10.0km,East,3.6km/h/1.0m/s,-,N/A,,Clear
1998-1-2 9:00 PM,-7.0°C,-10.6°C,-17.0°C,46%,1018hPa,10.0km,ESE,7.2km/h/2.0m/s,-,N/A,,Clear
1998-1-2 10:00 PM,-5.0°C,-,-19.0°C,33%,1018hPa,10.0km,ESE,3.6km/h/1.0m/s,-,N/A,,Clear
1998-1-2 11:00 PM,-8.0°C,-11.8°C,-18.0°C,45%,1019hPa,10.0km,SE,7.2km/h/2.0m/s,-,N/A,,Clear
