Time (CST),Temp.,Dew Point,Humidity,Pressure,Visibility,Wind Dir,Wind Speed,Gust Speed,Precip,Events,Conditions
1997-5-5 12:00 AM,16.0°C,8.0°C,59%,1011hPa,10.0km,NE,14.4km/h/4.0m/s,-,N/A,,Clear
1997-5-5 1:00 AM,17.0°C,7.0°C,52%,1012hPa,10.0km,NE,10.8km/h/3.0m/s,-,N/A,,Clear
1997-5-5 2:00 AM,17.0°C,7.0°C,52%,1011hPa,10.0km,Calm,Calm,-,N/A,,Clear
1997-5-5 3:00 AM,15.0°C,7.0°C,59%,1011hPa,10.0km,Calm,Calm,-,N/A,,Clear
1997-5-5 4:00 AM,15.0°C,7.0°C,59%,1011hPa,10.0km,Calm,Calm,-,N/A,,Clear
1997-5-5 7:00 AM,15.0°C,9.0°C,67%,1011hPa,-,Calm,Calm,-,N/A,,Clear
1997-5-5 8:00 AM,18.0°C,8.0°C,52%,1011hPa,-,Calm,Calm,-,N/A,,Clear
1997-5-5 9:00 AM,18.0°C,10.0°C,59%,1011hPa,10.0km,South,14.4km/h/4.0m/s,-,N/A,Rain,Light Rain
1997-5-5 10:00 AM,19.0°C,8.0°C,49%,1010hPa,10.0km,South,7.2km/h/2.0m/s,-,N/A,,Overcast
1997-5-5 11:00 AM,19.0°C,9.0°C,52%,1010hPa,10.0km,South,14.4km/h/4.0m/s,-,N/A,,Overcast
1997-5-5 12:00 PM,20.0°C,9.0°C,49%,1010hPa,10.0km,SSW,10.8km/h/3.0m/s,-,N/A,,Overcast
1997-5-5 1:00 PM,21.0°C,10.0°C,49%,1009hPa,10.0km,South,10.8km/h/3.0m/s,-,N/A,,Mostly Cloudy
1997-5-5 2:00 PM,22.0°C,10.0°C,46%,1008hPa,10.0km,SSW,14.4km/h/4.0m/s,-,N/A,,Overcast
1997-5-5 3:00 PM,24.0°C,11.0°C,44%,1007hPa,10.0km,South,18.0km/h/5.0m/s,-,N/A,,Mostly Cloudy
1997-5-5 4:00 PM,26.0°C,13.0°C,44%,1005hPa,-,SSW,25.2km/h/7.0m/s,-,N/A,,Clear
1997-5-5 5:00 PM,26.0°C,13.0°C,44%,1005hPa,-,SW,25.2km/h/7.0m/s,-,N/A,,Clear
1997-5-5 6:00 PM,25.0°C,14.0°C,50%,1004hPa,-,SW,21.6km/h/6.0m/s,-,N/A,,Clear
1997-5-5 7:00 PM,24.0°C,15.0°C,57%,1004hPa,-,SSW,10.8km/h/3.0m/s,-,N/A,,Clear
1997-5-5 8:00 PM,23.0°C,15.0°C,61%,1005hPa,-,South,10.8km/h/3.0m/s,-,N/A,,Clear
1997-5-5 9:00 PM,23.0°C,15.0°C,61%,1006hPa,-,East,7.2km/h/2.0m/s,-,N/A,,Clear
1997-5-5 10:00 PM,22.0°C,14.0°C,60%,1007hPa,-,SSE,14.4km/h/4.0m/s,-,N/A,,Clear
1997-5-5 11:00 PM,21.0°C,14.0°C,64%,1007hPa,-,SSE,10.8km/h/3.0m/s,-,N/A,,Clear
