Time (CST),Temp.,Windchill,Dew Point,Humidity,Pressure,Visibility,Wind Dir,Wind Speed,Gust Speed,Precip,Events,Conditions
1997-4-10 12:00 AM,7.0°C,4.3°C,-7.0°C,37%,1019hPa,10.0km,NNE,14.4km/h/4.0m/s,-,N/A,,Clear
1997-4-10 1:00 AM,7.0°C,4.3°C,-7.0°C,37%,1019hPa,10.0km,North,14.4km/h/4.0m/s,-,N/A,,Clear
1997-4-10 2:00 AM,6.0°C,4.5°C,-6.0°C,42%,1019hPa,10.0km,NE,7.2km/h/2.0m/s,-,N/A,,Clear
1997-4-10 4:00 AM,2.0°C,-,-9.0°C,44%,1018hPa,10.0km,Calm,Calm,-,N/A,,Clear
1997-4-10 5:00 AM,2.0°C,-,-8.0°C,48%,1018hPa,10.0km,Calm,Calm,-,N/A,,Clear
1997-4-10 6:00 AM,2.0°C,-,-8.0°C,48%,1019hPa,-,Calm,Calm,-,N/A,,Clear
1997-4-10 7:00 AM,3.0°C,-,-8.0°C,45%,1019hPa,-,Calm,Calm,-,N/A,,Clear
1997-4-10 8:00 AM,4.0°C,-,-6.0°C,49%,1020hPa,-,South,3.6km/h/1.0m/s,-,N/A,,Clear
1997-4-10 9:00 AM,7.0°C,4.9°C,-4.0°C,46%,1020hPa,10.0km,West,10.8km/h/3.0m/s,-,N/A,,Clear
1997-4-10 4:00 PM,17.0°C,-,-15.0°C,10%,1016hPa,10.0km,NNW,10.8km/h/3.0m/s,-,N/A,,Clear
1997-4-10 6:00 PM,16.0°C,-,-6.0°C,22%,1016hPa,10.0km,WSW,10.8km/h/3.0m/s,-,N/A,,Scattered Clouds
1997-4-10 7:00 PM,14.0°C,-,-5.0°C,27%,1017hPa,10.0km,West,10.8km/h/3.0m/s,-,N/A,,Partly Cloudy
1997-4-10 8:00 PM,13.0°C,-,-5.0°C,29%,1018hPa,10.0km,NNW,7.2km/h/2.0m/s,-,N/A,,Partly Cloudy
1997-4-10 9:00 PM,12.0°C,-,-3.0°C,35%,1018hPa,10.0km,Calm,Calm,-,N/A,,Partly Cloudy
1997-4-10 10:00 PM,10.0°C,-,-7.0°C,30%,1019hPa,-,NE,7.2km/h/2.0m/s,-,N/A,,Clear
1997-4-10 11:00 PM,8.0°C,6.1°C,-6.0°C,37%,1019hPa,10.0km,North,10.8km/h/3.0m/s,-,N/A,,Clear
