Time (CST),Temp.,Windchill,Dew Point,Humidity,Pressure,Visibility,Wind Dir,Wind Speed,Gust Speed,Precip,Events,Conditions
1998-12-14 12:00 AM,37.4°F,27.0°F,10.4°F,33%,30.30in,4.3mi,NW,20.1mph,-,N/A,,Clear
1998-12-14 1:00 AM,35.6°F,26.8°F,10.4°F,35%,30.33in,-,WNW,13.4mph,-,N/A,,Clear
1998-12-14 2:00 AM,33.8°F,23.7°F,10.4°F,38%,30.33in,-,WNW,15.7mph,-,N/A,,Clear
1998-12-14 3:00 AM,33.8°F,25.4°F,8.6°F,35%,30.36in,-,West,11.2mph,-,N/A,,Clear
1998-12-14 4:00 AM,32.0°F,22.2°F,8.6°F,38%,30.36in,-,West,13.4mph,-,N/A,,Clear
1998-12-14 5:00 AM,32.0°F,27.6°F,8.6°F,38%,30.36in,-,West,4.5mph,-,N/A,,Clear
1998-12-14 6:00 AM,30.2°F,22.1°F,8.6°F,40%,30.39in,-,West,8.9mph,-,N/A,,Clear
1998-12-14 7:00 AM,32.0°F,23.2°F,8.6°F,38%,30.39in,-,West,11.2mph,-,N/A,,Clear
1998-12-14 9:00 AM,32.0°F,24.3°F,10.4°F,41%,30.42in,-,West,8.9mph,-,N/A,,Clear
1998-12-14 10:00 AM,35.6°F,27.7°F,10.4°F,35%,30.42in,-,West,11.2mph,-,N/A,,Clear
1998-12-14 11:00 AM,37.4°F,29.9°F,8.6°F,30%,30.42in,-,West,11.2mph,-,N/A,,Clear
1998-12-14 12:00 PM,39.2°F,33.1°F,8.6°F,28%,30.39in,-,West,8.9mph,-,N/A,,Clear
1998-12-14 1:00 PM,41.0°F,36.5°F,10.4°F,29%,30.36in,-,West,6.7mph,-,N/A,,Clear
1998-12-14 2:00 PM,42.8°F,38.7°F,10.4°F,27%,30.33in,-,WSW,6.7mph,-,N/A,,Clear
1998-12-14 3:00 PM,42.8°F,37.6°F,8.6°F,25%,30.33in,-,SSW,8.9mph,-,N/A,,Clear
1998-12-14 4:00 PM,42.8°F,38.7°F,10.4°F,27%,30.33in,6.2mi,SW,6.7mph,-,N/A,,Clear
1998-12-14 5:00 PM,41.0°F,38.1°F,10.4°F,29%,30.33in,-,WSW,4.5mph,-,N/A,,Clear
1998-12-14 6:00 PM,35.6°F,-,8.6°F,33%,30.33in,-,Calm,Calm,-,N/A,,Clear
1998-12-14 7:00 PM,33.8°F,27.9°F,8.6°F,35%,30.33in,-,West,6.7mph,-,N/A,,Clear
1998-12-14 8:00 PM,33.8°F,-,10.4°F,38%,30.33in,-,SSW,2.2mph,-,N/A,,Clear
1998-12-14 9:00 PM,32.0°F,-,8.6°F,38%,30.33in,-,Calm,Calm,-,N/A,,Clear
1998-12-14 10:00 PM,28.4°F,-,8.6°F,43%,30.33in,-,SSE,2.2mph,-,N/A,,Clear
1998-12-14 11:00 PM,24.8°F,-,8.6°F,50%,30.30in,-,Calm,Calm,-,N/A,,Clear
