Time (CST),Temp.,Dew Point,Humidity,Pressure,Visibility,Wind Dir,Wind Speed,Gust Speed,Precip,Events,Conditions
1997-6-14 12:00 AM,21.0°C,8.0°C,43%,1014hPa,10.0km,Calm,Calm,-,N/A,,Clear
1997-6-14 1:00 AM,21.0°C,6.0°C,38%,1014hPa,10.0km,Calm,Calm,-,N/A,,Clear
1997-6-14 2:00 AM,18.0°C,6.0°C,45%,1014hPa,10.0km,SSE,7.2km/h/2.0m/s,-,N/A,,Clear
1997-6-14 3:00 AM,17.0°C,7.0°C,52%,1014hPa,10.0km,ESE,7.2km/h/2.0m/s,-,N/A,,Clear
1997-6-14 4:00 AM,17.0°C,9.0°C,59%,1014hPa,10.0km,Calm,Calm,-,N/A,,Clear
1997-6-14 5:00 AM,17.0°C,9.0°C,59%,1014hPa,10.0km,Calm,Calm,-,N/A,,Clear
1997-6-14 9:00 AM,25.0°C,10.0°C,39%,1016hPa,10.0km,North,7.2km/h/2.0m/s,-,N/A,,Clear
1997-6-14 10:00 AM,27.0°C,10.0°C,34%,1016hPa,10.0km,Calm,Calm,-,N/A,,Clear
1997-6-14 11:00 AM,28.0°C,10.0°C,32%,1016hPa,10.0km,Calm,Calm,-,N/A,,Clear
1997-6-14 12:00 PM,30.0°C,8.0°C,25%,1015hPa,10.0km,Calm,Calm,-,N/A,,Clear
1997-6-14 1:00 PM,31.0°C,8.0°C,24%,1014hPa,10.0km,WSW,21.6km/h/6.0m/s,-,N/A,,Scattered Clouds
1997-6-14 2:00 PM,30.0°C,7.0°C,23%,1013hPa,10.0km,South,10.8km/h/3.0m/s,-,N/A,,Mostly Cloudy
1997-6-14 3:00 PM,31.0°C,7.0°C,22%,1013hPa,10.0km,NE,7.2km/h/2.0m/s,-,N/A,,Mostly Cloudy
1997-6-14 4:00 PM,31.0°C,7.0°C,22%,1013hPa,10.0km,NE,7.2km/h/2.0m/s,-,N/A,,Scattered Clouds
1997-6-14 5:00 PM,31.0°C,4.0°C,18%,1013hPa,10.0km,Calm,Calm,-,N/A,,Scattered Clouds
1997-6-14 6:00 PM,30.0°C,5.0°C,20%,1013hPa,10.0km,East,18.0km/h/5.0m/s,-,N/A,,Mostly Cloudy
1997-6-14 7:00 PM,29.0°C,5.0°C,22%,1014hPa,10.0km,East,14.4km/h/4.0m/s,-,N/A,,Mostly Cloudy
1997-6-14 8:00 PM,27.0°C,5.0°C,24%,1014hPa,-,East,21.6km/h/6.0m/s,-,N/A,,Clear
1997-6-14 9:00 PM,26.0°C,3.0°C,23%,1015hPa,-,East,21.6km/h/6.0m/s,-,N/A,,Clear
1997-6-14 10:00 PM,25.0°C,4.0°C,26%,1016hPa,-,East,18.0km/h/5.0m/s,-,N/A,,Clear
1997-6-14 11:00 PM,24.0°C,6.0°C,31%,1016hPa,-,East,18.0km/h/5.0m/s,-,N/A,,Clear
