Time (CST),Temp.,Windchill,Dew Point,Humidity,Pressure,Visibility,Wind Dir,Wind Speed,Gust Speed,Precip,Events,Conditions
1998-1-13 12:00 AM,-5.0°C,-11.2°C,-8.0°C,80%,1020hPa,8.0km,East,18.0km/h/5.0m/s,-,N/A,,Partly Cloudy
1998-1-13 1:00 AM,-5.0°C,-10.4°C,-8.0°C,80%,1020hPa,-,East,14.4km/h/4.0m/s,-,N/A,,Clear
1998-1-13 2:00 AM,-5.0°C,-9.5°C,-7.0°C,86%,1020hPa,8.0km,East,10.8km/h/3.0m/s,-,N/A,,Mostly Cloudy
1998-1-13 3:00 AM,-4.0°C,-8.3°C,-7.0°C,80%,1020hPa,8.0km,ESE,10.8km/h/3.0m/s,-,N/A,,Mostly Cloudy
1998-1-13 4:00 AM,-3.0°C,-7.1°C,-7.0°C,74%,1020hPa,8.0km,East,10.8km/h/3.0m/s,-,N/A,,Mostly Cloudy
1998-1-13 5:00 AM,-3.0°C,-5.9°C,-7.0°C,74%,1020hPa,6.0km,East,7.2km/h/2.0m/s,-,N/A,,Overcast
1998-1-13 6:00 AM,-3.0°C,-5.9°C,-7.0°C,74%,1020hPa,6.0km,ESE,7.2km/h/2.0m/s,-,N/A,,Mostly Cloudy
1998-1-13 8:00 AM,-3.0°C,-5.9°C,-6.0°C,80%,1020hPa,4.0km,East,7.2km/h/2.0m/s,-,N/A,,Overcast
1998-1-13 9:00 AM,-3.0°C,-5.9°C,-6.0°C,80%,1021hPa,3.5km,ENE,7.2km/h/2.0m/s,-,N/A,,Overcast
1998-1-13 10:00 AM,-2.0°C,-4.8°C,-6.0°C,74%,1022hPa,2.6km,East,7.2km/h/2.0m/s,-,N/A,,Overcast
1998-1-13 11:00 AM,-2.0°C,-,-5.0°C,80%,1023hPa,2.8km,East,3.6km/h/1.0m/s,-,N/A,Rain,Light Freezing Rain
1998-1-13 12:00 PM,-1.0°C,-,-4.0°C,80%,1022hPa,2.6km,Calm,Calm,-,N/A,,Overcast
1998-1-13 1:00 PM,0.0°C,-,-4.0°C,75%,1021hPa,3.0km,SSE,3.6km/h/1.0m/s,-,N/A,Snow,Snow Grains
1998-1-13 2:00 PM,1.0°C,-,-4.0°C,70%,1020hPa,3.0km,ESE,3.6km/h/1.0m/s,-,N/A,,Mostly Cloudy
1998-1-13 3:00 PM,1.0°C,-,-5.0°C,65%,1020hPa,4.5km,East,3.6km/h/1.0m/s,-,N/A,,Smoke
1998-1-13 4:00 PM,2.0°C,-,-5.0°C,60%,1020hPa,4.0km,Calm,Calm,-,N/A,,Smoke
1998-1-13 5:00 PM,1.0°C,-,-5.0°C,65%,1020hPa,2.1km,Calm,Calm,-,N/A,,Smoke
1998-1-13 6:00 PM,0.0°C,-2.5°C,-5.0°C,69%,1020hPa,3.0km,North,7.2km/h/2.0m/s,-,N/A,,Smoke
1998-1-13 7:00 PM,0.0°C,-,-5.0°C,69%,1021hPa,3.0km,Calm,Calm,-,N/A,,Smoke
1998-1-13 8:00 PM,-1.0°C,-6.7°C,-6.0°C,69%,1022hPa,4.0km,East,21.6km/h/6.0m/s,-,N/A,,Smoke
1998-1-13 9:00 PM,-2.0°C,-6.7°C,-6.0°C,74%,1023hPa,4.0km,NE,14.4km/h/4.0m/s,-,N/A,,Smoke
1998-1-13 10:00 PM,-2.0°C,-7.4°C,-6.0°C,74%,1024hPa,5.0km,East,18.0km/h/5.0m/s,-,N/A,,Smoke
1998-1-13 11:00 PM,-3.0°C,-9.3°C,-7.0°C,74%,1025hPa,4.0km,ENE,21.6km/h/6.0m/s,-,N/A,Snow,Snow Grains
