Time (CST),Temp.,Windchill,Dew Point,Humidity,Pressure,Visibility,Wind Dir,Wind Speed,Gust Speed,Precip,Events,Conditions
1998-10-31 12:00 AM,50.0°F,-,21.2°F,32%,30.18in,-,WNW,11.2mph,-,N/A,,Clear
1998-10-31 1:00 AM,50.0°F,-,23.0°F,35%,30.21in,6.2mi,WSW,4.5mph,-,N/A,,Clear
1998-10-31 2:00 AM,46.4°F,44.4°F,23.0°F,40%,30.21in,6.2mi,West,4.5mph,-,N/A,,Clear
1998-10-31 4:00 AM,42.8°F,-,23.0°F,46%,30.18in,6.2mi,SW,2.2mph,-,N/A,,Clear
1998-10-31 5:00 AM,42.8°F,40.2°F,23.0°F,46%,30.18in,6.2mi,SSW,4.5mph,-,N/A,,Clear
1998-10-31 7:00 AM,35.6°F,-,26.6°F,70%,30.24in,5.0mi,ENE,2.2mph,-,N/A,,Clear
1998-10-31 8:00 AM,37.4°F,-,30.2°F,75%,30.27in,5.0mi,Calm,Calm,-,N/A,,Clear
1998-10-31 10:00 AM,46.4°F,-,23.0°F,40%,30.27in,6.2mi,Calm,Calm,-,N/A,,Clear
1998-10-31 11:00 AM,50.0°F,-,24.8°F,37%,30.27in,6.2mi,SSW,2.2mph,-,N/A,,Clear
1998-10-31 12:00 PM,53.6°F,-,24.8°F,33%,30.24in,6.2mi,SSW,8.9mph,-,N/A,,Clear
1998-10-31 1:00 PM,55.4°F,-,24.8°F,31%,30.18in,6.2mi,SW,4.5mph,-,N/A,,Clear
1998-10-31 2:00 PM,59.0°F,-,23.0°F,25%,30.15in,6.2mi,SW,4.5mph,-,N/A,,Clear
1998-10-31 3:00 PM,59.0°F,-,23.0°F,25%,30.12in,6.2mi,WNW,8.9mph,-,N/A,,Clear
1998-10-31 4:00 PM,59.0°F,-,19.4°F,22%,30.12in,6.2mi,WNW,11.2mph,-,N/A,,Partly Cloudy
1998-10-31 5:00 PM,57.2°F,-,21.2°F,25%,30.15in,6.2mi,NW,4.5mph,-,N/A,,Clear
1998-10-31 6:00 PM,51.8°F,-,23.0°F,33%,30.15in,6.2mi,NW,2.2mph,-,N/A,,Clear
1998-10-31 7:00 PM,46.4°F,-,24.8°F,43%,30.15in,6.2mi,Calm,Calm,-,N/A,,Clear
1998-10-31 8:00 PM,42.8°F,40.2°F,28.4°F,57%,30.15in,6.2mi,ESE,4.5mph,-,N/A,,Clear
1998-10-31 9:00 PM,42.8°F,40.2°F,28.4°F,57%,30.15in,6.2mi,ESE,4.5mph,-,N/A,,Clear
1998-10-31 10:00 PM,41.0°F,38.1°F,28.4°F,61%,30.15in,6.2mi,ESE,4.5mph,-,N/A,,Clear
1998-10-31 11:00 PM,37.4°F,33.9°F,28.4°F,70%,30.15in,6.2mi,SE,4.5mph,-,N/A,,Clear
