Time (CST),Temp.,Windchill,Dew Point,Humidity,Pressure,Visibility,Wind Dir,Wind Speed,Gust Speed,Precip,Events,Conditions
1998-2-15 12:00 AM,30.2°F,23.5°F,8.6°F,40%,29.89in,6.2mi,SE,6.7mph,-,N/A,,Clear
1998-2-15 1:00 AM,26.6°F,19.2°F,8.6°F,47%,29.89in,6.2mi,ESE,6.7mph,-,N/A,,Clear
1998-2-15 2:00 AM,26.6°F,21.3°F,6.8°F,43%,29.86in,6.2mi,ESE,4.5mph,-,N/A,,Clear
1998-2-15 3:00 AM,24.8°F,-,6.8°F,46%,29.89in,6.2mi,East,2.2mph,-,N/A,,Clear
1998-2-15 4:00 AM,24.8°F,-,6.8°F,46%,29.89in,6.2mi,ESE,2.2mph,-,N/A,,Clear
1998-2-15 5:00 AM,23.0°F,-,8.6°F,54%,29.89in,6.2mi,East,2.2mph,-,N/A,,Clear
1998-2-15 6:00 AM,21.2°F,-,8.6°F,58%,29.89in,6.2mi,Calm,Calm,-,N/A,,Clear
1998-2-15 7:00 AM,21.2°F,-,8.6°F,58%,29.89in,6.2mi,Calm,Calm,-,N/A,,Clear
1998-2-15 8:00 AM,21.2°F,-,8.6°F,58%,29.92in,2.5mi,ESE,2.2mph,-,N/A,,Smoke
1998-2-15 9:00 AM,30.2°F,-,12.2°F,47%,29.95in,1.1mi,Calm,Calm,-,N/A,,Smoke
1998-2-15 11:00 AM,39.2°F,-,12.2°F,33%,29.95in,2.5mi,NNW,2.2mph,-,N/A,,Smoke
1998-2-15 12:00 PM,42.8°F,-,12.2°F,29%,29.95in,3.7mi,Calm,Calm,-,N/A,,Clear
1998-2-15 1:00 PM,46.4°F,-,12.2°F,25%,29.89in,6.2mi,ENE,2.2mph,-,N/A,,Clear
1998-2-15 2:00 PM,50.0°F,-,12.2°F,22%,29.89in,6.2mi,North,2.2mph,-,N/A,,Clear
1998-2-15 3:00 PM,53.6°F,-,10.4°F,18%,29.86in,6.2mi,Calm,Calm,-,N/A,,Clear
1998-2-15 4:00 PM,55.4°F,-,10.4°F,17%,29.86in,6.2mi,Calm,Calm,-,N/A,,Clear
1998-2-15 5:00 PM,53.6°F,-,12.2°F,19%,29.86in,-,WSW,2.2mph,-,N/A,,Clear
1998-2-15 6:00 PM,50.0°F,-,15.8°F,26%,29.89in,-,SW,2.2mph,-,N/A,,Clear
1998-2-15 7:00 PM,41.0°F,-,14.0°F,33%,29.92in,-,WNW,2.2mph,-,N/A,,Clear
1998-2-15 8:00 PM,44.6°F,40.8°F,14.0°F,29%,29.95in,4.3mi,East,6.7mph,-,N/A,,Clear
1998-2-15 9:00 PM,42.8°F,40.2°F,10.4°F,27%,30.01in,6.2mi,NNE,4.5mph,-,N/A,,Clear
1998-2-15 10:00 PM,42.8°F,-,10.4°F,27%,30.01in,4.3mi,Calm,Calm,-,N/A,,Clear
1998-2-15 11:00 PM,39.2°F,-,10.4°F,31%,30.04in,5.0mi,ESE,2.2mph,-,N/A,,Clear
