Time (CST),Temp.,Heat Index,Dew Point,Humidity,Pressure,Visibility,Wind Dir,Wind Speed,Gust Speed,Precip,Events,Conditions
1997-8-25 12:00 AM,19.0°C,-,15.0°C,78%,1012hPa,10.0km,SE,10.8km/h/3.0m/s,-,N/A,,Clear
1997-8-25 1:00 AM,23.0°C,-,15.0°C,61%,1011hPa,10.0km,East,10.8km/h/3.0m/s,-,N/A,,Clear
1997-8-25 2:00 AM,19.0°C,-,16.0°C,83%,1011hPa,10.0km,East,7.2km/h/2.0m/s,-,N/A,,Clear
1997-8-25 3:00 AM,19.0°C,-,16.0°C,83%,1011hPa,10.0km,Calm,Calm,-,N/A,,Clear
1997-8-25 4:00 AM,17.0°C,-,16.0°C,94%,1011hPa,10.0km,Calm,Calm,-,N/A,,Clear
1997-8-25 5:00 AM,16.0°C,-,15.0°C,94%,1012hPa,10.0km,Calm,Calm,-,N/A,,Clear
1997-8-25 6:00 AM,17.0°C,-,16.0°C,94%,1012hPa,10.0km,Calm,Calm,-,N/A,,Clear
1997-8-25 7:00 AM,18.0°C,-,17.0°C,94%,1012hPa,10.0km,Calm,Calm,-,N/A,,Clear
1997-8-25 8:00 AM,22.0°C,-,18.0°C,78%,1012hPa,10.0km,SE,3.6km/h/1.0m/s,-,N/A,,Clear
1997-8-25 9:00 AM,24.0°C,-,18.0°C,69%,1012hPa,6.0km,Calm,Calm,-,N/A,,Clear
1997-8-25 12:00 PM,30.0°C,31.2°C,19.0°C,51%,1012hPa,10.0km,SSW,3.6km/h/1.0m/s,-,N/A,,Clear
1997-8-25 1:00 PM,32.0°C,32.8°C,18.0°C,43%,1011hPa,10.0km,WNW,7.2km/h/2.0m/s,-,N/A,,Clear
1997-8-25 2:00 PM,33.0°C,34.0°C,18.0°C,41%,1010hPa,10.0km,South,7.2km/h/2.0m/s,-,N/A,,Clear
1997-8-25 3:00 PM,34.0°C,34.9°C,18.0°C,38%,1009hPa,10.0km,SSE,7.2km/h/2.0m/s,-,N/A,,Clear
1997-8-25 4:00 PM,34.0°C,34.5°C,17.0°C,36%,1009hPa,10.0km,NW,7.2km/h/2.0m/s,-,N/A,,Clear
1997-8-25 5:00 PM,34.0°C,34.9°C,18.0°C,38%,1009hPa,-,WNW,7.2km/h/2.0m/s,-,N/A,,Clear
1997-8-25 6:00 PM,32.0°C,34.1°C,20.0°C,49%,1009hPa,-,Calm,Calm,-,N/A,,Clear
1997-8-25 7:00 PM,28.0°C,30.7°C,22.0°C,70%,1008hPa,-,Calm,Calm,-,N/A,,Clear
1997-8-25 8:00 PM,26.0°C,-,18.0°C,61%,1009hPa,-,East,7.2km/h/2.0m/s,-,N/A,,Clear
1997-8-25 9:00 PM,27.0°C,27.5°C,16.0°C,51%,1010hPa,10.0km,SE,7.2km/h/2.0m/s,-,N/A,,Clear
1997-8-25 10:00 PM,27.0°C,28.9°C,21.0°C,70%,1011hPa,10.0km,ESE,10.8km/h/3.0m/s,-,N/A,,Clear
1997-8-25 11:00 PM,24.0°C,-,19.0°C,73%,1011hPa,10.0km,ESE,3.6km/h/1.0m/s,-,N/A,,Clear
