Time (CST),Temp.,Windchill,Dew Point,Humidity,Pressure,Visibility,Wind Dir,Wind Speed,Gust Speed,Precip,Events,Conditions
1997-11-24 12:00 AM,-2.0°C,-,-5.0°C,80%,1011hPa,3.5km,Calm,Calm,-,N/A,,Clear
1997-11-24 1:00 AM,-2.0°C,-,-5.0°C,80%,1012hPa,2.6km,Calm,Calm,-,N/A,,Clear
1997-11-24 2:00 AM,-4.0°C,-,-6.0°C,86%,1010hPa,2.8km,ENE,3.6km/h/1.0m/s,-,N/A,,Clear
1997-11-24 3:00 AM,-5.0°C,-,-6.0°C,93%,1010hPa,2.4km,Calm,Calm,-,N/A,,Clear
1997-11-24 4:00 AM,-5.0°C,-8.3°C,-6.0°C,93%,1010hPa,2.4km,ESE,7.2km/h/2.0m/s,-,N/A,,Clear
1997-11-24 5:00 AM,-4.0°C,-,-6.0°C,86%,1009hPa,2.3km,Calm,Calm,-,N/A,,Clear
1997-11-24 6:00 AM,-3.0°C,-,-5.0°C,86%,1009hPa,2.4km,Calm,Calm,-,N/A,,Clear
1997-11-24 7:00 AM,-4.0°C,-,-5.0°C,93%,1009hPa,1.5km,SE,3.6km/h/1.0m/s,-,N/A,,Scattered Clouds
1997-11-24 8:00 AM,-2.0°C,-,-4.0°C,86%,1010hPa,1.6km,Calm,Calm,-,N/A,,Scattered Clouds
1997-11-24 9:00 AM,2.0°C,-,-1.0°C,81%,1010hPa,1.2km,Calm,Calm,-,N/A,,Mostly Cloudy
1997-11-24 10:00 AM,5.0°C,-,-1.0°C,65%,1010hPa,1.3km,Calm,Calm,-,N/A,,Mostly Cloudy
1997-11-24 11:00 AM,5.0°C,-,-1.0°C,65%,1010hPa,1.0km,Calm,Calm,-,N/A,,Mostly Cloudy
1997-11-24 12:00 PM,6.0°C,-,-1.0°C,61%,1009hPa,1.1km,Calm,Calm,-,N/A,,Mostly Cloudy
1997-11-24 1:00 PM,7.0°C,-,-1.0°C,57%,-,1.0km,WNW,3.6km/h/1.0m/s,-,N/A,,Smoke
1997-11-24 2:00 PM,10.0°C,-,0.0°C,50%,-,1.2km,West,3.6km/h/1.0m/s,-,N/A,,Smoke
1997-11-24 3:00 PM,10.0°C,-,0.0°C,50%,1006hPa,3.0km,Calm,Calm,-,N/A,,Smoke
1997-11-24 4:00 PM,9.0°C,-,1.0°C,58%,1006hPa,0.7km,SW,3.6km/h/1.0m/s,-,N/A,Fog,Fog
1997-11-24 5:00 PM,7.0°C,-,1.0°C,66%,1007hPa,0.6km,WSW,3.6km/h/1.0m/s,-,N/A,Fog,Fog
1997-11-24 6:00 PM,6.0°C,4.5°C,0.0°C,66%,1007hPa,0.6km,SSW,7.2km/h/2.0m/s,-,N/A,Fog,Fog
1997-11-24 7:00 PM,6.0°C,-,0.0°C,66%,1008hPa,0.7km,Calm,Calm,-,N/A,Fog,Fog
1997-11-24 8:00 PM,5.0°C,-,0.0°C,70%,1008hPa,0.7km,Calm,Calm,-,N/A,Fog,Fog
1997-11-24 9:00 PM,5.0°C,-,0.0°C,70%,1009hPa,0.7km,Calm,Calm,-,N/A,Fog,Fog
1997-11-24 10:00 PM,4.0°C,-,0.0°C,75%,1009hPa,0.9km,Calm,Calm,-,N/A,Fog,Fog
1997-11-24 11:00 PM,2.0°C,-,-1.0°C,81%,-,0.9km,Calm,Calm,-,N/A,Fog,Fog
