Time (CST),Temp.,Dew Point,Humidity,Pressure,Visibility,Wind Dir,Wind Speed,Gust Speed,Precip,Events,Conditions
1997-6-2 12:00 AM,16.0°C,3.0°C,42%,1009hPa,10.0km,NE,7.2km/h/2.0m/s,-,N/A,,Clear
1997-6-2 1:00 AM,15.0°C,2.0°C,42%,1009hPa,10.0km,Calm,Calm,-,N/A,,Clear
1997-6-2 2:00 AM,13.0°C,2.0°C,47%,1009hPa,10.0km,Calm,Calm,-,N/A,,Clear
1997-6-2 4:00 AM,12.0°C,4.0°C,58%,1009hPa,10.0km,Calm,Calm,-,N/A,,Clear
1997-6-2 5:00 AM,12.0°C,5.0°C,62%,1009hPa,-,ENE,7.2km/h/2.0m/s,-,N/A,,Clear
1997-6-2 6:00 AM,12.0°C,4.0°C,58%,1009hPa,10.0km,Calm,Calm,-,N/A,,Scattered Clouds
1997-6-2 7:00 AM,13.0°C,4.0°C,54%,1009hPa,-,Calm,Calm,-,N/A,,Clear
1997-6-2 8:00 AM,19.0°C,5.0°C,40%,1009hPa,-,Calm,Calm,-,N/A,,Clear
1997-6-2 9:00 AM,20.0°C,4.0°C,35%,1010hPa,-,WNW,18.0km/h/5.0m/s,-,N/A,,Clear
1997-6-2 10:00 AM,21.0°C,4.0°C,33%,1009hPa,-,NNE,10.8km/h/3.0m/s,-,N/A,,Clear
1997-6-2 11:00 AM,19.0°C,4.0°C,37%,1010hPa,10.0km,North,18.0km/h/5.0m/s,-,N/A,Rain,Light Rain
1997-6-2 12:00 PM,16.0°C,8.0°C,59%,1011hPa,10.0km,North,25.2km/h/7.0m/s,-,N/A,Rain,Light Rain
1997-6-2 1:00 PM,20.0°C,8.0°C,46%,1009hPa,10.0km,ESE,10.8km/h/3.0m/s,-,N/A,,Scattered Clouds
1997-6-2 2:00 PM,22.0°C,5.0°C,33%,1008hPa,10.0km,South,14.4km/h/4.0m/s,-,N/A,,Scattered Clouds
1997-6-2 3:00 PM,23.0°C,5.0°C,31%,1007hPa,10.0km,Calm,Calm,-,N/A,,Scattered Clouds
1997-6-2 4:00 PM,23.0°C,6.0°C,33%,1006hPa,10.0km,WNW,7.2km/h/2.0m/s,-,N/A,,Scattered Clouds
1997-6-2 5:00 PM,23.0°C,5.0°C,31%,1005hPa,10.0km,South,7.2km/h/2.0m/s,-,N/A,,Mostly Cloudy
1997-6-2 6:00 PM,23.0°C,4.0°C,29%,1005hPa,10.0km,Calm,Calm,-,N/A,,Mostly Cloudy
1997-6-2 7:00 PM,22.0°C,0.0°C,23%,1006hPa,-,Calm,Calm,-,N/A,,Clear
1997-6-2 8:00 PM,19.0°C,8.0°C,49%,1007hPa,-,North,18.0km/h/5.0m/s,-,N/A,,Clear
1997-6-2 9:00 PM,17.0°C,8.0°C,55%,1008hPa,10.0km,NNE,18.0km/h/5.0m/s,-,N/A,,Mostly Cloudy
1997-6-2 10:00 PM,17.0°C,8.0°C,55%,1009hPa,10.0km,East,3.6km/h/1.0m/s,-,N/A,,Mostly Cloudy
1997-6-2 11:00 PM,17.0°C,9.0°C,59%,1008hPa,-,NE,7.2km/h/2.0m/s,-,N/A,,Clear
