Time (CST),Temp.,Windchill,Dew Point,Humidity,Pressure,Visibility,Wind Dir,Wind Speed,Gust Speed,Precip,Events,Conditions
1997-3-6 12:00 AM,7.0°C,5.7°C,-8.0°C,34%,1015hPa,10.0km,West,7.2km/h/2.0m/s,-,N/A,,Clear
1997-3-6 1:00 AM,5.0°C,3.4°C,-9.0°C,36%,1015hPa,10.0km,SSW,7.2km/h/2.0m/s,-,N/A,,Clear
1997-3-6 2:00 AM,2.0°C,-1.1°C,-9.0°C,44%,1015hPa,10.0km,ENE,10.8km/h/3.0m/s,-,N/A,,Clear
1997-3-6 3:00 AM,1.0°C,-1.3°C,-9.0°C,48%,1015hPa,10.0km,SSE,7.2km/h/2.0m/s,-,N/A,,Clear
1997-3-6 4:00 AM,1.0°C,-2.3°C,-9.0°C,48%,1015hPa,10.0km,East,10.8km/h/3.0m/s,-,N/A,,Clear
1997-3-6 5:00 AM,0.0°C,-3.5°C,-9.0°C,51%,1015hPa,10.0km,SSE,10.8km/h/3.0m/s,-,N/A,,Clear
1997-3-6 6:00 AM,0.0°C,-3.5°C,-8.0°C,55%,1016hPa,10.0km,East,10.8km/h/3.0m/s,-,N/A,,Clear
1997-3-6 7:00 AM,0.0°C,-2.5°C,-8.0°C,55%,1017hPa,-,East,7.2km/h/2.0m/s,-,N/A,,Clear
1997-3-6 8:00 AM,0.0°C,-2.5°C,-8.0°C,55%,1018hPa,10.0km,East,7.2km/h/2.0m/s,-,N/A,,Clear
1997-3-6 9:00 AM,2.0°C,-1.1°C,-7.0°C,52%,1018hPa,10.0km,East,10.8km/h/3.0m/s,-,N/A,,Clear
1997-3-6 10:00 AM,7.0°C,-,-8.0°C,34%,1018hPa,10.0km,Calm,Calm,-,N/A,,Clear
1997-3-6 11:00 AM,8.0°C,6.9°C,-6.0°C,37%,1018hPa,10.0km,SSW,7.2km/h/2.0m/s,-,N/A,,Clear
1997-3-6 12:00 PM,11.0°C,-,-6.0°C,30%,1018hPa,10.0km,South,10.8km/h/3.0m/s,-,N/A,,Clear
1997-3-6 1:00 PM,13.0°C,-,-12.0°C,17%,1017hPa,10.0km,WSW,21.6km/h/6.0m/s,-,N/A,,Clear
1997-3-6 2:00 PM,15.0°C,-,-18.0°C,9%,1016hPa,10.0km,WNW,18.0km/h/5.0m/s,-,N/A,,Clear
1997-3-6 3:00 PM,14.0°C,-,-18.0°C,10%,1016hPa,-,WNW,18.0km/h/5.0m/s,-,N/A,,Clear
1997-3-6 4:00 PM,14.0°C,-,-19.0°C,9%,1016hPa,-,WNW,32.4km/h/9.0m/s,-,N/A,,Clear
1997-3-6 5:00 PM,14.0°C,-,-18.0°C,10%,1016hPa,-,WNW,36.0km/h/10.0m/s,-,N/A,,Clear
1997-3-6 6:00 PM,13.0°C,-,-16.0°C,12%,1017hPa,-,WNW,18.0km/h/5.0m/s,-,N/A,,Clear
1997-3-6 7:00 PM,11.0°C,-,-14.0°C,16%,1018hPa,-,WNW,18.0km/h/5.0m/s,-,N/A,,Clear
1997-3-6 8:00 PM,10.0°C,-,-11.0°C,22%,1019hPa,-,North,10.8km/h/3.0m/s,-,N/A,,Clear
1997-3-6 9:00 PM,10.0°C,-,-12.0°C,20%,1020hPa,-,North,10.8km/h/3.0m/s,-,N/A,,Clear
1997-3-6 10:00 PM,7.0°C,4.9°C,-12.0°C,25%,1021hPa,10.0km,NNW,10.8km/h/3.0m/s,-,N/A,,Clear
