Time (CST),Temp.,Windchill,Dew Point,Humidity,Pressure,Visibility,Wind Dir,Wind Speed,Gust Speed,Precip,Events,Conditions
1997-1-30 1:00 AM,-1.0°C,-,-14.0°C,37%,1014hPa,-,Calm,Calm,-,N/A,,Clear
1997-1-30 2:00 AM,-1.0°C,-3.6°C,-14.0°C,37%,1014hPa,-,NNW,7.2km/h/2.0m/s,-,N/A,,Clear
1997-1-30 3:00 AM,-1.0°C,-,-15.0°C,34%,1013hPa,-,Calm,Calm,-,N/A,,Clear
1997-1-30 4:00 AM,-1.0°C,-,-15.0°C,34%,1013hPa,-,Calm,Calm,-,N/A,,Clear
1997-1-30 5:00 AM,-2.0°C,-4.8°C,-16.0°C,34%,1013hPa,10.0km,WSW,7.2km/h/2.0m/s,-,N/A,,Clear
1997-1-30 6:00 AM,-1.0°C,-4.7°C,-14.0°C,37%,1013hPa,10.0km,WSW,10.8km/h/3.0m/s,-,N/A,,Clear
1997-1-30 7:00 AM,-1.0°C,-3.6°C,-14.0°C,37%,1014hPa,10.0km,SSW,7.2km/h/2.0m/s,-,N/A,,Clear
1997-1-30 8:00 AM,-2.0°C,-,-15.0°C,37%,1015hPa,-,Calm,Calm,-,N/A,,Clear
1997-1-30 9:00 AM,-2.0°C,-,-14.0°C,40%,1015hPa,8.0km,Calm,Calm,-,N/A,,Mostly Cloudy
1997-1-30 10:00 AM,0.0°C,-,-15.0°C,32%,1015hPa,8.0km,SSE,3.6km/h/1.0m/s,-,N/A,,Partly Cloudy
1997-1-30 11:00 AM,2.0°C,-,-16.0°C,26%,1015hPa,-,Calm,Calm,-,N/A,,Clear
1997-1-30 12:00 PM,3.0°C,-,-13.0°C,30%,1014hPa,-,Calm,Calm,-,N/A,,Clear
1997-1-30 1:00 PM,5.0°C,-,-14.0°C,24%,1013hPa,-,Calm,Calm,-,N/A,,Clear
1997-1-30 2:00 PM,6.0°C,3.1°C,-9.0°C,34%,1012hPa,-,SSW,14.4km/h/4.0m/s,-,N/A,,Clear
1997-1-30 3:00 PM,7.0°C,4.3°C,-9.0°C,31%,1012hPa,-,SW,14.4km/h/4.0m/s,-,N/A,,Clear
1997-1-30 4:00 PM,7.0°C,5.7°C,-8.0°C,34%,1013hPa,10.0km,SSW,7.2km/h/2.0m/s,-,N/A,,Clear
1997-1-30 5:00 PM,7.0°C,4.9°C,-7.0°C,37%,1013hPa,-,SSW,10.8km/h/3.0m/s,-,N/A,,Clear
1997-1-30 6:00 PM,5.0°C,-,-6.0°C,45%,1013hPa,-,Calm,Calm,-,N/A,,Clear
1997-1-30 7:00 PM,3.0°C,1.0°C,-7.0°C,48%,1014hPa,-,South,7.2km/h/2.0m/s,-,N/A,,Clear
1997-1-30 8:00 PM,1.0°C,-1.3°C,-8.0°C,52%,1015hPa,10.0km,West,7.2km/h/2.0m/s,-,N/A,,Clear
1997-1-30 9:00 PM,2.0°C,-1.1°C,-11.0°C,38%,1017hPa,10.0km,West,10.8km/h/3.0m/s,-,N/A,,Clear
1997-1-30 10:00 PM,0.0°C,-,-9.0°C,51%,1018hPa,10.0km,Calm,Calm,-,N/A,,Clear
1997-1-30 11:00 PM,-2.0°C,-4.8°C,-7.0°C,69%,1018hPa,10.0km,ENE,7.2km/h/2.0m/s,-,N/A,,Clear
