Time (CST),Temp.,Windchill,Dew Point,Humidity,Pressure,Visibility,Wind Dir,Wind Speed,Gust Speed,Precip,Events,Conditions
1998-1-15 12:00 AM,-5.0°C,-10.4°C,-9.0°C,74%,1021hPa,10.0km,ENE,14.4km/h/4.0m/s,-,N/A,Snow,Light Snow
1998-1-15 1:00 AM,-5.0°C,-10.4°C,-9.0°C,74%,1021hPa,10.0km,ENE,14.4km/h/4.0m/s,-,N/A,,Scattered Clouds
1998-1-15 6:00 AM,-5.0°C,-10.4°C,-9.0°C,74%,1021hPa,10.0km,ENE,14.4km/h/4.0m/s,-,N/A,Snow,Light Snow
1998-1-15 7:00 AM,-5.0°C,-10.4°C,-9.0°C,74%,1021hPa,10.0km,ENE,14.4km/h/4.0m/s,-,N/A,Snow,Light Snow
1998-1-15 8:00 AM,-7.0°C,-10.6°C,-9.0°C,86%,1016hPa,4.0km,ESE,7.2km/h/2.0m/s,-,N/A,Snow,Light Snow
1998-1-15 9:00 AM,-6.0°C,-,-9.0°C,80%,1017hPa,2.7km,Variable,3.6km/h/1.0m/s,-,N/A,Snow,Snow
1998-1-15 10:00 AM,-,-,-,N/A%,1017hPa,2.8km,East,10.8km/h/3.0m/s,-,N/A,,Unknown
1998-1-15 11:00 AM,-6.0°C,-12.4°C,-10.0°C,74%,1017hPa,2.7km,East,18.0km/h/5.0m/s,-,N/A,Snow,Light Snow
1998-1-15 2:00 PM,-4.0°C,-9.9°C,-9.0°C,69%,1014hPa,8.0km,East,18.0km/h/5.0m/s,-,N/A,,Overcast
1998-1-15 3:00 PM,-3.0°C,-8.7°C,-9.0°C,64%,1013hPa,-,East,18.0km/h/5.0m/s,-,N/A,,Clear
1998-1-15 4:00 PM,-4.0°C,-10.5°C,-10.0°C,64%,1013hPa,10.0km,East,21.6km/h/6.0m/s,-,N/A,,Overcast
1998-1-15 5:00 PM,-6.0°C,-13.1°C,-11.0°C,68%,1013hPa,10.0km,East,21.6km/h/6.0m/s,-,N/A,,Overcast
1998-1-15 6:00 PM,-6.0°C,-12.4°C,-11.0°C,68%,1014hPa,8.0km,East,18.0km/h/5.0m/s,-,N/A,,Overcast
1998-1-15 10:00 PM,-8.0°C,-16.2°C,-13.0°C,68%,1016hPa,7.0km,ENE,25.2km/h/7.0m/s,-,N/A,Snow,Light Snow
1998-1-15 11:00 PM,-9.0°C,-16.2°C,-13.0°C,73%,1016hPa,5.0km,ENE,18.0km/h/5.0m/s,-,N/A,Snow,Light Snow
