Time (CST),Temp.,Windchill,Dew Point,Humidity,Pressure,Visibility,Wind Dir,Wind Speed,Gust Speed,Precip,Events,Conditions
1997-3-16 12:00 AM,7.0°C,3.8°C,4.0°C,81%,1023hPa,-,East,18.0km/h/5.0m/s,-,N/A,,Clear
1997-3-16 1:00 AM,6.0°C,1.8°C,3.0°C,81%,1024hPa,-,East,25.2km/h/7.0m/s,-,N/A,,Clear
1997-3-16 2:00 AM,6.0°C,2.6°C,3.0°C,81%,1024hPa,-,East,18.0km/h/5.0m/s,-,N/A,,Clear
1997-3-16 3:00 AM,5.0°C,1.3°C,3.0°C,87%,1025hPa,-,East,18.0km/h/5.0m/s,-,N/A,,Clear
1997-3-16 4:00 AM,5.0°C,-0.1°C,3.0°C,87%,1025hPa,-,East,32.4km/h/9.0m/s,-,N/A,,Clear
1997-3-16 5:00 AM,5.0°C,0.5°C,2.0°C,81%,1025hPa,-,East,25.2km/h/7.0m/s,-,N/A,,Clear
1997-3-16 6:00 AM,5.0°C,0.5°C,2.0°C,81%,1025hPa,-,East,25.2km/h/7.0m/s,-,N/A,,Clear
1997-3-16 7:00 AM,4.0°C,-0.4°C,1.0°C,81%,1026hPa,7.0km,NE,21.6km/h/6.0m/s,-,N/A,Rain,Light Rain
1997-3-16 8:00 AM,4.0°C,-0.4°C,1.0°C,81%,1027hPa,4.0km,ENE,21.6km/h/6.0m/s,-,N/A,Rain,Light Rain
1997-3-16 9:00 AM,4.0°C,-0.4°C,1.0°C,81%,1027hPa,4.0km,ENE,21.6km/h/6.0m/s,-,N/A,,Overcast
1997-3-16 10:00 AM,4.0°C,-0.4°C,1.0°C,81%,1028hPa,7.0km,ENE,21.6km/h/6.0m/s,-,N/A,,Overcast
1997-3-16 12:00 PM,5.0°C,1.3°C,1.0°C,76%,1028hPa,4.0km,East,18.0km/h/5.0m/s,-,N/A,Rain,Light Rain
1997-3-16 1:00 PM,5.0°C,1.9°C,1.0°C,76%,1027hPa,6.0km,NE,14.4km/h/4.0m/s,-,N/A,Rain,Light Rain
1997-3-16 2:00 PM,5.0°C,1.9°C,1.0°C,76%,1027hPa,4.0km,ENE,14.4km/h/4.0m/s,-,N/A,,Overcast
1997-3-16 3:00 PM,5.0°C,1.3°C,1.0°C,76%,1026hPa,4.0km,NE,18.0km/h/5.0m/s,-,N/A,,Overcast
1997-3-16 4:00 PM,5.0°C,2.5°C,1.0°C,76%,1026hPa,4.0km,East,10.8km/h/3.0m/s,-,N/A,,Overcast
1997-3-16 5:00 PM,5.0°C,1.9°C,1.0°C,76%,1025hPa,4.0km,ENE,14.4km/h/4.0m/s,-,N/A,,Overcast
1997-3-16 6:00 PM,5.0°C,2.5°C,2.0°C,81%,1025hPa,4.0km,ENE,10.8km/h/3.0m/s,-,N/A,,Overcast
1997-3-16 7:00 PM,5.0°C,-,2.0°C,81%,1026hPa,3.5km,East,3.6km/h/1.0m/s,-,N/A,,Overcast
1997-3-16 8:00 PM,5.0°C,3.4°C,2.0°C,81%,1026hPa,3.5km,ESE,7.2km/h/2.0m/s,-,N/A,,Overcast
1997-3-16 9:00 PM,5.0°C,2.5°C,2.0°C,81%,1026hPa,4.0km,ENE,10.8km/h/3.0m/s,-,N/A,,Overcast
1997-3-16 10:00 PM,5.0°C,3.4°C,3.0°C,87%,1027hPa,4.0km,West,7.2km/h/2.0m/s,-,N/A,,Mostly Cloudy
