Time (CST),Temp.,Windchill,Dew Point,Humidity,Pressure,Visibility,Wind Dir,Wind Speed,Gust Speed,Precip,Events,Conditions
1998-11-3 12:00 AM,39.2°F,-,24.8°F,56%,30.04in,6.2mi,SE,2.2mph,-,N/A,,Clear
1998-11-3 1:00 AM,35.6°F,-,26.6°F,70%,30.01in,6.2mi,East,2.2mph,-,N/A,,Clear
1998-11-3 2:00 AM,39.2°F,-,24.8°F,56%,30.01in,6.2mi,East,2.2mph,-,N/A,,Clear
1998-11-3 3:00 AM,37.4°F,-,24.8°F,60%,29.98in,6.2mi,East,2.2mph,-,N/A,,Clear
1998-11-3 4:00 AM,41.0°F,-,24.8°F,53%,29.95in,6.2mi,ESE,2.2mph,-,N/A,,Clear
1998-11-3 5:00 AM,39.2°F,-,24.8°F,56%,29.95in,6.2mi,East,2.2mph,-,N/A,,Clear
1998-11-3 6:00 AM,35.6°F,-,26.6°F,70%,29.95in,6.2mi,SE,2.2mph,-,N/A,,Clear
1998-11-3 7:00 AM,33.8°F,-,26.6°F,75%,29.98in,5.0mi,Calm,Calm,-,N/A,,Clear
1998-11-3 8:00 AM,37.4°F,-,28.4°F,70%,29.98in,2.5mi,Calm,Calm,-,N/A,,Smoke
1998-11-3 9:00 AM,42.8°F,40.2°F,30.2°F,61%,30.01in,1.9mi,ESE,4.5mph,-,N/A,,Smoke
1998-11-3 10:00 AM,50.0°F,-,24.8°F,37%,29.98in,2.5mi,ESE,6.7mph,-,N/A,,Smoke
1998-11-3 11:00 AM,53.6°F,-,28.4°F,38%,29.98in,2.5mi,South,6.7mph,-,N/A,,Smoke
1998-11-3 12:00 PM,57.2°F,-,28.4°F,33%,29.95in,2.5mi,SW,4.5mph,-,N/A,,Smoke
1998-11-3 3:00 PM,69.8°F,-,30.2°F,23%,29.89in,5.0mi,SW,2.2mph,-,N/A,,Clear
1998-11-3 4:00 PM,69.8°F,-,30.2°F,23%,29.89in,6.2mi,WNW,4.5mph,-,N/A,,Clear
1998-11-3 5:00 PM,68.0°F,-,19.4°F,16%,29.92in,6.2mi,WNW,11.2mph,-,N/A,,Clear
1998-11-3 6:00 PM,64.4°F,-,21.2°F,19%,29.95in,6.2mi,WNW,11.2mph,-,N/A,,Clear
1998-11-3 7:00 PM,59.0°F,-,23.0°F,25%,30.01in,6.2mi,WNW,6.7mph,-,N/A,,Clear
1998-11-3 8:00 PM,53.6°F,-,24.8°F,33%,30.04in,6.2mi,ESE,4.5mph,-,N/A,,Clear
1998-11-3 9:00 PM,48.2°F,-,26.6°F,43%,30.06in,6.2mi,Calm,Calm,-,N/A,,Clear
1998-11-3 10:00 PM,48.2°F,-,26.6°F,43%,30.09in,6.2mi,Calm,Calm,-,N/A,,Clear
1998-11-3 11:00 PM,51.8°F,-,24.8°F,35%,30.12in,6.2mi,NW,4.5mph,-,N/A,,Clear
