Time (CST),Temp.,Windchill,Dew Point,Humidity,Pressure,Visibility,Wind Dir,Wind Speed,Gust Speed,Precip,Events,Conditions
1997-3-1 12:00 AM,0.0°C,-2.5°C,-6.0°C,64%,1021hPa,10.0km,East,7.2km/h/2.0m/s,-,N/A,,Clear
1997-3-1 1:00 AM,-1.0°C,-4.7°C,-7.0°C,64%,1021hPa,10.0km,East,10.8km/h/3.0m/s,-,N/A,,Clear
1997-3-1 2:00 AM,-1.0°C,-4.7°C,-7.0°C,64%,1021hPa,10.0km,East,10.8km/h/3.0m/s,-,N/A,,Clear
1997-3-1 3:00 AM,-2.0°C,-6.7°C,-7.0°C,69%,1020hPa,10.0km,East,14.4km/h/4.0m/s,-,N/A,,Clear
1997-3-1 4:00 AM,-2.0°C,-5.9°C,-7.0°C,69%,1020hPa,10.0km,East,10.8km/h/3.0m/s,-,N/A,,Clear
1997-3-1 5:00 AM,-2.0°C,-4.8°C,-7.0°C,69%,1020hPa,10.0km,ESE,7.2km/h/2.0m/s,-,N/A,,Clear
1997-3-1 6:00 AM,-3.0°C,-5.9°C,-7.0°C,74%,1021hPa,10.0km,NE,7.2km/h/2.0m/s,-,N/A,,Clear
1997-3-1 7:00 AM,-4.0°C,-,-8.0°C,74%,1021hPa,10.0km,SSE,3.6km/h/1.0m/s,-,N/A,,Clear
1997-3-1 8:00 AM,-4.0°C,-,-7.0°C,80%,1022hPa,-,South,3.6km/h/1.0m/s,-,N/A,,Clear
1997-3-1 9:00 AM,-2.0°C,-,-7.0°C,69%,1023hPa,-,Calm,Calm,-,N/A,,Clear
1997-3-1 10:00 AM,2.0°C,-,-7.0°C,52%,1024hPa,-,Calm,Calm,-,N/A,,Clear
1997-3-1 11:00 AM,5.0°C,1.3°C,-11.0°C,31%,1024hPa,-,West,18.0km/h/5.0m/s,-,N/A,,Clear
1997-3-1 12:00 PM,5.0°C,1.3°C,-17.0°C,19%,1024hPa,-,NW,18.0km/h/5.0m/s,-,N/A,,Clear
1997-3-1 1:00 PM,5.0°C,-0.4°C,-22.0°C,13%,1024hPa,-,West,36.0km/h/10.0m/s,-,N/A,,Clear
1997-3-1 2:00 PM,6.0°C,1.2°C,-25.0°C,9%,1023hPa,-,WNW,32.4km/h/9.0m/s,-,N/A,,Clear
1997-3-1 3:00 PM,6.0°C,1.5°C,-24.0°C,10%,1023hPa,-,WNW,28.8km/h/8.0m/s,-,N/A,,Clear
1997-3-1 4:00 PM,5.0°C,0.9°C,-25.0°C,10%,1023hPa,-,WNW,21.6km/h/6.0m/s,-,N/A,,Clear
1997-3-1 5:00 PM,5.0°C,0.9°C,-24.0°C,11%,1024hPa,10.0km,NW,21.6km/h/6.0m/s,-,N/A,,Clear
1997-3-1 6:00 PM,3.0°C,-1.2°C,-19.0°C,19%,1024hPa,10.0km,NW,18.0km/h/5.0m/s,-,N/A,,Clear
1997-3-1 7:00 PM,2.0°C,-2.9°C,-21.0°C,17%,1025hPa,10.0km,NW,21.6km/h/6.0m/s,-,N/A,,Clear
1997-3-1 8:00 PM,2.0°C,-1.8°C,-28.0°C,9%,1026hPa,10.0km,NW,14.4km/h/4.0m/s,-,N/A,,Clear
1997-3-1 9:00 PM,0.0°C,-4.9°C,-19.0°C,23%,1027hPa,10.0km,WNW,18.0km/h/5.0m/s,-,N/A,,Clear
1997-3-1 10:00 PM,-1.0°C,-6.2°C,-23.0°C,18%,1027hPa,10.0km,West,18.0km/h/5.0m/s,-,N/A,,Clear
1997-3-1 11:00 PM,-1.0°C,-5.5°C,-19.0°C,25%,1027hPa,10.0km,West,14.4km/h/4.0m/s,-,N/A,,Clear
