Time (CST),Temp.,Windchill,Dew Point,Humidity,Pressure,Visibility,Wind Dir,Wind Speed,Gust Speed,Precip,Events,Conditions
1997-1-13 12:00 AM,-4.0°C,-,-12.0°C,54%,1017hPa,3.0km,Calm,Calm,-,N/A,,Smoke
1997-1-13 2:00 AM,-5.0°C,-,-13.0°C,54%,1019hPa,3.0km,Calm,Calm,-,N/A,,Smoke
1997-1-13 3:00 AM,-6.0°C,-,-15.0°C,50%,1020hPa,3.0km,Calm,Calm,-,N/A,,Smoke
1997-1-13 4:00 AM,-3.0°C,-,-13.0°C,47%,1021hPa,3.0km,Calm,Calm,-,N/A,,Smoke
1997-1-13 5:00 AM,-3.0°C,-,-12.0°C,51%,1022hPa,3.0km,Calm,Calm,-,N/A,,Smoke
1997-1-13 6:00 AM,-2.0°C,-8.5°C,-11.0°C,51%,1022hPa,10.0km,North,25.2km/h/7.0m/s,-,N/A,,Clear
1997-1-13 7:00 AM,-3.0°C,-9.3°C,-15.0°C,40%,1024hPa,10.0km,North,21.6km/h/6.0m/s,-,N/A,,Partly Cloudy
1997-1-13 8:00 AM,-3.0°C,-9.3°C,-16.0°C,37%,1025hPa,10.0km,North,21.6km/h/6.0m/s,-,N/A,,Partly Cloudy
1997-1-13 9:00 AM,-4.0°C,-10.5°C,-19.0°C,31%,1026hPa,10.0km,North,21.6km/h/6.0m/s,-,N/A,,Clear
1997-1-13 10:00 AM,-4.0°C,-11.0°C,-17.0°C,36%,1027hPa,-,North,25.2km/h/7.0m/s,-,N/A,,Clear
1997-1-13 11:00 AM,-3.0°C,-9.8°C,-18.0°C,31%,1027hPa,-,NNE,25.2km/h/7.0m/s,-,N/A,,Clear
1997-1-13 12:00 PM,-3.0°C,-9.8°C,-16.0°C,37%,1027hPa,10.0km,North,25.2km/h/7.0m/s,-,N/A,,Clear
1997-1-13 1:00 PM,-2.0°C,-9.3°C,-16.0°C,34%,1026hPa,10.0km,North,32.4km/h/9.0m/s,-,N/A,,Clear
1997-1-13 2:00 PM,0.0°C,-5.4°C,-20.0°C,21%,1026hPa,10.0km,North,21.6km/h/6.0m/s,-,N/A,,Clear
1997-1-13 3:00 PM,0.0°C,-4.9°C,-18.0°C,25%,1026hPa,10.0km,North,18.0km/h/5.0m/s,-,N/A,,Clear
1997-1-13 4:00 PM,-1.0°C,-6.2°C,-20.0°C,23%,1026hPa,10.0km,NNE,18.0km/h/5.0m/s,-,N/A,,Clear
1997-1-13 5:00 PM,-2.0°C,-8.0°C,-22.0°C,21%,1026hPa,10.0km,North,21.6km/h/6.0m/s,-,N/A,,Clear
1997-1-13 6:00 PM,-3.0°C,-8.0°C,-21.0°C,24%,1027hPa,10.0km,NNE,14.4km/h/4.0m/s,-,N/A,,Clear
1997-1-13 7:00 PM,-4.0°C,-8.3°C,-24.0°C,20%,1027hPa,10.0km,North,10.8km/h/3.0m/s,-,N/A,,Clear
1997-1-13 8:00 PM,-5.0°C,-10.4°C,-22.0°C,26%,1027hPa,10.0km,North,14.4km/h/4.0m/s,-,N/A,,Clear
1997-1-13 9:00 PM,-5.0°C,-9.5°C,-28.0°C,15%,1028hPa,10.0km,North,10.8km/h/3.0m/s,-,N/A,,Clear
1997-1-13 10:00 PM,-6.0°C,-10.7°C,-24.0°C,24%,1028hPa,10.0km,North,10.8km/h/3.0m/s,-,N/A,,Clear
1997-1-13 11:00 PM,-7.0°C,-11.9°C,-23.0°C,28%,1028hPa,10.0km,North,10.8km/h/3.0m/s,-,N/A,,Clear
