Time (CST),Temp.,Windchill,Dew Point,Humidity,Pressure,Visibility,Wind Dir,Wind Speed,Gust Speed,Precip,Events,Conditions
1997-12-31 12:00 AM,-9.0°C,-,-15.0°C,62%,1021hPa,8.0km,ESE,3.6km/h/1.0m/s,-,N/A,,Partly Cloudy
1997-12-31 1:00 AM,-8.0°C,-11.8°C,-14.0°C,63%,1021hPa,8.0km,ESE,7.2km/h/2.0m/s,-,N/A,,Clear
1997-12-31 3:00 AM,-8.0°C,-11.8°C,-14.0°C,63%,1021hPa,-,SE,7.2km/h/2.0m/s,-,N/A,,Clear
1997-12-31 4:00 AM,-7.0°C,-10.6°C,-14.0°C,58%,1021hPa,8.0km,East,7.2km/h/2.0m/s,-,N/A,,Partly Cloudy
1997-12-31 5:00 AM,-9.0°C,-,-14.0°C,68%,1020hPa,7.0km,East,3.6km/h/1.0m/s,-,N/A,,Clear
1997-12-31 6:00 AM,-7.0°C,-10.6°C,-13.0°C,63%,1020hPa,4.0km,SE,7.2km/h/2.0m/s,-,N/A,,Smoke
1997-12-31 7:00 AM,-6.0°C,-,-13.0°C,58%,1021hPa,3.5km,Calm,Calm,-,N/A,,Smoke
1997-12-31 8:00 AM,-6.0°C,-,-13.0°C,58%,1021hPa,4.0km,Calm,Calm,-,N/A,,Smoke
1997-12-31 9:00 AM,-4.0°C,-,-11.0°C,59%,1022hPa,2.6km,SSE,3.6km/h/1.0m/s,-,N/A,,Smoke
1997-12-31 10:00 AM,-2.0°C,-,-11.0°C,51%,1022hPa,2.4km,Calm,Calm,-,N/A,,Smoke
1997-12-31 11:00 AM,-1.0°C,-,-10.0°C,51%,1022hPa,2.4km,Calm,Calm,-,N/A,,Smoke
1997-12-31 12:00 PM,4.0°C,1.3°C,-13.0°C,28%,1021hPa,6.0km,West,10.8km/h/3.0m/s,-,N/A,,Mostly Cloudy
1997-12-31 1:00 PM,6.0°C,2.2°C,-11.0°C,29%,1019hPa,-,NNW,21.6km/h/6.0m/s,-,N/A,,Clear
1997-12-31 2:00 PM,6.0°C,4.5°C,-12.0°C,27%,1018hPa,-,WSW,7.2km/h/2.0m/s,-,N/A,,Clear
1997-12-31 3:00 PM,5.0°C,3.4°C,-12.0°C,29%,1018hPa,-,SW,7.2km/h/2.0m/s,-,N/A,,Clear
1997-12-31 4:00 PM,5.0°C,2.5°C,-13.0°C,26%,1018hPa,-,WNW,10.8km/h/3.0m/s,-,N/A,,Clear
1997-12-31 5:00 PM,4.0°C,0.1°C,-18.0°C,19%,1019hPa,-,WNW,18.0km/h/5.0m/s,-,N/A,,Clear
1997-12-31 6:00 PM,2.0°C,-1.8°C,-17.0°C,24%,1020hPa,10.0km,NW,14.4km/h/4.0m/s,-,N/A,,Clear
1997-12-31 7:00 PM,-2.0°C,-5.9°C,-16.0°C,34%,1020hPa,10.0km,NW,10.8km/h/3.0m/s,-,N/A,,Clear
1997-12-31 8:00 PM,-1.0°C,-4.7°C,-15.0°C,34%,1021hPa,10.0km,WNW,10.8km/h/3.0m/s,-,N/A,,Clear
1997-12-31 9:00 PM,0.0°C,-3.5°C,-14.0°C,35%,1021hPa,10.0km,West,10.8km/h/3.0m/s,-,N/A,,Clear
1997-12-31 10:00 PM,-1.0°C,-3.6°C,-14.0°C,37%,1021hPa,10.0km,SW,7.2km/h/2.0m/s,-,N/A,,Clear
1997-12-31 11:00 PM,-2.0°C,-,-13.0°C,43%,1021hPa,10.0km,West,3.6km/h/1.0m/s,-,N/A,,Clear
