Time (CST),Temp.,Windchill,Dew Point,Humidity,Pressure,Visibility,Wind Dir,Wind Speed,Gust Speed,Precip,Events,Conditions
1997-9-26 12:00 AM,10.0°C,-,1.0°C,54%,1021hPa,-,WNW,18.0km/h/5.0m/s,-,N/A,,Clear
1997-9-26 1:00 AM,9.0°C,-,1.0°C,58%,1021hPa,-,NW,14.4km/h/4.0m/s,-,N/A,,Clear
1997-9-26 2:00 AM,8.0°C,-,0.0°C,57%,1021hPa,-,WNW,3.6km/h/1.0m/s,-,N/A,,Clear
1997-9-26 3:00 AM,6.0°C,4.5°C,2.0°C,76%,1021hPa,-,NW,7.2km/h/2.0m/s,-,N/A,,Clear
1997-9-26 4:00 AM,7.0°C,4.9°C,2.0°C,71%,1021hPa,-,South,10.8km/h/3.0m/s,-,N/A,,Clear
1997-9-26 5:00 AM,7.0°C,5.7°C,1.0°C,66%,1021hPa,-,WSW,7.2km/h/2.0m/s,-,N/A,,Clear
1997-9-26 6:00 AM,7.0°C,3.8°C,1.0°C,66%,1021hPa,-,NW,18.0km/h/5.0m/s,-,N/A,,Clear
1997-9-26 8:00 AM,11.0°C,-,2.0°C,54%,1022hPa,10.0km,NW,14.4km/h/4.0m/s,-,N/A,,Clear
1997-9-26 10:00 AM,15.0°C,-,1.0°C,39%,1023hPa,10.0km,North,32.4km/h/9.0m/s,-,N/A,,Clear
1997-9-26 11:00 AM,17.0°C,-,3.0°C,39%,1022hPa,10.0km,North,25.2km/h/7.0m/s,-,N/A,,Clear
1997-9-26 12:00 PM,17.0°C,-,3.0°C,39%,1022hPa,10.0km,North,21.6km/h/6.0m/s,-,N/A,,Clear
1997-9-26 1:00 PM,19.0°C,-,3.0°C,35%,1021hPa,10.0km,North,25.2km/h/7.0m/s,-,N/A,,Partly Cloudy
1997-9-26 2:00 PM,19.0°C,-,3.0°C,35%,1021hPa,10.0km,NW,10.8km/h/3.0m/s,-,N/A,,Partly Cloudy
1997-9-26 3:00 PM,20.0°C,-,4.0°C,35%,1020hPa,10.0km,NNW,21.6km/h/6.0m/s,-,N/A,,Partly Cloudy
1997-9-26 4:00 PM,19.0°C,-,4.0°C,37%,1020hPa,10.0km,NNW,10.8km/h/3.0m/s,-,N/A,,Partly Cloudy
1997-9-26 5:00 PM,19.0°C,-,4.0°C,37%,1020hPa,10.0km,North,14.4km/h/4.0m/s,-,N/A,,Partly Cloudy
1997-9-26 6:00 PM,17.0°C,-,4.0°C,42%,1021hPa,10.0km,North,14.4km/h/4.0m/s,-,N/A,,Clear
1997-9-26 7:00 PM,15.0°C,-,5.0°C,51%,1021hPa,10.0km,NNE,14.4km/h/4.0m/s,-,N/A,,Clear
1997-9-26 8:00 PM,14.0°C,-,4.0°C,51%,1022hPa,-,Calm,Calm,-,N/A,,Clear
1997-9-26 9:00 PM,12.0°C,-,5.0°C,62%,1023hPa,-,North,7.2km/h/2.0m/s,-,N/A,,Clear
1997-9-26 10:00 PM,11.0°C,-,5.0°C,67%,1023hPa,-,North,10.8km/h/3.0m/s,-,N/A,,Clear
1997-9-26 11:00 PM,7.0°C,-,4.0°C,81%,1023hPa,-,East,3.6km/h/1.0m/s,-,N/A,,Clear
