Time (CST),Temp.,Windchill,Dew Point,Humidity,Pressure,Visibility,Wind Dir,Wind Speed,Gust Speed,Precip,Events,Conditions
1998-12-6 12:00 AM,23.0°F,17.1°F,10.4°F,59%,30.33in,-,ESE,4.5mph,-,N/A,,Clear
1998-12-6 1:00 AM,21.2°F,15.0°F,10.4°F,63%,30.30in,-,ESE,4.5mph,-,N/A,,Clear
1998-12-6 2:00 AM,21.2°F,-,10.4°F,63%,30.30in,-,ESE,2.2mph,-,N/A,,Clear
1998-12-6 3:00 AM,21.2°F,12.7°F,12.2°F,68%,30.30in,-,East,6.7mph,-,N/A,,Clear
1998-12-6 4:00 AM,24.8°F,19.2°F,12.2°F,59%,30.27in,-,ESE,4.5mph,-,N/A,,Clear
1998-12-6 5:00 AM,23.0°F,-,10.4°F,59%,30.27in,-,East,2.2mph,-,N/A,,Clear
1998-12-6 6:00 AM,24.8°F,15.5°F,12.2°F,59%,30.24in,-,SE,8.9mph,-,N/A,,Clear
1998-12-6 7:00 AM,24.8°F,-,12.2°F,59%,30.27in,-,Calm,Calm,-,N/A,,Clear
1998-12-6 8:00 AM,24.8°F,-,14.0°F,64%,30.30in,-,NW,2.2mph,-,N/A,,Clear
1998-12-6 9:00 AM,28.4°F,-,12.2°F,51%,30.30in,-,Calm,Calm,-,N/A,,Clear
1998-12-6 10:00 AM,30.2°F,-,12.2°F,47%,30.30in,3.7mi,Calm,Calm,-,N/A,,Overcast
1998-12-6 11:00 AM,32.0°F,-,15.8°F,51%,30.30in,3.1mi,Calm,Calm,-,N/A,,Smoke
1998-12-6 12:00 PM,33.8°F,27.9°F,19.4°F,56%,30.27in,1.9mi,SW,6.7mph,-,N/A,,Smoke
1998-12-6 1:00 PM,39.2°F,34.4°F,23.0°F,52%,30.24in,2.5mi,SW,6.7mph,-,N/A,,Smoke
1998-12-6 2:00 PM,42.8°F,38.7°F,32.0°F,66%,30.21in,2.5mi,WSW,6.7mph,-,N/A,,Blowing Sand
1998-12-6 3:00 PM,44.6°F,37.0°F,10.4°F,25%,30.21in,-,NW,17.9mph,-,N/A,,Clear
1998-12-6 4:00 PM,41.0°F,31.3°F,10.4°F,29%,30.24in,-,NW,22.4mph,-,N/A,,Clear
1998-12-6 5:00 PM,39.2°F,31.3°F,12.2°F,33%,30.27in,-,NW,13.4mph,-,N/A,,Clear
1998-12-6 6:00 PM,35.6°F,31.8°F,14.0°F,41%,30.27in,6.2mi,West,4.5mph,-,N/A,,Clear
1998-12-6 7:00 PM,35.6°F,28.7°F,10.4°F,35%,30.30in,-,West,8.9mph,-,N/A,,Clear
1998-12-6 8:00 PM,35.6°F,28.7°F,14.0°F,41%,30.30in,-,West,8.9mph,-,N/A,,Clear
1998-12-6 10:00 PM,32.0°F,22.2°F,12.2°F,44%,30.36in,-,WNW,13.4mph,-,N/A,,Clear
1998-12-6 11:00 PM,32.0°F,23.2°F,10.4°F,41%,30.36in,-,WNW,11.2mph,-,N/A,,Clear
