Time (CST),Temp.,Windchill,Dew Point,Humidity,Pressure,Visibility,Wind Dir,Wind Speed,Gust Speed,Precip,Events,Conditions
1998-1-10 12:00 AM,-2.0°C,-,-12.0°C,47%,1020hPa,5.0km,Calm,Calm,-,N/A,,Smoke
1998-1-10 1:00 AM,-2.0°C,-4.8°C,-10.0°C,55%,1020hPa,5.0km,SE,7.2km/h/2.0m/s,-,N/A,,Smoke
1998-1-10 4:00 AM,-3.0°C,-,-11.0°C,55%,1021hPa,5.0km,Calm,Calm,-,N/A,,Smoke
1998-1-10 5:00 AM,-2.0°C,-,-10.0°C,55%,1021hPa,5.0km,East,3.6km/h/1.0m/s,-,N/A,,Smoke
1998-1-10 6:00 AM,2.0°C,-0.1°C,-8.0°C,48%,1021hPa,5.0km,NE,7.2km/h/2.0m/s,-,N/A,,Smoke
1998-1-10 8:00 AM,0.0°C,-3.5°C,-12.0°C,41%,1022hPa,5.0km,East,10.8km/h/3.0m/s,-,N/A,,Smoke
1998-1-10 9:00 AM,1.0°C,-2.3°C,-12.0°C,38%,1023hPa,3.5km,ENE,10.8km/h/3.0m/s,-,N/A,,Smoke
1998-1-10 11:00 AM,2.0°C,-1.8°C,-11.0°C,38%,1024hPa,3.0km,East,14.4km/h/4.0m/s,-,N/A,,Smoke
1998-1-10 12:00 PM,3.0°C,0.1°C,-9.0°C,41%,1023hPa,3.5km,East,10.8km/h/3.0m/s,-,N/A,,Smoke
1998-1-10 1:00 PM,5.0°C,1.9°C,-9.0°C,36%,1022hPa,3.0km,East,14.4km/h/4.0m/s,-,N/A,,Smoke
1998-1-10 2:00 PM,5.0°C,2.5°C,-9.0°C,36%,1021hPa,3.0km,SE,10.8km/h/3.0m/s,-,N/A,,Smoke
1998-1-10 3:00 PM,6.0°C,3.7°C,-8.0°C,36%,1020hPa,3.0km,ESE,10.8km/h/3.0m/s,-,N/A,,Smoke
1998-1-10 4:00 PM,5.0°C,2.5°C,-9.0°C,36%,1020hPa,3.0km,ESE,10.8km/h/3.0m/s,-,N/A,,Smoke
1998-1-10 5:00 PM,4.0°C,1.3°C,-9.0°C,39%,1021hPa,3.0km,East,10.8km/h/3.0m/s,-,N/A,,Smoke
1998-1-10 6:00 PM,2.0°C,-2.4°C,-10.0°C,41%,1021hPa,4.0km,East,18.0km/h/5.0m/s,-,N/A,,Smoke
1998-1-10 7:00 PM,1.0°C,-3.0°C,-10.0°C,44%,1022hPa,3.5km,East,14.4km/h/4.0m/s,-,N/A,,Smoke
1998-1-10 8:00 PM,0.0°C,-4.3°C,-10.0°C,48%,1023hPa,4.0km,East,14.4km/h/4.0m/s,-,N/A,,Smoke
1998-1-10 9:00 PM,-1.0°C,-4.7°C,-11.0°C,47%,1023hPa,4.0km,East,10.8km/h/3.0m/s,-,N/A,,Smoke
1998-1-10 10:00 PM,-1.0°C,-4.7°C,-10.0°C,51%,1024hPa,4.0km,East,10.8km/h/3.0m/s,-,N/A,,Smoke
1998-1-10 11:00 PM,-2.0°C,-,-10.0°C,55%,1024hPa,3.5km,ENE,3.6km/h/1.0m/s,-,N/A,,Smoke
