Time (CST),Temp.,Heat Index,Dew Point,Humidity,Pressure,Visibility,Wind Dir,Wind Speed,Gust Speed,Precip,Events,Conditions
1997-7-31 6:00 AM,24.0°C,-,22.0°C,89%,1005hPa,8.0km,East,7.2km/h/2.0m/s,-,N/A,,Overcast
1997-7-31 8:00 AM,26.0°C,-,23.0°C,83%,1005hPa,8.0km,ENE,7.2km/h/2.0m/s,-,N/A,,Overcast
1997-7-31 9:00 AM,27.0°C,29.6°C,23.0°C,79%,1005hPa,-,SE,7.2km/h/2.0m/s,-,N/A,,Clear
1997-7-31 10:00 AM,28.0°C,31.2°C,23.0°C,74%,1005hPa,-,SE,10.8km/h/3.0m/s,-,N/A,,Clear
1997-7-31 11:00 AM,29.0°C,33.5°C,24.0°C,74%,1005hPa,-,South,7.2km/h/2.0m/s,-,N/A,,Clear
1997-7-31 12:00 PM,29.0°C,33.5°C,24.0°C,74%,1004hPa,-,SW,7.2km/h/2.0m/s,-,N/A,,Clear
1997-7-31 1:00 PM,29.0°C,33.5°C,24.0°C,74%,1004hPa,-,North,3.6km/h/1.0m/s,-,N/A,,Clear
1997-7-31 2:00 PM,30.0°C,35.0°C,24.0°C,70%,1004hPa,-,NNW,3.6km/h/1.0m/s,-,N/A,,Clear
1997-7-31 3:00 PM,31.0°C,36.4°C,24.0°C,66%,1003hPa,10.0km,WNW,10.8km/h/3.0m/s,-,N/A,,Overcast
1997-7-31 4:00 PM,30.0°C,34.1°C,23.0°C,66%,1003hPa,10.0km,NNW,10.8km/h/3.0m/s,-,N/A,,Overcast
1997-7-31 5:00 PM,26.0°C,-,24.0°C,89%,1004hPa,10.0km,SSW,14.4km/h/4.0m/s,-,N/A,Thunderstorm,Light Thunderstorm
1997-7-31 6:00 PM,25.0°C,-,24.0°C,94%,1004hPa,10.0km,NNW,10.8km/h/3.0m/s,-,N/A,Thunderstorm,Light Thunderstorm
1997-7-31 7:00 PM,26.0°C,-,24.0°C,89%,1004hPa,10.0km,SSE,7.2km/h/2.0m/s,-,N/A,,Mostly Cloudy
1997-7-31 8:00 PM,24.0°C,-,24.0°C,100%,1005hPa,10.0km,SE,7.2km/h/2.0m/s,-,N/A,,Mostly Cloudy
1997-7-31 9:00 PM,24.0°C,-,24.0°C,100%,1005hPa,10.0km,Calm,Calm,-,N/A,,Overcast
1997-7-31 10:00 PM,24.0°C,-,23.0°C,94%,1008hPa,10.0km,NW,10.8km/h/3.0m/s,-,N/A,,Overcast
1997-7-31 11:00 PM,24.0°C,-,23.0°C,94%,1006hPa,10.0km,NW,3.6km/h/1.0m/s,-,N/A,,Overcast
