Time (CST),Temp.,Windchill,Dew Point,Humidity,Pressure,Visibility,Wind Dir,Wind Speed,Gust Speed,Precip,Events,Conditions
1997-2-25 12:00 AM,5.0°C,2.5°C,-6.0°C,45%,1018hPa,7.0km,SE,10.8km/h/3.0m/s,-,N/A,,Mostly Cloudy
1997-2-25 1:00 AM,5.0°C,3.4°C,-5.0°C,49%,1017hPa,7.0km,South,7.2km/h/2.0m/s,-,N/A,,Partly Cloudy
1997-2-25 2:00 AM,3.0°C,0.1°C,-6.0°C,52%,1017hPa,10.0km,East,10.8km/h/3.0m/s,-,N/A,,Clear
1997-2-25 3:00 AM,2.0°C,-1.1°C,-6.0°C,56%,1017hPa,10.0km,East,10.8km/h/3.0m/s,-,N/A,,Clear
1997-2-25 4:00 AM,1.0°C,-2.3°C,-6.0°C,60%,1017hPa,10.0km,East,10.8km/h/3.0m/s,-,N/A,,Clear
1997-2-25 5:00 AM,1.0°C,-1.3°C,-4.0°C,70%,1018hPa,10.0km,ESE,7.2km/h/2.0m/s,-,N/A,,Clear
1997-2-25 6:00 AM,2.0°C,-0.1°C,-2.0°C,75%,1018hPa,4.0km,ESE,7.2km/h/2.0m/s,-,N/A,,Smoke
1997-2-25 7:00 AM,1.0°C,-,-3.0°C,75%,1019hPa,1.6km,Calm,Calm,-,N/A,,Smoke
1997-2-25 8:00 AM,0.0°C,-,-3.0°C,80%,1020hPa,1.6km,ESE,3.6km/h/1.0m/s,-,N/A,,Smoke
1997-2-25 9:00 AM,1.0°C,-,-2.0°C,81%,1020hPa,1.8km,Calm,Calm,-,N/A,,Smoke
1997-2-25 10:00 AM,4.0°C,-,0.0°C,75%,1020hPa,1.8km,Calm,Calm,-,N/A,,Smoke
1997-2-25 11:00 AM,6.0°C,-,1.0°C,70%,1019hPa,1.8km,Calm,Calm,-,N/A,,Smoke
1997-2-25 12:00 PM,8.0°C,-,0.0°C,57%,1019hPa,2.2km,Calm,Calm,-,N/A,,Smoke
1997-2-25 1:00 PM,8.0°C,6.9°C,-1.0°C,53%,1019hPa,3.0km,West,7.2km/h/2.0m/s,-,N/A,,Smoke
1997-2-25 2:00 PM,8.0°C,-,0.0°C,57%,1018hPa,3.0km,Calm,Calm,-,N/A,,Smoke
1997-2-25 3:00 PM,9.0°C,-,0.0°C,54%,1018hPa,3.0km,West,7.2km/h/2.0m/s,-,N/A,,Smoke
1997-2-25 4:00 PM,9.0°C,-,0.0°C,54%,1018hPa,2.6km,Calm,Calm,-,N/A,,Smoke
1997-2-25 5:00 PM,9.0°C,-,-1.0°C,50%,1019hPa,-,NNE,10.8km/h/3.0m/s,-,N/A,,Clear
1997-2-25 6:00 PM,7.0°C,4.9°C,1.0°C,66%,1020hPa,10.0km,ENE,10.8km/h/3.0m/s,-,N/A,Rain,Light Rain
1997-2-25 7:00 PM,7.0°C,4.9°C,0.0°C,61%,1020hPa,10.0km,North,10.8km/h/3.0m/s,-,N/A,,Overcast
1997-2-25 8:00 PM,6.0°C,-,1.0°C,70%,1021hPa,10.0km,Calm,Calm,-,N/A,,Overcast
1997-2-25 9:00 PM,6.0°C,3.1°C,-1.0°C,61%,1022hPa,10.0km,ENE,14.4km/h/4.0m/s,-,N/A,,Overcast
1997-2-25 10:00 PM,5.0°C,1.3°C,-1.0°C,65%,1022hPa,10.0km,NE,18.0km/h/5.0m/s,-,N/A,,Overcast
1997-2-25 11:00 PM,5.0°C,2.5°C,-1.0°C,65%,1022hPa,10.0km,NE,10.8km/h/3.0m/s,-,N/A,,Overcast
