Time (CST),Temp.,Windchill,Dew Point,Humidity,Pressure,Visibility,Wind Dir,Wind Speed,Gust Speed,Precip,Events,Conditions
1997-10-30 1:00 AM,0.0°C,-2.5°C,-8.0°C,55%,1030hPa,10.0km,SE,7.2km/h/2.0m/s,-,N/A,,Clear
1997-10-30 2:00 AM,-1.0°C,-,-8.0°C,60%,1030hPa,10.0km,SE,3.6km/h/1.0m/s,-,N/A,,Clear
1997-10-30 5:00 AM,-2.0°C,-,-8.0°C,64%,1030hPa,10.0km,West,3.6km/h/1.0m/s,-,N/A,,Clear
1997-10-30 6:00 AM,-3.0°C,-,-8.0°C,69%,1031hPa,10.0km,ESE,3.6km/h/1.0m/s,-,N/A,,Clear
1997-10-30 7:00 AM,-3.0°C,-,-9.0°C,64%,1032hPa,10.0km,Calm,Calm,-,N/A,,Clear
1997-10-30 8:00 AM,0.0°C,-,-8.0°C,55%,1032hPa,6.0km,East,3.6km/h/1.0m/s,-,N/A,,Clear
1997-10-30 9:00 AM,4.0°C,2.2°C,-7.0°C,45%,1032hPa,3.0km,South,7.2km/h/2.0m/s,-,N/A,,Smoke
1997-10-30 10:00 AM,9.0°C,-,-7.0°C,32%,1033hPa,8.0km,WNW,3.6km/h/1.0m/s,-,N/A,,Clear
1997-10-30 11:00 AM,12.0°C,-,-8.0°C,24%,1032hPa,10.0km,North,18.0km/h/5.0m/s,-,N/A,,Clear
1997-10-30 12:00 PM,13.0°C,-,-9.0°C,21%,1032hPa,10.0km,North,14.4km/h/4.0m/s,-,N/A,,Clear
1997-10-30 1:00 PM,13.0°C,-,-9.0°C,21%,1031hPa,10.0km,NE,10.8km/h/3.0m/s,-,N/A,,Clear
1997-10-30 2:00 PM,14.0°C,-,-9.0°C,20%,1030hPa,10.0km,North,10.8km/h/3.0m/s,-,N/A,,Clear
1997-10-30 3:00 PM,14.0°C,-,-10.0°C,18%,1030hPa,10.0km,North,18.0km/h/5.0m/s,-,N/A,,Clear
1997-10-30 4:00 PM,14.0°C,-,-10.0°C,18%,1030hPa,10.0km,NNE,18.0km/h/5.0m/s,-,N/A,,Clear
1997-10-30 5:00 PM,13.0°C,-,-9.0°C,21%,1030hPa,10.0km,North,14.4km/h/4.0m/s,-,N/A,,Clear
1997-10-30 6:00 PM,10.0°C,-,-8.0°C,28%,1030hPa,10.0km,North,14.4km/h/4.0m/s,-,N/A,,Clear
1997-10-30 7:00 PM,9.0°C,-,-8.0°C,30%,1031hPa,10.0km,North,10.8km/h/3.0m/s,-,N/A,,Clear
1997-10-30 8:00 PM,8.0°C,5.6°C,-8.0°C,32%,1031hPa,10.0km,NNW,14.4km/h/4.0m/s,-,N/A,,Clear
1997-10-30 9:00 PM,6.0°C,4.5°C,-8.0°C,36%,1032hPa,10.0km,North,7.2km/h/2.0m/s,-,N/A,,Clear
1997-10-30 10:00 PM,3.0°C,1.0°C,-9.0°C,41%,1033hPa,10.0km,North,7.2km/h/2.0m/s,-,N/A,,Clear
1997-10-30 11:00 PM,3.0°C,1.0°C,-9.0°C,41%,1033hPa,10.0km,North,7.2km/h/2.0m/s,-,N/A,,Clear
