Time (CST),Temp.,Dew Point,Humidity,Pressure,Visibility,Wind Dir,Wind Speed,Gust Speed,Precip,Events,Conditions
1997-6-9 12:00 AM,18.0°C,2.0°C,34%,1013hPa,-,Calm,Calm,-,N/A,,Clear
1997-6-9 1:00 AM,17.0°C,5.0°C,45%,1013hPa,-,West,14.4km/h/4.0m/s,-,N/A,,Clear
1997-6-9 3:00 AM,14.0°C,6.0°C,59%,1012hPa,-,Calm,Calm,-,N/A,,Clear
1997-6-9 4:00 AM,12.0°C,6.0°C,67%,1012hPa,-,Calm,Calm,-,N/A,,Clear
1997-6-9 5:00 AM,11.0°C,6.0°C,71%,1012hPa,-,Calm,Calm,-,N/A,,Clear
1997-6-9 6:00 AM,13.0°C,3.0°C,51%,1011hPa,-,East,7.2km/h/2.0m/s,-,N/A,,Clear
1997-6-9 7:00 AM,15.0°C,4.0°C,48%,1012hPa,-,Calm,Calm,-,N/A,,Clear
1997-6-9 8:00 AM,18.0°C,4.0°C,40%,1011hPa,-,ESE,7.2km/h/2.0m/s,-,N/A,,Clear
1997-6-9 9:00 AM,20.0°C,0.0°C,26%,1011hPa,-,South,10.8km/h/3.0m/s,-,N/A,,Clear
1997-6-9 10:00 AM,21.0°C,1.0°C,27%,1010hPa,-,West,10.8km/h/3.0m/s,-,N/A,,Clear
1997-6-9 11:00 AM,25.0°C,-1.0°C,18%,1010hPa,-,ENE,10.8km/h/3.0m/s,-,N/A,,Clear
1997-6-9 12:00 PM,26.0°C,-5.0°C,13%,1009hPa,-,North,14.4km/h/4.0m/s,-,N/A,,Clear
1997-6-9 1:00 PM,28.0°C,-2.0°C,14%,1008hPa,-,WNW,10.8km/h/3.0m/s,-,N/A,,Clear
1997-6-9 2:00 PM,28.0°C,-1.0°C,15%,1007hPa,-,NW,10.8km/h/3.0m/s,-,N/A,,Clear
1997-6-9 3:00 PM,28.0°C,-3.0°C,13%,1006hPa,10.0km,North,21.6km/h/6.0m/s,-,N/A,,Scattered Clouds
1997-6-9 4:00 PM,28.0°C,-6.0°C,10%,1005hPa,10.0km,NW,14.4km/h/4.0m/s,-,N/A,,Scattered Clouds
1997-6-9 5:00 PM,27.0°C,-4.0°C,13%,1005hPa,10.0km,NW,18.0km/h/5.0m/s,-,N/A,,Scattered Clouds
1997-6-9 6:00 PM,27.0°C,-3.0°C,14%,1005hPa,10.0km,WNW,14.4km/h/4.0m/s,-,N/A,,Scattered Clouds
1997-6-9 7:00 PM,26.0°C,-1.0°C,17%,1005hPa,10.0km,North,10.8km/h/3.0m/s,-,N/A,,Mostly Cloudy
1997-6-9 8:00 PM,24.0°C,-2.0°C,18%,1006hPa,-,NW,18.0km/h/5.0m/s,-,N/A,,Clear
1997-6-9 9:00 PM,23.0°C,-2.0°C,19%,1006hPa,10.0km,WNW,14.4km/h/4.0m/s,-,N/A,,Clear
1997-6-9 10:00 PM,21.0°C,2.0°C,28%,1007hPa,10.0km,NE,10.8km/h/3.0m/s,-,N/A,,Clear
1997-6-9 11:00 PM,19.0°C,4.0°C,37%,1007hPa,10.0km,NNW,10.8km/h/3.0m/s,-,N/A,,Clear
