Time (CST),Temp.,Dew Point,Humidity,Pressure,Visibility,Wind Dir,Wind Speed,Gust Speed,Precip,Events,Conditions
1998-10-19 12:00 AM,39.2°F,17.6°F,42%,30.21in,6.2mi,Calm,Calm,-,N/A,,Clear
1998-10-19 1:00 AM,37.4°F,19.4°F,48%,30.21in,6.2mi,Calm,Calm,-,N/A,,Clear
1998-10-19 2:00 AM,37.4°F,19.4°F,48%,30.24in,6.2mi,Calm,Calm,-,N/A,,Clear
1998-10-19 3:00 AM,35.6°F,19.4°F,52%,30.24in,6.2mi,Calm,Calm,-,N/A,,Clear
1998-10-19 4:00 AM,32.0°F,19.4°F,60%,30.24in,6.2mi,Calm,Calm,-,N/A,,Clear
1998-10-19 5:00 AM,32.0°F,21.2°F,64%,30.24in,6.2mi,Calm,Calm,-,N/A,,Clear
1998-10-19 6:00 AM,28.4°F,21.2°F,74%,30.27in,6.2mi,Calm,Calm,-,N/A,,Clear
1998-10-19 7:00 AM,30.2°F,19.4°F,64%,30.27in,6.2mi,Calm,Calm,-,N/A,,Clear
1998-10-19 8:00 AM,37.4°F,23.0°F,56%,30.30in,6.2mi,Calm,Calm,-,N/A,,Clear
1998-10-19 9:00 AM,44.6°F,17.6°F,34%,30.30in,6.2mi,Calm,Calm,-,N/A,,Clear
1998-10-19 10:00 AM,50.0°F,17.6°F,28%,30.30in,6.2mi,Calm,Calm,-,N/A,,Clear
1998-10-19 11:00 AM,55.4°F,14.0°F,20%,30.30in,6.2mi,Calm,Calm,-,N/A,,Clear
1998-10-19 12:00 PM,57.2°F,12.2°F,17%,30.27in,6.2mi,Calm,Calm,-,N/A,,Clear
1998-10-19 1:00 PM,60.8°F,15.8°F,17%,30.24in,6.2mi,Calm,Calm,-,N/A,,Clear
1998-10-19 2:00 PM,62.6°F,17.6°F,18%,30.21in,6.2mi,South,6.7mph,-,N/A,,Clear
1998-10-19 3:00 PM,62.6°F,14.0°F,15%,30.21in,6.2mi,South,4.5mph,-,N/A,,Clear
1998-10-19 4:00 PM,62.6°F,17.6°F,18%,30.18in,6.2mi,WSW,2.2mph,-,N/A,,Clear
1998-10-19 5:00 PM,60.8°F,19.4°F,20%,30.18in,6.2mi,West,2.2mph,-,N/A,,Clear
1998-10-19 6:00 PM,55.4°F,23.0°F,29%,30.18in,-,Calm,Calm,-,N/A,,Clear
1998-10-19 7:00 PM,50.0°F,21.2°F,32%,30.21in,-,East,2.2mph,-,N/A,,Clear
1998-10-19 8:00 PM,46.4°F,21.2°F,37%,30.21in,-,Calm,Calm,-,N/A,,Clear
1998-10-19 9:00 PM,44.6°F,19.4°F,37%,30.24in,-,SE,2.2mph,-,N/A,,Clear
1998-10-19 10:00 PM,48.2°F,19.4°F,32%,30.27in,-,SSE,2.2mph,-,N/A,,Clear
1998-10-19 11:00 PM,41.0°F,21.2°F,45%,30.30in,-,Calm,Calm,-,N/A,,Clear
