Time (CST),Temp.,Windchill,Dew Point,Humidity,Pressure,Visibility,Wind Dir,Wind Speed,Gust Speed,Precip,Events,Conditions
1997-1-29 12:00 AM,-6.0°C,-,-21.0°C,30%,1019hPa,10.0km,Calm,Calm,-,N/A,,Clear
1997-1-29 1:00 AM,-7.0°C,-,-22.0°C,30%,1018hPa,10.0km,Calm,Calm,-,N/A,,Clear
1997-1-29 2:00 AM,-7.0°C,-,-21.0°C,33%,1018hPa,10.0km,Calm,Calm,-,N/A,,Clear
1997-1-29 3:00 AM,-7.0°C,-,-20.0°C,36%,1018hPa,10.0km,Calm,Calm,-,N/A,,Clear
1997-1-29 4:00 AM,-9.0°C,-,-22.0°C,35%,1018hPa,10.0km,Calm,Calm,-,N/A,,Clear
1997-1-29 5:00 AM,-9.0°C,-,-21.0°C,38%,1018hPa,10.0km,Calm,Calm,-,N/A,,Clear
1997-1-29 6:00 AM,-10.0°C,-,-22.0°C,38%,1017hPa,10.0km,ENE,3.6km/h/1.0m/s,-,N/A,,Clear
1997-1-29 7:00 AM,-11.0°C,-,-22.0°C,41%,1018hPa,10.0km,Calm,Calm,-,N/A,,Clear
1997-1-29 8:00 AM,-11.0°C,-,-22.0°C,41%,1018hPa,10.0km,Calm,Calm,-,N/A,,Clear
1997-1-29 9:00 AM,-9.0°C,-,-18.0°C,49%,1018hPa,10.0km,Calm,Calm,-,N/A,,Clear
1997-1-29 10:00 AM,-5.0°C,-,-19.0°C,33%,1018hPa,10.0km,Calm,Calm,-,N/A,,Clear
1997-1-29 11:00 AM,0.0°C,-,-22.0°C,18%,1018hPa,10.0km,Calm,Calm,-,N/A,,Clear
1997-1-29 12:00 PM,2.0°C,-1.1°C,-18.0°C,22%,1017hPa,10.0km,South,10.8km/h/3.0m/s,-,N/A,,Clear
1997-1-29 1:00 PM,3.0°C,-,-16.0°C,24%,1015hPa,10.0km,SSW,3.6km/h/1.0m/s,-,N/A,,Clear
1997-1-29 2:00 PM,5.0°C,2.5°C,-12.0°C,29%,1014hPa,10.0km,South,10.8km/h/3.0m/s,-,N/A,,Clear
1997-1-29 3:00 PM,6.0°C,3.7°C,-16.0°C,19%,1013hPa,-,SSE,10.8km/h/3.0m/s,-,N/A,,Clear
1997-1-29 4:00 PM,5.0°C,2.5°C,-14.0°C,24%,1013hPa,-,South,10.8km/h/3.0m/s,-,N/A,,Clear
1997-1-29 5:00 PM,6.0°C,-,-13.0°C,25%,1013hPa,-,Calm,Calm,-,N/A,,Clear
1997-1-29 6:00 PM,4.0°C,2.2°C,-16.0°C,22%,1013hPa,-,ENE,7.2km/h/2.0m/s,-,N/A,,Clear
1997-1-29 7:00 PM,1.0°C,-,-14.0°C,32%,1013hPa,-,Calm,Calm,-,N/A,,Clear
1997-1-29 8:00 PM,1.0°C,-1.3°C,-13.0°C,35%,1013hPa,-,North,7.2km/h/2.0m/s,-,N/A,,Clear
1997-1-29 9:00 PM,1.0°C,-1.3°C,-14.0°C,32%,1014hPa,-,NE,7.2km/h/2.0m/s,-,N/A,,Clear
1997-1-29 10:00 PM,-2.0°C,-,-14.0°C,40%,1014hPa,-,Calm,Calm,-,N/A,,Clear
1997-1-29 11:00 PM,-1.0°C,-3.6°C,-14.0°C,37%,1014hPa,-,NNW,7.2km/h/2.0m/s,-,N/A,,Clear
