Time (CST),Temp.,Windchill,Dew Point,Humidity,Pressure,Visibility,Wind Dir,Wind Speed,Gust Speed,Precip,Events,Conditions
1997-3-20 12:00 AM,4.0°C,1.3°C,-2.0°C,65%,1019hPa,-,East,10.8km/h/3.0m/s,-,N/A,,Clear
1997-3-20 1:00 AM,4.0°C,-,-1.0°C,70%,1019hPa,-,East,3.6km/h/1.0m/s,-,N/A,,Clear
1997-3-20 2:00 AM,4.0°C,-,-1.0°C,70%,-,-,SSE,3.6km/h/1.0m/s,-,N/A,,Clear
1997-3-20 6:00 AM,2.0°C,-,0.0°C,87%,1017hPa,4.0km,ENE,3.6km/h/1.0m/s,-,N/A,,Mostly Cloudy
1997-3-20 7:00 AM,2.0°C,-,0.0°C,87%,1017hPa,3.0km,ENE,3.6km/h/1.0m/s,-,N/A,,Overcast
1997-3-20 8:00 AM,3.0°C,-,0.0°C,81%,1018hPa,3.0km,NE,3.6km/h/1.0m/s,-,N/A,,Overcast
1997-3-20 9:00 AM,4.0°C,2.2°C,1.0°C,81%,1018hPa,2.0km,East,7.2km/h/2.0m/s,-,N/A,Rain,Light Rain
1997-3-20 10:00 AM,4.0°C,1.3°C,3.0°C,93%,1018hPa,1.4km,South,10.8km/h/3.0m/s,-,N/A,Rain,Light Rain
1997-3-20 11:00 AM,5.0°C,-,3.0°C,87%,1018hPa,1.4km,Calm,Calm,-,N/A,,Overcast
1997-3-20 12:00 PM,6.0°C,-,3.0°C,81%,1017hPa,1.4km,Calm,Calm,-,N/A,,Mostly Cloudy
1997-3-20 1:00 PM,8.0°C,-,2.0°C,66%,1016hPa,3.0km,Calm,Calm,-,N/A,,Mostly Cloudy
1997-3-20 2:00 PM,10.0°C,-,0.0°C,50%,1015hPa,6.0km,Calm,Calm,-,N/A,,Mostly Cloudy
1997-3-20 3:00 PM,11.0°C,-,0.0°C,47%,1014hPa,6.0km,Calm,Calm,-,N/A,,Mostly Cloudy
1997-3-20 4:00 PM,11.0°C,-,0.0°C,47%,1013hPa,6.0km,WSW,10.8km/h/3.0m/s,-,N/A,,Mostly Cloudy
1997-3-20 5:00 PM,10.0°C,-,0.0°C,50%,1013hPa,6.0km,SW,10.8km/h/3.0m/s,-,N/A,,Mostly Cloudy
1997-3-20 6:00 PM,9.0°C,-,2.0°C,62%,1013hPa,7.0km,Calm,Calm,-,N/A,,Mostly Cloudy
1997-3-20 7:00 PM,9.0°C,-,2.0°C,62%,1013hPa,7.0km,Calm,Calm,-,N/A,,Overcast
1997-3-20 8:00 PM,9.0°C,-,2.0°C,62%,1013hPa,7.0km,NE,7.2km/h/2.0m/s,-,N/A,,Overcast
1997-3-20 9:00 PM,9.0°C,-,2.0°C,62%,1014hPa,10.0km,Calm,Calm,-,N/A,,Overcast
1997-3-20 10:00 PM,8.0°C,-,3.0°C,71%,1014hPa,10.0km,Calm,Calm,-,N/A,,Overcast
1997-3-20 11:00 PM,8.0°C,5.1°C,1.0°C,62%,1014hPa,10.0km,East,18.0km/h/5.0m/s,-,N/A,Rain,Light Rain
