Time (CST),Temp.,Windchill,Dew Point,Humidity,Pressure,Visibility,Wind Dir,Wind Speed,Gust Speed,Precip,Events,Conditions
1997-4-12 12:00 AM,8.0°C,6.9°C,0.0°C,57%,1016hPa,10.0km,East,7.2km/h/2.0m/s,-,N/A,,Clear
1997-4-12 1:00 AM,7.0°C,-,-4.0°C,46%,1016hPa,10.0km,Calm,Calm,-,N/A,,Clear
1997-4-12 2:00 AM,7.0°C,4.9°C,-2.0°C,53%,1016hPa,10.0km,East,10.8km/h/3.0m/s,-,N/A,,Clear
1997-4-12 3:00 AM,5.0°C,2.5°C,0.0°C,70%,1015hPa,10.0km,ESE,10.8km/h/3.0m/s,-,N/A,,Clear
1997-4-12 4:00 AM,4.0°C,1.3°C,0.0°C,75%,1015hPa,10.0km,ESE,10.8km/h/3.0m/s,-,N/A,,Clear
1997-4-12 5:00 AM,3.0°C,1.0°C,-2.0°C,70%,1015hPa,10.0km,ENE,7.2km/h/2.0m/s,-,N/A,,Clear
1997-4-12 6:00 AM,3.0°C,-,0.0°C,81%,1015hPa,10.0km,Calm,Calm,-,N/A,,Clear
1997-4-12 7:00 AM,3.0°C,-,-1.0°C,75%,1015hPa,10.0km,Calm,Calm,-,N/A,,Clear
1997-4-12 8:00 AM,6.0°C,-,-1.0°C,61%,1015hPa,10.0km,Calm,Calm,-,N/A,,Clear
1997-4-12 9:00 AM,10.0°C,-,-2.0°C,43%,1014hPa,10.0km,Calm,Calm,-,N/A,,Clear
1997-4-12 10:00 AM,12.0°C,-,-4.0°C,33%,1014hPa,10.0km,SSW,7.2km/h/2.0m/s,-,N/A,,Clear
1997-4-12 11:00 AM,15.0°C,-,-3.0°C,29%,1013hPa,10.0km,SSW,25.2km/h/7.0m/s,-,N/A,,Clear
1997-4-12 12:00 PM,17.0°C,-,-3.0°C,26%,1011hPa,10.0km,SW,25.2km/h/7.0m/s,-,N/A,,Clear
1997-4-12 1:00 PM,17.0°C,-,-5.0°C,22%,1010hPa,-,SW,28.8km/h/8.0m/s,-,N/A,,Clear
1997-4-12 2:00 PM,19.0°C,-,-1.0°C,26%,1009hPa,10.0km,SSW,18.0km/h/5.0m/s,-,N/A,,Mostly Cloudy
1997-4-12 3:00 PM,19.0°C,-,-4.0°C,21%,1008hPa,10.0km,SW,21.6km/h/6.0m/s,-,N/A,,Overcast
1997-4-12 4:00 PM,19.0°C,-,-5.0°C,19%,1008hPa,10.0km,NW,25.2km/h/7.0m/s,-,N/A,,Overcast
1997-4-12 5:00 PM,16.0°C,-,2.0°C,39%,1009hPa,10.0km,NW,18.0km/h/5.0m/s,-,N/A,,Overcast
1997-4-12 6:00 PM,14.0°C,-,4.0°C,51%,1009hPa,10.0km,NNE,18.0km/h/5.0m/s,-,N/A,,Overcast
1997-4-12 7:00 PM,13.0°C,-,4.0°C,54%,1009hPa,10.0km,NNW,10.8km/h/3.0m/s,-,N/A,,Scattered Clouds
1997-4-12 8:00 PM,12.0°C,-,7.0°C,72%,1009hPa,10.0km,NNE,10.8km/h/3.0m/s,-,N/A,,Scattered Clouds
1997-4-12 9:00 PM,12.0°C,-,4.0°C,58%,1009hPa,-,North,18.0km/h/5.0m/s,-,N/A,,Clear
1997-4-12 10:00 PM,11.0°C,-,5.0°C,67%,1010hPa,10.0km,North,14.4km/h/4.0m/s,-,N/A,,Clear
1997-4-12 11:00 PM,9.0°C,-,5.0°C,76%,1009hPa,10.0km,NE,14.4km/h/4.0m/s,-,N/A,,Clear
