Time (CST),Temp.,Dew Point,Humidity,Pressure,Visibility,Wind Dir,Wind Speed,Gust Speed,Precip,Events,Conditions
1997-9-11 12:00 AM,15.0°C,14.0°C,94%,1018hPa,-,ENE,14.4km/h/4.0m/s,-,N/A,,Clear
1997-9-11 1:00 AM,16.0°C,15.0°C,94%,1018hPa,-,NE,10.8km/h/3.0m/s,-,N/A,,Clear
1997-9-11 2:00 AM,16.0°C,15.0°C,94%,1018hPa,-,NE,18.0km/h/5.0m/s,-,N/A,,Clear
1997-9-11 3:00 AM,16.0°C,14.0°C,88%,1017hPa,-,ENE,14.4km/h/4.0m/s,-,N/A,,Clear
1997-9-11 4:00 AM,16.0°C,13.0°C,82%,1017hPa,-,NE,14.4km/h/4.0m/s,-,N/A,,Clear
1997-9-11 6:00 AM,16.0°C,13.0°C,82%,1017hPa,10.0km,ENE,18.0km/h/5.0m/s,-,N/A,Rain,Light Rain
1997-9-11 7:00 AM,16.0°C,14.0°C,88%,1018hPa,10.0km,East,10.8km/h/3.0m/s,-,N/A,Rain,Light Rain
1997-9-11 8:00 AM,15.0°C,14.0°C,94%,1018hPa,10.0km,NE,14.4km/h/4.0m/s,-,N/A,Rain,Light Rain
1997-9-11 9:00 AM,15.0°C,14.0°C,94%,1019hPa,10.0km,ENE,10.8km/h/3.0m/s,-,N/A,Rain,Light Rain
1997-9-11 10:00 AM,16.0°C,15.0°C,94%,1019hPa,10.0km,NE,14.4km/h/4.0m/s,-,N/A,,Overcast
1997-9-11 11:00 AM,14.0°C,13.0°C,94%,1020hPa,10.0km,NE,18.0km/h/5.0m/s,-,N/A,Rain,Light Rain
1997-9-11 12:00 PM,15.0°C,13.0°C,88%,1019hPa,10.0km,ENE,18.0km/h/5.0m/s,-,N/A,,Overcast
1997-9-11 1:00 PM,15.0°C,13.0°C,88%,1019hPa,10.0km,ENE,18.0km/h/5.0m/s,-,N/A,,Overcast
1997-9-11 2:00 PM,14.0°C,13.0°C,94%,1019hPa,10.0km,ENE,14.4km/h/4.0m/s,-,N/A,Rain,Light Rain
1997-9-11 3:00 PM,14.0°C,13.0°C,94%,1018hPa,10.0km,NE,10.8km/h/3.0m/s,-,N/A,Rain,Light Rain
1997-9-11 4:00 PM,14.0°C,13.0°C,94%,1018hPa,10.0km,NE,14.4km/h/4.0m/s,-,N/A,Rain,Light Rain
1997-9-11 5:00 PM,14.0°C,12.0°C,88%,1018hPa,10.0km,ENE,10.8km/h/3.0m/s,-,N/A,,Overcast
1997-9-11 6:00 PM,14.0°C,13.0°C,94%,1018hPa,10.0km,ENE,14.4km/h/4.0m/s,-,N/A,Rain,Light Rain
1997-9-11 7:00 PM,14.0°C,14.0°C,100%,1019hPa,10.0km,NE,7.2km/h/2.0m/s,-,N/A,Rain,Light Rain
1997-9-11 8:00 PM,13.0°C,13.0°C,100%,1020hPa,10.0km,ENE,10.8km/h/3.0m/s,-,N/A,Rain,Light Rain
1997-9-11 9:00 PM,13.0°C,13.0°C,100%,1021hPa,10.0km,ENE,7.2km/h/2.0m/s,-,N/A,Rain,Rain
1997-9-11 10:00 PM,13.0°C,13.0°C,100%,1021hPa,10.0km,Calm,Calm,-,N/A,Rain,Light Rain
1997-9-11 11:00 PM,13.0°C,13.0°C,100%,1020hPa,10.0km,NNE,7.2km/h/2.0m/s,-,N/A,Rain,Light Rain
