Time (CST),Temp.,Windchill,Dew Point,Humidity,Pressure,Visibility,Wind Dir,Wind Speed,Gust Speed,Precip,Events,Conditions
1998-12-11 12:00 AM,14.0°F,-,3.2°F,62%,30.63in,-,East,2.2mph,-,N/A,,Clear
1998-12-11 1:00 AM,14.0°F,-,3.2°F,62%,30.63in,-,Calm,Calm,-,N/A,,Clear
1998-12-11 2:00 AM,17.6°F,-,3.2°F,53%,30.63in,-,ENE,2.2mph,-,N/A,,Clear
1998-12-11 3:00 AM,14.0°F,-,3.2°F,62%,30.63in,-,SE,2.2mph,-,N/A,,Clear
1998-12-11 4:00 AM,14.0°F,-,3.2°F,62%,30.63in,-,East,2.2mph,-,N/A,,Clear
1998-12-11 5:00 AM,12.2°F,-,3.2°F,67%,30.60in,-,East,2.2mph,-,N/A,,Clear
1998-12-11 6:00 AM,53.6°F,-,42.8°F,67%,30.60in,-,SE,4.5mph,-,N/A,,Clear
1998-12-11 7:00 AM,12.2°F,-,3.2°F,67%,30.60in,-,Calm,Calm,-,N/A,,Clear
1998-12-11 8:00 AM,8.6°F,-,3.2°F,79%,30.60in,-,Calm,Calm,-,N/A,,Clear
1998-12-11 9:00 AM,14.0°F,-,6.8°F,73%,30.60in,2.5mi,Calm,Calm,-,N/A,,Smoke
1998-12-11 10:00 AM,21.2°F,-,8.6°F,58%,30.60in,1.9mi,Calm,Calm,-,N/A,,Smoke
1998-12-11 11:00 AM,21.2°F,-,8.6°F,58%,30.57in,1.9mi,Calm,Calm,-,N/A,,Smoke
1998-12-11 12:00 PM,32.0°F,-,6.8°F,35%,30.54in,3.7mi,ESE,2.2mph,-,N/A,,Scattered Clouds
1998-12-11 1:00 PM,33.8°F,29.7°F,8.6°F,35%,30.48in,-,South,4.5mph,-,N/A,,Clear
1998-12-11 2:00 PM,35.6°F,-,6.8°F,30%,30.42in,-,SSW,2.2mph,-,N/A,,Clear
1998-12-11 3:00 PM,37.4°F,-,8.6°F,30%,30.39in,-,South,2.2mph,-,N/A,,Clear
1998-12-11 4:00 PM,37.4°F,-,8.6°F,30%,30.36in,-,SSE,2.2mph,-,N/A,,Clear
1998-12-11 5:00 PM,32.0°F,-,6.8°F,35%,30.36in,-,ESE,2.2mph,-,N/A,,Clear
1998-12-11 6:00 PM,28.4°F,23.4°F,6.8°F,40%,30.36in,-,SE,4.5mph,-,N/A,,Clear
1998-12-11 7:00 PM,23.0°F,17.1°F,5.0°F,46%,30.36in,3.7mi,ESE,4.5mph,-,N/A,,Partly Cloudy
1998-12-11 8:00 PM,23.0°F,17.1°F,5.0°F,46%,30.36in,3.7mi,SE,4.5mph,-,N/A,,Partly Cloudy
1998-12-11 9:00 PM,23.0°F,17.1°F,6.8°F,50%,30.36in,3.7mi,SE,4.5mph,-,N/A,,Partly Cloudy
1998-12-11 10:00 PM,23.0°F,17.1°F,6.8°F,50%,30.36in,3.7mi,ESE,4.5mph,-,N/A,,Partly Cloudy
1998-12-11 11:00 PM,24.8°F,19.2°F,5.0°F,43%,30.36in,3.7mi,ESE,4.5mph,-,N/A,,Partly Cloudy
