Time (CST),Temp.,Windchill,Dew Point,Humidity,Pressure,Visibility,Wind Dir,Wind Speed,Gust Speed,Precip,Events,Conditions
1998-1-3 12:00 AM,-5.0°C,-,-16.0°C,43%,1019hPa,10.0km,East,3.6km/h/1.0m/s,-,N/A,,Clear
1998-1-3 1:00 AM,1.0°C,-4.2°C,-15.0°C,30%,1019hPa,10.0km,NNW,21.6km/h/6.0m/s,-,N/A,,Clear
1998-1-3 2:00 AM,2.0°C,-1.8°C,-15.0°C,28%,1020hPa,10.0km,NNW,14.4km/h/4.0m/s,-,N/A,,Clear
1998-1-3 3:00 AM,1.0°C,-3.0°C,-14.0°C,32%,1022hPa,10.0km,WNW,14.4km/h/4.0m/s,-,N/A,,Clear
1998-1-3 4:00 AM,0.0°C,-5.4°C,-15.0°C,32%,1023hPa,10.0km,NW,21.6km/h/6.0m/s,-,N/A,,Clear
1998-1-3 5:00 AM,-1.0°C,-7.2°C,-16.0°C,32%,1024hPa,10.0km,NW,25.2km/h/7.0m/s,-,N/A,,Clear
1998-1-3 6:00 AM,-2.0°C,-8.0°C,-16.0°C,34%,1025hPa,10.0km,WNW,21.6km/h/6.0m/s,-,N/A,,Clear
1998-1-3 7:00 AM,3.0°C,-0.6°C,-12.0°C,33%,1026hPa,10.0km,WNW,14.4km/h/4.0m/s,-,N/A,,Clear
1998-1-3 8:00 AM,-3.0°C,-8.0°C,-17.0°C,34%,1027hPa,-,NW,14.4km/h/4.0m/s,-,N/A,,Clear
1998-1-3 9:00 AM,-3.0°C,-9.8°C,-19.0°C,29%,1028hPa,-,NW,25.2km/h/7.0m/s,-,N/A,,Clear
1998-1-3 10:00 AM,-3.0°C,-10.2°C,-22.0°C,22%,1029hPa,-,NNW,28.8km/h/8.0m/s,-,N/A,,Clear
1998-1-3 11:00 AM,-3.0°C,-9.8°C,-25.0°C,17%,1030hPa,-,NW,25.2km/h/7.0m/s,43.2km/h/12.0m/s,N/A,,Clear
1998-1-3 12:00 PM,-3.0°C,-10.2°C,-28.0°C,13%,1030hPa,-,NW,28.8km/h/8.0m/s,-,N/A,,Clear
1998-1-3 1:00 PM,-3.0°C,-10.2°C,-33.0°C,8%,1029hPa,-,NNW,28.8km/h/8.0m/s,-,N/A,,Clear
1998-1-3 2:00 PM,-3.0°C,-9.3°C,-33.0°C,8%,1029hPa,-,NNW,21.6km/h/6.0m/s,-,N/A,,Clear
1998-1-3 4:00 PM,-4.0°C,-9.9°C,-33.0°C,9%,1030hPa,-,NW,18.0km/h/5.0m/s,-,N/A,,Clear
1998-1-3 5:00 PM,-5.0°C,-11.2°C,-33.0°C,10%,1031hPa,-,WNW,18.0km/h/5.0m/s,-,N/A,,Clear
1998-1-3 6:00 PM,-7.0°C,-14.3°C,-33.0°C,11%,1032hPa,-,NW,21.6km/h/6.0m/s,-,N/A,,Clear
1998-1-3 7:00 PM,-8.0°C,-14.9°C,-33.0°C,12%,1033hPa,-,NW,18.0km/h/5.0m/s,-,N/A,,Clear
1998-1-3 8:00 PM,-9.0°C,-16.9°C,-33.0°C,13%,1034hPa,10.0km,NW,21.6km/h/6.0m/s,-,N/A,,Clear
1998-1-3 9:00 PM,-9.0°C,-16.9°C,-33.0°C,13%,1034hPa,10.0km,NW,21.6km/h/6.0m/s,-,N/A,,Clear
1998-1-3 10:00 PM,-9.0°C,-15.3°C,-33.0°C,13%,1035hPa,10.0km,NW,14.4km/h/4.0m/s,-,N/A,,Clear
