Time (CST),Temp.,Windchill,Dew Point,Humidity,Pressure,Visibility,Wind Dir,Wind Speed,Gust Speed,Precip,Events,Conditions
1998-11-22 12:00 AM,28.4°F,-,15.8°F,59%,30.27in,6.2mi,ESE,2.2mph,-,N/A,,Clear
1998-11-22 1:00 AM,24.8°F,-,14.0°F,64%,30.27in,6.2mi,East,2.2mph,-,N/A,,Clear
1998-11-22 2:00 AM,24.8°F,-,14.0°F,64%,30.27in,6.2mi,East,2.2mph,-,N/A,,Clear
1998-11-22 3:00 AM,26.6°F,-,15.8°F,64%,30.24in,6.2mi,East,2.2mph,-,N/A,,Clear
1998-11-22 4:00 AM,24.8°F,-,15.8°F,69%,30.21in,6.2mi,ESE,2.2mph,-,N/A,,Clear
1998-11-22 5:00 AM,24.8°F,-,15.8°F,69%,30.21in,6.2mi,East,2.2mph,-,N/A,,Clear
1998-11-22 6:00 AM,23.0°F,17.1°F,15.8°F,74%,30.21in,6.2mi,ESE,4.5mph,-,N/A,,Clear
1998-11-22 8:00 AM,24.8°F,-,15.8°F,69%,30.21in,5.0mi,ESE,2.2mph,-,N/A,,Clear
1998-11-22 9:00 AM,33.8°F,-,19.4°F,56%,30.21in,5.0mi,East,2.2mph,-,N/A,,Clear
1998-11-22 10:00 AM,39.2°F,-,15.8°F,39%,30.21in,5.0mi,Calm,Calm,-,N/A,,Clear
1998-11-22 11:00 AM,-,-,-,N/A%,30.18in,5.0mi,SSE,2.2mph,-,N/A,,Clear
1998-11-22 12:00 PM,50.0°F,-,19.4°F,30%,30.12in,5.0mi,SSW,6.7mph,-,N/A,,Clear
1998-11-22 1:00 PM,53.6°F,-,21.2°F,28%,30.06in,4.3mi,SSW,4.5mph,-,N/A,,Clear
1998-11-22 2:00 PM,57.2°F,-,21.2°F,25%,30.04in,4.3mi,SW,11.2mph,-,N/A,,Clear
1998-11-22 3:00 PM,59.0°F,-,23.0°F,25%,30.01in,5.0mi,SW,6.7mph,-,N/A,,Clear
1998-11-22 4:00 PM,59.0°F,-,23.0°F,25%,30.01in,5.0mi,WSW,6.7mph,-,N/A,,Clear
1998-11-22 5:00 PM,53.6°F,-,21.2°F,28%,30.01in,5.0mi,West,4.5mph,-,N/A,,Clear
1998-11-22 6:00 PM,55.4°F,-,15.8°F,21%,30.04in,5.0mi,West,6.7mph,-,N/A,,Clear
1998-11-22 6:30 PM,53.6°F,-,14.0°F,21%,30.04in,6.2mi,West,8.9mph,-,N/A,,Clear
1998-11-22 7:00 PM,51.8°F,-,12.2°F,21%,30.04in,6.2mi,West,8.9mph,-,N/A,,Clear
1998-11-22 8:00 PM,48.2°F,-,15.8°F,27%,30.06in,6.2mi,West,6.7mph,-,N/A,,Clear
1998-11-22 9:00 PM,48.2°F,-,14.0°F,25%,30.06in,6.2mi,SSW,2.2mph,-,N/A,,Clear
1998-11-22 10:00 PM,39.2°F,-,15.8°F,39%,30.06in,6.2mi,SE,2.2mph,-,N/A,,Clear
