Time (CST),Temp.,Windchill,Dew Point,Humidity,Pressure,Visibility,Wind Dir,Wind Speed,Gust Speed,Precip,Events,Conditions
1997-12-17 12:00 AM,-7.0°C,-,-13.0°C,63%,1019hPa,1.4km,East,3.6km/h/1.0m/s,-,N/A,,Smoke
1997-12-17 1:00 AM,-7.0°C,-,-12.0°C,68%,1019hPa,1.4km,East,3.6km/h/1.0m/s,-,N/A,,Mostly Cloudy
1997-12-17 2:00 AM,-7.0°C,-,-12.0°C,68%,1019hPa,1.4km,East,3.6km/h/1.0m/s,-,N/A,,Mostly Cloudy
1997-12-17 3:00 AM,-7.0°C,-,-12.0°C,68%,1019hPa,1.4km,East,3.6km/h/1.0m/s,-,N/A,,Mostly Cloudy
1997-12-17 4:00 AM,-8.0°C,-,-12.0°C,73%,1019hPa,1.2km,East,3.6km/h/1.0m/s,-,N/A,,Mostly Cloudy
1997-12-17 5:00 AM,-9.0°C,-,-13.0°C,73%,1018hPa,1.2km,East,3.6km/h/1.0m/s,-,N/A,,Mostly Cloudy
1997-12-17 6:00 AM,-9.0°C,-,-13.0°C,73%,1018hPa,1.2km,East,3.6km/h/1.0m/s,-,N/A,,Mostly Cloudy
1997-12-17 7:00 AM,-8.0°C,-,-11.0°C,79%,1019hPa,1.3km,ESE,3.6km/h/1.0m/s,-,N/A,,Scattered Clouds
1997-12-17 8:00 AM,-9.0°C,-12.9°C,-12.0°C,79%,1019hPa,1.1km,NE,7.2km/h/2.0m/s,-,N/A,,Scattered Clouds
1997-12-17 9:00 AM,-7.0°C,-,-10.0°C,80%,1019hPa,1.0km,SSW,3.6km/h/1.0m/s,-,N/A,,Clear
1997-12-17 10:00 AM,-4.0°C,-,-9.0°C,69%,1019hPa,0.9km,SE,3.6km/h/1.0m/s,-,N/A,,Smoke
1997-12-17 11:00 AM,-1.0°C,-,-8.0°C,60%,1019hPa,0.9km,SSE,3.6km/h/1.0m/s,-,N/A,,Smoke
1997-12-17 12:00 PM,2.0°C,-,-7.0°C,52%,1018hPa,1.4km,South,3.6km/h/1.0m/s,-,N/A,,Smoke
1997-12-17 1:00 PM,4.0°C,-,-7.0°C,45%,1017hPa,1.3km,SSE,3.6km/h/1.0m/s,-,N/A,,Smoke
1997-12-17 2:00 PM,7.0°C,-,-5.0°C,43%,1015hPa,1.7km,WSW,3.6km/h/1.0m/s,-,N/A,,Smoke
1997-12-17 3:00 PM,8.0°C,6.1°C,-5.0°C,40%,1015hPa,2.0km,WSW,10.8km/h/3.0m/s,-,N/A,,Smoke
1997-12-17 4:00 PM,6.0°C,-,-5.0°C,46%,1014hPa,1.6km,Calm,Calm,-,N/A,,Smoke
1997-12-17 5:00 PM,3.0°C,-,-6.0°C,52%,1015hPa,1.6km,Calm,Calm,-,N/A,,Smoke
1997-12-17 6:00 PM,-1.0°C,-,-8.0°C,60%,1015hPa,1.4km,SE,3.6km/h/1.0m/s,-,N/A,,Smoke
1997-12-17 7:00 PM,-2.0°C,-,-7.0°C,69%,1015hPa,1.2km,NNE,3.6km/h/1.0m/s,-,N/A,,Smoke
1997-12-17 8:00 PM,-3.0°C,-5.9°C,-7.0°C,74%,1015hPa,1.6km,ENE,7.2km/h/2.0m/s,-,N/A,,Smoke
1997-12-17 9:00 PM,2.0°C,-0.1°C,-8.0°C,48%,1015hPa,1.8km,SSW,7.2km/h/2.0m/s,-,N/A,,Smoke
1997-12-17 10:00 PM,-2.0°C,-4.8°C,-9.0°C,59%,1016hPa,3.0km,ENE,7.2km/h/2.0m/s,-,N/A,,Smoke
1997-12-17 11:00 PM,-7.0°C,-,-12.0°C,68%,1016hPa,2.5km,ESE,3.6km/h/1.0m/s,-,N/A,,Smoke
