Time (CST),Temp.,Windchill,Dew Point,Humidity,Pressure,Visibility,Wind Dir,Wind Speed,Gust Speed,Precip,Events,Conditions
1998-1-17 1:00 AM,-11.0°C,-,-12.0°C,92%,1024hPa,2.8km,East,3.6km/h/1.0m/s,-,N/A,,Overcast
1998-1-17 6:00 AM,-13.0°C,-19.1°C,-19.0°C,62%,1025hPa,10.0km,NNW,10.8km/h/3.0m/s,-,N/A,,Clear
1998-1-17 7:00 AM,-11.0°C,-,-19.0°C,53%,1025hPa,10.0km,Variable,3.6km/h/1.0m/s,-,N/A,,Clear
1998-1-17 8:00 AM,-13.0°C,-,-20.0°C,57%,1026hPa,10.0km,ENE,3.6km/h/1.0m/s,-,N/A,,Clear
1998-1-17 9:00 AM,-12.0°C,-,-21.0°C,48%,1026hPa,10.0km,Calm,Calm,-,N/A,,Clear
1998-1-17 10:00 AM,-10.0°C,-,-21.0°C,41%,1026hPa,10.0km,NE,3.6km/h/1.0m/s,-,N/A,,Clear
1998-1-17 11:00 AM,-8.0°C,-13.1°C,-21.0°C,35%,1026hPa,10.0km,North,10.8km/h/3.0m/s,-,N/A,,Clear
1998-1-17 12:00 PM,-7.0°C,-11.9°C,-20.0°C,36%,1025hPa,10.0km,North,10.8km/h/3.0m/s,-,N/A,,Clear
1998-1-17 1:00 PM,-7.0°C,-,-19.0°C,39%,1024hPa,10.0km,North,3.6km/h/1.0m/s,-,N/A,,Clear
1998-1-17 2:00 PM,-4.0°C,-8.3°C,-19.0°C,31%,1023hPa,10.0km,NW,10.8km/h/3.0m/s,-,N/A,,Clear
1998-1-17 3:00 PM,-5.0°C,-,-17.0°C,39%,1023hPa,10.0km,WNW,3.6km/h/1.0m/s,-,N/A,,Clear
1998-1-17 4:00 PM,-5.0°C,-11.2°C,-17.0°C,39%,1023hPa,10.0km,NW,18.0km/h/5.0m/s,-,N/A,,Clear
1998-1-17 5:00 PM,-6.0°C,-12.4°C,-20.0°C,33%,1024hPa,10.0km,NNW,18.0km/h/5.0m/s,-,N/A,,Clear
1998-1-17 6:00 PM,-8.0°C,-13.1°C,-19.0°C,42%,1025hPa,10.0km,North,10.8km/h/3.0m/s,-,N/A,,Clear
1998-1-17 7:00 PM,-10.0°C,-,-20.0°C,45%,1026hPa,10.0km,North,3.6km/h/1.0m/s,-,N/A,,Clear
1998-1-17 8:00 PM,-11.0°C,-,-22.0°C,41%,1027hPa,10.0km,WNW,3.6km/h/1.0m/s,-,N/A,,Clear
1998-1-17 9:00 PM,-12.0°C,-,-22.0°C,44%,1027hPa,10.0km,Calm,Calm,-,N/A,,Clear
1998-1-17 10:00 PM,-13.0°C,-,-22.0°C,48%,1028hPa,10.0km,NW,3.6km/h/1.0m/s,-,N/A,,Clear
1998-1-17 11:00 PM,-13.0°C,-,-23.0°C,44%,1028hPa,10.0km,North,3.6km/h/1.0m/s,-,N/A,,Clear
