Time (CST),Temp.,Windchill,Dew Point,Humidity,Pressure,Visibility,Wind Dir,Wind Speed,Gust Speed,Precip,Events,Conditions
1997-3-13 12:00 AM,7.0°C,-,5.0°C,87%,1015hPa,4.0km,WSW,3.6km/h/1.0m/s,-,N/A,Rain,Light Rain
1997-3-13 1:00 AM,6.0°C,-,5.0°C,93%,1015hPa,2.0km,Calm,Calm,-,N/A,,Overcast
1997-3-13 2:00 AM,6.0°C,-,5.0°C,93%,1014hPa,2.0km,Calm,Calm,-,N/A,,Overcast
1997-3-13 3:00 AM,6.0°C,-,5.0°C,93%,1013hPa,0.9km,Calm,Calm,-,N/A,Rain,Light Rain
1997-3-13 4:00 AM,6.0°C,4.5°C,5.0°C,93%,1013hPa,0.9km,WSW,7.2km/h/2.0m/s,-,N/A,,Overcast
1997-3-13 5:00 AM,6.0°C,-,5.0°C,93%,1012hPa,0.9km,Calm,Calm,-,N/A,,Overcast
1997-3-13 6:00 AM,6.0°C,-,6.0°C,100%,1012hPa,0.9km,East,3.6km/h/1.0m/s,-,N/A,Rain,Light Rain
1997-3-13 7:00 AM,6.0°C,4.5°C,6.0°C,100%,1012hPa,0.4km,SW,7.2km/h/2.0m/s,-,N/A,Rain,Light Rain
1997-3-13 8:00 AM,6.0°C,-,6.0°C,100%,1012hPa,0.8km,SW,3.6km/h/1.0m/s,-,N/A,Rain,Light Rain
1997-3-13 9:00 AM,6.0°C,-,6.0°C,100%,1012hPa,0.6km,Calm,Calm,-,N/A,Rain,Light Rain
1997-3-13 11:00 AM,7.0°C,-,6.0°C,93%,1011hPa,1.0km,Calm,Calm,-,N/A,Rain,Light Rain
1997-3-13 1:00 PM,-,-,-,N/A%,-,1.4km,West,7.2km/h/2.0m/s,-,N/A,,Unknown
1997-3-13 2:00 PM,7.0°C,5.7°C,7.0°C,100%,1010hPa,0.9km,North,7.2km/h/2.0m/s,-,N/A,Rain,Light Rain
1997-3-13 3:00 PM,7.0°C,4.3°C,6.0°C,93%,1010hPa,10.0km,ENE,14.4km/h/4.0m/s,-,N/A,Rain,Light Rain
1997-3-13 4:00 PM,7.0°C,4.3°C,5.0°C,87%,1010hPa,10.0km,ENE,14.4km/h/4.0m/s,-,N/A,Rain,Light Rain
1997-3-13 5:00 PM,6.0°C,2.2°C,4.0°C,87%,1011hPa,10.0km,NE,21.6km/h/6.0m/s,-,N/A,Rain,Light Rain
1997-3-13 8:00 PM,3.0°C,-1.2°C,2.0°C,93%,1015hPa,10.0km,East,18.0km/h/5.0m/s,-,N/A,Rain,Light Rain
1997-3-13 9:00 PM,4.0°C,0.1°C,1.0°C,81%,1017hPa,10.0km,East,18.0km/h/5.0m/s,-,N/A,Rain,Light Rain
1997-3-13 10:00 PM,3.0°C,0.1°C,1.0°C,87%,1017hPa,10.0km,East,10.8km/h/3.0m/s,-,N/A,Rain,Light Rain
1997-3-13 11:00 PM,3.0°C,0.1°C,1.0°C,87%,1018hPa,10.0km,East,10.8km/h/3.0m/s,-,N/A,,Overcast
