Time (CST),Temp.,Windchill,Dew Point,Humidity,Pressure,Visibility,Wind Dir,Wind Speed,Gust Speed,Precip,Events,Conditions
1997-1-19 12:00 AM,-5.0°C,-9.5°C,-19.0°C,33%,1016hPa,10.0km,East,10.8km/h/3.0m/s,-,N/A,,Clear
1997-1-19 2:00 AM,-6.0°C,-10.7°C,-18.0°C,39%,1016hPa,10.0km,East,10.8km/h/3.0m/s,-,N/A,,Clear
1997-1-19 3:00 AM,-7.0°C,-11.9°C,-18.0°C,42%,1015hPa,10.0km,East,10.8km/h/3.0m/s,-,N/A,,Clear
1997-1-19 4:00 AM,-7.0°C,-,-18.0°C,42%,1015hPa,10.0km,Calm,Calm,-,N/A,,Clear
1997-1-19 5:00 AM,-8.0°C,-11.8°C,-18.0°C,45%,1015hPa,10.0km,NE,7.2km/h/2.0m/s,-,N/A,,Clear
1997-1-19 6:00 AM,-8.0°C,-,-18.0°C,45%,1015hPa,10.0km,Calm,Calm,-,N/A,,Clear
1997-1-19 7:00 AM,-10.0°C,-,-19.0°C,49%,1015hPa,10.0km,Calm,Calm,-,N/A,,Clear
1997-1-19 8:00 AM,-10.0°C,-,-18.0°C,53%,1016hPa,8.0km,Calm,Calm,-,N/A,,Clear
1997-1-19 9:00 AM,-9.0°C,-,-16.0°C,58%,1016hPa,8.0km,Calm,Calm,-,N/A,,Clear
1997-1-19 10:00 AM,-5.0°C,-,-16.0°C,43%,1017hPa,1.5km,Calm,Calm,-,N/A,,Smoke
1997-1-19 11:00 AM,-,-,-,N/A%,-,1.5km,Calm,Calm,-,N/A,,Unknown
1997-1-19 12:00 PM,2.0°C,-,-15.0°C,28%,1016hPa,5.0km,Calm,Calm,-,N/A,,Smoke
1997-1-19 1:00 PM,5.0°C,-,-16.0°C,21%,1014hPa,7.0km,Calm,Calm,-,N/A,,Clear
1997-1-19 2:00 PM,5.0°C,3.4°C,-15.0°C,23%,1013hPa,10.0km,ESE,7.2km/h/2.0m/s,-,N/A,,Clear
1997-1-19 3:00 PM,6.0°C,3.7°C,-14.0°C,23%,1013hPa,-,South,10.8km/h/3.0m/s,-,N/A,,Clear
1997-1-19 4:00 PM,5.0°C,3.4°C,-13.0°C,26%,1013hPa,-,ENE,7.2km/h/2.0m/s,-,N/A,,Clear
1997-1-19 5:00 PM,6.0°C,4.5°C,-13.0°C,25%,1012hPa,-,East,7.2km/h/2.0m/s,-,N/A,,Clear
1997-1-19 7:00 PM,1.0°C,-,-15.0°C,30%,1013hPa,-,Calm,Calm,-,N/A,,Clear
1997-1-19 8:00 PM,-2.0°C,-,-16.0°C,34%,1013hPa,-,Calm,Calm,-,N/A,,Clear
1997-1-19 10:00 PM,-5.0°C,-8.3°C,-16.0°C,43%,1014hPa,10.0km,South,7.2km/h/2.0m/s,-,N/A,,Clear
1997-1-19 11:00 PM,-4.0°C,-,-16.0°C,40%,1014hPa,10.0km,Calm,Calm,-,N/A,,Clear
