Time (CST),Temp.,Dew Point,Humidity,Pressure,Visibility,Wind Dir,Wind Speed,Gust Speed,Precip,Events,Conditions
1998-10-8 12:00 AM,53.6°F,53.6°F,100%,30.04in,6.2mi,ESE,2.2mph,-,N/A,,Clear
1998-10-8 1:00 AM,55.4°F,51.8°F,88%,30.06in,6.2mi,ESE,2.2mph,-,N/A,,Clear
1998-10-8 2:00 AM,53.6°F,51.8°F,94%,30.06in,6.2mi,SE,2.2mph,-,N/A,,Clear
1998-10-8 3:00 AM,53.6°F,51.8°F,94%,30.06in,6.2mi,SE,2.2mph,-,N/A,,Clear
1998-10-8 4:00 AM,51.8°F,50.0°F,94%,30.06in,6.2mi,SE,2.2mph,-,N/A,,Clear
1998-10-8 5:00 AM,50.0°F,48.2°F,94%,30.06in,5.0mi,Calm,Calm,-,N/A,,Clear
1998-10-8 6:00 AM,50.0°F,50.0°F,100%,30.06in,5.0mi,Calm,Calm,-,N/A,,Clear
1998-10-8 7:00 AM,48.2°F,48.2°F,100%,30.06in,0.5mi,Calm,Calm,-,N/A,Fog,Fog
1998-10-8 8:00 AM,51.8°F,51.8°F,100%,30.09in,0.5mi,Calm,Calm,-,N/A,Fog,Fog
1998-10-8 9:00 AM,57.2°F,53.6°F,88%,30.09in,0.9mi,Calm,Calm,-,N/A,,Clear
1998-10-8 11:00 AM,66.2°F,55.4°F,68%,30.09in,2.5mi,Calm,Calm,-,N/A,,Clear
1998-10-8 12:00 PM,71.6°F,51.8°F,50%,30.06in,3.1mi,SW,2.2mph,-,N/A,,Smoke
1998-10-8 1:00 PM,73.4°F,51.8°F,47%,30.04in,3.1mi,SSE,2.2mph,-,N/A,,Smoke
1998-10-8 2:00 PM,78.8°F,50.0°F,36%,30.01in,3.7mi,West,2.2mph,-,N/A,,Clear
1998-10-8 4:00 PM,80.6°F,35.6°F,20%,29.98in,6.2mi,Calm,Calm,-,N/A,,Clear
1998-10-8 5:00 PM,78.8°F,41.0°F,26%,29.98in,-,Calm,Calm,-,N/A,,Clear
1998-10-8 6:00 PM,69.8°F,50.0°F,49%,30.01in,-,Calm,Calm,-,N/A,,Clear
1998-10-8 7:00 PM,66.2°F,50.0°F,56%,30.01in,4.3mi,ENE,2.2mph,-,N/A,,Scattered Clouds
1998-10-8 8:00 PM,69.8°F,55.4°F,60%,30.04in,3.7mi,East,8.9mph,-,N/A,,Scattered Clouds
1998-10-8 9:00 PM,68.0°F,57.2°F,68%,30.06in,3.1mi,East,13.4mph,-,N/A,,Sand
1998-10-8 10:00 PM,66.2°F,57.2°F,73%,30.06in,1.6mi,East,11.2mph,-,N/A,,Sand
1998-10-8 11:00 PM,66.2°F,57.2°F,73%,30.06in,1.4mi,East,11.2mph,-,N/A,,Sand
