Time (CST),Temp.,Windchill,Dew Point,Humidity,Pressure,Visibility,Wind Dir,Wind Speed,Gust Speed,Precip,Events,Conditions
1998-11-6 12:00 AM,51.8°F,-,15.8°F,24%,30.18in,-,WNW,13.4mph,-,N/A,,Clear
1998-11-6 1:00 AM,50.0°F,-,17.6°F,28%,30.21in,6.2mi,NE,2.2mph,-,N/A,,Clear
1998-11-6 2:00 AM,44.6°F,-,19.4°F,37%,30.21in,6.2mi,NW,2.2mph,-,N/A,,Clear
1998-11-6 4:00 AM,44.6°F,40.8°F,19.4°F,37%,30.21in,6.2mi,West,6.7mph,-,N/A,,Clear
1998-11-6 5:00 AM,44.6°F,39.8°F,19.4°F,37%,30.21in,6.2mi,WNW,8.9mph,-,N/A,,Clear
1998-11-6 6:00 AM,37.4°F,33.9°F,19.4°F,48%,30.24in,6.2mi,ESE,4.5mph,-,N/A,,Clear
1998-11-6 7:00 AM,32.0°F,-,21.2°F,64%,30.24in,6.2mi,ESE,2.2mph,-,N/A,,Clear
1998-11-6 8:00 AM,-,-,-,N/A%,30.27in,6.2mi,East,2.2mph,-,N/A,,Clear
1998-11-6 9:00 AM,48.2°F,-,21.2°F,34%,30.27in,6.2mi,Calm,Calm,-,N/A,,Clear
1998-11-6 10:00 AM,51.8°F,-,19.4°F,28%,30.27in,6.2mi,NW,4.5mph,-,N/A,,Clear
1998-11-6 11:00 AM,55.4°F,-,14.0°F,20%,30.27in,6.2mi,NW,8.9mph,-,N/A,,Clear
1998-11-6 12:00 PM,57.2°F,-,8.6°F,14%,30.24in,6.2mi,NW,11.2mph,-,N/A,,Clear
1998-11-6 1:00 PM,59.0°F,-,6.8°F,13%,30.21in,6.2mi,WSW,6.7mph,-,N/A,,Clear
1998-11-6 2:00 PM,59.0°F,-,14.0°F,17%,30.18in,6.2mi,WSW,4.5mph,-,N/A,,Clear
1998-11-6 3:00 PM,59.0°F,-,15.8°F,19%,30.18in,6.2mi,WSW,6.7mph,-,N/A,,Clear
1998-11-6 4:00 PM,59.0°F,-,17.6°F,20%,30.18in,6.2mi,SW,4.5mph,-,N/A,,Clear
1998-11-6 5:00 PM,57.2°F,-,17.6°F,21%,30.18in,6.2mi,SW,2.2mph,-,N/A,,Clear
1998-11-6 6:00 PM,55.4°F,-,17.6°F,23%,30.18in,6.2mi,Calm,Calm,-,N/A,,Clear
1998-11-6 7:00 PM,44.6°F,-,19.4°F,37%,30.18in,6.2mi,Calm,Calm,-,N/A,,Clear
1998-11-6 8:00 PM,41.0°F,-,21.2°F,45%,30.21in,6.2mi,SSE,2.2mph,-,N/A,,Clear
1998-11-6 9:00 PM,35.6°F,-,21.2°F,56%,30.21in,6.2mi,ESE,2.2mph,-,N/A,,Clear
1998-11-6 10:00 PM,33.8°F,-,21.2°F,60%,30.24in,6.2mi,ESE,2.2mph,-,N/A,,Clear
1998-11-6 11:00 PM,33.8°F,29.7°F,19.4°F,56%,30.24in,6.2mi,ESE,4.5mph,-,N/A,,Clear
