Time (CST),Temp.,Windchill,Dew Point,Humidity,Pressure,Visibility,Wind Dir,Wind Speed,Gust Speed,Precip,Events,Conditions
1998-11-19 1:00 AM,19.4°F,-,3.2°F,49%,30.18in,6.2mi,Calm,Calm,-,N/A,,Clear
1998-11-19 2:00 AM,17.6°F,-,3.2°F,53%,30.21in,6.2mi,Calm,Calm,-,N/A,,Clear
1998-11-19 3:00 AM,19.4°F,-,3.2°F,49%,30.21in,6.2mi,SE,2.2mph,-,N/A,,Clear
1998-11-19 4:00 AM,17.6°F,-,5.0°F,58%,30.21in,6.2mi,Calm,Calm,-,N/A,,Clear
1998-11-19 5:00 AM,19.4°F,-,6.8°F,58%,30.21in,6.2mi,Calm,Calm,-,N/A,,Clear
1998-11-19 7:00 AM,17.6°F,-,3.2°F,53%,30.24in,3.1mi,ENE,2.2mph,-,N/A,,Smoke
1998-11-19 8:00 AM,15.8°F,-,6.8°F,68%,30.27in,3.1mi,ESE,2.2mph,-,N/A,,Smoke
1998-11-19 9:00 AM,24.8°F,-,6.8°F,46%,30.30in,1.9mi,Calm,Calm,-,N/A,,Smoke
1998-11-19 10:00 AM,32.0°F,-,8.6°F,38%,30.30in,1.9mi,Calm,Calm,-,N/A,,Smoke
1998-11-19 11:00 AM,37.4°F,-,8.6°F,30%,30.27in,-,North,-,-,N/A,,Smoke
1998-11-19 1:00 PM,42.8°F,-,8.6°F,25%,30.24in,3.1mi,SSW,2.2mph,-,N/A,,Smoke
1998-11-19 2:00 PM,46.4°F,44.4°F,6.8°F,20%,30.21in,4.3mi,South,4.5mph,-,N/A,,Clear
1998-11-19 3:00 PM,48.2°F,-,6.8°F,19%,30.18in,6.2mi,SSW,4.5mph,-,N/A,,Clear
1998-11-19 4:00 PM,48.2°F,-,6.8°F,19%,30.18in,6.2mi,SSW,2.2mph,-,N/A,,Clear
1998-11-19 5:00 PM,42.8°F,-,8.6°F,25%,30.18in,6.2mi,Calm,Calm,-,N/A,,Clear
1998-11-19 6:00 PM,37.4°F,-,8.6°F,30%,30.21in,6.2mi,Calm,Calm,-,N/A,,Clear
1998-11-19 7:00 PM,30.2°F,25.5°F,8.6°F,40%,30.21in,6.2mi,ESE,4.5mph,-,N/A,,Clear
1998-11-19 8:00 PM,30.2°F,-,8.6°F,40%,30.21in,6.2mi,Calm,Calm,-,N/A,,Clear
1998-11-19 9:00 PM,26.6°F,-,8.6°F,47%,30.24in,6.2mi,SE,2.2mph,-,N/A,,Clear
1998-11-19 10:00 PM,26.6°F,21.3°F,8.6°F,47%,30.24in,6.2mi,ESE,4.5mph,-,N/A,,Clear
1998-11-19 11:00 PM,24.8°F,-,10.4°F,54%,30.24in,6.2mi,East,2.2mph,-,N/A,,Clear
