Time (CST),Temp.,Windchill,Dew Point,Humidity,Pressure,Visibility,Wind Dir,Wind Speed,Gust Speed,Precip,Events,Conditions
1998-2-17 12:00 AM,33.8°F,24.5°F,15.8°F,48%,30.36in,4.3mi,East,13.4mph,-,N/A,,Clear
1998-2-17 1:00 AM,33.8°F,24.5°F,15.8°F,48%,30.39in,3.7mi,East,13.4mph,-,N/A,,Clear
1998-2-17 2:00 AM,32.0°F,22.2°F,17.6°F,55%,30.39in,3.7mi,East,13.4mph,-,N/A,,Clear
1998-2-17 3:00 AM,-,-,-,N/A%,30.39in,3.1mi,East,13.4mph,-,N/A,,Clear
1998-2-17 4:00 AM,32.0°F,22.2°F,21.2°F,64%,30.39in,3.1mi,East,13.4mph,-,N/A,,Clear
1998-2-17 5:00 AM,32.0°F,23.2°F,21.2°F,64%,30.42in,3.1mi,East,11.2mph,-,N/A,,Clear
1998-2-17 6:00 AM,32.0°F,23.2°F,19.4°F,60%,30.42in,4.3mi,East,11.2mph,-,N/A,,Clear
1998-2-17 7:00 AM,30.2°F,23.5°F,17.6°F,60%,30.42in,5.0mi,ENE,6.7mph,-,N/A,,Clear
1998-2-17 8:00 AM,30.2°F,23.5°F,15.8°F,55%,30.39in,5.0mi,ENE,6.7mph,-,N/A,,Clear
1998-2-17 9:00 AM,32.0°F,22.2°F,15.8°F,51%,30.39in,-,ENE,13.4mph,-,N/A,,Clear
1998-2-17 10:00 AM,35.6°F,27.7°F,12.2°F,38%,30.39in,-,ENE,11.2mph,-,N/A,,Clear
1998-2-17 11:00 AM,39.2°F,32.2°F,10.4°F,31%,30.39in,-,East,11.2mph,-,N/A,,Clear
1998-2-17 12:00 PM,41.0°F,35.4°F,8.6°F,26%,30.36in,-,East,8.9mph,-,N/A,,Clear
1998-2-17 1:00 PM,42.8°F,37.6°F,6.8°F,23%,30.30in,-,East,8.9mph,-,N/A,,Clear
1998-2-17 2:00 PM,44.6°F,40.8°F,6.8°F,21%,30.27in,-,East,6.7mph,-,N/A,,Clear
1998-2-17 3:00 PM,46.4°F,42.0°F,5.0°F,18%,30.24in,-,ENE,8.9mph,-,N/A,,Clear
1998-2-17 4:00 PM,44.6°F,38.9°F,3.2°F,18%,30.21in,-,East,11.2mph,-,N/A,,Clear
1998-2-17 5:00 PM,44.6°F,38.9°F,3.2°F,18%,30.21in,-,ENE,11.2mph,-,N/A,,Clear
1998-2-17 6:00 PM,41.0°F,32.9°F,1.4°F,19%,30.21in,-,ENE,15.7mph,-,N/A,,Clear
1998-2-17 7:00 PM,39.2°F,30.0°F,1.4°F,21%,30.24in,-,ENE,17.9mph,-,N/A,,Clear
1998-2-17 8:00 PM,37.4°F,27.6°F,3.2°F,24%,30.24in,-,ENE,17.9mph,-,N/A,,Clear
1998-2-17 9:00 PM,35.6°F,24.7°F,3.2°F,26%,30.27in,-,East,20.1mph,-,N/A,,Clear
1998-2-17 10:00 PM,33.8°F,22.3°F,3.2°F,28%,30.27in,-,East,20.1mph,-,N/A,,Clear
1998-2-17 11:00 PM,33.8°F,23.0°F,5.0°F,30%,30.30in,-,East,17.9mph,-,N/A,,Clear
