Time (CST),Temp.,Windchill,Dew Point,Humidity,Pressure,Visibility,Wind Dir,Wind Speed,Gust Speed,Precip,Events,Conditions
1997-10-23 12:00 AM,17.0°C,-,-6.0°C,20%,1014hPa,4.0km,NNE,7.2km/h/2.0m/s,-,N/A,,Smoke
1997-10-23 1:00 AM,15.0°C,-,-5.0°C,25%,1014hPa,6.0km,NE,7.2km/h/2.0m/s,-,N/A,,Clear
1997-10-23 2:00 AM,14.0°C,-,-5.0°C,27%,1015hPa,6.0km,NNE,10.8km/h/3.0m/s,-,N/A,,Clear
1997-10-23 5:00 AM,11.0°C,-,-5.0°C,33%,1017hPa,8.0km,NNW,14.4km/h/4.0m/s,-,N/A,,Clear
1997-10-23 6:00 AM,11.0°C,-,-6.0°C,30%,1018hPa,10.0km,NNW,14.4km/h/4.0m/s,-,N/A,,Clear
1997-10-23 7:00 AM,10.0°C,-,-6.0°C,32%,1019hPa,10.0km,NNW,14.4km/h/4.0m/s,-,N/A,,Clear
1997-10-23 8:00 AM,10.0°C,-,-7.0°C,30%,1020hPa,-,North,21.6km/h/6.0m/s,-,N/A,,Clear
1997-10-23 9:00 AM,12.0°C,-,-7.0°C,26%,1021hPa,-,North,21.6km/h/6.0m/s,-,N/A,,Clear
1997-10-23 10:00 AM,13.0°C,-,-7.0°C,25%,1021hPa,-,North,25.2km/h/7.0m/s,-,N/A,,Clear
1997-10-23 11:00 AM,14.0°C,-,-8.0°C,21%,1022hPa,-,North,25.2km/h/7.0m/s,-,N/A,,Clear
1997-10-23 12:00 PM,14.0°C,-,-9.0°C,20%,1021hPa,-,NNW,28.8km/h/8.0m/s,-,N/A,,Clear
1997-10-23 1:00 PM,15.0°C,-,-11.0°C,16%,1021hPa,-,NNW,25.2km/h/7.0m/s,-,N/A,,Clear
1997-10-23 2:00 PM,15.0°C,-,-11.0°C,16%,1020hPa,-,North,21.6km/h/6.0m/s,-,N/A,,Clear
1997-10-23 3:00 PM,14.0°C,-,-11.0°C,17%,1020hPa,10.0km,NNW,18.0km/h/5.0m/s,-,N/A,,Mostly Cloudy
1997-10-23 4:00 PM,16.0°C,-,-12.0°C,14%,1021hPa,10.0km,NNW,18.0km/h/5.0m/s,-,N/A,,Mostly Cloudy
1997-10-23 5:00 PM,14.0°C,-,-13.0°C,14%,1020hPa,10.0km,North,21.6km/h/6.0m/s,-,N/A,,Mostly Cloudy
1997-10-23 6:00 PM,14.0°C,-,-13.0°C,14%,1020hPa,10.0km,North,18.0km/h/5.0m/s,-,N/A,,Mostly Cloudy
1997-10-23 7:00 PM,13.0°C,-,-12.0°C,17%,1021hPa,10.0km,North,18.0km/h/5.0m/s,-,N/A,,Mostly Cloudy
1997-10-23 8:00 PM,12.0°C,-,-12.0°C,18%,1022hPa,10.0km,North,10.8km/h/3.0m/s,-,N/A,,Scattered Clouds
1997-10-23 9:00 PM,11.0°C,-,-12.0°C,19%,1023hPa,-,North,10.8km/h/3.0m/s,-,N/A,,Clear
1997-10-23 10:00 PM,9.0°C,-,-12.0°C,22%,1024hPa,10.0km,North,10.8km/h/3.0m/s,-,N/A,,Clear
1997-10-23 11:00 PM,8.0°C,6.1°C,-12.0°C,23%,1024hPa,10.0km,NW,10.8km/h/3.0m/s,-,N/A,,Clear
