Time (CST),Temp.,Heat Index,Dew Point,Humidity,Pressure,Visibility,Wind Dir,Wind Speed,Gust Speed,Precip,Events,Conditions
1997-8-10 12:00 AM,18.0°C,-,12.0°C,68%,1009hPa,10.0km,North,7.2km/h/2.0m/s,-,N/A,,Clear
1997-8-10 1:00 AM,18.0°C,-,12.0°C,68%,1009hPa,10.0km,SW,7.2km/h/2.0m/s,-,N/A,,Clear
1997-8-10 2:00 AM,16.0°C,-,13.0°C,82%,1009hPa,10.0km,North,3.6km/h/1.0m/s,-,N/A,,Clear
1997-8-10 4:00 AM,13.0°C,-,11.0°C,88%,1009hPa,10.0km,SSE,3.6km/h/1.0m/s,-,N/A,,Clear
1997-8-10 5:00 AM,13.0°C,-,11.0°C,88%,1009hPa,10.0km,East,3.6km/h/1.0m/s,-,N/A,,Clear
1997-8-10 6:00 AM,13.0°C,-,11.0°C,88%,1009hPa,10.0km,SE,7.2km/h/2.0m/s,-,N/A,,Clear
1997-8-10 7:00 AM,16.0°C,-,13.0°C,82%,1009hPa,10.0km,SE,3.6km/h/1.0m/s,-,N/A,,Clear
1997-8-10 8:00 AM,19.0°C,-,13.0°C,68%,1009hPa,10.0km,SE,7.2km/h/2.0m/s,-,N/A,,Clear
1997-8-10 9:00 AM,22.0°C,-,13.0°C,57%,1009hPa,10.0km,SSE,7.2km/h/2.0m/s,-,N/A,,Clear
1997-8-10 10:00 AM,25.0°C,-,14.0°C,50%,1009hPa,10.0km,South,3.6km/h/1.0m/s,-,N/A,,Clear
1997-8-10 11:00 AM,27.0°C,27.1°C,14.0°C,45%,1008hPa,10.0km,SW,7.2km/h/2.0m/s,-,N/A,,Clear
1997-8-10 12:00 PM,28.0°C,27.8°C,14.0°C,42%,1006hPa,10.0km,SE,7.2km/h/2.0m/s,-,N/A,,Clear
1997-8-10 1:00 PM,30.0°C,29.4°C,14.0°C,37%,1006hPa,10.0km,WSW,3.6km/h/1.0m/s,-,N/A,,Clear
1997-8-10 2:00 PM,32.0°C,31.6°C,15.0°C,36%,1005hPa,10.0km,SW,10.8km/h/3.0m/s,-,N/A,,Partly Cloudy
1997-8-10 3:00 PM,32.0°C,-,11.0°C,27%,1004hPa,10.0km,West,7.2km/h/2.0m/s,-,N/A,,Partly Cloudy
1997-8-10 4:00 PM,33.0°C,31.7°C,12.0°C,28%,1004hPa,10.0km,WSW,3.6km/h/1.0m/s,-,N/A,,Scattered Clouds
1997-8-10 5:00 PM,32.0°C,30.9°C,13.0°C,31%,1004hPa,10.0km,West,10.8km/h/3.0m/s,-,N/A,,Scattered Clouds
1997-8-10 6:00 PM,29.0°C,-,10.0°C,30%,1005hPa,10.0km,North,21.6km/h/6.0m/s,-,N/A,,Partly Cloudy
1997-8-10 7:00 PM,27.0°C,26.8°C,12.0°C,39%,1005hPa,10.0km,North,10.8km/h/3.0m/s,-,N/A,,Mostly Cloudy
1997-8-10 8:00 PM,26.0°C,-,11.0°C,39%,1006hPa,10.0km,Calm,Calm,-,N/A,,Mostly Cloudy
1997-8-10 9:00 PM,23.0°C,-,12.0°C,50%,1006hPa,10.0km,SE,7.2km/h/2.0m/s,-,N/A,,Partly Cloudy
1997-8-10 10:00 PM,22.0°C,-,13.0°C,57%,1006hPa,10.0km,ENE,10.8km/h/3.0m/s,-,N/A,,Scattered Clouds
1997-8-10 11:00 PM,19.0°C,-,14.0°C,73%,1006hPa,10.0km,SSE,7.2km/h/2.0m/s,-,N/A,,Scattered Clouds
