Time (CST),Temp.,Dew Point,Humidity,Pressure,Visibility,Wind Dir,Wind Speed,Gust Speed,Precip,Events,Conditions
1998-11-10 12:00 AM,33.8°F,21.2°F,60%,30.21in,6.2mi,East,2.2mph,-,N/A,,Clear
1998-11-10 1:00 AM,35.6°F,21.2°F,56%,30.21in,6.2mi,Calm,Calm,-,N/A,,Clear
1998-11-10 2:00 AM,32.0°F,21.2°F,64%,30.21in,6.2mi,Calm,Calm,-,N/A,,Clear
1998-11-10 3:00 AM,32.0°F,21.2°F,64%,30.21in,6.2mi,ESE,2.2mph,-,N/A,,Clear
1998-11-10 4:00 AM,30.2°F,21.2°F,69%,30.21in,6.2mi,ESE,2.2mph,-,N/A,,Clear
1998-11-10 5:00 AM,30.2°F,21.2°F,69%,30.21in,6.2mi,Calm,Calm,-,N/A,,Clear
1998-11-10 6:00 AM,30.2°F,21.2°F,69%,30.21in,6.2mi,Calm,Calm,-,N/A,,Clear
1998-11-10 7:00 AM,28.4°F,21.2°F,74%,30.21in,6.2mi,SE,2.2mph,-,N/A,,Clear
1998-11-10 8:00 AM,30.2°F,23.0°F,75%,30.24in,6.2mi,SE,2.2mph,-,N/A,,Clear
1998-11-10 10:00 AM,42.8°F,23.0°F,46%,30.24in,6.2mi,SE,2.2mph,-,N/A,,Clear
1998-11-10 11:00 AM,46.4°F,23.0°F,40%,30.24in,6.2mi,South,2.2mph,-,N/A,,Clear
1998-11-10 12:00 PM,50.0°F,23.0°F,35%,30.21in,6.2mi,Calm,Calm,-,N/A,,Clear
1998-11-10 1:00 PM,53.6°F,24.8°F,33%,30.15in,6.2mi,Calm,Calm,-,N/A,,Clear
1998-11-10 2:00 PM,57.2°F,24.8°F,29%,30.12in,6.2mi,SSW,6.7mph,-,N/A,,Clear
1998-11-10 3:00 PM,59.0°F,24.8°F,27%,30.12in,6.2mi,SSE,2.2mph,-,N/A,,Clear
1998-11-10 4:00 PM,59.0°F,24.8°F,27%,30.12in,6.2mi,Calm,Calm,-,N/A,,Clear
1998-11-10 5:00 PM,53.6°F,26.6°F,35%,30.09in,6.2mi,Calm,Calm,-,N/A,,Clear
1998-11-10 6:00 PM,48.2°F,24.8°F,40%,30.12in,4.3mi,Calm,Calm,-,N/A,,Clear
1998-11-10 7:00 PM,44.6°F,24.8°F,46%,30.12in,6.2mi,Calm,Calm,-,N/A,,Clear
1998-11-10 8:00 PM,41.0°F,24.8°F,53%,30.15in,6.2mi,ESE,2.2mph,-,N/A,,Clear
1998-11-10 9:00 PM,39.2°F,24.8°F,56%,30.18in,6.2mi,SE,2.2mph,-,N/A,,Clear
1998-11-10 10:00 PM,39.2°F,24.8°F,56%,30.18in,6.2mi,ESE,2.2mph,-,N/A,,Clear
1998-11-10 11:00 PM,39.2°F,24.8°F,56%,30.21in,6.2mi,Calm,Calm,-,N/A,,Clear
