Time (CST),Temp.,Windchill,Dew Point,Humidity,Pressure,Visibility,Wind Dir,Wind Speed,Gust Speed,Precip,Events,Conditions
1997-12-21 12:00 AM,-3.0°C,-,-14.0°C,43%,1028hPa,3.5km,East,3.6km/h/1.0m/s,-,N/A,,Smoke
1997-12-21 1:00 AM,-6.0°C,-,-14.0°C,54%,1028hPa,3.5km,ESE,3.6km/h/1.0m/s,-,N/A,,Smoke
1997-12-21 2:00 AM,-7.0°C,-,-14.0°C,58%,1028hPa,3.5km,Calm,Calm,-,N/A,,Smoke
1997-12-21 3:00 AM,-5.0°C,-8.3°C,-12.0°C,59%,1028hPa,4.0km,SE,7.2km/h/2.0m/s,-,N/A,,Smoke
1997-12-21 4:00 AM,-5.0°C,-,-13.0°C,54%,1028hPa,2.9km,East,3.6km/h/1.0m/s,-,N/A,,Smoke
1997-12-21 5:00 AM,-4.0°C,-,-13.0°C,50%,1027hPa,3.0km,ESE,3.6km/h/1.0m/s,-,N/A,,Smoke
1997-12-21 6:00 AM,-5.0°C,-8.3°C,-12.0°C,59%,1028hPa,3.0km,East,7.2km/h/2.0m/s,-,N/A,,Smoke
1997-12-21 7:00 AM,-3.0°C,-7.1°C,-13.0°C,47%,1029hPa,5.0km,East,10.8km/h/3.0m/s,-,N/A,,Smoke
1997-12-21 8:00 AM,-4.0°C,-,-13.0°C,50%,1029hPa,3.0km,Calm,Calm,-,N/A,,Smoke
1997-12-21 9:00 AM,-4.0°C,-7.1°C,-11.0°C,59%,1030hPa,3.0km,ESE,7.2km/h/2.0m/s,-,N/A,,Smoke
1997-12-21 10:00 AM,-2.0°C,-6.7°C,-10.0°C,55%,1031hPa,3.5km,East,14.4km/h/4.0m/s,-,N/A,,Smoke
1997-12-21 11:00 AM,0.0°C,-4.3°C,-9.0°C,51%,1030hPa,4.0km,East,14.4km/h/4.0m/s,-,N/A,,Smoke
1997-12-21 12:00 PM,1.0°C,-1.3°C,-12.0°C,38%,1030hPa,8.0km,North,7.2km/h/2.0m/s,-,N/A,,Partly Cloudy
1997-12-21 1:00 PM,2.0°C,-0.1°C,-11.0°C,38%,1029hPa,7.0km,NNE,7.2km/h/2.0m/s,-,N/A,,Partly Cloudy
1997-12-21 2:00 PM,3.0°C,-,-11.0°C,36%,1028hPa,7.0km,Calm,Calm,-,N/A,,Clear
1997-12-21 3:00 PM,4.0°C,-,-10.0°C,36%,1028hPa,10.0km,SSE,3.6km/h/1.0m/s,-,N/A,,Clear
1997-12-21 4:00 PM,4.0°C,-,-9.0°C,39%,1028hPa,10.0km,Calm,Calm,-,N/A,,Clear
1997-12-21 5:00 PM,2.0°C,-,-9.0°C,44%,1028hPa,8.0km,Calm,Calm,-,N/A,,Clear
1997-12-21 6:00 PM,-3.0°C,-,-11.0°C,55%,1028hPa,3.0km,Calm,Calm,-,N/A,,Smoke
1997-12-21 7:00 PM,-3.0°C,-,-10.0°C,59%,1029hPa,3.0km,South,3.6km/h/1.0m/s,-,N/A,,Smoke
1997-12-21 8:00 PM,-4.0°C,-7.1°C,-10.0°C,64%,1030hPa,3.0km,ESE,7.2km/h/2.0m/s,-,N/A,,Smoke
1997-12-21 9:00 PM,-3.0°C,-7.1°C,-8.0°C,69%,1030hPa,3.0km,East,10.8km/h/3.0m/s,-,N/A,,Smoke
1997-12-21 10:00 PM,-4.0°C,-,-9.0°C,69%,1031hPa,3.0km,Calm,Calm,-,N/A,,Smoke
1997-12-21 11:00 PM,-6.0°C,-9.4°C,-10.0°C,74%,1030hPa,2.4km,ESE,7.2km/h/2.0m/s,-,N/A,,Smoke
