Time (CST),Temp.,Heat Index,Dew Point,Humidity,Pressure,Visibility,Wind Dir,Wind Speed,Gust Speed,Precip,Events,Conditions
1997-6-4 12:00 AM,13.0°C,-,8.0°C,72%,1012hPa,10.0km,NE,21.6km/h/6.0m/s,-,N/A,,Clear
1997-6-4 1:00 AM,13.0°C,-,7.0°C,67%,1011hPa,10.0km,NE,14.4km/h/4.0m/s,-,N/A,,Clear
1997-6-4 2:00 AM,13.0°C,-,7.0°C,67%,1011hPa,10.0km,Calm,Calm,-,N/A,,Clear
1997-6-4 3:00 AM,13.0°C,-,9.0°C,77%,1011hPa,10.0km,Calm,Calm,-,N/A,,Clear
1997-6-4 4:00 AM,12.0°C,-,8.0°C,77%,1010hPa,10.0km,Calm,Calm,-,N/A,,Clear
1997-6-4 5:00 AM,12.0°C,-,7.0°C,72%,1010hPa,10.0km,Calm,Calm,-,N/A,,Clear
1997-6-4 6:00 AM,11.0°C,-,7.0°C,76%,1010hPa,10.0km,Calm,Calm,-,N/A,,Clear
1997-6-4 7:00 AM,12.0°C,-,7.0°C,72%,1010hPa,10.0km,Calm,Calm,-,N/A,,Clear
1997-6-4 8:00 AM,14.0°C,-,8.0°C,67%,1010hPa,-,South,7.2km/h/2.0m/s,-,N/A,,Clear
1997-6-4 9:00 AM,16.0°C,-,8.0°C,59%,1010hPa,-,SSE,10.8km/h/3.0m/s,-,N/A,,Clear
1997-6-4 10:00 AM,18.0°C,-,9.0°C,56%,1009hPa,-,SSW,3.6km/h/1.0m/s,-,N/A,,Clear
1997-6-4 11:00 AM,21.0°C,-,10.0°C,49%,1008hPa,-,South,14.4km/h/4.0m/s,-,N/A,,Clear
1997-6-4 12:00 PM,22.0°C,-,10.0°C,46%,1006hPa,-,South,21.6km/h/6.0m/s,-,N/A,,Clear
1997-6-4 1:00 PM,25.0°C,-,10.0°C,39%,1005hPa,-,WSW,28.8km/h/8.0m/s,-,N/A,,Clear
1997-6-4 2:00 PM,25.0°C,-,11.0°C,41%,1003hPa,-,SSW,18.0km/h/5.0m/s,-,N/A,,Clear
1997-6-4 3:00 PM,30.0°C,-,11.0°C,31%,1002hPa,-,SSW,32.4km/h/9.0m/s,-,N/A,,Clear
1997-6-4 4:00 PM,31.0°C,-,11.0°C,29%,1000hPa,-,SW,32.4km/h/9.0m/s,-,N/A,,Clear
1997-6-4 5:00 PM,31.0°C,30.0°C,13.0°C,33%,999hPa,-,West,25.2km/h/7.0m/s,-,N/A,,Clear
1997-6-4 6:00 PM,32.0°C,-,8.0°C,22%,998hPa,-,SW,32.4km/h/9.0m/s,-,N/A,,Clear
1997-6-4 7:00 PM,31.0°C,-,5.0°C,19%,999hPa,-,WSW,25.2km/h/7.0m/s,-,N/A,,Clear
1997-6-4 8:00 PM,30.0°C,-,5.0°C,20%,999hPa,10.0km,WSW,32.4km/h/9.0m/s,-,N/A,,Scattered Clouds
1997-6-4 9:00 PM,28.0°C,-,8.0°C,28%,1000hPa,10.0km,East,10.8km/h/3.0m/s,-,N/A,,Partly Cloudy
1997-6-4 10:00 PM,25.0°C,-,10.0°C,39%,1001hPa,10.0km,WNW,10.8km/h/3.0m/s,-,N/A,,Clear
1997-6-4 11:00 PM,23.0°C,-,10.0°C,44%,1002hPa,10.0km,South,18.0km/h/5.0m/s,-,N/A,,Clear
