Time (CST),Temp.,Dew Point,Humidity,Pressure,Visibility,Wind Dir,Wind Speed,Gust Speed,Precip,Events,Conditions
1997-5-24 12:00 AM,18.0°C,2.0°C,34%,1014hPa,10.0km,South,7.2km/h/2.0m/s,-,N/A,,Clear
1997-5-24 1:00 AM,17.0°C,2.0°C,37%,1014hPa,10.0km,ESE,7.2km/h/2.0m/s,-,N/A,,Clear
1997-5-24 2:00 AM,16.0°C,2.0°C,39%,1014hPa,10.0km,Calm,Calm,-,N/A,,Clear
1997-5-24 3:00 AM,15.0°C,2.0°C,42%,1014hPa,10.0km,Calm,Calm,-,N/A,,Clear
1997-5-24 5:00 AM,13.0°C,2.0°C,47%,1014hPa,10.0km,NNE,7.2km/h/2.0m/s,-,N/A,,Clear
1997-5-24 6:00 AM,12.0°C,1.0°C,47%,1015hPa,10.0km,SSE,7.2km/h/2.0m/s,-,N/A,,Clear
1997-5-24 7:00 AM,14.0°C,1.0°C,41%,1015hPa,10.0km,ESE,7.2km/h/2.0m/s,-,N/A,,Clear
1997-5-24 8:00 AM,18.0°C,2.0°C,34%,1015hPa,10.0km,Calm,Calm,-,N/A,,Clear
1997-5-24 9:00 AM,21.0°C,3.0°C,31%,1015hPa,10.0km,Calm,Calm,-,N/A,,Clear
1997-5-24 10:00 AM,23.0°C,3.0°C,27%,1014hPa,10.0km,Calm,Calm,-,N/A,,Clear
1997-5-24 11:00 AM,25.0°C,6.0°C,29%,1014hPa,10.0km,SW,18.0km/h/5.0m/s,-,N/A,,Clear
1997-5-24 12:00 PM,27.0°C,7.0°C,28%,1013hPa,10.0km,Calm,Calm,-,N/A,,Clear
1997-5-24 1:00 PM,28.0°C,6.0°C,25%,1011hPa,10.0km,WSW,25.2km/h/7.0m/s,-,N/A,,Clear
1997-5-24 2:00 PM,29.0°C,1.0°C,16%,1010hPa,10.0km,West,7.2km/h/2.0m/s,-,N/A,,Clear
1997-5-24 3:00 PM,29.0°C,1.0°C,16%,1009hPa,10.0km,West,7.2km/h/2.0m/s,-,N/A,,Clear
1997-5-24 4:00 PM,30.0°C,-1.0°C,13%,1008hPa,10.0km,SW,21.6km/h/6.0m/s,-,N/A,,Clear
1997-5-24 5:00 PM,31.0°C,-2.0°C,12%,1007hPa,10.0km,SW,21.6km/h/6.0m/s,-,N/A,,Partly Cloudy
1997-5-24 6:00 PM,31.0°C,2.0°C,16%,1006hPa,10.0km,WSW,14.4km/h/4.0m/s,-,N/A,,Scattered Clouds
1997-5-24 7:00 PM,28.0°C,2.0°C,19%,1006hPa,10.0km,SW,18.0km/h/5.0m/s,-,N/A,,Scattered Clouds
1997-5-24 8:00 PM,26.0°C,1.0°C,20%,1007hPa,10.0km,SW,28.8km/h/8.0m/s,-,N/A,,Scattered Clouds
1997-5-24 9:00 PM,25.0°C,2.0°C,22%,1007hPa,10.0km,WSW,21.6km/h/6.0m/s,-,N/A,,Scattered Clouds
1997-5-24 10:00 PM,24.0°C,3.0°C,25%,1007hPa,10.0km,WSW,25.2km/h/7.0m/s,-,N/A,,Scattered Clouds
1997-5-24 11:00 PM,23.0°C,5.0°C,31%,1007hPa,10.0km,West,10.8km/h/3.0m/s,-,N/A,,Scattered Clouds
