Time (CST),Temp.,Windchill,Dew Point,Humidity,Pressure,Visibility,Wind Dir,Wind Speed,Gust Speed,Precip,Events,Conditions
1997-12-16 12:00 AM,-4.0°C,-7.1°C,-14.0°C,46%,1023hPa,2.6km,ESE,7.2km/h/2.0m/s,-,N/A,,Smoke
1997-12-16 1:00 AM,-4.0°C,-,-13.0°C,50%,1023hPa,2.6km,Calm,Calm,-,N/A,,Smoke
1997-12-16 2:00 AM,-5.0°C,-,-13.0°C,54%,1023hPa,2.6km,NE,3.6km/h/1.0m/s,-,N/A,,Smoke
1997-12-16 3:00 AM,-6.0°C,-,-14.0°C,54%,1022hPa,2.6km,Calm,Calm,-,N/A,,Smoke
1997-12-16 4:00 AM,-8.0°C,-,-14.0°C,63%,1022hPa,2.6km,Calm,Calm,-,N/A,,Smoke
1997-12-16 5:00 AM,-7.0°C,-,-14.0°C,58%,1022hPa,2.6km,East,3.6km/h/1.0m/s,-,N/A,,Smoke
1997-12-16 6:00 AM,-7.0°C,-,-14.0°C,58%,1021hPa,2.2km,Calm,Calm,-,N/A,,Smoke
1997-12-16 7:00 AM,-7.0°C,-,-14.0°C,58%,1021hPa,2.2km,Calm,Calm,-,N/A,,Smoke
1997-12-16 8:00 AM,-6.0°C,-,-13.0°C,58%,1021hPa,1.6km,SSE,3.6km/h/1.0m/s,-,N/A,,Smoke
1997-12-16 9:00 AM,-4.0°C,-,-13.0°C,50%,1022hPa,1.3km,NNE,3.6km/h/1.0m/s,-,N/A,,Smoke
1997-12-16 10:00 AM,-2.0°C,-,-13.0°C,43%,1022hPa,1.0km,WNW,3.6km/h/1.0m/s,-,N/A,,Smoke
1997-12-16 11:00 AM,0.0°C,-,-13.0°C,38%,1022hPa,1.0km,WSW,3.6km/h/1.0m/s,-,N/A,,Smoke
1997-12-16 12:00 PM,2.0°C,-,-13.0°C,33%,1021hPa,1.2km,Calm,Calm,-,N/A,,Smoke
1997-12-16 1:00 PM,4.0°C,-,-13.0°C,28%,1019hPa,1.2km,WSW,3.6km/h/1.0m/s,-,N/A,,Smoke
1997-12-16 2:00 PM,4.0°C,2.2°C,-13.0°C,28%,1018hPa,2.0km,South,7.2km/h/2.0m/s,-,N/A,,Smoke
1997-12-16 3:00 PM,5.0°C,-,-14.0°C,24%,1018hPa,2.2km,SW,3.6km/h/1.0m/s,-,N/A,,Smoke
1997-12-16 4:00 PM,5.0°C,-,-14.0°C,24%,1018hPa,2.0km,WSW,3.6km/h/1.0m/s,-,N/A,,Smoke
1997-12-16 5:00 PM,3.0°C,-,-13.0°C,30%,1018hPa,1.5km,Calm,Calm,-,N/A,,Smoke
1997-12-16 6:00 PM,-1.0°C,-,-14.0°C,37%,1018hPa,1.4km,East,3.6km/h/1.0m/s,-,N/A,,Smoke
1997-12-16 7:00 PM,-4.0°C,-,-13.0°C,50%,1019hPa,1.4km,ESE,3.6km/h/1.0m/s,-,N/A,,Smoke
1997-12-16 8:00 PM,-3.0°C,-,-13.0°C,47%,1019hPa,1.8km,SE,3.6km/h/1.0m/s,-,N/A,,Smoke
1997-12-16 9:00 PM,-5.0°C,-8.3°C,-14.0°C,50%,1019hPa,2.0km,ESE,7.2km/h/2.0m/s,-,N/A,,Smoke
1997-12-16 10:00 PM,-6.0°C,-,-14.0°C,54%,1020hPa,2.0km,East,3.6km/h/1.0m/s,-,N/A,,Smoke
1997-12-16 11:00 PM,-6.0°C,-9.4°C,-13.0°C,58%,1020hPa,1.6km,SE,7.2km/h/2.0m/s,-,N/A,,Smoke
