Time (CST),Temp.,Heat Index,Dew Point,Humidity,Pressure,Visibility,Wind Dir,Wind Speed,Gust Speed,Precip,Events,Conditions
1997-6-26 12:00 AM,22.0°C,-,17.0°C,73%,1009hPa,8.0km,ENE,28.8km/h/8.0m/s,-,N/A,,Mostly Cloudy
1997-6-26 1:00 AM,22.0°C,-,16.0°C,69%,1009hPa,-,East,25.2km/h/7.0m/s,-,N/A,,Clear
1997-6-26 2:00 AM,21.0°C,-,16.0°C,73%,1009hPa,-,NNW,7.2km/h/2.0m/s,-,N/A,,Clear
1997-6-26 3:00 AM,22.0°C,-,16.0°C,69%,1010hPa,-,North,21.6km/h/6.0m/s,-,N/A,,Clear
1997-6-26 4:00 AM,19.0°C,-,16.0°C,83%,1011hPa,10.0km,North,21.6km/h/6.0m/s,-,N/A,Rain,Light Rain
1997-6-26 5:00 AM,18.0°C,-,18.0°C,100%,1010hPa,10.0km,Calm,Calm,-,N/A,Rain,Light Rain
1997-6-26 6:00 AM,17.0°C,-,17.0°C,100%,1008hPa,8.0km,WNW,21.6km/h/6.0m/s,-,N/A,,Mostly Cloudy
1997-6-26 7:00 AM,19.0°C,-,16.0°C,83%,1010hPa,6.0km,NNE,10.8km/h/3.0m/s,-,N/A,,Mostly Cloudy
1997-6-26 8:00 AM,20.0°C,-,17.0°C,83%,1011hPa,10.0km,North,14.4km/h/4.0m/s,-,N/A,,Mostly Cloudy
1997-6-26 9:00 AM,22.0°C,-,16.0°C,69%,1011hPa,-,NE,10.8km/h/3.0m/s,-,N/A,,Clear
1997-6-26 10:00 AM,22.0°C,-,16.0°C,69%,1010hPa,10.0km,North,10.8km/h/3.0m/s,-,N/A,,Mostly Cloudy
1997-6-26 11:00 AM,22.0°C,-,17.0°C,73%,1010hPa,-,NNW,14.4km/h/4.0m/s,-,N/A,,Clear
1997-6-26 12:00 PM,23.0°C,-,17.0°C,69%,1010hPa,-,NNW,18.0km/h/5.0m/s,-,N/A,,Clear
1997-6-26 1:00 PM,26.0°C,-,16.0°C,54%,1009hPa,-,ENE,25.2km/h/7.0m/s,-,N/A,,Clear
1997-6-26 2:00 PM,27.0°C,27.5°C,16.0°C,51%,1008hPa,-,ENE,18.0km/h/5.0m/s,-,N/A,,Clear
1997-6-26 3:00 PM,28.0°C,27.8°C,14.0°C,42%,1008hPa,-,East,18.0km/h/5.0m/s,-,N/A,,Clear
1997-6-26 4:00 PM,28.0°C,27.8°C,14.0°C,42%,1008hPa,-,East,21.6km/h/6.0m/s,-,N/A,,Clear
1997-6-26 6:00 PM,26.0°C,-,14.0°C,47%,1007hPa,-,ENE,28.8km/h/8.0m/s,-,N/A,,Clear
1997-6-26 7:00 PM,25.0°C,-,15.0°C,54%,1008hPa,-,East,21.6km/h/6.0m/s,-,N/A,,Clear
1997-6-26 8:00 PM,24.0°C,-,15.0°C,57%,1008hPa,-,East,25.2km/h/7.0m/s,-,N/A,,Clear
1997-6-26 9:00 PM,23.0°C,-,14.0°C,57%,1009hPa,-,ENE,25.2km/h/7.0m/s,-,N/A,,Clear
1997-6-26 10:00 PM,23.0°C,-,14.0°C,57%,1009hPa,-,East,25.2km/h/7.0m/s,-,N/A,,Clear
1997-6-26 11:00 PM,22.0°C,-,15.0°C,64%,1009hPa,-,East,21.6km/h/6.0m/s,-,N/A,,Clear
