Time (CST),Temp.,Windchill,Dew Point,Humidity,Pressure,Visibility,Wind Dir,Wind Speed,Gust Speed,Precip,Events,Conditions
1997-3-10 12:00 AM,10.0°C,-,5.0°C,71%,1015hPa,-,ESE,7.2km/h/2.0m/s,-,N/A,,Clear
1997-3-10 1:00 AM,10.0°C,-,5.0°C,71%,1016hPa,-,East,7.2km/h/2.0m/s,-,N/A,,Clear
1997-3-10 2:00 AM,10.0°C,-,5.0°C,71%,1016hPa,-,Calm,Calm,-,N/A,,Clear
1997-3-10 3:00 AM,8.0°C,-,4.0°C,76%,1016hPa,-,Calm,Calm,-,N/A,,Clear
1997-3-10 4:00 AM,7.0°C,-,3.0°C,76%,1016hPa,-,Calm,Calm,-,N/A,,Clear
1997-3-10 5:00 AM,6.0°C,4.5°C,2.0°C,76%,1017hPa,-,NNW,7.2km/h/2.0m/s,-,N/A,,Clear
1997-3-10 6:00 AM,6.0°C,-,2.0°C,76%,1017hPa,3.0km,Calm,Calm,-,N/A,,Overcast
1997-3-10 7:00 AM,5.0°C,-,3.0°C,87%,1018hPa,1.1km,Calm,Calm,-,N/A,,Overcast
1997-3-10 8:00 AM,5.0°C,-,2.0°C,81%,1019hPa,1.1km,Calm,Calm,-,N/A,,Overcast
1997-3-10 9:00 AM,8.0°C,6.9°C,3.0°C,71%,1019hPa,1.2km,NNE,7.2km/h/2.0m/s,-,N/A,,Scattered Clouds
1997-3-10 10:00 AM,11.0°C,-,4.0°C,62%,1019hPa,1.4km,ENE,7.2km/h/2.0m/s,-,N/A,,Smoke
1997-3-10 11:00 AM,14.0°C,-,4.0°C,51%,1019hPa,2.5km,Calm,Calm,-,N/A,,Smoke
1997-3-10 12:00 PM,16.0°C,-,0.0°C,34%,1019hPa,10.0km,West,7.2km/h/2.0m/s,-,N/A,,Clear
1997-3-10 1:00 PM,17.0°C,-,-2.0°C,27%,1018hPa,-,WNW,10.8km/h/3.0m/s,-,N/A,,Clear
1997-3-10 2:00 PM,18.0°C,-,-2.0°C,26%,1017hPa,-,Calm,Calm,-,N/A,,Clear
1997-3-10 3:00 PM,20.0°C,-,0.0°C,26%,1016hPa,-,North,10.8km/h/3.0m/s,-,N/A,,Clear
1997-3-10 4:00 PM,20.0°C,-,-2.0°C,23%,1015hPa,-,ESE,7.2km/h/2.0m/s,-,N/A,,Clear
1997-3-10 5:00 PM,20.0°C,-,3.0°C,33%,1015hPa,-,SSW,10.8km/h/3.0m/s,-,N/A,,Clear
1997-3-10 6:00 PM,18.0°C,-,1.0°C,32%,1015hPa,-,West,10.8km/h/3.0m/s,-,N/A,,Clear
1997-3-10 7:00 PM,17.0°C,-,-3.0°C,26%,1016hPa,-,ENE,14.4km/h/4.0m/s,-,N/A,,Clear
1997-3-10 8:00 PM,16.0°C,-,-8.0°C,19%,1016hPa,10.0km,East,21.6km/h/6.0m/s,-,N/A,,Overcast
1997-3-10 9:00 PM,15.0°C,-,-7.0°C,22%,1017hPa,10.0km,East,10.8km/h/3.0m/s,-,N/A,,Overcast
1997-3-10 10:00 PM,14.0°C,-,-6.0°C,25%,1017hPa,10.0km,ENE,18.0km/h/5.0m/s,-,N/A,,Overcast
