Time (CST),Temp.,Windchill,Dew Point,Humidity,Pressure,Visibility,Wind Dir,Wind Speed,Gust Speed,Precip,Events,Conditions
1997-4-4 12:00 AM,4.0°C,-,3.0°C,93%,1020hPa,10.0km,Calm,Calm,-,N/A,,Mostly Cloudy
1997-4-4 1:00 AM,4.0°C,-,3.0°C,93%,1020hPa,10.0km,Calm,Calm,-,N/A,,Mostly Cloudy
1997-4-4 2:00 AM,4.0°C,-,2.0°C,87%,1020hPa,10.0km,Calm,Calm,-,N/A,,Mostly Cloudy
1997-4-4 3:00 AM,4.0°C,-,3.0°C,93%,1019hPa,10.0km,Calm,Calm,-,N/A,,Mostly Cloudy
1997-4-4 4:00 AM,4.0°C,-,4.0°C,100%,1019hPa,6.0km,Calm,Calm,-,N/A,,Mostly Cloudy
1997-4-4 5:00 AM,4.0°C,-,4.0°C,100%,1019hPa,4.0km,Calm,Calm,-,N/A,,Overcast
1997-4-4 6:00 AM,4.0°C,-,4.0°C,100%,1019hPa,1.5km,Calm,Calm,-,N/A,,Overcast
1997-4-4 7:00 AM,5.0°C,-,4.0°C,93%,1019hPa,1.0km,Calm,Calm,-,N/A,,Overcast
1997-4-4 8:00 AM,5.0°C,-,4.0°C,93%,1020hPa,1.0km,Calm,Calm,-,N/A,,Overcast
1997-4-4 9:00 AM,6.0°C,3.7°C,3.0°C,81%,1020hPa,7.0km,SW,10.8km/h/3.0m/s,-,N/A,,Overcast
1997-4-4 10:00 AM,7.0°C,5.7°C,3.0°C,76%,1020hPa,8.0km,West,7.2km/h/2.0m/s,-,N/A,,Mostly Cloudy
1997-4-4 11:00 AM,8.0°C,5.6°C,3.0°C,71%,1019hPa,7.0km,SW,14.4km/h/4.0m/s,-,N/A,,Mostly Cloudy
1997-4-4 12:00 PM,10.0°C,-,3.0°C,62%,1018hPa,6.0km,SSW,18.0km/h/5.0m/s,-,N/A,,Scattered Clouds
1997-4-4 2:00 PM,13.0°C,-,4.0°C,54%,1016hPa,9.0km,SSW,14.4km/h/4.0m/s,-,N/A,,Scattered Clouds
1997-4-4 3:00 PM,14.0°C,-,2.0°C,44%,1015hPa,-,South,18.0km/h/5.0m/s,-,N/A,,Clear
1997-4-4 4:00 PM,15.0°C,-,1.0°C,39%,1014hPa,-,South,14.4km/h/4.0m/s,-,N/A,,Clear
1997-4-4 5:00 PM,15.0°C,-,2.0°C,42%,1013hPa,-,SW,18.0km/h/5.0m/s,-,N/A,,Clear
1997-4-4 8:00 PM,12.0°C,-,3.0°C,54%,1014hPa,10.0km,ESE,3.6km/h/1.0m/s,-,N/A,,Clear
1997-4-4 9:00 PM,11.0°C,-,2.0°C,54%,1014hPa,10.0km,ESE,10.8km/h/3.0m/s,-,N/A,,Clear
1997-4-4 10:00 PM,9.0°C,-,3.0°C,66%,1014hPa,10.0km,SE,10.8km/h/3.0m/s,-,N/A,,Clear
1997-4-4 11:00 PM,8.0°C,6.9°C,3.0°C,71%,1014hPa,10.0km,East,7.2km/h/2.0m/s,-,N/A,,Clear
