Time (CST),Temp.,Heat Index,Dew Point,Humidity,Pressure,Visibility,Wind Dir,Wind Speed,Gust Speed,Precip,Events,Conditions
1997-8-29 12:00 AM,23.0°C,-,14.0°C,57%,1011hPa,-,East,21.6km/h/6.0m/s,-,N/A,,Clear
1997-8-29 1:00 AM,23.0°C,-,17.0°C,69%,1011hPa,-,East,18.0km/h/5.0m/s,-,N/A,,Clear
1997-8-29 2:00 AM,23.0°C,-,17.0°C,69%,1011hPa,-,East,7.2km/h/2.0m/s,-,N/A,,Clear
1997-8-29 3:00 AM,22.0°C,-,17.0°C,73%,1011hPa,-,East,7.2km/h/2.0m/s,-,N/A,,Clear
1997-8-29 4:00 AM,23.0°C,-,18.0°C,73%,1011hPa,-,East,7.2km/h/2.0m/s,-,N/A,,Clear
1997-8-29 5:00 AM,23.0°C,-,19.0°C,78%,1011hPa,-,East,7.2km/h/2.0m/s,-,N/A,,Clear
1997-8-29 6:00 AM,22.0°C,-,19.0°C,83%,1012hPa,-,NE,7.2km/h/2.0m/s,-,N/A,,Clear
1997-8-29 7:00 AM,22.0°C,-,19.0°C,83%,1012hPa,-,East,7.2km/h/2.0m/s,-,N/A,,Clear
1997-8-29 8:00 AM,23.0°C,-,19.0°C,78%,1013hPa,-,East,10.8km/h/3.0m/s,-,N/A,,Clear
1997-8-29 9:00 AM,25.0°C,-,19.0°C,69%,1013hPa,-,East,14.4km/h/4.0m/s,-,N/A,,Clear
1997-8-29 10:00 AM,27.0°C,28.5°C,20.0°C,65%,1013hPa,-,East,7.2km/h/2.0m/s,-,N/A,,Clear
1997-8-29 11:00 AM,28.0°C,29.7°C,20.0°C,62%,1012hPa,10.0km,SE,7.2km/h/2.0m/s,-,N/A,,Clear
1997-8-29 12:00 PM,29.0°C,30.7°C,20.0°C,58%,1012hPa,10.0km,ESE,7.2km/h/2.0m/s,-,N/A,,Clear
1997-8-29 1:00 PM,32.0°C,34.9°C,21.0°C,52%,1011hPa,10.0km,SSE,7.2km/h/2.0m/s,-,N/A,,Scattered Clouds
1997-8-29 2:00 PM,31.0°C,33.0°C,20.0°C,52%,1010hPa,10.0km,SW,7.2km/h/2.0m/s,-,N/A,,Scattered Clouds
1997-8-29 3:00 PM,31.0°C,33.7°C,21.0°C,55%,1010hPa,10.0km,SW,10.8km/h/3.0m/s,-,N/A,,Scattered Clouds
1997-8-29 4:00 PM,32.0°C,34.9°C,21.0°C,52%,1009hPa,-,SW,7.2km/h/2.0m/s,-,N/A,,Clear
1997-8-29 5:00 PM,32.0°C,34.1°C,20.0°C,49%,1009hPa,-,South,10.8km/h/3.0m/s,-,N/A,,Clear
1997-8-29 6:00 PM,32.0°C,34.9°C,21.0°C,52%,1009hPa,10.0km,SSE,14.4km/h/4.0m/s,-,N/A,,Clear
1997-8-29 7:00 PM,29.0°C,30.7°C,20.0°C,58%,1009hPa,-,SE,10.8km/h/3.0m/s,-,N/A,,Clear
1997-8-29 8:00 PM,27.0°C,29.2°C,22.0°C,74%,1010hPa,10.0km,East,18.0km/h/5.0m/s,-,N/A,,Clear
1997-8-29 9:00 PM,27.0°C,29.2°C,22.0°C,74%,1011hPa,10.0km,East,14.4km/h/4.0m/s,-,N/A,,Clear
1997-8-29 10:00 PM,26.0°C,-,22.0°C,78%,1012hPa,10.0km,East,18.0km/h/5.0m/s,-,N/A,,Clear
1997-8-29 11:00 PM,26.0°C,-,22.0°C,78%,1012hPa,10.0km,East,14.4km/h/4.0m/s,-,N/A,,Clear
