Time (CST),Temp.,Dew Point,Humidity,Pressure,Visibility,Wind Dir,Wind Speed,Gust Speed,Precip,Events,Conditions
1997-6-22 12:00 AM,22.0°C,10.0°C,46%,1011hPa,-,Calm,Calm,-,N/A,,Clear
1997-6-22 1:00 AM,22.0°C,11.0°C,50%,1012hPa,-,Calm,Calm,-,N/A,,Clear
1997-6-22 2:00 AM,20.0°C,11.0°C,56%,1013hPa,-,East,7.2km/h/2.0m/s,-,N/A,,Clear
1997-6-22 3:00 AM,18.0°C,9.0°C,56%,1012hPa,-,SSE,7.2km/h/2.0m/s,-,N/A,,Clear
1997-6-22 4:00 AM,18.0°C,10.0°C,59%,1012hPa,-,ENE,7.2km/h/2.0m/s,-,N/A,,Clear
1997-6-22 5:00 AM,17.0°C,10.0°C,63%,1012hPa,-,Calm,Calm,-,N/A,,Clear
1997-6-22 6:00 AM,18.0°C,11.0°C,64%,1012hPa,-,Calm,Calm,-,N/A,,Clear
1997-6-22 7:00 AM,20.0°C,11.0°C,56%,1013hPa,-,Calm,Calm,-,N/A,,Clear
1997-6-22 8:00 AM,22.0°C,12.0°C,53%,1013hPa,6.0km,Calm,Calm,-,N/A,,Partly Cloudy
1997-6-22 9:00 AM,26.0°C,11.0°C,39%,1013hPa,6.0km,Calm,Calm,-,N/A,,Clear
1997-6-22 10:00 AM,28.0°C,11.0°C,35%,1012hPa,10.0km,SW,7.2km/h/2.0m/s,-,N/A,,Clear
1997-6-22 12:00 PM,33.0°C,11.0°C,26%,1010hPa,10.0km,West,10.8km/h/3.0m/s,-,N/A,,Clear
1997-6-22 2:00 PM,36.0°C,7.0°C,17%,1008hPa,10.0km,WSW,18.0km/h/5.0m/s,-,N/A,,Partly Cloudy
1997-6-22 3:00 PM,36.0°C,3.0°C,13%,1007hPa,10.0km,WSW,18.0km/h/5.0m/s,-,N/A,,Partly Cloudy
1997-6-22 4:00 PM,37.0°C,5.0°C,14%,1007hPa,-,NNW,3.6km/h/1.0m/s,-,N/A,,Clear
1997-6-22 5:00 PM,36.0°C,5.0°C,15%,1006hPa,10.0km,SW,14.4km/h/4.0m/s,-,N/A,,Scattered Clouds
1997-6-22 6:00 PM,36.0°C,4.0°C,14%,1005hPa,10.0km,Calm,Calm,-,N/A,,Scattered Clouds
1997-6-22 7:00 PM,35.0°C,9.0°C,20%,1005hPa,10.0km,SW,7.2km/h/2.0m/s,-,N/A,,Mostly Cloudy
1997-6-22 8:00 PM,33.0°C,7.0°C,20%,1006hPa,10.0km,Calm,Calm,-,N/A,,Mostly Cloudy
1997-6-22 9:00 PM,30.0°C,11.0°C,31%,1007hPa,-,Calm,Calm,-,N/A,,Clear
1997-6-22 10:00 PM,29.0°C,8.0°C,27%,1008hPa,10.0km,East,7.2km/h/2.0m/s,-,N/A,,Mostly Cloudy
1997-6-22 11:00 PM,29.0°C,7.0°C,25%,1008hPa,-,East,10.8km/h/3.0m/s,-,N/A,,Clear
