Time (CST),Temp.,Dew Point,Humidity,Pressure,Visibility,Wind Dir,Wind Speed,Gust Speed,Precip,Events,Conditions
1997-5-6 12:00 AM,21.0°C,14.0°C,64%,1007hPa,-,East,10.8km/h/3.0m/s,-,N/A,,Clear
1997-5-6 1:00 AM,20.0°C,14.0°C,68%,1008hPa,-,ENE,10.8km/h/3.0m/s,-,N/A,,Clear
1997-5-6 2:00 AM,20.0°C,16.0°C,78%,1008hPa,10.0km,ESE,7.2km/h/2.0m/s,-,N/A,"Rain
	,
Thunderstorm",Light Thunderstorms and Rain
1997-5-6 3:00 AM,19.0°C,16.0°C,83%,1008hPa,10.0km,East,7.2km/h/2.0m/s,-,N/A,,Partly Cloudy
1997-5-6 4:00 AM,19.0°C,15.0°C,78%,1008hPa,10.0km,East,7.2km/h/2.0m/s,-,N/A,,Overcast
1997-5-6 5:00 AM,18.0°C,15.0°C,83%,1008hPa,10.0km,ENE,10.8km/h/3.0m/s,-,N/A,,Clear
1997-5-6 6:00 AM,18.0°C,15.0°C,83%,1008hPa,-,ENE,10.8km/h/3.0m/s,-,N/A,,Clear
1997-5-6 7:00 AM,18.0°C,15.0°C,83%,1008hPa,4.0km,Calm,Calm,-,N/A,,Scattered Clouds
1997-5-6 8:00 AM,19.0°C,16.0°C,83%,1009hPa,4.0km,Calm,Calm,-,N/A,,Mostly Cloudy
1997-5-6 9:00 AM,23.0°C,15.0°C,61%,1009hPa,10.0km,East,25.2km/h/7.0m/s,-,N/A,,Mostly Cloudy
1997-5-6 10:00 AM,22.0°C,13.0°C,57%,1009hPa,6.0km,East,46.8km/h/13.0m/s,-,N/A,,Mostly Cloudy
1997-5-6 11:00 AM,21.0°C,13.0°C,60%,1009hPa,3.0km,East,54.0km/h/15.0m/s,-,N/A,,Sand
1997-5-6 12:00 PM,20.0°C,12.0°C,60%,1010hPa,3.0km,East,54.0km/h/15.0m/s,-,N/A,,Sand
1997-5-6 1:00 PM,19.0°C,11.0°C,60%,1010hPa,-,ENE,50.4km/h/14.0m/s,-,N/A,,Clear
1997-5-6 2:00 PM,17.0°C,8.0°C,55%,1009hPa,-,East,50.4km/h/14.0m/s,-,N/A,,Clear
1997-5-6 3:00 PM,15.0°C,7.0°C,59%,1010hPa,10.0km,East,54.0km/h/15.0m/s,-,N/A,,Mostly Cloudy
1997-5-6 4:00 PM,13.0°C,7.0°C,67%,1010hPa,10.0km,East,50.4km/h/14.0m/s,-,N/A,,Overcast
1997-5-6 5:00 PM,11.0°C,6.0°C,71%,1010hPa,10.0km,East,43.2km/h/12.0m/s,-,N/A,Rain,Light Rain Showers
1997-5-6 6:00 PM,12.0°C,5.0°C,62%,1010hPa,10.0km,ENE,43.2km/h/12.0m/s,-,N/A,,Partly Cloudy
1997-5-6 7:00 PM,12.0°C,4.0°C,58%,1010hPa,10.0km,ENE,43.2km/h/12.0m/s,-,N/A,,Overcast
1997-5-6 8:00 PM,12.0°C,4.0°C,58%,1010hPa,10.0km,East,43.2km/h/12.0m/s,-,N/A,,Overcast
1997-5-6 9:00 PM,12.0°C,-1.0°C,41%,1012hPa,10.0km,NE,36.0km/h/10.0m/s,-,N/A,,Overcast
1997-5-6 10:00 PM,12.0°C,0.0°C,44%,1012hPa,10.0km,NE,43.2km/h/12.0m/s,-,N/A,,Overcast
1997-5-6 11:00 PM,12.0°C,0.0°C,44%,1011hPa,10.0km,East,28.8km/h/8.0m/s,-,N/A,,Overcast
