Time (CST),Temp.,Windchill,Dew Point,Humidity,Pressure,Visibility,Wind Dir,Wind Speed,Gust Speed,Precip,Events,Conditions
1997-3-9 12:00 AM,7.0°C,3.4°C,-5.0°C,43%,1019hPa,-,East,21.6km/h/6.0m/s,-,N/A,,Clear
1997-3-9 1:00 AM,6.0°C,3.7°C,-5.0°C,46%,1019hPa,-,NE,10.8km/h/3.0m/s,-,N/A,,Clear
1997-3-9 2:00 AM,5.0°C,-,-5.0°C,49%,1018hPa,-,Calm,Calm,-,N/A,,Clear
1997-3-9 3:00 AM,4.0°C,-,-4.0°C,56%,1018hPa,-,Calm,Calm,-,N/A,,Clear
1997-3-9 4:00 AM,3.0°C,1.0°C,-5.0°C,56%,1018hPa,-,SW,7.2km/h/2.0m/s,-,N/A,,Clear
1997-3-9 5:00 AM,3.0°C,-,-4.0°C,60%,1018hPa,-,Calm,Calm,-,N/A,,Clear
1997-3-9 6:00 AM,2.0°C,-0.1°C,-3.0°C,70%,1018hPa,-,SSW,7.2km/h/2.0m/s,-,N/A,,Clear
1997-3-9 7:00 AM,2.0°C,-,-4.0°C,65%,1018hPa,-,Calm,Calm,-,N/A,,Clear
1997-3-9 8:00 AM,1.0°C,-,-3.0°C,75%,1018hPa,7.0km,Calm,Calm,-,N/A,,Scattered Clouds
1997-3-9 9:00 AM,2.0°C,-,-4.0°C,65%,1018hPa,7.0km,Calm,Calm,-,N/A,,Scattered Clouds
1997-3-9 10:00 AM,4.0°C,-,-4.0°C,56%,1019hPa,8.0km,Calm,Calm,-,N/A,,Mostly Cloudy
1997-3-9 12:00 PM,9.0°C,-,-2.0°C,46%,1017hPa,8.0km,Calm,Calm,-,N/A,,Mostly Cloudy
1997-3-9 1:00 PM,12.0°C,-,-1.0°C,41%,1016hPa,8.0km,Calm,Calm,-,N/A,,Mostly Cloudy
1997-3-9 2:00 PM,14.0°C,-,2.0°C,44%,1014hPa,-,Calm,Calm,-,N/A,,Clear
1997-3-9 3:00 PM,16.0°C,-,3.0°C,42%,1013hPa,-,South,10.8km/h/3.0m/s,-,N/A,,Clear
1997-3-9 4:00 PM,15.0°C,-,3.0°C,45%,1013hPa,-,WSW,14.4km/h/4.0m/s,-,N/A,,Clear
1997-3-9 5:00 PM,14.0°C,-,4.0°C,51%,1012hPa,8.0km,SSW,14.4km/h/4.0m/s,-,N/A,,Mostly Cloudy
1997-3-9 6:00 PM,13.0°C,-,4.0°C,54%,1012hPa,7.0km,South,10.8km/h/3.0m/s,-,N/A,,Mostly Cloudy
1997-3-9 7:00 PM,11.0°C,-,4.0°C,62%,1013hPa,7.0km,South,7.2km/h/2.0m/s,-,N/A,,Mostly Cloudy
1997-3-9 8:00 PM,11.0°C,-,6.0°C,71%,1014hPa,-,Calm,Calm,-,N/A,,Clear
1997-3-9 9:00 PM,11.0°C,-,5.0°C,67%,1014hPa,-,Calm,Calm,-,N/A,,Clear
1997-3-9 10:00 PM,11.0°C,-,5.0°C,67%,1015hPa,-,Calm,Calm,-,N/A,,Clear
1997-3-9 11:00 PM,10.0°C,-,5.0°C,71%,1015hPa,-,East,7.2km/h/2.0m/s,-,N/A,,Clear
