Time (CST),Temp.,Dew Point,Humidity,Pressure,Visibility,Wind Dir,Wind Speed,Gust Speed,Precip,Events,Conditions
1998-12-18 12:00 AM,30.2°F,8.6°F,40%,30.06in,5.0mi,Calm,Calm,-,N/A,,Overcast
1998-12-18 3:00 AM,24.8°F,8.6°F,50%,30.06in,-,SE,2.2mph,-,N/A,,Clear
1998-12-18 4:00 AM,24.8°F,6.8°F,46%,30.06in,-,Calm,Calm,-,N/A,,Clear
1998-12-18 5:00 AM,21.2°F,6.8°F,54%,30.06in,-,Calm,Calm,-,N/A,,Clear
1998-12-18 7:00 AM,19.4°F,6.8°F,58%,30.09in,-,Calm,Calm,-,N/A,,Clear
1998-12-18 8:00 AM,21.2°F,8.6°F,58%,30.09in,3.1mi,Calm,Calm,-,N/A,,Smoke
1998-12-18 9:00 AM,24.8°F,8.6°F,50%,30.12in,1.1mi,Calm,Calm,-,N/A,,Smoke
1998-12-18 10:00 AM,30.2°F,10.4°F,44%,30.15in,1.4mi,Calm,Calm,-,N/A,,Smoke
1998-12-18 11:00 AM,35.6°F,10.4°F,35%,30.12in,1.2mi,Calm,Calm,-,N/A,,Smoke
1998-12-18 12:00 PM,41.0°F,12.2°F,31%,30.09in,1.9mi,Calm,Calm,-,N/A,,Smoke
1998-12-18 1:00 PM,42.8°F,14.0°F,31%,30.06in,1.9mi,South,2.2mph,-,N/A,,Smoke
1998-12-18 2:00 PM,46.4°F,14.0°F,27%,30.04in,1.7mi,South,2.2mph,-,N/A,,Smoke
1998-12-18 3:00 PM,48.2°F,15.8°F,27%,30.04in,1.6mi,Calm,Calm,-,N/A,,Smoke
1998-12-18 4:00 PM,50.0°F,15.8°F,26%,30.06in,1.5mi,ENE,2.2mph,-,N/A,,Smoke
1998-12-18 5:00 PM,46.4°F,15.8°F,29%,30.06in,1.7mi,ESE,2.2mph,-,N/A,,Smoke
1998-12-18 6:00 PM,37.4°F,14.0°F,38%,30.06in,1.9mi,Calm,Calm,-,N/A,,Smoke
1998-12-18 7:00 PM,33.8°F,12.2°F,41%,30.09in,2.5mi,Calm,Calm,-,N/A,,Smoke
1998-12-18 8:00 PM,32.0°F,10.4°F,41%,30.12in,2.5mi,Calm,Calm,-,N/A,,Smoke
1998-12-18 9:00 PM,33.8°F,12.2°F,41%,30.15in,3.1mi,Calm,Calm,-,N/A,,Smoke
1998-12-18 10:00 PM,30.2°F,12.2°F,47%,30.15in,3.1mi,Calm,Calm,-,N/A,,Smoke
1998-12-18 11:00 PM,30.2°F,12.2°F,47%,30.18in,3.1mi,Calm,Calm,-,N/A,,Smoke
