Time (CST),Temp.,Dew Point,Humidity,Pressure,Visibility,Wind Dir,Wind Speed,Gust Speed,Precip,Events,Conditions
1997-4-1 12:00 AM,11.0°C,4.0°C,62%,1010hPa,-,ENE,36.0km/h/10.0m/s,-,N/A,,Clear
1997-4-1 1:00 AM,11.0°C,5.0°C,67%,1010hPa,-,East,28.8km/h/8.0m/s,-,N/A,,Clear
1997-4-1 2:00 AM,10.0°C,6.0°C,76%,1009hPa,10.0km,ENE,21.6km/h/6.0m/s,-,N/A,Rain,Light Rain
1997-4-1 4:00 AM,10.0°C,8.0°C,87%,1009hPa,10.0km,West,7.2km/h/2.0m/s,-,N/A,Rain,Light Rain
1997-4-1 5:00 AM,10.0°C,9.0°C,94%,1008hPa,10.0km,Calm,Calm,-,N/A,Rain,Light Rain
1997-4-1 6:00 AM,10.0°C,8.0°C,87%,1008hPa,8.0km,Calm,Calm,-,N/A,Rain,Light Rain
1997-4-1 7:00 AM,9.0°C,8.0°C,93%,1008hPa,2.0km,SW,3.6km/h/1.0m/s,-,N/A,,Overcast
1997-4-1 8:00 AM,10.0°C,8.0°C,87%,1008hPa,1.3km,Calm,Calm,-,N/A,Rain,Light Rain
1997-4-1 9:00 AM,10.0°C,8.0°C,87%,1008hPa,1.3km,Calm,Calm,-,N/A,,Overcast
1997-4-1 10:00 AM,11.0°C,8.0°C,82%,1009hPa,1.8km,NNW,10.8km/h/3.0m/s,-,N/A,,Overcast
1997-4-1 11:00 AM,12.0°C,8.0°C,77%,1009hPa,1.6km,Calm,Calm,-,N/A,,Overcast
1997-4-1 12:00 PM,13.0°C,7.0°C,67%,1008hPa,5.0km,Calm,Calm,-,N/A,,Overcast
1997-4-1 1:00 PM,14.0°C,8.0°C,67%,1007hPa,8.0km,ENE,3.6km/h/1.0m/s,-,N/A,,Overcast
1997-4-1 2:00 PM,16.0°C,9.0°C,63%,1006hPa,-,ESE,10.8km/h/3.0m/s,-,N/A,,Clear
1997-4-1 3:00 PM,17.0°C,8.0°C,55%,1005hPa,-,SSW,14.4km/h/4.0m/s,-,N/A,,Clear
1997-4-1 4:00 PM,18.0°C,7.0°C,49%,1005hPa,-,SSW,10.8km/h/3.0m/s,-,N/A,,Clear
1997-4-1 5:00 PM,17.0°C,8.0°C,55%,1005hPa,-,East,18.0km/h/5.0m/s,-,N/A,,Clear
1997-4-1 6:00 PM,16.0°C,8.0°C,59%,1005hPa,-,ENE,18.0km/h/5.0m/s,-,N/A,,Clear
1997-4-1 7:00 PM,14.0°C,9.0°C,72%,1006hPa,7.0km,East,10.8km/h/3.0m/s,-,N/A,,Overcast
1997-4-1 8:00 PM,13.0°C,8.0°C,72%,1007hPa,7.0km,East,14.4km/h/4.0m/s,-,N/A,,Overcast
1997-4-1 9:00 PM,11.0°C,7.0°C,76%,1009hPa,7.0km,East,10.8km/h/3.0m/s,-,N/A,,Overcast
1997-4-1 10:00 PM,10.0°C,6.0°C,76%,1009hPa,-,ENE,18.0km/h/5.0m/s,-,N/A,,Clear
1997-4-1 11:00 PM,10.0°C,6.0°C,76%,1009hPa,-,ESE,7.2km/h/2.0m/s,-,N/A,,Clear
