Time (CST),Temp.,Heat Index,Dew Point,Humidity,Pressure,Visibility,Wind Dir,Wind Speed,Gust Speed,Precip,Events,Conditions
1997-6-24 12:00 AM,24.0°C,-,8.0°C,36%,1006hPa,-,ESE,7.2km/h/2.0m/s,-,N/A,,Clear
1997-6-24 3:00 AM,21.0°C,-,7.0°C,40%,1006hPa,-,Calm,Calm,-,N/A,,Clear
1997-6-24 5:00 AM,22.0°C,-,9.0°C,43%,1006hPa,-,Calm,Calm,-,N/A,,Clear
1997-6-24 6:00 AM,20.0°C,-,9.0°C,49%,1006hPa,-,Calm,Calm,-,N/A,,Clear
1997-6-24 7:00 AM,21.0°C,-,12.0°C,56%,1007hPa,-,Calm,Calm,-,N/A,,Clear
1997-6-24 8:00 AM,23.0°C,-,11.0°C,47%,1006hPa,-,Calm,Calm,-,N/A,,Clear
1997-6-24 9:00 AM,26.0°C,-,8.0°C,32%,1006hPa,-,Calm,Calm,-,N/A,,Clear
1997-6-24 10:00 AM,28.0°C,-,11.0°C,35%,1006hPa,-,South,7.2km/h/2.0m/s,-,N/A,,Clear
1997-6-24 11:00 AM,31.0°C,-,10.0°C,27%,1005hPa,-,South,7.2km/h/2.0m/s,-,N/A,,Clear
1997-6-24 12:00 PM,32.0°C,-,10.0°C,26%,1005hPa,-,SSW,10.8km/h/3.0m/s,-,N/A,,Clear
1997-6-24 1:00 PM,33.0°C,-,10.0°C,24%,1004hPa,10.0km,SSW,18.0km/h/5.0m/s,-,N/A,,Mostly Cloudy
1997-6-24 2:00 PM,35.0°C,-,10.0°C,22%,1003hPa,10.0km,SSW,18.0km/h/5.0m/s,-,N/A,,Mostly Cloudy
1997-6-24 3:00 PM,36.0°C,-,10.0°C,20%,1002hPa,10.0km,SSW,18.0km/h/5.0m/s,-,N/A,,Mostly Cloudy
1997-6-24 4:00 PM,35.0°C,-,7.0°C,18%,1002hPa,10.0km,SW,14.4km/h/4.0m/s,-,N/A,,Mostly Cloudy
1997-6-24 5:00 PM,35.0°C,-,5.0°C,15%,1001hPa,10.0km,SW,10.8km/h/3.0m/s,-,N/A,,Mostly Cloudy
1997-6-24 6:00 PM,34.0°C,-,10.0°C,23%,1001hPa,-,West,7.2km/h/2.0m/s,-,N/A,,Clear
1997-6-24 8:00 PM,32.0°C,-,7.0°C,21%,1003hPa,10.0km,SSW,10.8km/h/3.0m/s,-,N/A,,Mostly Cloudy
1997-6-24 9:00 PM,31.0°C,30.0°C,13.0°C,33%,1004hPa,10.0km,NE,21.6km/h/6.0m/s,-,N/A,,Mostly Cloudy
1997-6-24 10:00 PM,29.0°C,28.8°C,15.0°C,42%,1004hPa,10.0km,ENE,18.0km/h/5.0m/s,-,N/A,,Mostly Cloudy
1997-6-24 11:00 PM,28.0°C,28.0°C,15.0°C,45%,1007hPa,10.0km,East,14.4km/h/4.0m/s,-,N/A,"Rain
	,
Thunderstorm",Thunderstorms and Rain
