Time (CST),Temp.,Windchill,Dew Point,Humidity,Pressure,Visibility,Wind Dir,Wind Speed,Gust Speed,Precip,Events,Conditions
1998-12-8 12:00 AM,15.8°F,-,-2.2°F,45%,30.45in,-,ESE,2.2mph,-,N/A,,Clear
1998-12-8 2:00 AM,12.2°F,-,-2.2°F,53%,30.45in,-,SE,2.2mph,-,N/A,,Clear
1998-12-8 3:00 AM,12.2°F,-,-2.2°F,53%,30.45in,-,Calm,Calm,-,N/A,,Clear
1998-12-8 4:00 AM,10.4°F,2.4°F,-2.2°F,57%,30.45in,-,SE,4.5mph,-,N/A,,Clear
1998-12-8 5:00 AM,10.4°F,-,-2.2°F,57%,30.45in,-,Calm,Calm,-,N/A,,Clear
1998-12-8 6:00 AM,14.0°F,-,-2.2°F,49%,30.45in,-,SE,2.2mph,-,N/A,,Clear
1998-12-8 7:00 AM,8.6°F,-,-2.2°F,62%,30.48in,-,Calm,Calm,-,N/A,,Clear
1998-12-8 9:00 AM,14.0°F,-,-0.4°F,53%,30.51in,-,Calm,Calm,-,N/A,,Clear
1998-12-8 10:00 AM,21.2°F,-,3.2°F,46%,30.51in,-,SE,2.2mph,-,N/A,,Clear
1998-12-8 11:00 AM,26.6°F,-,5.0°F,40%,30.51in,4.3mi,Calm,Calm,-,N/A,,Clear
1998-12-8 12:00 PM,28.4°F,-,6.8°F,40%,30.48in,4.3mi,West,2.2mph,-,N/A,,Clear
1998-12-8 1:00 PM,32.0°F,27.6°F,5.0°F,32%,30.45in,5.0mi,SW,4.5mph,-,N/A,,Clear
1998-12-8 2:00 PM,33.8°F,29.7°F,5.0°F,30%,30.42in,5.0mi,SW,4.5mph,-,N/A,,Clear
1998-12-8 3:00 PM,33.8°F,-,5.0°F,30%,30.42in,-,WSW,2.2mph,-,N/A,,Unknown
1998-12-8 4:00 PM,33.8°F,-,6.8°F,32%,30.45in,4.3mi,West,2.2mph,-,N/A,,Clear
1998-12-8 5:00 PM,30.2°F,-,6.8°F,37%,30.45in,4.3mi,Calm,Calm,-,N/A,,Clear
1998-12-8 6:00 PM,26.6°F,-,6.8°F,43%,30.48in,4.3mi,North,2.2mph,-,N/A,,Clear
1998-12-8 7:00 PM,24.8°F,19.2°F,6.8°F,46%,30.48in,-,North,4.5mph,-,N/A,,Clear
1998-12-8 8:00 PM,23.0°F,17.1°F,3.2°F,43%,30.51in,-,NNW,4.5mph,-,N/A,,Clear
1998-12-8 9:00 PM,23.0°F,-,3.2°F,43%,30.54in,-,NNW,2.2mph,-,N/A,,Clear
1998-12-8 10:00 PM,23.0°F,17.1°F,3.2°F,43%,30.54in,-,NNW,4.5mph,-,N/A,,Clear
1998-12-8 11:00 PM,21.2°F,12.7°F,3.2°F,46%,30.57in,-,NNW,6.7mph,-,N/A,,Clear
