Time (CST),Temp.,Windchill,Dew Point,Humidity,Pressure,Visibility,Wind Dir,Wind Speed,Gust Speed,Precip,Events,Conditions
1998-10-25 12:00 AM,42.8°F,-,42.8°F,100%,30.21in,1.4mi,NNW,2.2mph,-,N/A,,Overcast
1998-10-25 1:00 AM,44.6°F,-,44.6°F,100%,30.21in,1.7mi,Calm,Calm,-,N/A,,Overcast
1998-10-25 2:00 AM,44.6°F,-,42.8°F,93%,30.18in,1.5mi,Calm,Calm,-,N/A,,Overcast
1998-10-25 3:00 AM,44.6°F,-,42.8°F,93%,30.18in,1.6mi,Calm,Calm,-,N/A,,Overcast
1998-10-25 4:00 AM,44.6°F,42.3°F,44.6°F,100%,30.18in,1.5mi,North,4.5mph,-,N/A,Rain,Rain
1998-10-25 5:00 AM,42.8°F,-,42.8°F,100%,30.18in,0.9mi,Calm,Calm,-,N/A,Rain,Light Rain
1998-10-25 6:00 AM,42.8°F,-,42.8°F,100%,30.18in,0.9mi,South,2.2mph,-,N/A,Rain,Light Rain
1998-10-25 7:00 AM,42.8°F,-,42.8°F,100%,30.15in,0.6mi,Calm,Calm,-,N/A,Fog,Fog
1998-10-25 8:00 AM,42.8°F,-,42.8°F,100%,30.18in,0.7mi,SE,2.2mph,-,N/A,Rain,Rain
1998-10-25 9:00 AM,42.8°F,-,42.8°F,100%,30.21in,0.5mi,Calm,Calm,-,N/A,"Fog
	,
Rain",Rain
1998-10-25 10:00 AM,44.6°F,42.3°F,44.6°F,100%,30.21in,0.5mi,South,4.5mph,-,N/A,"Fog
	,
Rain",Rain
1998-10-25 11:00 AM,46.4°F,44.4°F,46.4°F,100%,30.21in,0.7mi,SW,4.5mph,-,N/A,,Overcast
1998-10-25 12:00 PM,48.2°F,-,48.2°F,100%,30.18in,1.9mi,SW,8.9mph,-,N/A,,Scattered Clouds
1998-10-25 1:00 PM,53.6°F,-,46.4°F,77%,30.15in,6.2mi,SSW,8.9mph,-,N/A,,Partly Cloudy
1998-10-25 2:00 PM,57.2°F,-,44.6°F,63%,30.15in,6.2mi,WSW,8.9mph,-,N/A,,Partly Cloudy
1998-10-25 3:00 PM,59.0°F,-,35.6°F,42%,30.15in,6.2mi,NW,17.9mph,-,N/A,,Partly Cloudy
1998-10-25 4:00 PM,57.2°F,-,33.8°F,41%,30.15in,6.2mi,NW,17.9mph,-,N/A,,Partly Cloudy
1998-10-25 5:00 PM,53.6°F,-,33.8°F,47%,30.18in,6.2mi,NW,20.1mph,-,N/A,,Clear
1998-10-25 6:00 PM,50.0°F,-,32.0°F,50%,30.21in,6.2mi,NW,11.2mph,-,N/A,,Partly Cloudy
1998-10-25 7:00 PM,48.2°F,-,33.8°F,58%,30.24in,6.2mi,NW,11.2mph,-,N/A,,Clear
1998-10-25 8:00 PM,46.4°F,42.0°F,33.8°F,62%,30.24in,6.2mi,WNW,8.9mph,-,N/A,,Partly Cloudy
1998-10-25 9:00 PM,46.4°F,44.4°F,33.8°F,62%,30.27in,6.2mi,WNW,4.5mph,-,N/A,,Mostly Cloudy
1998-10-25 10:00 PM,46.4°F,43.0°F,33.8°F,62%,30.27in,6.2mi,WNW,6.7mph,-,N/A,,Mostly Cloudy
1998-10-25 11:00 PM,44.6°F,-,33.8°F,66%,30.27in,6.2mi,WSW,2.2mph,-,N/A,,Mostly Cloudy
