Time (CST),Temp.,Windchill,Dew Point,Humidity,Pressure,Visibility,Wind Dir,Wind Speed,Gust Speed,Precip,Events,Conditions
1997-9-22 12:00 AM,7.0°C,-,3.0°C,76%,1022hPa,10.0km,East,3.6km/h/1.0m/s,-,N/A,,Clear
1997-9-22 2:00 AM,4.0°C,2.2°C,3.0°C,93%,1022hPa,10.0km,ESE,7.2km/h/2.0m/s,-,N/A,,Clear
1997-9-22 3:00 AM,6.0°C,-,3.0°C,81%,1022hPa,10.0km,Calm,Calm,-,N/A,,Clear
1997-9-22 4:00 AM,5.0°C,-,3.0°C,87%,1022hPa,10.0km,Calm,Calm,-,N/A,,Clear
1997-9-22 5:00 AM,3.0°C,1.0°C,3.0°C,100%,1023hPa,10.0km,SE,7.2km/h/2.0m/s,-,N/A,,Clear
1997-9-22 6:00 AM,2.0°C,-,1.0°C,93%,1023hPa,10.0km,SE,3.6km/h/1.0m/s,-,N/A,,Clear
1997-9-22 7:00 AM,4.0°C,-,3.0°C,93%,1023hPa,5.0km,Calm,Calm,-,N/A,,Clear
1997-9-22 8:00 AM,7.0°C,-,4.0°C,81%,1024hPa,8.0km,Calm,Calm,-,N/A,,Clear
1997-9-22 9:00 AM,11.0°C,-,4.0°C,62%,1024hPa,8.0km,Calm,Calm,-,N/A,,Clear
1997-9-22 10:00 AM,14.0°C,-,3.0°C,48%,1023hPa,10.0km,Calm,Calm,-,N/A,,Clear
1997-9-22 11:00 AM,17.0°C,-,4.0°C,42%,1023hPa,10.0km,SSE,7.2km/h/2.0m/s,-,N/A,,Clear
1997-9-22 12:00 PM,20.0°C,-,4.0°C,35%,1022hPa,-,SW,7.2km/h/2.0m/s,-,N/A,,Clear
1997-9-22 1:00 PM,22.0°C,-,3.0°C,29%,1021hPa,-,South,7.2km/h/2.0m/s,-,N/A,,Clear
1997-9-22 2:00 PM,22.0°C,-,3.0°C,29%,1020hPa,-,SW,10.8km/h/3.0m/s,-,N/A,,Clear
1997-9-22 3:00 PM,23.0°C,-,1.0°C,23%,1020hPa,-,SW,7.2km/h/2.0m/s,-,N/A,,Clear
1997-9-22 4:00 PM,23.0°C,-,2.0°C,25%,1019hPa,-,SSE,14.4km/h/4.0m/s,-,N/A,,Clear
1997-9-22 5:00 PM,22.0°C,-,2.0°C,27%,1019hPa,-,South,7.2km/h/2.0m/s,-,N/A,,Clear
1997-9-22 6:00 PM,19.0°C,-,8.0°C,49%,1019hPa,-,East,3.6km/h/1.0m/s,-,N/A,,Clear
1997-9-22 7:00 PM,16.0°C,-,8.0°C,59%,1020hPa,-,ENE,7.2km/h/2.0m/s,-,N/A,,Clear
1997-9-22 8:00 PM,12.0°C,-,7.0°C,72%,1020hPa,-,ESE,7.2km/h/2.0m/s,-,N/A,,Clear
1997-9-22 9:00 PM,17.0°C,-,3.0°C,39%,1021hPa,-,East,14.4km/h/4.0m/s,-,N/A,,Clear
1997-9-22 10:00 PM,17.0°C,-,3.0°C,39%,1021hPa,10.0km,East,14.4km/h/4.0m/s,-,N/A,,Overcast
1997-9-22 11:00 PM,16.0°C,-,4.0°C,45%,1022hPa,10.0km,SSE,3.6km/h/1.0m/s,-,N/A,,Mostly Cloudy
