Time (CST),Temp.,Windchill,Dew Point,Humidity,Pressure,Visibility,Wind Dir,Wind Speed,Gust Speed,Precip,Events,Conditions
1998-12-3 12:00 AM,23.0°F,-,17.6°F,80%,30.48in,4.3mi,ESE,2.2mph,-,N/A,,Clear
1998-12-3 1:00 AM,23.0°F,-,15.8°F,74%,30.48in,4.3mi,Calm,Calm,-,N/A,,Clear
1998-12-3 2:00 AM,21.2°F,-,15.8°F,80%,30.48in,4.3mi,Calm,Calm,-,N/A,,Clear
1998-12-3 3:00 AM,19.4°F,-,15.8°F,86%,30.45in,4.3mi,Calm,Calm,-,N/A,,Clear
1998-12-3 4:00 AM,19.4°F,-,14.0°F,80%,30.45in,4.3mi,East,2.2mph,-,N/A,,Clear
1998-12-3 6:00 AM,17.6°F,-,14.0°F,86%,30.42in,4.3mi,ESE,2.2mph,-,N/A,,Clear
1998-12-3 7:00 AM,15.8°F,-,12.2°F,86%,30.39in,-,East,2.2mph,-,N/A,,Clear
1998-12-3 8:00 AM,15.8°F,8.7°F,12.2°F,86%,30.39in,-,East,4.5mph,-,N/A,,Clear
1998-12-3 9:00 AM,23.0°F,17.1°F,14.0°F,68%,30.39in,-,East,4.5mph,-,N/A,,Clear
1998-12-3 10:00 AM,26.6°F,-,15.8°F,64%,30.36in,3.1mi,SE,2.2mph,-,N/A,,Smoke
1998-12-3 12:00 PM,33.8°F,29.7°F,14.0°F,44%,30.27in,3.7mi,South,4.5mph,-,N/A,,Clear
1998-12-3 1:00 PM,35.6°F,-,15.8°F,44%,30.24in,3.7mi,SW,2.2mph,-,N/A,,Clear
1998-12-3 2:00 PM,39.2°F,36.0°F,15.8°F,39%,30.18in,3.7mi,SSW,4.5mph,-,N/A,,Clear
1998-12-3 3:00 PM,41.0°F,35.4°F,17.6°F,39%,30.12in,3.7mi,SSW,8.9mph,-,N/A,,Clear
1998-12-3 4:00 PM,41.0°F,38.1°F,19.4°F,42%,30.12in,3.7mi,South,4.5mph,-,N/A,,Clear
1998-12-3 5:00 PM,37.4°F,-,19.4°F,48%,30.09in,3.7mi,SSE,2.2mph,-,N/A,,Clear
1998-12-3 6:00 PM,35.6°F,31.8°F,19.4°F,52%,30.09in,3.7mi,South,4.5mph,-,N/A,,Clear
1998-12-3 7:00 PM,30.2°F,23.5°F,19.4°F,64%,30.09in,3.7mi,ESE,6.7mph,-,N/A,,Clear
1998-12-3 8:00 PM,32.0°F,27.6°F,21.2°F,64%,30.09in,3.7mi,SSE,4.5mph,-,N/A,,Clear
1998-12-3 9:00 PM,32.0°F,-,23.0°F,69%,30.09in,3.7mi,South,2.2mph,-,N/A,,Clear
1998-12-3 10:00 PM,26.6°F,21.3°F,21.2°F,80%,30.09in,3.7mi,SSE,4.5mph,-,N/A,,Clear
1998-12-3 11:00 PM,24.8°F,17.1°F,19.4°F,80%,30.06in,3.7mi,ESE,6.7mph,-,N/A,,Clear
