Time (CST),Temp.,Windchill,Dew Point,Humidity,Pressure,Visibility,Wind Dir,Wind Speed,Gust Speed,Precip,Events,Conditions
1997-11-7 12:00 AM,4.0°C,-,-6.0°C,49%,1026hPa,-,NE,3.6km/h/1.0m/s,-,N/A,,Clear
1997-11-7 1:00 AM,3.0°C,-,-7.0°C,48%,1026hPa,8.0km,Calm,Calm,-,N/A,,Mostly Cloudy
1997-11-7 2:00 AM,2.0°C,-,-6.0°C,56%,1026hPa,8.0km,Calm,Calm,-,N/A,,Mostly Cloudy
1997-11-7 3:00 AM,2.0°C,-,-7.0°C,52%,1026hPa,8.0km,Calm,Calm,-,N/A,,Scattered Clouds
1997-11-7 4:00 AM,1.0°C,-,-6.0°C,60%,1026hPa,8.0km,Calm,Calm,-,N/A,,Partly Cloudy
1997-11-7 5:00 AM,1.0°C,-,-7.0°C,56%,1026hPa,6.0km,Calm,Calm,-,N/A,,Partly Cloudy
1997-11-7 6:00 AM,0.0°C,-,-5.0°C,69%,1026hPa,3.0km,SE,3.6km/h/1.0m/s,-,N/A,,Partly Cloudy
1997-11-7 7:00 AM,-1.0°C,-,-7.0°C,64%,1026hPa,2.4km,Calm,Calm,-,N/A,,Partly Cloudy
1997-11-7 8:00 AM,-1.0°C,-,-6.0°C,69%,1027hPa,1.7km,Calm,Calm,-,N/A,,Clear
1997-11-7 9:00 AM,3.0°C,-,-5.0°C,56%,1027hPa,1.8km,Calm,Calm,-,N/A,,Smoke
1997-11-7 10:00 AM,6.0°C,-,-6.0°C,42%,1027hPa,1.6km,WNW,3.6km/h/1.0m/s,-,N/A,,Smoke
1997-11-7 11:00 AM,9.0°C,-,-5.0°C,37%,1027hPa,1.6km,Calm,Calm,-,N/A,,Smoke
1997-11-7 12:00 PM,11.0°C,-,-4.0°C,35%,1026hPa,2.0km,SSW,3.6km/h/1.0m/s,-,N/A,,Smoke
1997-11-7 1:00 PM,12.0°C,-,-4.0°C,33%,1024hPa,2.5km,SW,3.6km/h/1.0m/s,-,N/A,,Smoke
1997-11-7 2:00 PM,13.0°C,-,-4.0°C,31%,1023hPa,2.5km,SSE,3.6km/h/1.0m/s,-,N/A,,Smoke
1997-11-7 3:00 PM,14.0°C,-,-3.0°C,31%,1023hPa,5.0km,Calm,Calm,-,N/A,,Smoke
1997-11-7 4:00 PM,14.0°C,-,-4.0°C,29%,1022hPa,5.0km,Calm,Calm,-,N/A,,Smoke
1997-11-7 5:00 PM,12.0°C,-,-3.0°C,35%,1023hPa,3.0km,WNW,3.6km/h/1.0m/s,-,N/A,,Smoke
1997-11-7 6:00 PM,9.0°C,-,-3.0°C,43%,1023hPa,2.4km,Calm,Calm,-,N/A,,Smoke
1997-11-7 7:00 PM,10.0°C,-,-2.0°C,43%,1024hPa,4.0km,East,18.0km/h/5.0m/s,-,N/A,,Smoke
1997-11-7 8:00 PM,10.0°C,-,0.0°C,50%,1024hPa,5.0km,ENE,18.0km/h/5.0m/s,-,N/A,,Smoke
1997-11-7 9:00 PM,8.0°C,5.6°C,0.0°C,57%,1025hPa,8.0km,ENE,14.4km/h/4.0m/s,-,N/A,,Mostly Cloudy
1997-11-7 10:00 PM,8.0°C,6.1°C,1.0°C,62%,1026hPa,-,ENE,10.8km/h/3.0m/s,-,N/A,,Clear
1997-11-7 11:00 PM,8.0°C,5.6°C,0.0°C,57%,1025hPa,-,East,14.4km/h/4.0m/s,-,N/A,,Clear
