Time (CST),Temp.,Windchill,Dew Point,Humidity,Pressure,Visibility,Wind Dir,Wind Speed,Gust Speed,Precip,Events,Conditions
1998-11-17 12:00 AM,30.2°F,-,-13.0°F,15%,30.27in,6.2mi,Calm,Calm,-,N/A,,Clear
1998-11-17 1:00 AM,30.2°F,25.5°F,-13.0°F,15%,30.24in,6.2mi,WNW,4.5mph,-,N/A,,Clear
1998-11-17 2:00 AM,28.4°F,21.4°F,-11.2°F,18%,30.24in,6.2mi,West,6.7mph,-,N/A,,Clear
1998-11-17 3:00 AM,23.0°F,-,-9.4°F,24%,30.24in,6.2mi,ESE,2.2mph,-,N/A,,Clear
1998-11-17 4:00 AM,17.6°F,-,-5.8°F,35%,30.24in,6.2mi,ESE,2.2mph,-,N/A,,Clear
1998-11-17 5:00 AM,17.6°F,-,-5.8°F,35%,30.24in,6.2mi,ESE,2.2mph,-,N/A,,Clear
1998-11-17 6:00 AM,17.6°F,-,-4.0°F,38%,30.24in,6.2mi,SE,2.2mph,-,N/A,,Clear
1998-11-17 9:00 AM,28.4°F,23.4°F,-7.6°F,21%,30.24in,6.2mi,SW,4.5mph,-,N/A,,Clear
1998-11-17 10:00 AM,33.8°F,25.4°F,-11.2°F,14%,30.24in,6.2mi,WNW,11.2mph,-,N/A,,Clear
1998-11-17 11:00 AM,35.6°F,27.7°F,-9.4°F,14%,30.24in,6.2mi,WNW,11.2mph,-,N/A,,Clear
1998-11-17 12:00 PM,37.4°F,28.3°F,-9.4°F,13%,30.21in,6.2mi,WNW,15.7mph,-,N/A,,Clear
1998-11-17 1:00 PM,37.4°F,30.9°F,-9.4°F,13%,30.18in,-,North,8.9mph,-,N/A,,Clear
1998-11-17 2:00 PM,39.2°F,-,-9.4°F,12%,30.15in,-,North,-,-,N/A,,Clear
1998-11-17 3:00 PM,39.2°F,30.0°F,-11.2°F,11%,30.15in,-,WNW,17.9mph,-,N/A,,Clear
1998-11-17 5:00 PM,35.6°F,31.8°F,-5.8°F,17%,30.15in,-,North,4.5mph,-,N/A,,Clear
1998-11-17 6:00 PM,32.0°F,-,-5.8°F,20%,30.18in,-,North,2.2mph,-,N/A,,Clear
1998-11-17 7:00 PM,26.6°F,17.7°F,-4.0°F,26%,30.24in,-,NW,8.9mph,-,N/A,,Clear
1998-11-17 8:00 PM,26.6°F,21.3°F,-4.0°F,26%,30.24in,6.2mi,NNW,4.5mph,-,N/A,,Clear
1998-11-17 9:00 PM,21.2°F,-,-4.0°F,33%,30.27in,6.2mi,ESE,2.2mph,-,N/A,,Clear
1998-11-17 10:00 PM,24.8°F,19.2°F,-4.0°F,28%,30.30in,6.2mi,North,4.5mph,-,N/A,,Clear
1998-11-17 11:00 PM,24.8°F,14.2°F,-4.0°F,28%,30.30in,6.2mi,North,11.2mph,-,N/A,,Clear
