Time (CST),Temp.,Windchill,Dew Point,Humidity,Pressure,Visibility,Wind Dir,Wind Speed,Gust Speed,Precip,Events,Conditions
1997-4-3 12:00 AM,5.0°C,1.9°C,3.0°C,87%,1022hPa,10.0km,East,14.4km/h/4.0m/s,-,N/A,Rain,Light Rain
1997-4-3 1:00 AM,5.0°C,1.9°C,3.0°C,87%,1022hPa,10.0km,ENE,14.4km/h/4.0m/s,-,N/A,Rain,Light Rain
1997-4-3 2:00 AM,4.0°C,0.6°C,3.0°C,93%,1021hPa,10.0km,ENE,14.4km/h/4.0m/s,-,N/A,Rain,Light Rain
1997-4-3 3:00 AM,4.0°C,0.6°C,3.0°C,93%,1021hPa,10.0km,ENE,14.4km/h/4.0m/s,-,N/A,Rain,Light Rain
1997-4-3 4:00 AM,4.0°C,2.2°C,3.0°C,93%,1021hPa,10.0km,NE,7.2km/h/2.0m/s,-,N/A,Rain,Light Rain
1997-4-3 5:00 AM,4.0°C,1.3°C,3.0°C,93%,1021hPa,10.0km,East,10.8km/h/3.0m/s,-,N/A,Rain,Light Rain
1997-4-3 6:00 AM,4.0°C,2.2°C,4.0°C,100%,1021hPa,10.0km,NE,7.2km/h/2.0m/s,-,N/A,Rain,Light Rain
1997-4-3 7:00 AM,4.0°C,0.6°C,3.0°C,93%,1022hPa,10.0km,ENE,14.4km/h/4.0m/s,-,N/A,Rain,Light Rain
1997-4-3 8:00 AM,4.0°C,0.6°C,1.0°C,81%,1022hPa,10.0km,ENE,14.4km/h/4.0m/s,-,N/A,Rain,Light Rain
1997-4-3 9:00 AM,4.0°C,-0.4°C,1.0°C,81%,1022hPa,10.0km,ENE,21.6km/h/6.0m/s,-,N/A,Rain,Light Rain
1997-4-3 10:00 AM,5.0°C,2.5°C,1.0°C,76%,1023hPa,10.0km,ENE,10.8km/h/3.0m/s,-,N/A,Rain,Light Rain
1997-4-3 11:00 AM,5.0°C,1.3°C,1.0°C,76%,1023hPa,10.0km,ENE,18.0km/h/5.0m/s,-,N/A,Rain,Light Rain
1997-4-3 12:00 PM,5.0°C,1.3°C,1.0°C,76%,1022hPa,10.0km,ENE,18.0km/h/5.0m/s,-,N/A,,Overcast
1997-4-3 1:00 PM,6.0°C,2.2°C,1.0°C,70%,1022hPa,10.0km,East,21.6km/h/6.0m/s,-,N/A,,Overcast
1997-4-3 2:00 PM,6.0°C,2.6°C,1.0°C,70%,1021hPa,10.0km,ENE,18.0km/h/5.0m/s,-,N/A,,Overcast
1997-4-3 3:00 PM,7.0°C,4.9°C,1.0°C,66%,1020hPa,10.0km,East,10.8km/h/3.0m/s,-,N/A,,Mostly Cloudy
1997-4-3 4:00 PM,8.0°C,6.1°C,2.0°C,66%,1020hPa,10.0km,South,10.8km/h/3.0m/s,-,N/A,,Mostly Cloudy
1997-4-3 5:00 PM,8.0°C,6.9°C,2.0°C,66%,1019hPa,10.0km,South,7.2km/h/2.0m/s,-,N/A,,Mostly Cloudy
1997-4-3 6:00 PM,8.0°C,6.9°C,3.0°C,71%,1020hPa,10.0km,SSW,7.2km/h/2.0m/s,-,N/A,,Mostly Cloudy
1997-4-3 7:00 PM,7.0°C,-,3.0°C,76%,1020hPa,10.0km,WSW,3.6km/h/1.0m/s,-,N/A,,Mostly Cloudy
1997-4-3 8:00 PM,7.0°C,-,4.0°C,81%,1020hPa,10.0km,Calm,Calm,-,N/A,Rain,Light Rain
1997-4-3 10:00 PM,6.0°C,-,4.0°C,87%,1020hPa,10.0km,Calm,Calm,-,N/A,,Mostly Cloudy
1997-4-3 11:00 PM,5.0°C,-,4.0°C,93%,1020hPa,10.0km,Calm,Calm,-,N/A,,Mostly Cloudy
