Time (CST),Temp.,Windchill,Dew Point,Humidity,Pressure,Visibility,Wind Dir,Wind Speed,Gust Speed,Precip,Events,Conditions
1997-9-19 12:00 AM,7.0°C,5.7°C,7.0°C,100%,1021hPa,3.0km,East,7.2km/h/2.0m/s,-,N/A,,Clear
1997-9-19 1:00 AM,8.0°C,6.1°C,8.0°C,100%,1021hPa,2.0km,East,10.8km/h/3.0m/s,-,N/A,,Clear
1997-9-19 2:00 AM,7.0°C,-,7.0°C,100%,1020hPa,2.0km,ESE,3.6km/h/1.0m/s,-,N/A,,Clear
1997-9-19 3:00 AM,6.0°C,4.5°C,6.0°C,100%,1020hPa,2.0km,ESE,7.2km/h/2.0m/s,-,N/A,,Clear
1997-9-19 4:00 AM,6.0°C,4.5°C,6.0°C,100%,1019hPa,2.0km,ESE,7.2km/h/2.0m/s,-,N/A,,Clear
1997-9-19 5:00 AM,6.0°C,4.5°C,6.0°C,100%,1019hPa,0.8km,SE,7.2km/h/2.0m/s,-,N/A,,Clear
1997-9-19 6:00 AM,5.0°C,3.4°C,5.0°C,100%,1020hPa,0.8km,ESE,7.2km/h/2.0m/s,-,N/A,,Clear
1997-9-19 7:00 AM,6.0°C,-,6.0°C,100%,1019hPa,1.0km,ESE,3.6km/h/1.0m/s,-,N/A,,Mostly Cloudy
1997-9-19 8:00 AM,9.0°C,-,9.0°C,100%,1020hPa,1.8km,SSE,3.6km/h/1.0m/s,-,N/A,,Partly Cloudy
1997-9-19 9:00 AM,12.0°C,-,11.0°C,94%,1019hPa,3.0km,SE,7.2km/h/2.0m/s,-,N/A,,Scattered Clouds
1997-9-19 10:00 AM,14.0°C,-,10.0°C,77%,1020hPa,8.0km,South,7.2km/h/2.0m/s,-,N/A,,Mostly Cloudy
1997-9-19 11:00 AM,17.0°C,-,9.0°C,59%,1019hPa,-,West,10.8km/h/3.0m/s,-,N/A,,Clear
1997-9-19 12:00 PM,19.0°C,-,10.0°C,56%,1018hPa,-,SW,14.4km/h/4.0m/s,-,N/A,,Clear
1997-9-19 1:00 PM,21.0°C,-,11.0°C,53%,1017hPa,10.0km,SW,10.8km/h/3.0m/s,-,N/A,,Scattered Clouds
1997-9-19 2:00 PM,21.0°C,-,10.0°C,49%,1016hPa,10.0km,WSW,10.8km/h/3.0m/s,-,N/A,,Mostly Cloudy
1997-9-19 3:00 PM,23.0°C,-,7.0°C,36%,1015hPa,10.0km,WNW,21.6km/h/6.0m/s,-,N/A,,Mostly Cloudy
1997-9-19 4:00 PM,22.0°C,-,6.0°C,35%,1016hPa,10.0km,North,14.4km/h/4.0m/s,-,N/A,,Mostly Cloudy
1997-9-19 5:00 PM,21.0°C,-,5.0°C,35%,1016hPa,10.0km,NNW,14.4km/h/4.0m/s,-,N/A,,Mostly Cloudy
1997-9-19 6:00 PM,19.0°C,-,3.0°C,35%,1017hPa,-,NW,14.4km/h/4.0m/s,-,N/A,,Clear
1997-9-19 7:00 PM,17.0°C,-,0.0°C,32%,1018hPa,-,NW,14.4km/h/4.0m/s,-,N/A,,Clear
1997-9-19 8:00 PM,16.0°C,-,0.0°C,34%,1020hPa,-,NNE,18.0km/h/5.0m/s,-,N/A,,Clear
1997-9-19 9:00 PM,15.0°C,-,0.0°C,36%,1021hPa,-,North,14.4km/h/4.0m/s,-,N/A,,Clear
1997-9-19 10:00 PM,14.0°C,-,2.0°C,44%,1022hPa,-,North,18.0km/h/5.0m/s,-,N/A,,Clear
1997-9-19 11:00 PM,13.0°C,-,1.0°C,44%,1023hPa,-,North,25.2km/h/7.0m/s,-,N/A,,Clear
