Time (CST),Temp.,Heat Index,Dew Point,Humidity,Pressure,Visibility,Wind Dir,Wind Speed,Gust Speed,Precip,Events,Conditions
1997-7-29 12:00 AM,24.0°C,-,21.0°C,83%,1010hPa,-,North,18.0km/h/5.0m/s,-,N/A,,Clear
1997-7-29 1:00 AM,23.0°C,-,22.0°C,94%,1009hPa,-,NNW,18.0km/h/5.0m/s,-,N/A,,Clear
1997-7-29 2:00 AM,23.0°C,-,21.0°C,88%,1008hPa,10.0km,North,18.0km/h/5.0m/s,-,N/A,Rain,Light Rain
1997-7-29 3:00 AM,24.0°C,-,21.0°C,83%,1008hPa,10.0km,NNE,10.8km/h/3.0m/s,-,N/A,Rain,Light Rain
1997-7-29 4:00 AM,23.0°C,-,21.0°C,88%,1009hPa,10.0km,North,14.4km/h/4.0m/s,-,N/A,Rain,Light Rain
1997-7-29 5:00 AM,23.0°C,-,21.0°C,88%,1008hPa,-,NNW,14.4km/h/4.0m/s,-,N/A,,Clear
1997-7-29 6:00 AM,24.0°C,-,22.0°C,89%,1009hPa,10.0km,North,7.2km/h/2.0m/s,-,N/A,,Overcast
1997-7-29 7:00 AM,23.0°C,-,21.0°C,88%,1009hPa,-,North,10.8km/h/3.0m/s,-,N/A,,Clear
1997-7-29 8:00 AM,24.0°C,-,21.0°C,83%,1009hPa,-,North,10.8km/h/3.0m/s,-,N/A,,Clear
1997-7-29 11:00 AM,27.0°C,29.2°C,22.0°C,74%,1009hPa,-,NNW,18.0km/h/5.0m/s,-,N/A,,Clear
1997-7-29 1:00 PM,29.0°C,32.7°C,23.0°C,70%,1008hPa,-,North,21.6km/h/6.0m/s,-,N/A,,Clear
1997-7-29 2:00 PM,28.0°C,29.7°C,20.0°C,62%,1008hPa,10.0km,ENE,25.2km/h/7.0m/s,-,N/A,,Mostly Cloudy
1997-7-29 3:00 PM,28.0°C,30.2°C,21.0°C,66%,1008hPa,10.0km,East,25.2km/h/7.0m/s,-,N/A,,Mostly Cloudy
1997-7-29 4:00 PM,28.0°C,30.2°C,21.0°C,66%,1006hPa,10.0km,East,25.2km/h/7.0m/s,-,N/A,,Mostly Cloudy
1997-7-29 5:00 PM,28.0°C,29.7°C,20.0°C,62%,1006hPa,-,ENE,18.0km/h/5.0m/s,-,N/A,,Clear
1997-7-29 7:00 PM,27.0°C,28.9°C,21.0°C,70%,1006hPa,-,NE,10.8km/h/3.0m/s,-,N/A,,Clear
