Time (CST),Temp.,Windchill,Dew Point,Humidity,Pressure,Visibility,Wind Dir,Wind Speed,Gust Speed,Precip,Events,Conditions
1998-2-16 12:00 AM,35.6°F,31.8°F,8.6°F,33%,30.04in,6.2mi,East,4.5mph,-,N/A,,Clear
1998-2-16 1:00 AM,39.2°F,32.2°F,10.4°F,31%,30.04in,6.2mi,East,11.2mph,-,N/A,,Clear
1998-2-16 2:00 AM,33.8°F,29.7°F,8.6°F,35%,30.06in,3.7mi,NNE,4.5mph,-,N/A,,Clear
1998-2-16 3:00 AM,32.0°F,25.7°F,12.2°F,44%,30.06in,6.2mi,ESE,6.7mph,-,N/A,,Clear
1998-2-16 4:00 AM,30.2°F,25.5°F,8.6°F,40%,30.06in,3.7mi,NE,4.5mph,-,N/A,,Clear
1998-2-16 5:00 AM,33.8°F,-,8.6°F,35%,30.09in,3.1mi,Calm,Calm,-,N/A,,Smoke
1998-2-16 6:00 AM,32.0°F,-,10.4°F,41%,30.12in,3.7mi,WSW,2.2mph,-,N/A,,Clear
1998-2-16 8:00 AM,32.0°F,-,10.4°F,41%,30.18in,1.7mi,North,2.2mph,-,N/A,,Smoke
1998-2-16 9:00 AM,32.0°F,-,10.4°F,41%,30.18in,1.7mi,North,2.2mph,-,N/A,,Clear
1998-2-16 10:00 AM,42.8°F,37.6°F,15.8°F,34%,30.18in,1.9mi,ENE,8.9mph,-,N/A,,Clear
1998-2-16 11:00 AM,46.4°F,40.5°F,15.8°F,29%,30.21in,5.0mi,ENE,13.4mph,-,N/A,,Clear
1998-2-16 12:00 PM,46.4°F,40.5°F,17.6°F,32%,30.21in,6.2mi,East,13.4mph,-,N/A,,Clear
1998-2-16 1:00 PM,50.0°F,-,15.8°F,26%,30.15in,6.2mi,ENE,13.4mph,-,N/A,,Clear
1998-2-16 2:00 PM,51.8°F,-,14.0°F,22%,30.15in,6.2mi,ENE,13.4mph,-,N/A,,Clear
1998-2-16 3:00 PM,51.8°F,-,14.0°F,22%,30.15in,6.2mi,East,15.7mph,-,N/A,,Clear
1998-2-16 4:00 PM,50.0°F,-,15.8°F,26%,30.15in,6.2mi,East,13.4mph,-,N/A,,Clear
1998-2-16 5:00 PM,48.2°F,-,15.8°F,27%,30.18in,6.2mi,East,15.7mph,-,N/A,,Clear
1998-2-16 6:00 PM,44.6°F,37.6°F,14.0°F,29%,30.21in,-,East,15.7mph,-,N/A,,Clear
1998-2-16 7:00 PM,41.0°F,32.3°F,14.0°F,33%,30.24in,6.2mi,East,17.9mph,-,N/A,,Clear
1998-2-16 8:00 PM,39.2°F,29.4°F,12.2°F,33%,30.27in,6.2mi,East,20.1mph,-,N/A,,Clear
1998-2-16 9:00 PM,-,-,-,N/A%,30.33in,6.2mi,East,15.7mph,-,N/A,,Unknown
1998-2-16 10:00 PM,-,-,-,N/A%,30.33in,4.3mi,East,15.7mph,-,N/A,,Clear
1998-2-16 11:00 PM,33.8°F,23.7°F,14.0°F,44%,30.36in,4.3mi,East,15.7mph,-,N/A,,Clear
