Time (CST),Temp.,Windchill,Dew Point,Humidity,Pressure,Visibility,Wind Dir,Wind Speed,Gust Speed,Precip,Events,Conditions
1997-11-12 12:00 AM,9.0°C,-,7.0°C,87%,1022hPa,1.4km,Calm,Calm,-,N/A,,Overcast
1997-11-12 1:00 AM,8.0°C,-,7.0°C,93%,1023hPa,1.6km,NW,3.6km/h/1.0m/s,-,N/A,,Overcast
1997-11-12 2:00 AM,9.0°C,-,7.0°C,87%,1022hPa,2.0km,North,7.2km/h/2.0m/s,-,N/A,,Overcast
1997-11-12 3:00 AM,8.0°C,-,7.0°C,93%,1022hPa,2.0km,NNW,3.6km/h/1.0m/s,-,N/A,,Overcast
1997-11-12 4:00 AM,8.0°C,-,7.0°C,93%,1021hPa,2.4km,East,3.6km/h/1.0m/s,-,N/A,,Mostly Cloudy
1997-11-12 5:00 AM,9.0°C,-,7.0°C,87%,1022hPa,2.4km,North,7.2km/h/2.0m/s,-,N/A,,Overcast
1997-11-12 6:00 AM,9.0°C,-,7.0°C,87%,1022hPa,6.0km,NE,10.8km/h/3.0m/s,-,N/A,Rain,Light Rain
1997-11-12 7:00 AM,9.0°C,-,7.0°C,87%,1022hPa,7.0km,NE,14.4km/h/4.0m/s,-,N/A,Rain,Light Rain
1997-11-12 9:00 AM,8.0°C,5.6°C,6.0°C,87%,1023hPa,10.0km,NE,14.4km/h/4.0m/s,-,N/A,Rain,Light Rain
1997-11-12 10:00 AM,8.0°C,5.6°C,5.0°C,81%,1024hPa,10.0km,ENE,14.4km/h/4.0m/s,-,N/A,Rain,Light Rain
1997-11-12 11:00 AM,7.0°C,3.8°C,6.0°C,93%,1023hPa,10.0km,ENE,18.0km/h/5.0m/s,-,N/A,Rain,Light Rain
1997-11-12 12:00 PM,7.0°C,4.3°C,5.0°C,87%,1023hPa,10.0km,East,14.4km/h/4.0m/s,-,N/A,Rain,Light Rain
1997-11-12 1:00 PM,6.0°C,3.7°C,5.0°C,93%,1024hPa,8.0km,NE,10.8km/h/3.0m/s,-,N/A,Rain,Light Rain
1997-11-12 2:00 PM,6.0°C,3.7°C,5.0°C,93%,1024hPa,8.0km,NE,10.8km/h/3.0m/s,-,N/A,Rain,Light Rain
1997-11-12 3:00 PM,6.0°C,3.7°C,4.0°C,87%,1022hPa,10.0km,NE,10.8km/h/3.0m/s,-,N/A,Rain,Light Rain
1997-11-12 4:00 PM,6.0°C,3.7°C,4.0°C,87%,1023hPa,10.0km,ENE,10.8km/h/3.0m/s,-,N/A,Rain,Light Rain
1997-11-12 5:00 PM,6.0°C,4.5°C,5.0°C,93%,1023hPa,6.0km,NE,7.2km/h/2.0m/s,-,N/A,Rain,Light Rain
1997-11-12 6:00 PM,6.0°C,-,5.0°C,93%,1023hPa,5.0km,North,3.6km/h/1.0m/s,-,N/A,Rain,Light Rain
1997-11-12 7:00 PM,5.0°C,-,5.0°C,100%,1023hPa,4.0km,North,3.6km/h/1.0m/s,-,N/A,Rain,Light Rain
1997-11-12 8:00 PM,5.0°C,-,5.0°C,100%,1023hPa,4.0km,North,3.6km/h/1.0m/s,-,N/A,Rain,Light Rain
1997-11-12 9:00 PM,5.0°C,-,5.0°C,100%,1024hPa,4.0km,Calm,Calm,-,N/A,Rain,Light Rain
1997-11-12 10:00 PM,5.0°C,-,5.0°C,100%,1024hPa,4.0km,SW,3.6km/h/1.0m/s,-,N/A,Rain,Light Rain
1997-11-12 11:00 PM,5.0°C,-,5.0°C,100%,1024hPa,3.0km,SW,3.6km/h/1.0m/s,-,N/A,Rain,Light Rain
