Time (CST),Temp.,Windchill,Dew Point,Humidity,Pressure,Visibility,Wind Dir,Wind Speed,Gust Speed,Precip,Events,Conditions
1998-1-16 1:00 AM,-9.0°C,-16.2°C,-13.0°C,73%,1016hPa,6.0km,East,18.0km/h/5.0m/s,-,N/A,Snow,Light Snow
1998-1-16 2:00 AM,-9.0°C,-16.2°C,-13.0°C,73%,1017hPa,7.0km,ENE,18.0km/h/5.0m/s,-,N/A,Snow,Light Snow
1998-1-16 4:00 AM,-9.0°C,-16.2°C,-13.0°C,73%,1017hPa,3.5km,ENE,18.0km/h/5.0m/s,-,N/A,Snow,Light Snow
1998-1-16 5:00 AM,-9.0°C,-15.3°C,-13.0°C,73%,1017hPa,4.5km,ENE,14.4km/h/4.0m/s,-,N/A,Snow,Light Snow
1998-1-16 6:00 AM,-9.0°C,-16.2°C,-13.0°C,73%,1016hPa,5.0km,East,18.0km/h/5.0m/s,-,N/A,Snow,Light Snow
1998-1-16 11:00 AM,-7.0°C,-11.9°C,-13.0°C,63%,1020hPa,3.0km,East,10.8km/h/3.0m/s,-,N/A,Snow,Light Snow
1998-1-16 3:00 PM,-6.0°C,-9.4°C,-10.0°C,74%,1018hPa,3.5km,ESE,7.2km/h/2.0m/s,-,N/A,,Clear
1998-1-16 4:00 PM,-5.0°C,-,-10.0°C,68%,1018hPa,3.5km,Variable,3.6km/h/1.0m/s,-,N/A,,Clear
1998-1-16 5:00 PM,-5.0°C,-,-10.0°C,68%,1019hPa,3.5km,Variable,3.6km/h/1.0m/s,-,N/A,,Overcast
1998-1-16 6:00 PM,-7.0°C,-,-11.0°C,74%,1020hPa,4.5km,Variable,3.6km/h/1.0m/s,-,N/A,,Clear
1998-1-16 10:00 PM,-8.0°C,-,-10.0°C,86%,1023hPa,3.5km,Calm,Calm,-,N/A,,Mostly Cloudy
1998-1-16 11:00 PM,-9.0°C,-,-11.0°C,86%,1023hPa,-,North,-,-,N/A,,Mostly Cloudy
