Time (CST),Temp.,Windchill,Dew Point,Humidity,Pressure,Visibility,Wind Dir,Wind Speed,Gust Speed,Precip,Events,Conditions
1997-11-2 12:00 AM,1.0°C,-,-8.0°C,52%,1026hPa,8.0km,SE,3.6km/h/1.0m/s,-,N/A,,Scattered Clouds
1997-11-2 1:00 AM,1.0°C,-,-8.0°C,52%,1026hPa,8.0km,Calm,Calm,-,N/A,,Scattered Clouds
1997-11-2 2:00 AM,2.0°C,-,-7.0°C,52%,1026hPa,8.0km,Calm,Calm,-,N/A,,Scattered Clouds
1997-11-2 3:00 AM,0.0°C,-2.5°C,-7.0°C,60%,1025hPa,8.0km,SE,7.2km/h/2.0m/s,-,N/A,,Scattered Clouds
1997-11-2 4:00 AM,1.0°C,-,-8.0°C,52%,1025hPa,8.0km,Calm,Calm,-,N/A,,Scattered Clouds
1997-11-2 5:00 AM,1.0°C,-,-7.0°C,56%,1025hPa,8.0km,Calm,Calm,-,N/A,,Scattered Clouds
1997-11-2 6:00 AM,0.0°C,-,-7.0°C,60%,1025hPa,8.0km,Calm,Calm,-,N/A,,Scattered Clouds
1997-11-2 7:00 AM,0.0°C,-,-6.0°C,64%,1025hPa,8.0km,SE,3.6km/h/1.0m/s,-,N/A,,Scattered Clouds
1997-11-2 8:00 AM,0.0°C,-,-7.0°C,60%,1025hPa,8.0km,SE,3.6km/h/1.0m/s,-,N/A,,Scattered Clouds
1997-11-2 9:00 AM,5.0°C,-,-6.0°C,45%,1026hPa,3.0km,Calm,Calm,-,N/A,,Clear
1997-11-2 10:00 AM,8.0°C,-,-7.0°C,34%,1026hPa,1.5km,Calm,Calm,-,N/A,,Smoke
1997-11-2 11:00 AM,10.0°C,-,-8.0°C,28%,1025hPa,4.0km,SE,3.6km/h/1.0m/s,-,N/A,,Smoke
1997-11-2 12:00 PM,12.0°C,-,-6.0°C,28%,1024hPa,4.0km,South,7.2km/h/2.0m/s,-,N/A,,Smoke
1997-11-2 3:00 PM,15.0°C,-,-4.0°C,27%,1020hPa,6.0km,South,7.2km/h/2.0m/s,-,N/A,,Mostly Cloudy
1997-11-2 4:00 PM,16.0°C,-,-1.0°C,31%,1020hPa,6.0km,Calm,Calm,-,N/A,,Scattered Clouds
1997-11-2 5:00 PM,14.0°C,-,-1.0°C,36%,1020hPa,6.0km,NW,3.6km/h/1.0m/s,-,N/A,,Mostly Cloudy
1997-11-2 6:00 PM,12.0°C,-,-1.0°C,41%,1020hPa,4.0km,Calm,Calm,-,N/A,,Smoke
1997-11-2 7:00 PM,10.0°C,-,-1.0°C,47%,1020hPa,5.0km,ESE,3.6km/h/1.0m/s,-,N/A,,Smoke
1997-11-2 8:00 PM,10.0°C,-,-1.0°C,47%,1020hPa,5.0km,SE,7.2km/h/2.0m/s,-,N/A,,Smoke
1997-11-2 9:00 PM,11.0°C,-,0.0°C,47%,1021hPa,6.0km,SSW,3.6km/h/1.0m/s,-,N/A,,Mostly Cloudy
1997-11-2 10:00 PM,11.0°C,-,2.0°C,54%,1021hPa,-,SE,3.6km/h/1.0m/s,-,N/A,,Clear
1997-11-2 11:00 PM,8.0°C,-,0.0°C,57%,1021hPa,-,East,3.6km/h/1.0m/s,-,N/A,,Clear
