Time (CST),Temp.,Windchill,Dew Point,Humidity,Pressure,Visibility,Wind Dir,Wind Speed,Gust Speed,Precip,Events,Conditions
1997-10-20 12:00 AM,8.0°C,-,-4.0°C,43%,1014hPa,10.0km,South,3.6km/h/1.0m/s,-,N/A,,Clear
1997-10-20 2:00 AM,7.0°C,5.7°C,-3.0°C,49%,1014hPa,10.0km,ESE,7.2km/h/2.0m/s,-,N/A,,Clear
1997-10-20 3:00 AM,7.0°C,5.7°C,-3.0°C,49%,1014hPa,10.0km,NE,7.2km/h/2.0m/s,-,N/A,,Clear
1997-10-20 4:00 AM,5.0°C,2.5°C,-3.0°C,57%,1013hPa,10.0km,SE,10.8km/h/3.0m/s,-,N/A,,Clear
1997-10-20 5:00 AM,4.0°C,2.2°C,-3.0°C,61%,1013hPa,8.0km,ESE,7.2km/h/2.0m/s,-,N/A,,Clear
1997-10-20 6:00 AM,3.0°C,1.0°C,-4.0°C,60%,1013hPa,8.0km,SE,7.2km/h/2.0m/s,-,N/A,,Clear
1997-10-20 7:00 AM,4.0°C,2.2°C,-4.0°C,56%,1013hPa,8.0km,ESE,7.2km/h/2.0m/s,-,N/A,,Clear
1997-10-20 8:00 AM,8.0°C,6.9°C,-3.0°C,46%,1014hPa,8.0km,ESE,7.2km/h/2.0m/s,-,N/A,,Clear
1997-10-20 9:00 AM,13.0°C,-,-3.0°C,33%,1014hPa,5.0km,ESE,10.8km/h/3.0m/s,-,N/A,,Smoke
1997-10-20 10:00 AM,16.0°C,-,-4.0°C,25%,1014hPa,6.0km,SSE,7.2km/h/2.0m/s,-,N/A,,Clear
1997-10-20 11:00 AM,19.0°C,-,-5.0°C,19%,1013hPa,5.0km,SW,14.4km/h/4.0m/s,-,N/A,,Smoke
1997-10-20 12:00 PM,23.0°C,-,-3.0°C,18%,1012hPa,7.0km,West,14.4km/h/4.0m/s,-,N/A,,Clear
1997-10-20 1:00 PM,24.0°C,-,-8.0°C,11%,1011hPa,10.0km,West,14.4km/h/4.0m/s,-,N/A,,Clear
1997-10-20 2:00 PM,26.0°C,-,-8.0°C,10%,1009hPa,10.0km,WSW,14.4km/h/4.0m/s,-,N/A,,Clear
1997-10-20 3:00 PM,26.0°C,-,-8.0°C,10%,1009hPa,10.0km,WSW,7.2km/h/2.0m/s,-,N/A,,Clear
1997-10-20 4:00 PM,26.0°C,-,-9.0°C,9%,1009hPa,10.0km,West,7.2km/h/2.0m/s,-,N/A,,Clear
1997-10-20 5:00 PM,24.0°C,-,-8.0°C,11%,1009hPa,10.0km,NW,10.8km/h/3.0m/s,-,N/A,,Clear
1997-10-20 6:00 PM,21.0°C,-,-7.0°C,15%,1010hPa,10.0km,NW,14.4km/h/4.0m/s,-,N/A,,Clear
1997-10-20 7:00 PM,17.0°C,-,-5.0°C,22%,1010hPa,10.0km,NW,7.2km/h/2.0m/s,-,N/A,,Clear
1997-10-20 8:00 PM,17.0°C,-,-5.0°C,22%,1011hPa,10.0km,NW,7.2km/h/2.0m/s,-,N/A,,Clear
1997-10-20 9:00 PM,15.0°C,-,-4.0°C,27%,1012hPa,10.0km,North,3.6km/h/1.0m/s,-,N/A,,Clear
1997-10-20 10:00 PM,11.0°C,-,-3.0°C,38%,1012hPa,10.0km,SSE,10.8km/h/3.0m/s,-,N/A,,Clear
