Time (CST),Temp.,Windchill,Dew Point,Humidity,Pressure,Visibility,Wind Dir,Wind Speed,Gust Speed,Precip,Events,Conditions
1997-10-12 12:00 AM,11.0°C,-,2.0°C,54%,1021hPa,10.0km,Calm,Calm,-,N/A,,Clear
1997-10-12 1:00 AM,11.0°C,-,2.0°C,54%,1020hPa,10.0km,SSE,7.2km/h/2.0m/s,-,N/A,,Clear
1997-10-12 2:00 AM,7.0°C,-,2.0°C,71%,1020hPa,10.0km,Calm,Calm,-,N/A,,Clear
1997-10-12 3:00 AM,7.0°C,-,3.0°C,76%,1020hPa,10.0km,Calm,Calm,-,N/A,,Clear
1997-10-12 4:00 AM,5.0°C,-,2.0°C,81%,1020hPa,10.0km,Calm,Calm,-,N/A,,Clear
1997-10-12 5:00 AM,5.0°C,3.4°C,2.0°C,81%,1020hPa,10.0km,East,7.2km/h/2.0m/s,-,N/A,,Clear
1997-10-12 6:00 AM,2.0°C,-0.1°C,1.0°C,93%,1021hPa,8.0km,ESE,7.2km/h/2.0m/s,-,N/A,,Clear
1997-10-12 7:00 AM,3.0°C,-,2.0°C,93%,1021hPa,6.0km,West,3.6km/h/1.0m/s,-,N/A,,Partly Cloudy
1997-10-12 8:00 AM,6.0°C,-,3.0°C,81%,1021hPa,4.0km,Calm,Calm,-,N/A,,Clear
1997-10-12 9:00 AM,11.0°C,-,4.0°C,62%,1021hPa,6.0km,SSE,3.6km/h/1.0m/s,-,N/A,,Clear
1997-10-12 10:00 AM,13.0°C,-,3.0°C,51%,1021hPa,7.0km,South,7.2km/h/2.0m/s,-,N/A,,Clear
1997-10-12 11:00 AM,16.0°C,-,2.0°C,39%,1021hPa,8.0km,SE,7.2km/h/2.0m/s,-,N/A,,Clear
1997-10-12 12:00 PM,19.0°C,-,3.0°C,35%,1019hPa,10.0km,SSW,7.2km/h/2.0m/s,-,N/A,,Clear
1997-10-12 1:00 PM,21.0°C,-,3.0°C,31%,1018hPa,6.0km,SW,7.2km/h/2.0m/s,-,N/A,,Clear
1997-10-12 2:00 PM,23.0°C,-,3.0°C,27%,1016hPa,6.0km,WSW,7.2km/h/2.0m/s,-,N/A,,Clear
1997-10-12 3:00 PM,24.0°C,-,1.0°C,22%,1015hPa,10.0km,WSW,14.4km/h/4.0m/s,-,N/A,,Clear
1997-10-12 4:00 PM,24.0°C,-,1.0°C,22%,1015hPa,6.0km,West,10.8km/h/3.0m/s,-,N/A,,Clear
1997-10-12 5:00 PM,23.0°C,-,3.0°C,27%,1015hPa,6.0km,WSW,7.2km/h/2.0m/s,-,N/A,,Clear
1997-10-12 6:00 PM,20.0°C,-,0.0°C,26%,1015hPa,-,WNW,7.2km/h/2.0m/s,-,N/A,,Clear
1997-10-12 7:00 PM,18.0°C,-,-4.0°C,22%,1015hPa,10.0km,West,3.6km/h/1.0m/s,-,N/A,,Clear
1997-10-12 8:00 PM,11.0°C,-,-2.0°C,41%,1016hPa,10.0km,SE,7.2km/h/2.0m/s,-,N/A,,Clear
1997-10-12 9:00 PM,8.0°C,6.9°C,0.0°C,57%,1016hPa,10.0km,SE,7.2km/h/2.0m/s,-,N/A,,Clear
1997-10-12 10:00 PM,9.0°C,-,0.0°C,54%,1016hPa,10.0km,East,3.6km/h/1.0m/s,-,N/A,,Clear
