Time (CST),Temp.,Heat Index,Dew Point,Humidity,Pressure,Visibility,Wind Dir,Wind Speed,Gust Speed,Precip,Events,Conditions
1997-8-20 12:00 AM,23.0°C,-,17.0°C,69%,1015hPa,10.0km,East,10.8km/h/3.0m/s,-,N/A,,Scattered Clouds
1997-8-20 2:00 AM,22.0°C,-,18.0°C,78%,1014hPa,10.0km,East,7.2km/h/2.0m/s,-,N/A,,Scattered Clouds
1997-8-20 3:00 AM,21.0°C,-,18.0°C,83%,1013hPa,10.0km,ENE,7.2km/h/2.0m/s,-,N/A,,Scattered Clouds
1997-8-20 4:00 AM,21.0°C,-,17.0°C,78%,1013hPa,10.0km,East,7.2km/h/2.0m/s,-,N/A,,Scattered Clouds
1997-8-20 5:00 AM,21.0°C,-,18.0°C,83%,1013hPa,10.0km,ENE,10.8km/h/3.0m/s,-,N/A,,Scattered Clouds
1997-8-20 6:00 AM,19.0°C,-,18.0°C,94%,1013hPa,10.0km,East,7.2km/h/2.0m/s,-,N/A,,Mostly Cloudy
1997-8-20 7:00 AM,19.0°C,-,18.0°C,94%,1013hPa,8.0km,Calm,Calm,-,N/A,,Mostly Cloudy
1997-8-20 8:00 AM,20.0°C,-,19.0°C,94%,1013hPa,8.0km,Calm,Calm,-,N/A,,Scattered Clouds
1997-8-20 9:00 AM,23.0°C,-,18.0°C,73%,1013hPa,6.0km,ESE,3.6km/h/1.0m/s,-,N/A,,Mostly Cloudy
1997-8-20 10:00 AM,24.0°C,-,18.0°C,69%,1013hPa,6.0km,North,3.6km/h/1.0m/s,-,N/A,,Partly Cloudy
1997-8-20 11:00 AM,26.0°C,-,19.0°C,65%,1012hPa,6.0km,South,7.2km/h/2.0m/s,-,N/A,,Clear
1997-8-20 12:00 PM,28.0°C,29.7°C,20.0°C,62%,1011hPa,7.0km,SSW,7.2km/h/2.0m/s,-,N/A,,Clear
1997-8-20 1:00 PM,29.0°C,30.3°C,19.0°C,55%,1011hPa,-,South,10.8km/h/3.0m/s,-,N/A,,Clear
1997-8-20 2:00 PM,31.0°C,33.0°C,20.0°C,52%,1010hPa,10.0km,SSW,10.8km/h/3.0m/s,-,N/A,,Partly Cloudy
1997-8-20 3:00 PM,31.0°C,31.9°C,18.0°C,46%,1009hPa,10.0km,WNW,3.6km/h/1.0m/s,-,N/A,,Partly Cloudy
1997-8-20 4:00 PM,33.0°C,31.7°C,12.0°C,28%,1008hPa,10.0km,NNE,25.2km/h/7.0m/s,-,N/A,,Partly Cloudy
1997-8-20 5:00 PM,32.0°C,30.7°C,12.0°C,29%,1008hPa,10.0km,North,25.2km/h/7.0m/s,-,N/A,,Partly Cloudy
1997-8-20 6:00 PM,31.0°C,30.0°C,13.0°C,33%,1008hPa,10.0km,North,14.4km/h/4.0m/s,-,N/A,,Partly Cloudy
1997-8-20 7:00 PM,27.0°C,27.3°C,15.0°C,48%,1008hPa,10.0km,NNW,3.6km/h/1.0m/s,-,N/A,,Clear
1997-8-20 8:00 PM,23.0°C,-,17.0°C,69%,1009hPa,10.0km,Calm,Calm,-,N/A,,Clear
1997-8-20 9:00 PM,22.0°C,-,16.0°C,69%,1009hPa,10.0km,ESE,7.2km/h/2.0m/s,-,N/A,,Clear
1997-8-20 10:00 PM,22.0°C,-,16.0°C,69%,1009hPa,10.0km,SE,7.2km/h/2.0m/s,-,N/A,,Clear
1997-8-20 11:00 PM,21.0°C,-,16.0°C,73%,1010hPa,10.0km,Calm,Calm,-,N/A,,Clear
