Time (CST),Temp.,Heat Index,Dew Point,Humidity,Pressure,Visibility,Wind Dir,Wind Speed,Gust Speed,Precip,Events,Conditions
1997-8-21 12:00 AM,18.0°C,-,16.0°C,88%,1010hPa,10.0km,Calm,Calm,-,N/A,,Clear
1997-8-21 3:00 AM,17.0°C,-,16.0°C,94%,1010hPa,10.0km,East,7.2km/h/2.0m/s,-,N/A,,Clear
1997-8-21 4:00 AM,16.0°C,-,15.0°C,94%,1010hPa,10.0km,Calm,Calm,-,N/A,,Clear
1997-8-21 5:00 AM,15.0°C,-,14.0°C,94%,1011hPa,10.0km,Calm,Calm,-,N/A,,Clear
1997-8-21 6:00 AM,16.0°C,-,15.0°C,94%,1011hPa,10.0km,Calm,Calm,-,N/A,,Clear
1997-8-21 7:00 AM,16.0°C,-,15.0°C,94%,1012hPa,8.0km,SE,7.2km/h/2.0m/s,-,N/A,,Clear
1997-8-21 8:00 AM,20.0°C,-,15.0°C,73%,1012hPa,8.0km,Calm,Calm,-,N/A,,Clear
1997-8-21 9:00 AM,24.0°C,-,16.0°C,61%,1012hPa,8.0km,NNE,7.2km/h/2.0m/s,-,N/A,,Clear
1997-8-21 10:00 AM,26.0°C,-,17.0°C,57%,1012hPa,8.0km,SSW,7.2km/h/2.0m/s,-,N/A,,Clear
1997-8-21 11:00 AM,28.0°C,28.5°C,17.0°C,51%,1012hPa,-,West,7.2km/h/2.0m/s,-,N/A,,Clear
1997-8-21 12:00 PM,30.0°C,29.7°C,15.0°C,40%,1011hPa,-,Calm,Calm,-,N/A,,Clear
1997-8-21 1:00 PM,31.0°C,30.9°C,16.0°C,40%,1010hPa,-,West,3.6km/h/1.0m/s,-,N/A,,Clear
1997-8-21 2:00 PM,32.0°C,31.2°C,14.0°C,33%,1010hPa,-,SSW,3.6km/h/1.0m/s,-,N/A,,Clear
1997-8-21 3:00 PM,33.0°C,33.4°C,17.0°C,38%,1009hPa,-,WSW,10.8km/h/3.0m/s,-,N/A,,Clear
1997-8-21 4:00 PM,32.0°C,32.3°C,17.0°C,40%,1009hPa,-,West,10.8km/h/3.0m/s,-,N/A,,Clear
1997-8-21 5:00 PM,31.0°C,30.9°C,16.0°C,40%,1009hPa,-,WSW,7.2km/h/2.0m/s,-,N/A,,Clear
1997-8-21 6:00 PM,30.0°C,31.9°C,20.0°C,55%,1009hPa,-,WSW,3.6km/h/1.0m/s,-,N/A,,Clear
1997-8-21 7:00 PM,27.0°C,28.5°C,20.0°C,65%,1009hPa,-,SSE,3.6km/h/1.0m/s,-,N/A,,Clear
1997-8-21 8:00 PM,25.0°C,-,20.0°C,74%,1009hPa,-,NNE,3.6km/h/1.0m/s,-,N/A,,Clear
1997-8-21 9:00 PM,22.0°C,-,18.0°C,78%,1010hPa,-,ESE,7.2km/h/2.0m/s,-,N/A,,Clear
1997-8-21 10:00 PM,21.0°C,-,16.0°C,73%,1010hPa,7.0km,ESE,7.2km/h/2.0m/s,-,N/A,,Scattered Clouds
1997-8-21 11:00 PM,22.0°C,-,16.0°C,69%,1010hPa,7.0km,SE,10.8km/h/3.0m/s,-,N/A,,Scattered Clouds
