Time (CST),Temp.,Dew Point,Humidity,Pressure,Visibility,Wind Dir,Wind Speed,Gust Speed,Precip,Events,Conditions
1998-12-22 12:00 AM,26.6°F,14.0°F,59%,30.18in,-,NNE,2.2mph,-,N/A,,Clear
1998-12-22 1:00 AM,26.6°F,14.0°F,59%,30.18in,-,Calm,Calm,-,N/A,,Clear
1998-12-22 4:00 AM,24.8°F,14.0°F,64%,30.18in,-,NNE,2.2mph,-,N/A,,Clear
1998-12-22 5:00 AM,24.8°F,14.0°F,64%,30.18in,-,NE,2.2mph,-,N/A,,Clear
1998-12-22 6:00 AM,23.0°F,14.0°F,68%,30.21in,-,Calm,Calm,-,N/A,,Clear
1998-12-22 7:00 AM,24.8°F,14.0°F,64%,30.21in,-,Calm,Calm,-,N/A,,Clear
1998-12-22 8:00 AM,24.8°F,15.8°F,69%,30.21in,-,ESE,2.2mph,-,N/A,,Clear
1998-12-22 10:00 AM,32.0°F,17.6°F,55%,30.24in,2.5mi,Calm,Calm,-,N/A,,Smoke
1998-12-22 11:00 AM,33.8°F,19.4°F,56%,30.24in,2.2mi,NW,2.2mph,-,N/A,,Smoke
1998-12-22 12:00 PM,37.4°F,17.6°F,45%,30.21in,1.9mi,Calm,Calm,-,N/A,,Smoke
1998-12-22 1:00 PM,41.0°F,17.6°F,39%,30.15in,1.9mi,Calm,Calm,-,N/A,,Smoke
1998-12-22 2:00 PM,42.8°F,19.4°F,39%,30.15in,2.5mi,South,2.2mph,-,N/A,,Smoke
1998-12-22 3:00 PM,42.8°F,19.4°F,39%,30.15in,2.5mi,South,2.2mph,-,N/A,,Smoke
1998-12-22 4:00 PM,42.8°F,17.6°F,36%,30.15in,3.1mi,SE,2.2mph,-,N/A,,Smoke
1998-12-22 5:00 PM,39.2°F,17.6°F,42%,30.15in,3.1mi,SE,2.2mph,-,N/A,,Smoke
1998-12-22 6:00 PM,32.0°F,15.8°F,51%,30.15in,3.1mi,ESE,2.2mph,-,N/A,,Smoke
1998-12-22 7:00 PM,32.0°F,15.8°F,51%,30.18in,3.7mi,ENE,2.2mph,-,N/A,,Clear
1998-12-22 8:00 PM,32.0°F,15.8°F,51%,30.18in,3.7mi,SSW,2.2mph,-,N/A,,Clear
1998-12-22 9:00 PM,26.6°F,14.0°F,59%,30.21in,4.3mi,ESE,2.2mph,-,N/A,,Clear
1998-12-22 10:00 PM,30.2°F,15.8°F,55%,30.21in,4.3mi,ESE,2.2mph,-,N/A,,Clear
