Time (CST),Temp.,Heat Index,Dew Point,Humidity,Pressure,Visibility,Wind Dir,Wind Speed,Gust Speed,Precip,Events,Conditions
1997-7-27 12:00 AM,27.0°C,29.6°C,23.0°C,79%,1009hPa,-,East,21.6km/h/6.0m/s,-,N/A,,Clear
1997-7-27 5:00 AM,25.0°C,-,23.0°C,89%,1009hPa,6.0km,Calm,Calm,-,N/A,,Mostly Cloudy
1997-7-27 6:00 AM,23.0°C,-,22.0°C,94%,1010hPa,8.0km,Calm,Calm,-,N/A,,Scattered Clouds
1997-7-27 7:00 AM,24.0°C,-,23.0°C,94%,1010hPa,6.0km,Calm,Calm,-,N/A,,Scattered Clouds
1997-7-27 8:00 AM,25.0°C,-,23.0°C,89%,1010hPa,6.0km,NW,7.2km/h/2.0m/s,-,N/A,,Scattered Clouds
1997-7-27 9:00 AM,27.0°C,29.6°C,23.0°C,79%,1010hPa,3.0km,NNE,10.8km/h/3.0m/s,-,N/A,,Mostly Cloudy
1997-7-27 10:00 AM,28.0°C,30.7°C,22.0°C,70%,1010hPa,3.0km,NE,7.2km/h/2.0m/s,-,N/A,,Mostly Cloudy
1997-7-27 11:00 AM,29.0°C,32.7°C,23.0°C,70%,1010hPa,6.0km,NNE,3.6km/h/1.0m/s,-,N/A,,Mostly Cloudy
1997-7-27 12:00 PM,31.0°C,36.4°C,24.0°C,66%,1009hPa,6.0km,North,18.0km/h/5.0m/s,-,N/A,,Mostly Cloudy
1997-7-27 1:00 PM,28.0°C,29.7°C,20.0°C,62%,1010hPa,-,North,32.4km/h/9.0m/s,-,N/A,,Clear
1997-7-27 2:00 PM,29.0°C,31.3°C,21.0°C,62%,1008hPa,-,NNW,32.4km/h/9.0m/s,-,N/A,,Clear
1997-7-27 3:00 PM,31.0°C,33.7°C,21.0°C,55%,1008hPa,10.0km,NNW,28.8km/h/8.0m/s,-,N/A,,Mostly Cloudy
1997-7-27 4:00 PM,28.0°C,29.7°C,20.0°C,62%,1008hPa,10.0km,North,25.2km/h/7.0m/s,-,N/A,,Mostly Cloudy
1997-7-27 5:00 PM,30.0°C,33.2°C,22.0°C,62%,1008hPa,-,East,14.4km/h/4.0m/s,-,N/A,,Clear
1997-7-27 6:00 PM,29.0°C,30.7°C,20.0°C,58%,1008hPa,-,East,14.4km/h/4.0m/s,-,N/A,,Clear
1997-7-27 7:00 PM,28.0°C,29.7°C,20.0°C,62%,1008hPa,-,ENE,14.4km/h/4.0m/s,-,N/A,,Clear
1997-7-27 8:00 PM,28.0°C,30.7°C,22.0°C,70%,1008hPa,-,NNE,10.8km/h/3.0m/s,-,N/A,,Clear
1997-7-27 9:00 PM,26.0°C,-,21.0°C,74%,1009hPa,-,North,14.4km/h/4.0m/s,-,N/A,,Clear
1997-7-27 10:00 PM,26.0°C,-,22.0°C,78%,1010hPa,-,NNW,10.8km/h/3.0m/s,-,N/A,,Clear
1997-7-27 11:00 PM,25.0°C,-,22.0°C,83%,1010hPa,-,NNW,10.8km/h/3.0m/s,-,N/A,,Clear
