Time (CST),Temp.,Windchill,Dew Point,Humidity,Pressure,Visibility,Wind Dir,Wind Speed,Gust Speed,Precip,Events,Conditions
1998-12-21 12:00 AM,30.2°F,-,15.8°F,55%,29.92in,4.3mi,ESE,2.2mph,-,N/A,,Clear
1998-12-21 1:00 AM,28.4°F,-,17.6°F,64%,29.92in,4.3mi,Calm,Calm,-,N/A,,Clear
1998-12-21 2:00 AM,28.4°F,-,17.6°F,64%,29.95in,4.3mi,Calm,Calm,-,N/A,,Clear
1998-12-21 3:00 AM,24.8°F,-,15.8°F,69%,29.95in,4.3mi,Calm,Calm,-,N/A,,Clear
1998-12-21 4:00 AM,23.0°F,-,15.8°F,74%,29.95in,4.3mi,Calm,Calm,-,N/A,,Clear
1998-12-21 6:00 AM,24.8°F,-,15.8°F,69%,29.98in,4.3mi,Calm,Calm,-,N/A,,Clear
1998-12-21 7:00 AM,23.0°F,-,15.8°F,74%,29.98in,3.1mi,Calm,Calm,-,N/A,,Smoke
1998-12-21 8:00 AM,24.8°F,-,17.6°F,74%,30.01in,2.5mi,SE,2.2mph,-,N/A,,Smoke
1998-12-21 9:00 AM,28.4°F,-,19.4°F,69%,30.04in,1.4mi,Calm,Calm,-,N/A,,Smoke
1998-12-21 10:00 AM,32.0°F,-,21.2°F,64%,30.06in,1.4mi,Calm,Calm,-,N/A,,Smoke
1998-12-21 11:00 AM,37.4°F,-,21.2°F,52%,30.06in,0.9mi,SE,2.2mph,-,N/A,,Smoke
1998-12-21 12:00 PM,41.0°F,-,21.2°F,45%,30.06in,0.9mi,Calm,Calm,-,N/A,,Smoke
1998-12-21 1:00 PM,44.6°F,-,21.2°F,39%,30.04in,2.5mi,East,2.2mph,-,N/A,,Smoke
1998-12-21 2:00 PM,50.0°F,-,21.2°F,32%,30.04in,2.5mi,ENE,2.2mph,-,N/A,,Smoke
1998-12-21 3:00 PM,53.6°F,-,17.6°F,24%,30.04in,-,North,13.4mph,-,N/A,,Clear
1998-12-21 4:00 PM,51.8°F,-,17.6°F,26%,30.06in,-,NNW,8.9mph,-,N/A,,Clear
1998-12-21 5:00 PM,48.2°F,-,19.4°F,32%,30.06in,3.7mi,East,4.5mph,-,N/A,,Mostly Cloudy
1998-12-21 6:00 PM,39.2°F,-,19.4°F,45%,30.06in,3.7mi,Calm,Calm,-,N/A,,Mostly Cloudy
1998-12-21 7:00 PM,33.8°F,-,17.6°F,52%,30.09in,-,Calm,Calm,-,N/A,,Clear
1998-12-21 8:00 PM,35.6°F,-,15.8°F,44%,30.12in,-,Calm,Calm,-,N/A,,Clear
1998-12-21 9:00 PM,28.4°F,-,14.0°F,55%,30.15in,-,ESE,2.2mph,-,N/A,,Clear
1998-12-21 10:00 PM,30.2°F,25.5°F,14.0°F,51%,30.15in,-,SE,4.5mph,-,N/A,,Clear
1998-12-21 11:00 PM,24.8°F,-,12.2°F,59%,30.15in,-,Calm,Calm,-,N/A,,Clear
