Time (CST),Temp.,Heat Index,Dew Point,Humidity,Pressure,Visibility,Wind Dir,Wind Speed,Gust Speed,Precip,Events,Conditions
1997-8-17 12:00 AM,17.0°C,-,17.0°C,100%,1015hPa,-,East,7.2km/h/2.0m/s,-,N/A,,Clear
1997-8-17 1:00 AM,17.0°C,-,17.0°C,100%,1015hPa,10.0km,ESE,7.2km/h/2.0m/s,-,N/A,,Overcast
1997-8-17 3:00 AM,16.0°C,-,16.0°C,100%,1014hPa,10.0km,SE,7.2km/h/2.0m/s,-,N/A,,Mostly Cloudy
1997-8-17 4:00 AM,16.0°C,-,16.0°C,100%,1014hPa,10.0km,East,3.6km/h/1.0m/s,-,N/A,,Mostly Cloudy
1997-8-17 5:00 AM,16.0°C,-,16.0°C,100%,1014hPa,-,East,3.6km/h/1.0m/s,-,N/A,,Clear
1997-8-17 6:00 AM,16.0°C,-,16.0°C,100%,1014hPa,-,SE,3.6km/h/1.0m/s,-,N/A,,Clear
1997-8-17 7:00 AM,16.0°C,-,16.0°C,100%,1015hPa,4.0km,Calm,Calm,-,N/A,,Mostly Cloudy
1997-8-17 8:00 AM,18.0°C,-,18.0°C,100%,1015hPa,4.0km,East,3.6km/h/1.0m/s,-,N/A,,Mostly Cloudy
1997-8-17 9:00 AM,20.0°C,-,18.0°C,88%,1015hPa,8.0km,Calm,Calm,-,N/A,,Scattered Clouds
1997-8-17 11:00 AM,24.0°C,-,18.0°C,69%,1014hPa,8.0km,South,7.2km/h/2.0m/s,-,N/A,,Mostly Cloudy
1997-8-17 12:00 PM,27.0°C,27.5°C,16.0°C,51%,1013hPa,-,WSW,7.2km/h/2.0m/s,-,N/A,,Clear
1997-8-17 1:00 PM,28.0°C,28.3°C,16.0°C,48%,1013hPa,-,South,10.8km/h/3.0m/s,-,N/A,,Clear
1997-8-17 2:00 PM,29.0°C,29.4°C,17.0°C,48%,1012hPa,-,SSW,10.8km/h/3.0m/s,-,N/A,,Clear
1997-8-17 3:00 PM,29.0°C,28.8°C,15.0°C,42%,1012hPa,-,WSW,7.2km/h/2.0m/s,-,N/A,,Clear
1997-8-17 5:00 PM,27.0°C,27.7°C,17.0°C,54%,1011hPa,-,West,7.2km/h/2.0m/s,-,N/A,,Clear
1997-8-17 6:00 PM,26.0°C,-,18.0°C,61%,1011hPa,-,SW,7.2km/h/2.0m/s,-,N/A,,Clear
1997-8-17 7:00 PM,24.0°C,-,19.0°C,73%,1012hPa,-,SE,7.2km/h/2.0m/s,-,N/A,,Clear
1997-8-17 8:00 PM,22.0°C,-,19.0°C,83%,1012hPa,-,SE,3.6km/h/1.0m/s,-,N/A,,Clear
1997-8-17 9:00 PM,22.0°C,-,18.0°C,78%,1013hPa,8.0km,ENE,3.6km/h/1.0m/s,-,N/A,,Overcast
1997-8-17 10:00 PM,21.0°C,-,18.0°C,83%,1013hPa,8.0km,East,7.2km/h/2.0m/s,-,N/A,,Overcast
1997-8-17 11:00 PM,19.0°C,-,17.0°C,88%,1013hPa,-,ESE,3.6km/h/1.0m/s,-,N/A,,Clear
