Time (CST),Temp.,Windchill,Dew Point,Humidity,Pressure,Visibility,Wind Dir,Wind Speed,Gust Speed,Precip,Events,Conditions
1998-12-9 12:00 AM,15.8°F,-,1.4°F,53%,30.57in,-,Calm,Calm,-,N/A,,Clear
1998-12-9 1:00 AM,15.8°F,-,-0.4°F,49%,30.57in,-,Calm,Calm,-,N/A,,Clear
1998-12-9 2:00 AM,14.0°F,-,-0.4°F,53%,30.57in,-,Calm,Calm,-,N/A,,Clear
1998-12-9 3:00 AM,12.2°F,-,-0.4°F,57%,30.57in,-,Calm,Calm,-,N/A,,Clear
1998-12-9 4:00 AM,10.4°F,-,-0.4°F,62%,30.54in,-,Calm,Calm,-,N/A,,Clear
1998-12-9 5:00 AM,12.2°F,-,-0.4°F,57%,30.57in,-,Calm,Calm,-,N/A,,Clear
1998-12-9 6:00 AM,10.4°F,-,-0.4°F,62%,30.57in,-,Calm,Calm,-,N/A,,Clear
1998-12-9 7:00 AM,10.4°F,-,-0.4°F,62%,30.57in,-,Calm,Calm,-,N/A,,Clear
1998-12-9 8:00 AM,8.6°F,-,-0.4°F,67%,30.60in,-,ENE,2.2mph,-,N/A,,Clear
1998-12-9 9:00 AM,12.2°F,-,3.2°F,67%,30.60in,5.0mi,SE,2.2mph,-,N/A,,Clear
1998-12-9 11:00 AM,23.0°F,-,3.2°F,43%,30.60in,3.7mi,Calm,Calm,-,N/A,,Clear
1998-12-9 12:00 PM,28.4°F,23.4°F,5.0°F,37%,30.54in,3.7mi,South,4.5mph,-,N/A,,Clear
1998-12-9 1:00 PM,30.2°F,25.5°F,6.8°F,37%,30.51in,3.7mi,South,4.5mph,-,N/A,,Clear
1998-12-9 2:00 PM,32.0°F,27.6°F,6.8°F,35%,30.48in,5.0mi,SW,4.5mph,-,N/A,,Clear
1998-12-9 3:00 PM,33.8°F,29.7°F,6.8°F,32%,30.48in,-,SSW,4.5mph,-,N/A,,Clear
1998-12-9 4:00 PM,33.8°F,-,6.8°F,32%,30.48in,-,WSW,2.2mph,-,N/A,,Clear
1998-12-9 5:00 PM,32.0°F,-,5.0°F,32%,30.48in,-,Calm,Calm,-,N/A,,Clear
1998-12-9 6:00 PM,30.2°F,-,6.8°F,37%,30.48in,-,ENE,2.2mph,-,N/A,,Clear
1998-12-9 7:00 PM,21.2°F,-,3.2°F,46%,30.48in,-,East,2.2mph,-,N/A,,Clear
1998-12-9 8:00 PM,21.2°F,-,3.2°F,46%,30.51in,-,Calm,Calm,-,N/A,,Clear
1998-12-9 9:00 PM,17.6°F,-,3.2°F,53%,30.51in,-,Calm,Calm,-,N/A,,Clear
1998-12-9 11:00 PM,15.8°F,-,3.2°F,58%,30.54in,-,SE,2.2mph,-,N/A,,Clear
