Time (CST),Temp.,Dew Point,Humidity,Pressure,Visibility,Wind Dir,Wind Speed,Gust Speed,Precip,Events,Conditions
1998-1-7 12:00 AM,-5.0°C,-18.0°C,36%,1023hPa,-,Calm,Calm,-,N/A,,Clear
1998-1-7 1:00 AM,-5.0°C,-16.0°C,43%,1022hPa,-,SE,3.6km/h/1.0m/s,-,N/A,,Clear
1998-1-7 2:00 AM,-4.0°C,-17.0°C,36%,1022hPa,-,Calm,Calm,-,N/A,,Clear
1998-1-7 5:00 AM,-9.0°C,-19.0°C,45%,1020hPa,-,Calm,Calm,-,N/A,,Clear
1998-1-7 6:00 AM,-6.0°C,-15.0°C,50%,1019hPa,8.0km,SE,3.6km/h/1.0m/s,-,N/A,,Scattered Clouds
1998-1-7 7:00 AM,-6.0°C,-16.0°C,46%,1019hPa,8.0km,Calm,Calm,-,N/A,,Scattered Clouds
1998-1-7 8:00 AM,-6.0°C,-17.0°C,42%,1019hPa,7.0km,ENE,3.6km/h/1.0m/s,-,N/A,,Overcast
1998-1-7 9:00 AM,-5.0°C,-16.0°C,43%,1019hPa,6.0km,Calm,Calm,-,N/A,,Overcast
1998-1-7 10:00 AM,-3.0°C,-16.0°C,37%,1020hPa,3.5km,Calm,Calm,-,N/A,,Smoke
1998-1-7 11:00 AM,-1.0°C,-17.0°C,29%,1019hPa,3.5km,Calm,Calm,-,N/A,,Smoke
1998-1-7 12:00 PM,1.0°C,-17.0°C,25%,1018hPa,4.0km,SE,3.6km/h/1.0m/s,-,N/A,,Smoke
1998-1-7 1:00 PM,2.0°C,-17.0°C,24%,1017hPa,4.0km,WSW,3.6km/h/1.0m/s,-,N/A,,Smoke
1998-1-7 2:00 PM,3.0°C,-17.0°C,22%,1018hPa,4.0km,SW,3.6km/h/1.0m/s,-,N/A,,Smoke
1998-1-7 3:00 PM,4.0°C,-16.0°C,22%,1016hPa,4.0km,West,3.6km/h/1.0m/s,-,N/A,,Smoke
1998-1-7 4:00 PM,3.0°C,-17.0°C,22%,1016hPa,3.0km,SSW,3.6km/h/1.0m/s,-,N/A,,Smoke
1998-1-7 5:00 PM,2.0°C,-16.0°C,26%,1016hPa,3.0km,Calm,Calm,-,N/A,,Smoke
1998-1-7 6:00 PM,-2.0°C,-16.0°C,34%,1016hPa,3.0km,East,3.6km/h/1.0m/s,-,N/A,,Smoke
1998-1-7 7:00 PM,-4.0°C,-16.0°C,40%,1017hPa,3.0km,ESE,3.6km/h/1.0m/s,-,N/A,,Smoke
1998-1-7 8:00 PM,-5.0°C,-17.0°C,39%,1017hPa,3.0km,East,3.6km/h/1.0m/s,-,N/A,,Smoke
1998-1-7 9:00 PM,-3.0°C,-14.0°C,43%,1017hPa,3.0km,NNW,3.6km/h/1.0m/s,-,N/A,,Smoke
1998-1-7 10:00 PM,-5.0°C,-16.0°C,43%,1017hPa,3.0km,East,3.6km/h/1.0m/s,-,N/A,,Smoke
1998-1-7 11:00 PM,-6.0°C,-14.0°C,54%,1018hPa,3.0km,ESE,3.6km/h/1.0m/s,-,N/A,,Smoke
