Time (CST),Temp.,Dew Point,Humidity,Pressure,Visibility,Wind Dir,Wind Speed,Gust Speed,Precip,Events,Conditions
1997-6-11 12:00 AM,17.0°C,6.0°C,48%,1007hPa,10.0km,Calm,Calm,-,N/A,,Clear
1997-6-11 1:00 AM,16.0°C,5.0°C,48%,1008hPa,10.0km,East,10.8km/h/3.0m/s,-,N/A,,Clear
1997-6-11 2:00 AM,15.0°C,5.0°C,51%,1008hPa,10.0km,East,10.8km/h/3.0m/s,-,N/A,,Clear
1997-6-11 3:00 AM,14.0°C,4.0°C,51%,1008hPa,10.0km,South,3.6km/h/1.0m/s,-,N/A,,Clear
1997-6-11 4:00 AM,14.0°C,5.0°C,55%,1008hPa,10.0km,Calm,Calm,-,N/A,,Clear
1997-6-11 5:00 AM,13.0°C,4.0°C,54%,1008hPa,10.0km,Calm,Calm,-,N/A,,Clear
1997-6-11 6:00 AM,13.0°C,5.0°C,58%,1009hPa,10.0km,ENE,7.2km/h/2.0m/s,-,N/A,,Clear
1997-6-11 7:00 AM,15.0°C,5.0°C,51%,1009hPa,10.0km,Calm,Calm,-,N/A,,Clear
1997-6-11 8:00 AM,17.0°C,5.0°C,45%,1009hPa,10.0km,Calm,Calm,-,N/A,,Clear
1997-6-11 9:00 AM,20.0°C,6.0°C,40%,1010hPa,10.0km,SSW,7.2km/h/2.0m/s,-,N/A,,Clear
1997-6-11 10:00 AM,22.0°C,6.0°C,35%,1010hPa,10.0km,Calm,Calm,-,N/A,,Clear
1997-6-11 11:00 AM,25.0°C,6.0°C,29%,1009hPa,10.0km,West,10.8km/h/3.0m/s,-,N/A,,Clear
1997-6-11 12:00 PM,28.0°C,1.0°C,17%,1009hPa,10.0km,Calm,Calm,-,N/A,,Clear
1997-6-11 1:00 PM,29.0°C,1.0°C,16%,1008hPa,10.0km,West,10.8km/h/3.0m/s,-,N/A,,Clear
1997-6-11 2:00 PM,30.0°C,1.0°C,15%,1007hPa,10.0km,SW,10.8km/h/3.0m/s,-,N/A,,Clear
1997-6-11 3:00 PM,30.0°C,0.0°C,14%,1007hPa,10.0km,SW,14.4km/h/4.0m/s,-,N/A,,Clear
1997-6-11 4:00 PM,31.0°C,-2.0°C,12%,1006hPa,10.0km,WSW,18.0km/h/5.0m/s,-,N/A,,Clear
1997-6-11 5:00 PM,31.0°C,0.0°C,14%,1006hPa,10.0km,WSW,21.6km/h/6.0m/s,-,N/A,,Clear
1997-6-11 6:00 PM,30.0°C,1.0°C,15%,1006hPa,10.0km,WSW,21.6km/h/6.0m/s,-,N/A,,Clear
1997-6-11 7:00 PM,28.0°C,3.0°C,20%,1006hPa,10.0km,WSW,14.4km/h/4.0m/s,-,N/A,,Clear
1997-6-11 8:00 PM,28.0°C,4.0°C,21%,1007hPa,10.0km,Calm,Calm,-,N/A,,Partly Cloudy
1997-6-11 9:00 PM,25.0°C,6.0°C,29%,1008hPa,10.0km,NE,7.2km/h/2.0m/s,-,N/A,,Clear
1997-6-11 10:00 PM,23.0°C,5.0°C,31%,1008hPa,10.0km,East,7.2km/h/2.0m/s,-,N/A,,Clear
1997-6-11 11:00 PM,22.0°C,2.0°C,27%,1009hPa,10.0km,SE,10.8km/h/3.0m/s,-,N/A,,Clear
