Time (CST),Temp.,Windchill,Dew Point,Humidity,Pressure,Visibility,Wind Dir,Wind Speed,Gust Speed,Precip,Events,Conditions
1998-12-25 12:00 AM,26.6°F,-,10.4°F,51%,30.24in,3.7mi,ESE,2.2mph,-,N/A,,Mostly Cloudy
1998-12-25 1:00 AM,24.8°F,-,10.4°F,54%,30.24in,3.7mi,Calm,Calm,-,N/A,,Mostly Cloudy
1998-12-25 2:00 AM,21.2°F,-,10.4°F,63%,30.24in,3.7mi,Calm,Calm,-,N/A,,Mostly Cloudy
1998-12-25 3:00 AM,21.2°F,-,10.4°F,63%,30.24in,3.7mi,Calm,Calm,-,N/A,,Mostly Cloudy
1998-12-25 4:00 AM,19.4°F,-,8.6°F,63%,30.24in,3.7mi,Calm,Calm,-,N/A,,Mostly Cloudy
1998-12-25 5:00 AM,19.4°F,-,8.6°F,63%,30.24in,3.7mi,SE,2.2mph,-,N/A,,Scattered Clouds
1998-12-25 6:00 AM,19.4°F,-,8.6°F,63%,30.24in,3.7mi,East,2.2mph,-,N/A,,Clear
1998-12-25 7:00 AM,17.6°F,10.8°F,8.6°F,68%,30.24in,3.7mi,ESE,4.5mph,-,N/A,,Scattered Clouds
1998-12-25 8:00 AM,17.6°F,-,8.6°F,68%,30.27in,2.5mi,Calm,Calm,-,N/A,,Smoke
1998-12-25 9:00 AM,21.2°F,-,12.2°F,68%,30.30in,1.5mi,Calm,Calm,-,N/A,,Smoke
1998-12-25 10:00 AM,28.4°F,-,15.8°F,59%,30.30in,1.4mi,Calm,Calm,-,N/A,,Smoke
1998-12-25 11:00 AM,33.8°F,-,17.6°F,52%,30.30in,0.9mi,West,2.2mph,-,N/A,,Smoke
1998-12-25 12:00 PM,37.4°F,-,17.6°F,45%,30.27in,0.9mi,SSW,2.2mph,-,N/A,,Smoke
1998-12-25 1:00 PM,42.8°F,-,19.4°F,39%,30.24in,0.9mi,SSW,2.2mph,-,N/A,,Smoke
1998-12-25 2:00 PM,44.6°F,-,17.6°F,34%,30.21in,2.5mi,SSW,2.2mph,-,N/A,,Smoke
1998-12-25 3:00 PM,44.6°F,-,15.8°F,31%,30.18in,4.3mi,SSW,2.2mph,-,N/A,,Partly Cloudy
1998-12-25 4:00 PM,44.6°F,-,17.6°F,34%,30.18in,-,WSW,2.2mph,-,N/A,,Clear
1998-12-25 5:00 PM,39.2°F,-,15.8°F,39%,30.18in,-,Calm,Calm,-,N/A,,Clear
1998-12-25 6:00 PM,33.8°F,-,14.0°F,44%,30.21in,-,ENE,2.2mph,-,N/A,,Clear
1998-12-25 7:00 PM,30.2°F,-,12.2°F,47%,30.21in,5.0mi,East,2.2mph,-,N/A,,Clear
1998-12-25 8:00 PM,28.4°F,-,14.0°F,55%,30.24in,5.0mi,Calm,Calm,-,N/A,,Clear
1998-12-25 9:00 PM,24.8°F,19.2°F,12.2°F,59%,30.24in,5.0mi,SE,4.5mph,-,N/A,,Scattered Clouds
1998-12-25 10:00 PM,28.4°F,-,12.2°F,51%,30.24in,5.0mi,ESE,2.2mph,-,N/A,,Mostly Cloudy
1998-12-25 11:00 PM,26.6°F,-,12.2°F,55%,30.24in,5.0mi,SE,2.2mph,-,N/A,,Mostly Cloudy
