Time (CST),Temp.,Windchill,Dew Point,Humidity,Pressure,Visibility,Wind Dir,Wind Speed,Gust Speed,Precip,Events,Conditions
1997-1-20 12:00 AM,-6.0°C,-,-16.0°C,46%,1014hPa,10.0km,Calm,Calm,-,N/A,,Clear
1997-1-20 1:00 AM,-6.0°C,-,-15.0°C,50%,1013hPa,10.0km,Calm,Calm,-,N/A,,Clear
1997-1-20 2:00 AM,-7.0°C,-,-16.0°C,49%,1013hPa,10.0km,Calm,Calm,-,N/A,,Clear
1997-1-20 3:00 AM,-7.0°C,-,-16.0°C,49%,1014hPa,10.0km,Calm,Calm,-,N/A,,Clear
1997-1-20 4:00 AM,-7.0°C,-10.6°C,-16.0°C,49%,1014hPa,10.0km,West,7.2km/h/2.0m/s,-,N/A,,Clear
1997-1-20 5:00 AM,-8.0°C,-,-16.0°C,53%,1014hPa,10.0km,Calm,Calm,-,N/A,,Clear
1997-1-20 6:00 AM,-8.0°C,-,-14.0°C,63%,1014hPa,10.0km,Calm,Calm,-,N/A,,Clear
1997-1-20 7:00 AM,-8.0°C,-,-15.0°C,58%,1015hPa,10.0km,Calm,Calm,-,N/A,,Clear
1997-1-20 8:00 AM,-9.0°C,-,-14.0°C,68%,1016hPa,1.5km,Calm,Calm,-,N/A,,Smoke
1997-1-20 10:00 AM,-4.0°C,-,-13.0°C,50%,1018hPa,1.3km,North,3.6km/h/1.0m/s,-,N/A,,Smoke
1997-1-20 11:00 AM,-1.0°C,-,-13.0°C,40%,1018hPa,1.7km,WNW,3.6km/h/1.0m/s,-,N/A,,Smoke
1997-1-20 12:00 PM,-,-,-,N/A%,-,4.0km,Calm,Calm,-,N/A,,Unknown
1997-1-20 1:00 PM,3.0°C,-,-13.0°C,30%,1016hPa,6.0km,SSW,3.6km/h/1.0m/s,-,N/A,,Clear
1997-1-20 2:00 PM,5.0°C,-,-15.0°C,23%,1015hPa,5.0km,Calm,Calm,-,N/A,,Smoke
1997-1-20 3:00 PM,7.0°C,-,-12.0°C,25%,1015hPa,6.0km,Calm,Calm,-,N/A,,Clear
1997-1-20 4:00 PM,8.0°C,-,-12.0°C,23%,1015hPa,8.0km,Calm,Calm,-,N/A,,Clear
1997-1-20 5:00 PM,7.0°C,5.7°C,-14.0°C,21%,1016hPa,6.0km,West,7.2km/h/2.0m/s,-,N/A,,Clear
1997-1-20 7:00 PM,1.0°C,-1.3°C,-15.0°C,30%,1018hPa,4.0km,ENE,7.2km/h/2.0m/s,-,N/A,,Smoke
1997-1-20 8:00 PM,-1.0°C,-4.7°C,-14.0°C,37%,1019hPa,8.0km,South,10.8km/h/3.0m/s,-,N/A,,Clear
