Time (CST),Temp.,Windchill,Dew Point,Humidity,Pressure,Visibility,Wind Dir,Wind Speed,Gust Speed,Precip,Events,Conditions
1997-9-24 12:00 AM,15.0°C,-,12.0°C,82%,1022hPa,10.0km,SW,10.8km/h/3.0m/s,-,N/A,,Overcast
1997-9-24 1:00 AM,14.0°C,-,12.0°C,88%,1022hPa,10.0km,SE,7.2km/h/2.0m/s,-,N/A,,Overcast
1997-9-24 3:00 AM,13.0°C,-,12.0°C,94%,1021hPa,10.0km,SW,10.8km/h/3.0m/s,-,N/A,Rain,Light Rain
1997-9-24 4:00 AM,13.0°C,-,12.0°C,94%,1021hPa,10.0km,SW,7.2km/h/2.0m/s,-,N/A,Rain,Light Rain
1997-9-24 5:00 AM,13.0°C,-,12.0°C,94%,1020hPa,10.0km,South,10.8km/h/3.0m/s,-,N/A,Rain,Light Rain
1997-9-24 6:00 AM,12.0°C,-,12.0°C,100%,1020hPa,6.0km,SSW,7.2km/h/2.0m/s,-,N/A,Rain,Light Rain
1997-9-24 7:00 AM,13.0°C,-,13.0°C,100%,1020hPa,2.0km,SW,7.2km/h/2.0m/s,-,N/A,Rain,Light Rain
1997-9-24 8:00 AM,12.0°C,-,12.0°C,100%,1020hPa,5.0km,SSW,7.2km/h/2.0m/s,-,N/A,Rain,Light Rain
1997-9-24 9:00 AM,13.0°C,-,13.0°C,100%,1020hPa,5.0km,SW,7.2km/h/2.0m/s,-,N/A,,Overcast
1997-9-24 10:00 AM,14.0°C,-,13.0°C,94%,1019hPa,8.0km,WSW,14.4km/h/4.0m/s,-,N/A,,Mostly Cloudy
1997-9-24 11:00 AM,17.0°C,-,14.0°C,82%,1019hPa,10.0km,WSW,14.4km/h/4.0m/s,-,N/A,,Mostly Cloudy
1997-9-24 12:00 PM,18.0°C,-,13.0°C,73%,1018hPa,10.0km,WSW,10.8km/h/3.0m/s,-,N/A,,Mostly Cloudy
1997-9-24 1:00 PM,18.0°C,-,12.0°C,68%,1017hPa,10.0km,South,7.2km/h/2.0m/s,-,N/A,,Mostly Cloudy
1997-9-24 2:00 PM,16.0°C,-,13.0°C,82%,1016hPa,10.0km,SW,10.8km/h/3.0m/s,-,N/A,Thunderstorm,Light Thunderstorm
1997-9-24 3:00 PM,18.0°C,-,10.0°C,59%,1015hPa,10.0km,SE,10.8km/h/3.0m/s,-,N/A,,Scattered Clouds
1997-9-24 4:00 PM,18.0°C,-,10.0°C,59%,1015hPa,10.0km,ESE,7.2km/h/2.0m/s,-,N/A,,Mostly Cloudy
1997-9-24 5:00 PM,17.0°C,-,6.0°C,48%,1017hPa,6.0km,NNW,32.4km/h/9.0m/s,-,N/A,Rain,Light Rain Showers
1997-9-24 6:00 PM,15.0°C,-,7.0°C,59%,1017hPa,10.0km,NNW,14.4km/h/4.0m/s,-,N/A,,Scattered Clouds
1997-9-24 7:00 PM,13.0°C,-,7.0°C,67%,1018hPa,10.0km,NW,10.8km/h/3.0m/s,-,N/A,,Clear
1997-9-24 8:00 PM,12.0°C,-,7.0°C,72%,1019hPa,10.0km,WNW,14.4km/h/4.0m/s,-,N/A,,Clear
1997-9-24 9:00 PM,12.0°C,-,6.0°C,67%,1020hPa,10.0km,West,10.8km/h/3.0m/s,-,N/A,,Clear
1997-9-24 10:00 PM,11.0°C,-,7.0°C,76%,1020hPa,10.0km,SW,3.6km/h/1.0m/s,-,N/A,,Clear
1997-9-24 11:00 PM,7.0°C,5.7°C,6.0°C,93%,1019hPa,10.0km,SE,7.2km/h/2.0m/s,-,N/A,,Clear
