Time (CST),Temp.,Heat Index,Dew Point,Humidity,Pressure,Visibility,Wind Dir,Wind Speed,Gust Speed,Precip,Events,Conditions
1997-7-20 12:00 AM,20.0°C,-,20.0°C,100%,1006hPa,1.2km,NW,3.6km/h/1.0m/s,-,N/A,,Clear
1997-7-20 1:00 AM,21.0°C,-,21.0°C,100%,1005hPa,1.1km,Calm,Calm,-,N/A,,Clear
1997-7-20 2:00 AM,19.0°C,-,19.0°C,100%,1005hPa,1.1km,ESE,7.2km/h/2.0m/s,-,N/A,,Clear
1997-7-20 3:00 AM,19.0°C,-,19.0°C,100%,1005hPa,1.4km,ESE,7.2km/h/2.0m/s,-,N/A,,Clear
1997-7-20 4:00 AM,19.0°C,-,19.0°C,100%,1005hPa,1.6km,ESE,7.2km/h/2.0m/s,-,N/A,,Clear
1997-7-20 5:00 AM,19.0°C,-,19.0°C,100%,1005hPa,1.6km,SE,3.6km/h/1.0m/s,-,N/A,,Partly Cloudy
1997-7-20 6:00 AM,20.0°C,-,20.0°C,100%,1005hPa,0.8km,SE,7.2km/h/2.0m/s,-,N/A,,Mostly Cloudy
1997-7-20 7:00 AM,21.0°C,-,21.0°C,100%,1005hPa,0.6km,SE,7.2km/h/2.0m/s,-,N/A,,Scattered Clouds
1997-7-20 8:00 AM,21.0°C,-,21.0°C,100%,1005hPa,0.9km,SE,7.2km/h/2.0m/s,-,N/A,,Scattered Clouds
1997-7-20 9:00 AM,22.0°C,-,22.0°C,100%,1005hPa,1.4km,SE,7.2km/h/2.0m/s,-,N/A,,Scattered Clouds
1997-7-20 10:00 AM,24.0°C,-,22.0°C,89%,1005hPa,1.6km,SSE,7.2km/h/2.0m/s,-,N/A,,Scattered Clouds
1997-7-20 11:00 AM,26.0°C,-,23.0°C,83%,1005hPa,2.7km,SSW,10.8km/h/3.0m/s,-,N/A,,Scattered Clouds
1997-7-20 1:00 PM,29.0°C,32.7°C,23.0°C,70%,1003hPa,6.0km,SW,7.2km/h/2.0m/s,-,N/A,,Scattered Clouds
1997-7-20 2:00 PM,31.0°C,36.4°C,24.0°C,66%,1003hPa,8.0km,SSW,10.8km/h/3.0m/s,-,N/A,,Scattered Clouds
1997-7-20 3:00 PM,32.0°C,37.7°C,24.0°C,62%,1002hPa,8.0km,SW,7.2km/h/2.0m/s,-,N/A,,Scattered Clouds
1997-7-20 4:00 PM,32.0°C,37.7°C,24.0°C,62%,1001hPa,8.0km,SSW,7.2km/h/2.0m/s,-,N/A,,Scattered Clouds
1997-7-20 5:00 PM,32.0°C,39.0°C,25.0°C,66%,1001hPa,8.0km,SW,7.2km/h/2.0m/s,-,N/A,,Scattered Clouds
1997-7-20 6:00 PM,32.0°C,37.7°C,24.0°C,62%,1001hPa,8.0km,SSW,7.2km/h/2.0m/s,-,N/A,,Partly Cloudy
1997-7-20 7:00 PM,30.0°C,36.0°C,25.0°C,74%,1001hPa,-,SE,7.2km/h/2.0m/s,-,N/A,,Clear
1997-7-20 8:00 PM,27.0°C,30.6°C,25.0°C,89%,1002hPa,-,ESE,7.2km/h/2.0m/s,-,N/A,,Clear
1997-7-20 9:00 PM,28.0°C,30.7°C,22.0°C,70%,1002hPa,-,South,7.2km/h/2.0m/s,-,N/A,,Clear
1997-7-20 10:00 PM,28.0°C,31.2°C,23.0°C,74%,1003hPa,-,SSE,7.2km/h/2.0m/s,-,N/A,,Clear
1997-7-20 11:00 PM,25.0°C,-,23.0°C,89%,1004hPa,-,SE,10.8km/h/3.0m/s,-,N/A,,Clear
