Time (CST),Temp.,Windchill,Dew Point,Humidity,Pressure,Visibility,Wind Dir,Wind Speed,Gust Speed,Precip,Events,Conditions
1998-1-26 12:00 AM,-13.0°C,-,-22.0°C,48%,1024hPa,10.0km,East,3.6km/h/1.0m/s,-,N/A,,Clear
1998-1-26 1:00 AM,-15.0°C,-,-23.0°C,52%,1025hPa,10.0km,NNW,3.6km/h/1.0m/s,-,N/A,,Clear
1998-1-26 2:00 AM,-14.0°C,-,-21.0°C,56%,1025hPa,7.0km,Variable,3.6km/h/1.0m/s,-,N/A,,Clear
1998-1-26 3:00 AM,-15.0°C,-,-23.0°C,52%,1025hPa,10.0km,East,3.6km/h/1.0m/s,-,N/A,,Clear
1998-1-26 4:00 AM,-15.0°C,-,-22.0°C,56%,1025hPa,10.0km,North,3.6km/h/1.0m/s,-,N/A,,Clear
1998-1-26 6:00 AM,-15.0°C,-,-23.0°C,52%,1023hPa,10.0km,NNE,3.6km/h/1.0m/s,-,N/A,,Clear
1998-1-26 7:00 AM,-14.0°C,-,-21.0°C,56%,1023hPa,10.0km,SE,3.6km/h/1.0m/s,-,N/A,,Clear
1998-1-26 8:00 AM,-16.0°C,-,-22.0°C,61%,1024hPa,10.0km,East,3.6km/h/1.0m/s,-,N/A,,Clear
1998-1-26 9:00 AM,-12.0°C,-,-20.0°C,52%,1024hPa,-,Calm,Calm,-,N/A,,Clear
1998-1-26 10:00 AM,-8.0°C,-,-19.0°C,42%,1024hPa,-,South,3.6km/h/1.0m/s,-,N/A,,Smoke
1998-1-26 11:00 AM,-5.0°C,-,-18.0°C,36%,1024hPa,-,SE,3.6km/h/1.0m/s,-,N/A,,Smoke
1998-1-26 12:00 PM,-2.0°C,-,-19.0°C,27%,1023hPa,4.0km,South,3.6km/h/1.0m/s,-,N/A,,Smoke
1998-1-26 1:00 PM,0.0°C,-2.5°C,-18.0°C,25%,1022hPa,6.0km,SSE,7.2km/h/2.0m/s,-,N/A,,Clear
1998-1-26 2:00 PM,1.0°C,-1.3°C,-16.0°C,28%,1021hPa,6.0km,South,7.2km/h/2.0m/s,-,N/A,,Clear
1998-1-26 3:00 PM,2.0°C,-0.1°C,-16.0°C,26%,1020hPa,6.0km,SW,7.2km/h/2.0m/s,-,N/A,,Clear
1998-1-26 4:00 PM,1.0°C,-1.3°C,-14.0°C,32%,1021hPa,6.0km,WSW,7.2km/h/2.0m/s,-,N/A,,Clear
1998-1-26 5:00 PM,1.0°C,-,-14.0°C,32%,1020hPa,6.0km,ESE,3.6km/h/1.0m/s,-,N/A,,Mostly Cloudy
1998-1-26 6:00 PM,-2.0°C,-4.8°C,-14.0°C,40%,1022hPa,6.0km,East,7.2km/h/2.0m/s,-,N/A,,Clear
1998-1-26 7:00 PM,-3.0°C,-,-15.0°C,40%,1023hPa,6.0km,East,3.6km/h/1.0m/s,-,N/A,,Mostly Cloudy
1998-1-26 8:00 PM,-3.0°C,-,-14.0°C,43%,1023hPa,6.0km,ESE,3.6km/h/1.0m/s,-,N/A,,Mostly Cloudy
1998-1-26 9:00 PM,-3.0°C,-,-14.0°C,43%,1024hPa,6.0km,Calm,Calm,-,N/A,,Mostly Cloudy
1998-1-26 10:00 PM,-4.0°C,-7.1°C,-13.0°C,50%,1025hPa,3.5km,NW,7.2km/h/2.0m/s,-,N/A,,Smoke
1998-1-26 11:00 PM,-4.0°C,-7.1°C,-14.0°C,46%,1025hPa,4.0km,NNW,7.2km/h/2.0m/s,-,N/A,,Smoke
