Time (CST),Temp.,Windchill,Dew Point,Humidity,Pressure,Visibility,Wind Dir,Wind Speed,Gust Speed,Precip,Events,Conditions
1998-1-29 12:00 AM,-14.0°C,-18.8°C,-21.0°C,56%,1032hPa,10.0km,ESE,7.2km/h/2.0m/s,-,N/A,,Clear
1998-1-29 1:00 AM,-,-,-,N/A%,-,10.0km,ESE,7.2km/h/2.0m/s,-,N/A,,Unknown
1998-1-29 2:00 AM,-14.0°C,-18.8°C,-20.0°C,61%,1031hPa,10.0km,East,7.2km/h/2.0m/s,-,N/A,,Clear
1998-1-29 4:00 AM,-13.0°C,-,-19.0°C,62%,1030hPa,10.0km,Variable,3.6km/h/1.0m/s,-,N/A,,Clear
1998-1-29 5:00 AM,-13.0°C,-,-18.0°C,67%,1029hPa,10.0km,Calm,Calm,-,N/A,,Clear
1998-1-29 6:00 AM,-14.0°C,-,-20.0°C,61%,1029hPa,10.0km,Calm,Calm,-,N/A,,Clear
1998-1-29 7:00 AM,-15.0°C,-,-20.0°C,66%,1028hPa,8.0km,SE,3.6km/h/1.0m/s,-,N/A,,Clear
1998-1-29 8:00 AM,-14.0°C,-18.8°C,-18.0°C,72%,1028hPa,8.0km,ESE,7.2km/h/2.0m/s,-,N/A,,Clear
1998-1-29 9:00 AM,-12.0°C,-,-17.0°C,67%,1028hPa,6.0km,Calm,Calm,-,N/A,,Clear
1998-1-29 10:00 AM,-8.0°C,-,-17.0°C,49%,1027hPa,6.0km,ESE,3.6km/h/1.0m/s,-,N/A,,Clear
1998-1-29 11:00 AM,-5.0°C,-,-16.0°C,43%,1027hPa,6.0km,ESE,3.6km/h/1.0m/s,-,N/A,,Clear
1998-1-29 12:00 PM,-3.0°C,-,-16.0°C,37%,1026hPa,6.0km,SE,3.6km/h/1.0m/s,-,N/A,,Clear
1998-1-29 1:00 PM,0.0°C,-,-14.0°C,35%,1025hPa,6.0km,West,3.6km/h/1.0m/s,-,N/A,,Clear
1998-1-29 2:00 PM,2.0°C,-0.1°C,-14.0°C,30%,1024hPa,-,South,7.2km/h/2.0m/s,-,N/A,,Clear
1998-1-29 3:00 PM,2.0°C,-0.1°C,-14.0°C,30%,1023hPa,6.0km,SW,7.2km/h/2.0m/s,-,N/A,,Clear
1998-1-29 4:00 PM,3.0°C,1.0°C,-14.0°C,28%,1022hPa,6.0km,SW,7.2km/h/2.0m/s,-,N/A,,Clear
1998-1-29 5:00 PM,3.0°C,-,-13.0°C,30%,1022hPa,6.0km,Calm,Calm,-,N/A,,Clear
1998-1-29 6:00 PM,-1.0°C,-,-14.0°C,37%,1022hPa,6.0km,Calm,Calm,-,N/A,,Clear
1998-1-29 7:00 PM,-3.0°C,-,-15.0°C,40%,1022hPa,7.0km,NNW,3.6km/h/1.0m/s,-,N/A,,Clear
1998-1-29 8:00 PM,-6.0°C,-,-16.0°C,46%,1022hPa,4.0km,East,3.6km/h/1.0m/s,-,N/A,,Smoke
1998-1-29 9:00 PM,-7.0°C,-,-15.0°C,54%,1023hPa,6.0km,SE,3.6km/h/1.0m/s,-,N/A,,Clear
1998-1-29 10:00 PM,-8.0°C,-,-16.0°C,53%,1023hPa,7.0km,ENE,3.6km/h/1.0m/s,-,N/A,,Clear
1998-1-29 11:00 PM,-7.0°C,-,-14.0°C,58%,1023hPa,7.0km,ESE,3.6km/h/1.0m/s,-,N/A,,Clear
