Time (CST),Temp.,Dew Point,Humidity,Pressure,Visibility,Wind Dir,Wind Speed,Gust Speed,Precip,Events,Conditions
1997-4-27 1:00 AM,11.0°C,9.0°C,88%,1014hPa,10.0km,Calm,Calm,-,N/A,,Clear
1997-4-27 2:00 AM,10.0°C,8.0°C,87%,1013hPa,10.0km,Calm,Calm,-,N/A,,Clear
1997-4-27 3:00 AM,10.0°C,9.0°C,94%,1013hPa,10.0km,Calm,Calm,-,N/A,,Clear
1997-4-27 4:00 AM,9.0°C,8.0°C,93%,1012hPa,10.0km,Calm,Calm,-,N/A,,Clear
1997-4-27 5:00 AM,10.0°C,8.0°C,87%,1012hPa,10.0km,North,3.6km/h/1.0m/s,-,N/A,,Clear
1997-4-27 6:00 AM,8.0°C,6.0°C,87%,1012hPa,4.0km,Calm,Calm,-,N/A,,Clear
1997-4-27 7:00 AM,10.0°C,7.0°C,82%,1013hPa,1.8km,Calm,Calm,-,N/A,,Clear
1997-4-27 8:00 AM,13.0°C,8.0°C,72%,1013hPa,8.0km,Calm,Calm,-,N/A,,Clear
1997-4-27 9:00 AM,13.0°C,7.0°C,67%,1013hPa,10.0km,Calm,Calm,-,N/A,,Clear
1997-4-27 10:00 AM,16.0°C,6.0°C,52%,1013hPa,10.0km,Calm,Calm,-,N/A,,Clear
1997-4-27 11:00 AM,18.0°C,9.0°C,56%,1012hPa,10.0km,Calm,Calm,-,N/A,,Clear
1997-4-27 12:00 PM,20.0°C,9.0°C,49%,1011hPa,10.0km,South,14.4km/h/4.0m/s,-,N/A,,Clear
1997-4-27 1:00 PM,23.0°C,9.0°C,41%,1010hPa,10.0km,SSW,18.0km/h/5.0m/s,-,N/A,,Clear
1997-4-27 2:00 PM,25.0°C,5.0°C,28%,1009hPa,10.0km,SSW,21.6km/h/6.0m/s,-,N/A,,Clear
1997-4-27 3:00 PM,25.0°C,5.0°C,28%,1008hPa,10.0km,SW,21.6km/h/6.0m/s,-,N/A,,Partly Cloudy
1997-4-27 4:00 PM,26.0°C,5.0°C,26%,1007hPa,10.0km,WSW,28.8km/h/8.0m/s,-,N/A,,Partly Cloudy
1997-4-27 5:00 PM,26.0°C,5.0°C,26%,1006hPa,-,SW,18.0km/h/5.0m/s,-,N/A,,Clear
1997-4-27 6:00 PM,26.0°C,5.0°C,26%,1006hPa,-,WSW,18.0km/h/5.0m/s,-,N/A,,Clear
1997-4-27 7:00 PM,24.0°C,8.0°C,36%,1006hPa,-,Calm,Calm,-,N/A,,Clear
1997-4-27 8:00 PM,21.0°C,7.0°C,40%,1006hPa,-,WSW,7.2km/h/2.0m/s,-,N/A,,Clear
1997-4-27 9:00 PM,22.0°C,8.0°C,41%,1007hPa,-,WSW,21.6km/h/6.0m/s,-,N/A,,Clear
1997-4-27 10:00 PM,21.0°C,7.0°C,40%,1008hPa,10.0km,West,10.8km/h/3.0m/s,-,N/A,,Clear
1997-4-27 11:00 PM,19.0°C,7.0°C,46%,1008hPa,10.0km,Calm,Calm,-,N/A,,Clear
