Time (CST),Temp.,Heat Index,Dew Point,Humidity,Pressure,Visibility,Wind Dir,Wind Speed,Gust Speed,Precip,Events,Conditions
1997-7-21 12:00 AM,24.0°C,-,23.0°C,94%,1004hPa,-,SE,10.8km/h/3.0m/s,-,N/A,,Clear
1997-7-21 1:00 AM,23.0°C,-,23.0°C,100%,1004hPa,7.0km,ESE,7.2km/h/2.0m/s,-,N/A,,Partly Cloudy
1997-7-21 2:00 AM,23.0°C,-,23.0°C,100%,1004hPa,7.0km,SE,7.2km/h/2.0m/s,-,N/A,,Partly Cloudy
1997-7-21 3:00 AM,24.0°C,-,22.0°C,89%,1004hPa,7.0km,ESE,7.2km/h/2.0m/s,-,N/A,,Partly Cloudy
1997-7-21 4:00 AM,22.0°C,-,22.0°C,100%,1004hPa,7.0km,SE,10.8km/h/3.0m/s,-,N/A,,Partly Cloudy
1997-7-21 5:00 AM,22.0°C,-,21.0°C,94%,1004hPa,7.0km,SSE,10.8km/h/3.0m/s,-,N/A,,Partly Cloudy
1997-7-21 6:00 AM,21.0°C,-,21.0°C,100%,1005hPa,7.0km,West,7.2km/h/2.0m/s,-,N/A,,Partly Cloudy
1997-7-21 7:00 AM,22.0°C,-,22.0°C,100%,1006hPa,7.0km,Calm,Calm,-,N/A,,Clear
1997-7-21 8:00 AM,25.0°C,-,23.0°C,89%,1006hPa,7.0km,East,3.6km/h/1.0m/s,-,N/A,,Clear
1997-7-21 9:00 AM,27.0°C,29.6°C,23.0°C,79%,1006hPa,10.0km,West,3.6km/h/1.0m/s,-,N/A,,Clear
1997-7-21 10:00 AM,28.0°C,31.2°C,23.0°C,74%,1006hPa,10.0km,Calm,Calm,-,N/A,,Clear
1997-7-21 11:00 AM,29.0°C,32.7°C,23.0°C,70%,1006hPa,10.0km,Calm,Calm,-,N/A,,Clear
1997-7-21 12:00 PM,32.0°C,37.7°C,24.0°C,62%,1006hPa,-,North,3.6km/h/1.0m/s,-,N/A,,Clear
1997-7-21 1:00 PM,32.0°C,37.7°C,24.0°C,62%,1006hPa,-,SW,7.2km/h/2.0m/s,-,N/A,,Clear
1997-7-21 2:00 PM,33.0°C,39.2°C,24.0°C,59%,1005hPa,-,SSW,7.2km/h/2.0m/s,-,N/A,,Clear
1997-7-21 3:00 PM,34.0°C,40.6°C,24.0°C,56%,1005hPa,-,Calm,Calm,-,N/A,,Clear
1997-7-21 4:00 PM,32.0°C,37.7°C,24.0°C,62%,1006hPa,10.0km,West,14.4km/h/4.0m/s,-,N/A,,Mostly Cloudy
1997-7-21 5:00 PM,32.0°C,32.3°C,17.0°C,40%,1004hPa,10.0km,West,3.6km/h/1.0m/s,-,N/A,,Mostly Cloudy
1997-7-21 6:00 PM,33.0°C,32.1°C,14.0°C,31%,1005hPa,10.0km,South,7.2km/h/2.0m/s,-,N/A,,Scattered Clouds
1997-7-21 7:00 PM,31.0°C,31.9°C,18.0°C,46%,1005hPa,-,South,7.2km/h/2.0m/s,-,N/A,,Clear
1997-7-21 8:00 PM,26.0°C,-,19.0°C,65%,1006hPa,-,ESE,25.2km/h/7.0m/s,-,N/A,,Clear
1997-7-21 9:00 PM,28.0°C,28.3°C,16.0°C,48%,1008hPa,-,East,18.0km/h/5.0m/s,-,N/A,,Clear
1997-7-21 10:00 PM,27.0°C,27.3°C,15.0°C,48%,1008hPa,-,East,14.4km/h/4.0m/s,-,N/A,,Clear
1997-7-21 11:00 PM,24.0°C,-,17.0°C,65%,1009hPa,-,East,7.2km/h/2.0m/s,-,N/A,,Clear
