Time (CST),Temp.,Windchill,Dew Point,Humidity,Pressure,Visibility,Wind Dir,Wind Speed,Gust Speed,Precip,Events,Conditions
1998-1-8 12:00 AM,-7.0°C,-10.6°C,-13.0°C,63%,1018hPa,2.6km,East,7.2km/h/2.0m/s,-,N/A,,Smoke
1998-1-8 1:00 AM,-9.0°C,-,-14.0°C,68%,1017hPa,2.6km,East,3.6km/h/1.0m/s,-,N/A,,Smoke
1998-1-8 2:00 AM,-10.0°C,-,-14.0°C,73%,1017hPa,3.0km,East,3.6km/h/1.0m/s,-,N/A,,Smoke
1998-1-8 5:00 AM,-10.0°C,-,-14.0°C,73%,1016hPa,3.0km,ENE,3.6km/h/1.0m/s,-,N/A,,Smoke
1998-1-8 6:00 AM,-10.0°C,-,-14.0°C,73%,1017hPa,4.0km,East,3.6km/h/1.0m/s,-,N/A,,Smoke
1998-1-8 7:00 AM,-12.0°C,-,-15.0°C,79%,1017hPa,5.0km,East,3.6km/h/1.0m/s,-,N/A,,Clear
1998-1-8 8:00 AM,-12.0°C,-,-14.0°C,85%,1017hPa,5.0km,SE,3.6km/h/1.0m/s,-,N/A,,Partly Cloudy
1998-1-8 9:00 AM,10.0°C,-,7.0°C,82%,1017hPa,3.5km,NE,3.6km/h/1.0m/s,-,N/A,,Mostly Cloudy
1998-1-8 10:00 AM,-6.0°C,-,-11.0°C,68%,1017hPa,2.2km,NNE,3.6km/h/1.0m/s,-,N/A,,Scattered Clouds
1998-1-8 11:00 AM,2.0°C,-,-6.0°C,56%,1017hPa,2.3km,Calm,Calm,-,N/A,,Smoke
1998-1-8 12:00 PM,0.0°C,-,-9.0°C,51%,1017hPa,3.0km,Calm,Calm,-,N/A,,Smoke
1998-1-8 1:00 PM,3.0°C,-,-10.0°C,38%,1016hPa,6.0km,WSW,3.6km/h/1.0m/s,-,N/A,,Clear
1998-1-8 2:00 PM,4.0°C,2.2°C,-11.0°C,33%,1014hPa,6.0km,SE,7.2km/h/2.0m/s,-,N/A,,Clear
1998-1-8 4:00 PM,5.0°C,-,-13.0°C,26%,1014hPa,10.0km,SSW,3.6km/h/1.0m/s,-,N/A,,Clear
1998-1-8 5:00 PM,3.0°C,-,-14.0°C,28%,1014hPa,10.0km,SSE,3.6km/h/1.0m/s,-,N/A,,Clear
1998-1-8 7:00 PM,-4.0°C,-7.1°C,-15.0°C,43%,1016hPa,10.0km,ESE,7.2km/h/2.0m/s,-,N/A,,Clear
1998-1-8 8:00 PM,-6.0°C,-,-15.0°C,50%,1016hPa,10.0km,East,3.6km/h/1.0m/s,-,N/A,,Clear
1998-1-8 9:00 PM,-6.0°C,-9.4°C,-14.0°C,54%,1017hPa,10.0km,SE,7.2km/h/2.0m/s,-,N/A,,Clear
1998-1-8 10:00 PM,-6.0°C,-,-14.0°C,54%,1017hPa,10.0km,Calm,Calm,-,N/A,,Clear
1998-1-8 11:00 PM,-8.0°C,-,-14.0°C,63%,1017hPa,10.0km,SE,3.6km/h/1.0m/s,-,N/A,,Clear
