Time (CST),Temp.,Windchill,Dew Point,Humidity,Pressure,Visibility,Wind Dir,Wind Speed,Gust Speed,Precip,Events,Conditions
1997-2-12 12:00 AM,-8.0°C,-,-21.0°C,35%,1023hPa,10.0km,Calm,Calm,-,N/A,,Clear
1997-2-12 2:00 AM,-9.0°C,-12.9°C,-21.0°C,38%,1024hPa,10.0km,ENE,7.2km/h/2.0m/s,-,N/A,,Clear
1997-2-12 7:00 AM,-12.0°C,-,-20.0°C,52%,1024hPa,10.0km,Calm,Calm,-,N/A,,Clear
1997-2-12 8:00 AM,-12.0°C,-,-20.0°C,52%,1025hPa,10.0km,Calm,Calm,-,N/A,,Clear
1997-2-12 9:00 AM,-9.0°C,-,-16.0°C,58%,1025hPa,10.0km,Calm,Calm,-,N/A,,Clear
1997-2-12 10:00 AM,-4.0°C,-7.1°C,-16.0°C,40%,1025hPa,10.0km,SSW,7.2km/h/2.0m/s,-,N/A,,Clear
1997-2-12 11:00 AM,-1.0°C,-,-25.0°C,15%,1025hPa,10.0km,Calm,Calm,-,N/A,,Clear
1997-2-12 12:00 PM,1.0°C,-1.3°C,-22.0°C,17%,1024hPa,10.0km,South,7.2km/h/2.0m/s,-,N/A,,Clear
1997-2-12 1:00 PM,3.0°C,0.1°C,-21.0°C,16%,1023hPa,10.0km,WSW,10.8km/h/3.0m/s,-,N/A,,Clear
1997-2-12 2:00 PM,5.0°C,3.4°C,-22.0°C,13%,1022hPa,10.0km,WSW,7.2km/h/2.0m/s,-,N/A,,Clear
1997-2-12 3:00 PM,5.0°C,2.5°C,-21.0°C,14%,1021hPa,10.0km,WSW,10.8km/h/3.0m/s,-,N/A,,Clear
1997-2-12 4:00 PM,5.0°C,1.3°C,-21.0°C,14%,1021hPa,10.0km,SSW,18.0km/h/5.0m/s,-,N/A,,Clear
1997-2-12 5:00 PM,5.0°C,1.9°C,-20.0°C,15%,1021hPa,10.0km,SW,14.4km/h/4.0m/s,-,N/A,,Clear
1997-2-12 6:00 PM,4.0°C,-,-14.0°C,26%,1021hPa,10.0km,Calm,Calm,-,N/A,,Clear
1997-2-12 7:00 PM,2.0°C,-0.1°C,-19.0°C,20%,1022hPa,10.0km,NE,7.2km/h/2.0m/s,-,N/A,,Clear
1997-2-12 8:00 PM,-1.0°C,-6.2°C,-22.0°C,19%,1023hPa,10.0km,NE,18.0km/h/5.0m/s,-,N/A,,Clear
1997-2-12 9:00 PM,-1.0°C,-5.5°C,-21.0°C,21%,1024hPa,10.0km,NNW,14.4km/h/4.0m/s,-,N/A,,Clear
1997-2-12 10:00 PM,-1.0°C,-4.7°C,-12.0°C,44%,1025hPa,10.0km,NNE,10.8km/h/3.0m/s,-,N/A,,Clear
1997-2-12 11:00 PM,-3.0°C,-,-10.0°C,59%,1026hPa,10.0km,Calm,Calm,-,N/A,,Clear
