Time (CST),Temp.,Dew Point,Humidity,Pressure,Visibility,Wind Dir,Wind Speed,Gust Speed,Precip,Events,Conditions
1998-10-10 12:00 AM,59.0°F,51.8°F,77%,30.09in,-,Calm,Calm,-,N/A,,Clear
1998-10-10 1:00 AM,60.8°F,53.6°F,77%,30.09in,-,East,2.2mph,-,N/A,,Clear
1998-10-10 2:00 AM,62.6°F,59.0°F,88%,30.09in,3.1mi,ENE,4.5mph,-,N/A,,Scattered Clouds
1998-10-10 3:00 AM,60.8°F,57.2°F,88%,30.09in,1.9mi,Calm,Calm,-,N/A,,Scattered Clouds
1998-10-10 4:00 AM,59.0°F,55.4°F,88%,30.09in,3.1mi,Calm,Calm,-,N/A,,Scattered Clouds
1998-10-10 5:00 AM,57.2°F,55.4°F,94%,30.09in,2.5mi,Calm,Calm,-,N/A,,Scattered Clouds
1998-10-10 6:00 AM,55.4°F,53.6°F,94%,30.09in,1.9mi,SE,2.2mph,-,N/A,,Clear
1998-10-10 7:00 AM,55.4°F,55.4°F,100%,-,0.8mi,ESE,2.2mph,-,N/A,,Partly Cloudy
1998-10-10 8:00 AM,55.4°F,55.4°F,100%,30.12in,0.6mi,Calm,Calm,-,N/A,Fog,Fog
1998-10-10 9:00 AM,57.2°F,55.4°F,94%,30.15in,0.7mi,Calm,Calm,-,N/A,,Scattered Clouds
1998-10-10 11:00 AM,64.4°F,57.2°F,77%,30.12in,1.2mi,SSE,2.2mph,-,N/A,,Mostly Cloudy
1998-10-10 12:00 PM,68.0°F,55.4°F,64%,30.12in,2.5mi,ESE,4.5mph,-,N/A,,Smoke
1998-10-10 2:00 PM,71.6°F,53.6°F,53%,30.06in,2.5mi,ESE,8.9mph,-,N/A,,Smoke
1998-10-10 3:00 PM,71.6°F,51.8°F,50%,30.06in,3.7mi,SSE,4.5mph,-,N/A,,Mostly Cloudy
1998-10-10 4:00 PM,71.6°F,46.4°F,41%,30.06in,5.0mi,SE,8.9mph,-,N/A,,Mostly Cloudy
1998-10-10 5:00 PM,68.0°F,53.6°F,60%,30.06in,4.3mi,East,8.9mph,-,N/A,,Mostly Cloudy
1998-10-10 6:00 PM,66.2°F,53.6°F,64%,30.06in,2.5mi,ENE,8.9mph,-,N/A,,Smoke
1998-10-10 7:00 PM,64.4°F,55.4°F,73%,30.09in,-,West,4.5mph,-,N/A,,Clear
1998-10-10 8:00 PM,62.6°F,55.4°F,77%,30.12in,-,NNW,4.5mph,-,N/A,,Clear
1998-10-10 9:00 PM,62.6°F,55.4°F,77%,30.12in,-,ENE,2.2mph,-,N/A,,Clear
1998-10-10 10:00 PM,62.6°F,55.4°F,77%,30.15in,3.1mi,ENE,6.7mph,-,N/A,,Overcast
1998-10-10 11:00 PM,62.6°F,55.4°F,77%,30.15in,-,East,4.5mph,-,N/A,,Overcast
