Time (CST),Temp.,Windchill,Dew Point,Humidity,Pressure,Visibility,Wind Dir,Wind Speed,Gust Speed,Precip,Events,Conditions
1997-3-14 12:00 AM,4.0°C,0.1°C,0.0°C,75%,1018hPa,10.0km,ENE,18.0km/h/5.0m/s,-,N/A,Rain,Light Rain
1997-3-14 1:00 AM,3.0°C,-1.2°C,0.0°C,81%,1019hPa,10.0km,East,18.0km/h/5.0m/s,-,N/A,Rain,Light Rain
1997-3-14 2:00 AM,3.0°C,0.1°C,0.0°C,81%,1019hPa,10.0km,ENE,10.8km/h/3.0m/s,-,N/A,Rain,Light Rain
1997-3-14 3:00 AM,3.0°C,0.1°C,0.0°C,81%,1019hPa,10.0km,NE,10.8km/h/3.0m/s,-,N/A,,Overcast
1997-3-14 4:00 AM,2.0°C,-1.1°C,0.0°C,87%,1019hPa,10.0km,ENE,10.8km/h/3.0m/s,-,N/A,Rain,Light Rain
1997-3-14 5:00 AM,2.0°C,-1.1°C,0.0°C,87%,1019hPa,10.0km,East,10.8km/h/3.0m/s,-,N/A,Rain,Light Rain
1997-3-14 6:00 AM,2.0°C,-1.1°C,-1.0°C,81%,1019hPa,10.0km,ENE,10.8km/h/3.0m/s,-,N/A,,Overcast
1997-3-14 7:00 AM,2.0°C,-1.8°C,-1.0°C,81%,1020hPa,10.0km,ENE,14.4km/h/4.0m/s,-,N/A,,Overcast
1997-3-14 8:00 AM,2.0°C,-1.8°C,-1.0°C,81%,1020hPa,10.0km,ENE,14.4km/h/4.0m/s,-,N/A,,Overcast
1997-3-14 9:00 AM,-,-,-,N/A%,-,-,North,-,-,N/A,,Unknown
1997-3-14 10:00 AM,3.0°C,-1.2°C,-1.0°C,75%,1021hPa,10.0km,East,18.0km/h/5.0m/s,-,N/A,,Overcast
1997-3-14 11:00 AM,3.0°C,-1.6°C,-1.0°C,75%,1021hPa,10.0km,East,21.6km/h/6.0m/s,-,N/A,,Overcast
1997-3-14 12:00 PM,3.0°C,-1.6°C,-2.0°C,70%,1021hPa,10.0km,East,21.6km/h/6.0m/s,-,N/A,,Overcast
1997-3-14 1:00 PM,4.0°C,-0.8°C,-1.0°C,70%,1019hPa,10.0km,ENE,25.2km/h/7.0m/s,-,N/A,,Overcast
1997-3-14 2:00 PM,3.0°C,-2.1°C,-1.0°C,75%,1019hPa,10.0km,ENE,25.2km/h/7.0m/s,-,N/A,,Overcast
1997-3-14 3:00 PM,3.0°C,-2.1°C,0.0°C,81%,1018hPa,-,ENE,25.2km/h/7.0m/s,-,N/A,,Clear
1997-3-14 4:00 PM,4.0°C,0.1°C,-2.0°C,65%,1018hPa,10.0km,East,18.0km/h/5.0m/s,-,N/A,,Overcast
1997-3-14 6:00 PM,4.0°C,1.3°C,-1.0°C,70%,1020hPa,10.0km,East,10.8km/h/3.0m/s,-,N/A,,Overcast
1997-3-14 7:00 PM,4.0°C,1.3°C,-1.0°C,70%,1020hPa,10.0km,East,10.8km/h/3.0m/s,-,N/A,,Overcast
1997-3-14 8:00 PM,3.0°C,1.0°C,0.0°C,81%,1021hPa,10.0km,ESE,7.2km/h/2.0m/s,-,N/A,,Overcast
1997-3-14 9:00 PM,3.0°C,-,0.0°C,81%,1021hPa,10.0km,Calm,Calm,-,N/A,,Overcast
1997-3-14 10:00 PM,3.0°C,-,0.0°C,81%,1021hPa,-,Calm,Calm,-,N/A,,Clear
1997-3-14 11:00 PM,3.0°C,1.0°C,0.0°C,81%,1022hPa,-,ENE,7.2km/h/2.0m/s,-,N/A,,Clear
