Time (CST),Temp.,Windchill,Dew Point,Humidity,Pressure,Visibility,Wind Dir,Wind Speed,Gust Speed,Precip,Events,Conditions
1998-12-12 12:00 AM,19.4°F,-,5.0°F,54%,30.33in,4.3mi,East,2.2mph,-,N/A,,Partly Cloudy
1998-12-12 1:00 AM,17.6°F,10.8°F,5.0°F,58%,30.33in,4.3mi,East,4.5mph,-,N/A,,Partly Cloudy
1998-12-12 2:00 AM,17.6°F,-,5.0°F,58%,30.33in,4.3mi,ENE,2.2mph,-,N/A,,Partly Cloudy
1998-12-12 3:00 AM,17.6°F,-,3.2°F,53%,30.30in,4.3mi,Calm,Calm,-,N/A,,Partly Cloudy
1998-12-12 4:00 AM,17.6°F,-,3.2°F,53%,30.30in,4.3mi,Calm,Calm,-,N/A,,Partly Cloudy
1998-12-12 5:00 AM,15.8°F,-,3.2°F,58%,30.27in,4.3mi,NE,2.2mph,-,N/A,,Partly Cloudy
1998-12-12 6:00 AM,15.8°F,-,3.2°F,58%,30.27in,4.3mi,East,2.2mph,-,N/A,,Clear
1998-12-12 7:00 AM,14.0°F,-,3.2°F,62%,30.30in,4.3mi,Calm,Calm,-,N/A,,Partly Cloudy
1998-12-12 8:00 AM,14.0°F,-,3.2°F,62%,30.33in,2.5mi,Calm,Calm,-,N/A,,Smoke
1998-12-12 9:00 AM,17.6°F,-,6.8°F,63%,30.33in,1.9mi,SE,2.2mph,-,N/A,,Smoke
1998-12-12 10:00 AM,28.4°F,-,8.6°F,43%,30.30in,1.9mi,East,2.2mph,-,N/A,,Smoke
1998-12-12 11:00 AM,32.0°F,-,8.6°F,38%,30.30in,2.5mi,Calm,Calm,-,N/A,,Smoke
1998-12-12 12:00 PM,35.6°F,-,8.6°F,33%,30.27in,2.5mi,South,2.2mph,-,N/A,,Smoke
1998-12-12 1:00 PM,39.2°F,-,10.4°F,31%,30.24in,2.5mi,SSW,2.2mph,-,N/A,,Smoke
1998-12-12 2:00 PM,41.0°F,-,14.0°F,33%,30.21in,2.5mi,WSW,2.2mph,-,N/A,,Smoke
1998-12-12 3:00 PM,44.6°F,-,14.0°F,29%,30.21in,2.5mi,Calm,Calm,-,N/A,,Smoke
1998-12-12 4:00 PM,42.8°F,-,14.0°F,31%,30.21in,2.5mi,Calm,Calm,-,N/A,,Smoke
1998-12-12 5:00 PM,37.4°F,-,12.2°F,36%,30.21in,2.2mi,Calm,Calm,-,N/A,,Haze
1998-12-12 6:00 PM,35.6°F,-,12.2°F,38%,30.24in,1.9mi,Calm,Calm,-,N/A,,Smoke
1998-12-12 7:00 PM,39.2°F,33.1°F,14.0°F,36%,30.27in,5.0mi,WNW,8.9mph,-,N/A,,Smoke
1998-12-12 8:00 PM,37.4°F,32.2°F,12.2°F,36%,30.30in,-,WNW,6.7mph,-,N/A,,Clear
1998-12-12 9:00 PM,33.8°F,-,10.4°F,38%,30.33in,-,WSW,2.2mph,-,N/A,,Clear
1998-12-12 10:00 PM,28.4°F,-,10.4°F,47%,30.33in,-,Calm,Calm,-,N/A,,Clear
1998-12-12 11:00 PM,26.6°F,-,10.4°F,51%,30.33in,-,Calm,Calm,-,N/A,,Clear
