Time (CST),Temp.,Dew Point,Humidity,Pressure,Visibility,Wind Dir,Wind Speed,Gust Speed,Precip,Events,Conditions
1997-10-22 12:00 AM,14.0°C,0.0°C,38%,1013hPa,10.0km,ENE,10.8km/h/3.0m/s,-,N/A,,Clear
1997-10-22 1:00 AM,11.0°C,1.0°C,50%,1013hPa,10.0km,ESE,3.6km/h/1.0m/s,-,N/A,,Clear
1997-10-22 5:00 AM,4.0°C,0.0°C,75%,1012hPa,8.0km,SE,3.6km/h/1.0m/s,-,N/A,,Clear
1997-10-22 6:00 AM,7.0°C,2.0°C,71%,1013hPa,8.0km,Calm,Calm,-,N/A,,Clear
1997-10-22 7:00 AM,4.0°C,0.0°C,75%,1013hPa,8.0km,Calm,Calm,-,N/A,,Clear
1997-10-22 8:00 AM,6.0°C,2.0°C,76%,1013hPa,8.0km,Calm,Calm,-,N/A,,Clear
1997-10-22 9:00 AM,11.0°C,2.0°C,54%,1014hPa,6.0km,SE,7.2km/h/2.0m/s,-,N/A,,Clear
1997-10-22 10:00 AM,13.0°C,2.0°C,47%,1014hPa,7.0km,SSW,3.6km/h/1.0m/s,-,N/A,,Clear
1997-10-22 11:00 AM,16.0°C,2.0°C,39%,1013hPa,6.0km,SSE,3.6km/h/1.0m/s,-,N/A,,Clear
1997-10-22 12:00 PM,19.0°C,0.0°C,28%,1012hPa,5.0km,West,3.6km/h/1.0m/s,-,N/A,,Smoke
1997-10-22 1:00 PM,22.0°C,0.0°C,23%,1011hPa,5.0km,SSW,10.8km/h/3.0m/s,-,N/A,,Smoke
1997-10-22 3:00 PM,24.0°C,-1.0°C,19%,1009hPa,6.0km,SSW,10.8km/h/3.0m/s,-,N/A,,Clear
1997-10-22 4:00 PM,24.0°C,-2.0°C,18%,1009hPa,6.0km,SSW,3.6km/h/1.0m/s,-,N/A,,Clear
1997-10-22 6:00 PM,21.0°C,-4.0°C,18%,1009hPa,5.0km,NNW,3.6km/h/1.0m/s,-,N/A,,Smoke
1997-10-22 7:00 PM,18.0°C,-6.0°C,19%,1010hPa,5.0km,ENE,7.2km/h/2.0m/s,-,N/A,,Smoke
1997-10-22 8:00 PM,17.0°C,-6.0°C,20%,1011hPa,5.0km,WSW,3.6km/h/1.0m/s,-,N/A,,Smoke
1997-10-22 9:00 PM,14.0°C,-4.0°C,29%,1012hPa,5.0km,South,7.2km/h/2.0m/s,-,N/A,,Smoke
1997-10-22 10:00 PM,9.0°C,-1.0°C,50%,1013hPa,5.0km,East,3.6km/h/1.0m/s,-,N/A,,Smoke
1997-10-22 11:00 PM,10.0°C,-1.0°C,47%,1014hPa,3.0km,Calm,Calm,-,N/A,,Smoke
