Time (CST),Temp.,Heat Index,Dew Point,Humidity,Pressure,Visibility,Wind Dir,Wind Speed,Gust Speed,Precip,Events,Conditions
1997-5-1 12:00 AM,19.0°C,-,5.0°C,40%,1008hPa,10.0km,East,10.8km/h/3.0m/s,-,N/A,,Clear
1997-5-1 1:00 AM,19.0°C,-,6.0°C,43%,1008hPa,10.0km,East,10.8km/h/3.0m/s,-,N/A,,Clear
1997-5-1 2:00 AM,18.0°C,-,6.0°C,45%,1007hPa,10.0km,Calm,Calm,-,N/A,,Clear
1997-5-1 3:00 AM,16.0°C,-,8.0°C,59%,1007hPa,10.0km,ESE,10.8km/h/3.0m/s,-,N/A,,Clear
1997-5-1 4:00 AM,16.0°C,-,6.0°C,52%,1007hPa,10.0km,East,7.2km/h/2.0m/s,-,N/A,,Clear
1997-5-1 5:00 AM,16.0°C,-,6.0°C,52%,1007hPa,10.0km,East,7.2km/h/2.0m/s,-,N/A,,Clear
1997-5-1 6:00 AM,15.0°C,-,5.0°C,51%,1007hPa,10.0km,East,14.4km/h/4.0m/s,-,N/A,,Clear
1997-5-1 7:00 AM,16.0°C,-,6.0°C,52%,1007hPa,10.0km,East,10.8km/h/3.0m/s,-,N/A,,Clear
1997-5-1 8:00 AM,18.0°C,-,6.0°C,45%,1007hPa,10.0km,SSE,10.8km/h/3.0m/s,-,N/A,,Clear
1997-5-1 9:00 AM,20.0°C,-,7.0°C,43%,1007hPa,10.0km,SSE,10.8km/h/3.0m/s,-,N/A,,Clear
1997-5-1 10:00 AM,23.0°C,-,6.0°C,33%,1006hPa,10.0km,SW,25.2km/h/7.0m/s,-,N/A,,Clear
1997-5-1 11:00 AM,24.0°C,-,6.0°C,31%,1005hPa,-,SSW,18.0km/h/5.0m/s,-,N/A,,Clear
1997-5-1 12:00 PM,27.0°C,-,7.0°C,28%,1004hPa,-,SSW,36.0km/h/10.0m/s,-,N/A,,Clear
1997-5-1 1:00 PM,28.0°C,-,7.0°C,26%,1003hPa,10.0km,WSW,25.2km/h/7.0m/s,-,N/A,,Clear
1997-5-1 2:00 PM,30.0°C,-,8.0°C,25%,1002hPa,-,WSW,21.6km/h/6.0m/s,-,N/A,,Clear
1997-5-1 3:00 PM,31.0°C,-,8.0°C,24%,1001hPa,10.0km,WSW,28.8km/h/8.0m/s,-,N/A,,Partly Cloudy
1997-5-1 4:00 PM,31.0°C,-,8.0°C,24%,1001hPa,-,WSW,21.6km/h/6.0m/s,-,N/A,,Clear
1997-5-1 5:00 PM,31.0°C,-,9.0°C,25%,1000hPa,10.0km,SW,21.6km/h/6.0m/s,-,N/A,,Partly Cloudy
1997-5-1 6:00 PM,31.0°C,-,9.0°C,25%,1000hPa,-,SSW,21.6km/h/6.0m/s,-,N/A,,Clear
1997-5-1 7:00 PM,29.0°C,28.8°C,15.0°C,42%,1001hPa,10.0km,South,18.0km/h/5.0m/s,-,N/A,,Clear
1997-5-1 8:00 PM,27.0°C,27.3°C,15.0°C,48%,1001hPa,10.0km,SSW,21.6km/h/6.0m/s,-,N/A,,Clear
1997-5-1 9:00 PM,23.0°C,-,11.0°C,47%,1002hPa,10.0km,SSE,7.2km/h/2.0m/s,-,N/A,,Clear
1997-5-1 10:00 PM,21.0°C,-,10.0°C,49%,1003hPa,10.0km,SSE,7.2km/h/2.0m/s,-,N/A,,Clear
1997-5-1 11:00 PM,21.0°C,-,10.0°C,49%,1004hPa,10.0km,East,18.0km/h/5.0m/s,-,N/A,,Clear
