Time (CST),Temp.,Dew Point,Humidity,Pressure,Visibility,Wind Dir,Wind Speed,Gust Speed,Precip,Events,Conditions
1997-11-1 12:00 AM,0.0°C,-8.0°C,55%,1032hPa,10.0km,Calm,Calm,-,N/A,,Clear
1997-11-1 1:00 AM,0.0°C,-7.0°C,60%,1031hPa,10.0km,East,3.6km/h/1.0m/s,-,N/A,,Clear
1997-11-1 2:00 AM,0.0°C,-80.0°C,4%,1031hPa,10.0km,ESE,3.6km/h/1.0m/s,-,N/A,,Clear
1997-11-1 3:00 AM,0.0°C,-8.0°C,55%,1031hPa,10.0km,East,3.6km/h/1.0m/s,-,N/A,,Clear
1997-11-1 4:00 AM,-1.0°C,-8.0°C,60%,1031hPa,10.0km,Calm,Calm,-,N/A,,Clear
1997-11-1 5:00 AM,-2.0°C,-9.0°C,59%,1031hPa,10.0km,Calm,Calm,-,N/A,,Clear
1997-11-1 6:00 AM,-2.0°C,-8.0°C,64%,1031hPa,10.0km,Calm,Calm,-,N/A,,Clear
1997-11-1 7:00 AM,-4.0°C,-8.0°C,74%,1031hPa,10.0km,SSE,3.6km/h/1.0m/s,-,N/A,,Clear
1997-11-1 8:00 AM,-2.0°C,-7.0°C,69%,1031hPa,10.0km,SSE,3.6km/h/1.0m/s,-,N/A,,Clear
1997-11-1 9:00 AM,4.0°C,-8.0°C,42%,1031hPa,6.0km,SE,3.6km/h/1.0m/s,-,N/A,,Clear
1997-11-1 10:00 AM,7.0°C,-7.0°C,37%,1031hPa,6.0km,SE,3.6km/h/1.0m/s,-,N/A,,Clear
1997-11-1 11:00 AM,9.0°C,-7.0°C,32%,1030hPa,6.0km,Calm,Calm,-,N/A,,Clear
1997-11-1 12:00 PM,12.0°C,-7.0°C,26%,1029hPa,6.0km,SSW,3.6km/h/1.0m/s,-,N/A,,Scattered Clouds
1997-11-1 1:00 PM,14.0°C,-7.0°C,23%,1028hPa,6.0km,SSE,7.2km/h/2.0m/s,-,N/A,,Partly Cloudy
1997-11-1 2:00 PM,14.0°C,-7.0°C,23%,1027hPa,-,SW,7.2km/h/2.0m/s,-,N/A,,Clear
1997-11-1 3:00 PM,15.0°C,-7.0°C,22%,1026hPa,6.0km,WSW,3.6km/h/1.0m/s,-,N/A,,Mostly Cloudy
1997-11-1 5:00 PM,13.0°C,-9.0°C,21%,1026hPa,8.0km,Calm,Calm,-,N/A,,Partly Cloudy
1997-11-1 6:00 PM,10.0°C,-6.0°C,32%,1026hPa,8.0km,East,7.2km/h/2.0m/s,-,N/A,,Partly Cloudy
1997-11-1 7:00 PM,8.0°C,-7.0°C,34%,1026hPa,8.0km,East,3.6km/h/1.0m/s,-,N/A,,Clear
1997-11-1 8:00 PM,4.0°C,-8.0°C,42%,1026hPa,8.0km,ESE,3.6km/h/1.0m/s,-,N/A,,Clear
1997-11-1 9:00 PM,5.0°C,-8.0°C,39%,1026hPa,8.0km,ESE,3.6km/h/1.0m/s,-,N/A,,Partly Cloudy
1997-11-1 10:00 PM,4.0°C,-8.0°C,42%,1026hPa,8.0km,Calm,Calm,-,N/A,,Mostly Cloudy
1997-11-1 11:00 PM,3.0°C,-8.0°C,45%,1026hPa,8.0km,ESE,3.6km/h/1.0m/s,-,N/A,,Mostly Cloudy
