Time (CST),Temp.,Heat Index,Dew Point,Humidity,Pressure,Visibility,Wind Dir,Wind Speed,Gust Speed,Precip,Events,Conditions
1997-7-22 12:00 AM,25.0°C,-,16.0°C,57%,1009hPa,10.0km,ESE,10.8km/h/3.0m/s,-,N/A,,Clear
1997-7-22 1:00 AM,23.0°C,-,19.0°C,78%,1009hPa,10.0km,Calm,Calm,-,N/A,,Clear
1997-7-22 2:00 AM,22.0°C,-,19.0°C,83%,1009hPa,10.0km,SSE,3.6km/h/1.0m/s,-,N/A,,Clear
1997-7-22 5:00 AM,20.0°C,-,19.0°C,94%,1010hPa,10.0km,Calm,Calm,-,N/A,,Clear
1997-7-22 6:00 AM,20.0°C,-,19.0°C,94%,1010hPa,10.0km,Calm,Calm,-,N/A,,Clear
1997-7-22 7:00 AM,21.0°C,-,20.0°C,94%,1010hPa,10.0km,Calm,Calm,-,N/A,,Clear
1997-7-22 8:00 AM,25.0°C,-,22.0°C,83%,1011hPa,7.0km,NNW,3.6km/h/1.0m/s,-,N/A,,Clear
1997-7-22 9:00 AM,27.0°C,28.9°C,21.0°C,70%,1011hPa,10.0km,NNW,3.6km/h/1.0m/s,-,N/A,,Clear
1997-7-22 10:00 AM,29.0°C,31.3°C,21.0°C,62%,1011hPa,10.0km,WNW,3.6km/h/1.0m/s,-,N/A,,Clear
1997-7-22 11:00 AM,31.0°C,34.4°C,22.0°C,58%,1011hPa,10.0km,NW,7.2km/h/2.0m/s,-,N/A,,Clear
1997-7-22 12:00 PM,32.0°C,34.9°C,21.0°C,52%,1011hPa,10.0km,North,7.2km/h/2.0m/s,-,N/A,,Clear
1997-7-22 1:00 PM,34.0°C,36.5°C,20.0°C,44%,1010hPa,10.0km,ENE,14.4km/h/4.0m/s,-,N/A,,Clear
1997-7-22 2:00 PM,34.0°C,34.9°C,18.0°C,38%,1010hPa,10.0km,ENE,18.0km/h/5.0m/s,-,N/A,,Clear
1997-7-22 3:00 PM,34.0°C,37.1°C,21.0°C,46%,1009hPa,10.0km,East,25.2km/h/7.0m/s,-,N/A,,Clear
1997-7-22 4:00 PM,33.0°C,36.0°C,21.0°C,49%,1009hPa,10.0km,East,21.6km/h/6.0m/s,-,N/A,,Clear
1997-7-22 5:00 PM,33.0°C,36.9°C,22.0°C,52%,1008hPa,10.0km,East,21.6km/h/6.0m/s,-,N/A,,Clear
1997-7-22 6:00 PM,33.0°C,36.9°C,22.0°C,52%,1008hPa,10.0km,East,25.2km/h/7.0m/s,-,N/A,,Clear
1997-7-22 7:00 PM,31.0°C,35.4°C,23.0°C,62%,1009hPa,10.0km,East,25.2km/h/7.0m/s,-,N/A,,Clear
1997-7-22 8:00 PM,30.0°C,35.0°C,24.0°C,70%,1010hPa,6.0km,East,21.6km/h/6.0m/s,-,N/A,,Clear
1997-7-22 9:00 PM,29.0°C,33.5°C,24.0°C,74%,1011hPa,6.0km,East,21.6km/h/6.0m/s,-,N/A,,Clear
1997-7-22 10:00 PM,28.0°C,31.9°C,24.0°C,79%,1012hPa,6.0km,East,21.6km/h/6.0m/s,-,N/A,,Clear
1997-7-22 11:00 PM,27.0°C,30.1°C,24.0°C,84%,1012hPa,4.0km,East,21.6km/h/6.0m/s,-,N/A,,Clear
