Time (CST),Temp.,Windchill,Dew Point,Humidity,Pressure,Visibility,Wind Dir,Wind Speed,Gust Speed,Precip,Events,Conditions
1998-2-11 12:00 AM,32.0°F,25.7°F,8.6°F,38%,29.77in,6.2mi,ESE,6.7mph,-,N/A,,Clear
1998-2-11 1:00 AM,32.0°F,25.7°F,12.2°F,44%,29.74in,6.2mi,ESE,6.7mph,-,N/A,,Clear
1998-2-11 2:00 AM,30.2°F,25.5°F,10.4°F,44%,29.71in,6.2mi,East,4.5mph,-,N/A,,Clear
1998-2-11 3:00 AM,32.0°F,27.6°F,10.4°F,41%,29.74in,6.2mi,ENE,4.5mph,-,N/A,,Clear
1998-2-11 4:00 AM,30.2°F,-,10.4°F,44%,29.71in,6.2mi,Calm,Calm,-,N/A,,Clear
1998-2-11 5:00 AM,32.0°F,-,12.2°F,44%,29.71in,-,Calm,Calm,-,N/A,,Clear
1998-2-11 6:00 AM,28.4°F,-,14.0°F,55%,29.68in,-,Calm,Calm,-,N/A,,Clear
1998-2-11 7:00 AM,24.8°F,19.2°F,12.2°F,59%,29.71in,-,ESE,4.5mph,-,N/A,,Clear
1998-2-11 8:00 AM,24.8°F,-,10.4°F,54%,29.68in,-,East,2.2mph,-,N/A,,Clear
1998-2-11 9:00 AM,32.0°F,27.6°F,15.8°F,51%,29.68in,-,ESE,4.5mph,-,N/A,,Smoke
1998-2-11 10:00 AM,41.0°F,38.1°F,17.6°F,39%,29.71in,-,SE,4.5mph,-,N/A,,Smoke
1998-2-11 11:00 AM,44.6°F,42.3°F,19.4°F,37%,29.74in,2.8mi,SSW,4.5mph,-,N/A,,Smoke
1998-2-11 12:00 PM,48.2°F,-,21.2°F,34%,29.71in,2.8mi,SW,4.5mph,-,N/A,,Smoke
1998-2-11 1:00 PM,55.4°F,-,23.0°F,29%,29.68in,3.1mi,West,6.7mph,-,N/A,,Clear
1998-2-11 2:00 PM,57.2°F,-,46.4°F,67%,29.65in,3.7mi,Calm,Calm,-,N/A,,Mostly Cloudy
1998-2-11 3:00 PM,57.2°F,-,17.6°F,21%,29.68in,4.3mi,NNW,13.4mph,-,N/A,,Clear
1998-2-11 4:00 PM,57.2°F,-,15.8°F,20%,29.71in,-,NNW,13.4mph,-,N/A,,Unknown
1998-2-11 5:00 PM,55.4°F,-,19.4°F,25%,29.74in,6.2mi,NNW,13.4mph,-,N/A,,Clear
1998-2-11 6:00 PM,51.8°F,-,19.4°F,28%,29.77in,6.2mi,NNW,6.7mph,-,N/A,,Clear
1998-2-11 7:00 PM,50.0°F,-,19.4°F,30%,29.80in,6.2mi,NW,13.4mph,-,N/A,,Mostly Cloudy
1998-2-11 8:00 PM,44.6°F,42.3°F,19.4°F,37%,29.86in,6.2mi,NNW,4.5mph,-,N/A,,Mostly Cloudy
1998-2-11 9:00 PM,46.4°F,44.4°F,17.6°F,32%,29.86in,6.2mi,North,4.5mph,-,N/A,,Mostly Cloudy
1998-2-11 10:00 PM,42.8°F,-,17.6°F,36%,29.89in,6.2mi,North,2.2mph,-,N/A,,Clear
1998-2-11 11:00 PM,35.6°F,-,15.8°F,44%,29.89in,6.2mi,North,2.2mph,-,N/A,,Clear
