Time (CST),Temp.,Windchill,Dew Point,Humidity,Pressure,Visibility,Wind Dir,Wind Speed,Gust Speed,Precip,Events,Conditions
1998-1-19 12:00 AM,-16.0°C,-,-27.0°C,39%,1031hPa,10.0km,WSW,3.6km/h/1.0m/s,-,N/A,,Clear
1998-1-19 1:00 AM,-17.0°C,-22.3°C,-25.0°C,51%,1030hPa,10.0km,South,7.2km/h/2.0m/s,-,N/A,,Clear
1998-1-19 2:00 AM,-17.0°C,-,-23.0°C,61%,1030hPa,10.0km,Variable,3.6km/h/1.0m/s,-,N/A,,Clear
1998-1-19 3:00 AM,-19.0°C,-,-24.0°C,66%,1030hPa,10.0km,Calm,Calm,-,N/A,,Clear
1998-1-19 4:00 AM,-20.0°C,-,-24.0°C,71%,1030hPa,10.0km,South,3.6km/h/1.0m/s,-,N/A,,Clear
1998-1-19 5:00 AM,-21.0°C,-,-25.0°C,71%,1029hPa,8.0km,Calm,Calm,-,N/A,,Clear
1998-1-19 6:00 AM,-21.0°C,-,-26.0°C,65%,1029hPa,10.0km,Calm,Calm,-,N/A,,Clear
1998-1-19 10:00 AM,-15.0°C,-,-23.0°C,52%,1027hPa,6.0km,SSE,3.6km/h/1.0m/s,-,N/A,,Clear
1998-1-19 11:00 AM,-12.0°C,-16.4°C,-23.0°C,41%,1027hPa,10.0km,SW,7.2km/h/2.0m/s,-,N/A,,Clear
1998-1-19 12:00 PM,-10.0°C,-14.1°C,-22.0°C,38%,1026hPa,10.0km,SW,7.2km/h/2.0m/s,-,N/A,,Clear
1998-1-19 1:00 PM,-9.0°C,-15.3°C,-22.0°C,35%,1024hPa,10.0km,WSW,14.4km/h/4.0m/s,-,N/A,,Clear
1998-1-19 2:00 PM,-7.0°C,-12.9°C,-21.0°C,33%,1023hPa,10.0km,WSW,14.4km/h/4.0m/s,-,N/A,,Clear
1998-1-19 3:00 PM,-7.0°C,-12.9°C,-20.0°C,36%,1022hPa,8.0km,WSW,14.4km/h/4.0m/s,-,N/A,,Clear
1998-1-19 4:00 PM,-6.0°C,-11.6°C,-19.0°C,36%,1021hPa,10.0km,WSW,14.4km/h/4.0m/s,-,N/A,,Clear
1998-1-19 5:00 PM,-6.0°C,-11.6°C,-20.0°C,33%,1021hPa,10.0km,WSW,14.4km/h/4.0m/s,-,N/A,,Clear
1998-1-19 6:00 PM,-8.0°C,-13.1°C,-19.0°C,42%,1021hPa,10.0km,WSW,10.8km/h/3.0m/s,-,N/A,,Clear
1998-1-19 7:00 PM,-9.0°C,-14.3°C,-20.0°C,41%,1021hPa,10.0km,WSW,10.8km/h/3.0m/s,-,N/A,,Clear
1998-1-19 8:00 PM,-10.0°C,-15.5°C,-19.0°C,49%,1022hPa,10.0km,West,10.8km/h/3.0m/s,-,N/A,,Clear
1998-1-19 9:00 PM,-11.0°C,-,-19.0°C,53%,1023hPa,10.0km,NW,3.6km/h/1.0m/s,-,N/A,,Clear
1998-1-19 11:00 PM,-15.0°C,-,-20.0°C,66%,1024hPa,10.0km,Calm,Calm,-,N/A,,Clear
