Time (CST),Temp.,Heat Index,Dew Point,Humidity,Pressure,Visibility,Wind Dir,Wind Speed,Gust Speed,Precip,Events,Conditions
1997-8-23 12:00 AM,20.0°C,-,15.0°C,73%,1011hPa,-,West,7.2km/h/2.0m/s,-,N/A,,Clear
1997-8-23 1:00 AM,19.0°C,-,14.0°C,73%,1010hPa,-,Calm,Calm,-,N/A,,Clear
1997-8-23 2:00 AM,19.0°C,-,15.0°C,78%,1010hPa,-,Calm,Calm,-,N/A,,Clear
1997-8-23 3:00 AM,18.0°C,-,15.0°C,83%,1010hPa,-,Calm,Calm,-,N/A,,Clear
1997-8-23 4:00 AM,17.0°C,-,15.0°C,88%,1010hPa,-,Calm,Calm,-,N/A,,Clear
1997-8-23 5:00 AM,18.0°C,-,16.0°C,88%,1010hPa,-,Calm,Calm,-,N/A,,Clear
1997-8-23 6:00 AM,17.0°C,-,15.0°C,88%,1010hPa,8.0km,Calm,Calm,-,N/A,,Mostly Cloudy
1997-8-23 7:00 AM,18.0°C,-,16.0°C,88%,1011hPa,8.0km,Calm,Calm,-,N/A,,Scattered Clouds
1997-8-23 8:00 AM,21.0°C,-,17.0°C,78%,1011hPa,8.0km,Calm,Calm,-,N/A,,Scattered Clouds
1997-8-23 9:00 AM,24.0°C,-,16.0°C,61%,1011hPa,8.0km,Calm,Calm,-,N/A,,Scattered Clouds
1997-8-23 10:00 AM,27.0°C,27.3°C,15.0°C,48%,1011hPa,-,Calm,Calm,-,N/A,,Clear
1997-8-23 11:00 AM,29.0°C,29.1°C,16.0°C,45%,1010hPa,10.0km,South,3.6km/h/1.0m/s,-,N/A,,Clear
1997-8-23 12:00 PM,31.0°C,30.9°C,16.0°C,40%,1010hPa,10.0km,SSE,3.6km/h/1.0m/s,-,N/A,,Clear
1997-8-23 1:00 PM,32.0°C,31.9°C,16.0°C,38%,1009hPa,10.0km,South,3.6km/h/1.0m/s,-,N/A,,Clear
1997-8-23 2:00 PM,33.0°C,33.0°C,16.0°C,36%,1008hPa,10.0km,SW,7.2km/h/2.0m/s,-,N/A,,Clear
1997-8-23 3:00 PM,34.0°C,33.6°C,15.0°C,32%,1008hPa,10.0km,SSW,10.8km/h/3.0m/s,-,N/A,,Clear
1997-8-23 4:00 PM,34.0°C,34.0°C,16.0°C,34%,1006hPa,10.0km,WSW,7.2km/h/2.0m/s,-,N/A,,Clear
1997-8-23 5:00 PM,33.0°C,33.4°C,17.0°C,38%,1006hPa,10.0km,West,7.2km/h/2.0m/s,-,N/A,,Clear
1997-8-23 6:00 PM,31.0°C,34.4°C,22.0°C,58%,1006hPa,10.0km,Calm,Calm,-,N/A,,Partly Cloudy
1997-8-23 7:00 PM,29.0°C,28.8°C,15.0°C,42%,1009hPa,10.0km,South,7.2km/h/2.0m/s,-,N/A,,Partly Cloudy
1997-8-23 8:00 PM,26.0°C,-,16.0°C,54%,1009hPa,-,SSE,7.2km/h/2.0m/s,-,N/A,,Clear
1997-8-23 9:00 PM,24.0°C,-,17.0°C,65%,1010hPa,-,SE,7.2km/h/2.0m/s,-,N/A,,Clear
1997-8-23 10:00 PM,23.0°C,-,16.0°C,65%,1011hPa,-,East,3.6km/h/1.0m/s,-,N/A,,Clear
