Time (CST),Temp.,Windchill,Dew Point,Humidity,Pressure,Visibility,Wind Dir,Wind Speed,Gust Speed,Precip,Events,Conditions
1998-12-17 12:00 AM,23.0°F,-,3.2°F,43%,30.15in,-,ENE,2.2mph,-,N/A,,Clear
1998-12-17 4:00 AM,15.8°F,-,3.2°F,58%,30.12in,-,SE,2.2mph,-,N/A,,Clear
1998-12-17 5:00 AM,19.4°F,-,5.0°F,54%,30.12in,-,Calm,Calm,-,N/A,,Clear
1998-12-17 6:00 AM,17.6°F,-,3.2°F,53%,30.12in,-,Calm,Calm,-,N/A,,Clear
1998-12-17 7:00 AM,15.8°F,-,3.2°F,58%,30.12in,-,Calm,Calm,-,N/A,,Clear
1998-12-17 8:00 AM,14.0°F,-,3.2°F,62%,30.12in,3.7mi,Calm,Calm,-,N/A,,Clear
1998-12-17 9:00 AM,19.4°F,-,6.8°F,58%,30.15in,2.5mi,Calm,Calm,-,N/A,,Smoke
1998-12-17 10:00 AM,28.4°F,-,6.8°F,40%,30.15in,2.5mi,Calm,Calm,-,N/A,,Smoke
1998-12-17 12:00 PM,39.2°F,-,8.6°F,28%,30.09in,2.5mi,SSE,2.2mph,-,N/A,,Smoke
1998-12-17 1:00 PM,41.0°F,-,8.6°F,26%,30.06in,3.1mi,Calm,Calm,-,N/A,,Smoke
1998-12-17 2:00 PM,42.8°F,-,10.4°F,27%,30.04in,3.1mi,South,2.2mph,-,N/A,,Smoke
1998-12-17 3:00 PM,44.6°F,-,10.4°F,25%,30.04in,3.1mi,South,2.2mph,-,N/A,,Smoke
1998-12-17 4:00 PM,44.6°F,-,10.4°F,25%,30.01in,3.1mi,SSE,2.2mph,-,N/A,,Smoke
1998-12-17 5:00 PM,39.2°F,36.0°F,12.2°F,33%,30.01in,2.5mi,WNW,4.5mph,-,N/A,,Smoke
1998-12-17 6:00 PM,35.6°F,-,10.4°F,35%,30.01in,2.5mi,North,2.2mph,-,N/A,,Smoke
1998-12-17 7:00 PM,30.2°F,-,8.6°F,40%,30.04in,2.5mi,Calm,Calm,-,N/A,,Smoke
1998-12-17 9:00 PM,28.4°F,-,6.8°F,40%,30.06in,3.7mi,Calm,Calm,-,N/A,,Mostly Cloudy
1998-12-17 10:00 PM,28.4°F,-,8.6°F,43%,30.06in,4.3mi,Calm,Calm,-,N/A,,Mostly Cloudy
1998-12-17 11:00 PM,30.2°F,23.5°F,8.6°F,40%,30.06in,4.3mi,North,6.7mph,-,N/A,,Overcast
