Time (CST),Temp.,Windchill,Dew Point,Humidity,Pressure,Visibility,Wind Dir,Wind Speed,Gust Speed,Precip,Events,Conditions
1997-1-3 2:00 AM,-5.0°C,-,-15.0°C,46%,1021hPa,-,SSW,3.6km/h/1.0m/s,-,N/A,,Clear
1997-1-3 3:00 AM,-4.0°C,-7.1°C,-14.0°C,46%,1021hPa,-,ENE,7.2km/h/2.0m/s,-,N/A,,Clear
1997-1-3 4:00 AM,-5.0°C,-,-14.0°C,50%,1021hPa,-,Calm,Calm,-,N/A,,Clear
1997-1-3 5:00 AM,-6.0°C,-10.7°C,-14.0°C,54%,1021hPa,-,East,10.8km/h/3.0m/s,-,N/A,,Clear
1997-1-3 6:00 AM,-5.0°C,-9.5°C,-14.0°C,50%,1022hPa,-,East,10.8km/h/3.0m/s,-,N/A,,Clear
1997-1-3 7:00 AM,-5.0°C,-8.3°C,-13.0°C,54%,1022hPa,-,East,7.2km/h/2.0m/s,-,N/A,,Clear
1997-1-3 8:00 AM,-5.0°C,-9.5°C,-17.0°C,39%,1023hPa,-,East,10.8km/h/3.0m/s,-,N/A,,Clear
1997-1-3 9:00 AM,-4.0°C,-8.3°C,-23.0°C,22%,1023hPa,5.0km,ENE,10.8km/h/3.0m/s,-,N/A,,Smoke
1997-1-3 10:00 AM,-4.0°C,-,-16.0°C,40%,1024hPa,5.0km,Calm,Calm,-,N/A,,Smoke
1997-1-3 11:00 AM,-2.0°C,-,-16.0°C,34%,1024hPa,5.0km,Calm,Calm,-,N/A,,Smoke
1997-1-3 12:00 PM,0.0°C,-,-17.0°C,27%,1022hPa,5.0km,Calm,Calm,-,N/A,,Smoke
1997-1-3 1:00 PM,1.0°C,-1.3°C,-15.0°C,30%,1021hPa,6.0km,SSE,7.2km/h/2.0m/s,-,N/A,,Mostly Cloudy
1997-1-3 2:00 PM,2.0°C,-1.1°C,-17.0°C,24%,1020hPa,8.0km,South,10.8km/h/3.0m/s,-,N/A,,Mostly Cloudy
1997-1-3 3:00 PM,3.0°C,-1.2°C,-15.0°C,26%,1020hPa,8.0km,SSW,18.0km/h/5.0m/s,-,N/A,,Mostly Cloudy
1997-1-3 4:00 PM,3.0°C,0.1°C,-14.0°C,28%,1020hPa,8.0km,SSW,10.8km/h/3.0m/s,-,N/A,,Scattered Clouds
1997-1-3 5:00 PM,2.0°C,-,-15.0°C,28%,1020hPa,8.0km,Calm,Calm,-,N/A,,Scattered Clouds
1997-1-3 6:00 PM,1.0°C,-1.3°C,-16.0°C,28%,1020hPa,8.0km,East,7.2km/h/2.0m/s,-,N/A,,Partly Cloudy
1997-1-3 7:00 PM,-1.0°C,-4.7°C,-14.0°C,37%,1021hPa,8.0km,ESE,10.8km/h/3.0m/s,-,N/A,,Partly Cloudy
1997-1-3 8:00 PM,-2.0°C,-4.8°C,-14.0°C,40%,1021hPa,10.0km,ESE,7.2km/h/2.0m/s,-,N/A,,Clear
1997-1-3 9:00 PM,-6.0°C,-,-13.0°C,58%,1021hPa,10.0km,Calm,Calm,-,N/A,,Clear
1997-1-3 10:00 PM,-4.0°C,-7.1°C,-14.0°C,46%,1021hPa,10.0km,East,7.2km/h/2.0m/s,-,N/A,,Clear
1997-1-3 11:00 PM,-4.0°C,-8.3°C,-13.0°C,50%,1020hPa,10.0km,ESE,10.8km/h/3.0m/s,-,N/A,,Clear
