Time (CST),Temp.,Windchill,Dew Point,Humidity,Pressure,Visibility,Wind Dir,Wind Speed,Gust Speed,Precip,Events,Conditions
1997-12-20 12:00 AM,2.0°C,-2.9°C,-17.0°C,24%,1023hPa,10.0km,ENE,21.6km/h/6.0m/s,-,N/A,,Clear
1997-12-20 2:00 AM,1.0°C,-2.3°C,-17.0°C,25%,1023hPa,10.0km,ENE,10.8km/h/3.0m/s,-,N/A,,Clear
1997-12-20 4:00 AM,0.0°C,-,-16.0°C,30%,1023hPa,10.0km,North,3.6km/h/1.0m/s,-,N/A,,Clear
1997-12-20 5:00 AM,-3.0°C,-,-15.0°C,40%,1023hPa,10.0km,East,3.6km/h/1.0m/s,-,N/A,,Clear
1997-12-20 6:00 AM,-5.0°C,-,-14.0°C,50%,1023hPa,4.0km,Calm,Calm,-,N/A,,Smoke
1997-12-20 7:00 AM,-5.0°C,-,-13.0°C,54%,1024hPa,4.0km,East,3.6km/h/1.0m/s,-,N/A,,Smoke
1997-12-20 8:00 AM,-6.0°C,-,-14.0°C,54%,1025hPa,2.0km,Calm,Calm,-,N/A,,Smoke
1997-12-20 9:00 AM,-3.0°C,-,-12.0°C,51%,1026hPa,2.3km,Calm,Calm,-,N/A,,Smoke
1997-12-20 10:00 AM,-1.0°C,-,-13.0°C,40%,1026hPa,2.1km,NW,3.6km/h/1.0m/s,-,N/A,,Smoke
1997-12-20 11:00 AM,1.0°C,-1.3°C,-14.0°C,32%,1026hPa,3.0km,NNW,7.2km/h/2.0m/s,-,N/A,,Smoke
1997-12-20 12:00 PM,3.0°C,-,-14.0°C,28%,1025hPa,5.0km,NNW,3.6km/h/1.0m/s,-,N/A,,Smoke
1997-12-20 1:00 PM,4.0°C,-,-14.0°C,26%,1024hPa,5.0km,North,3.6km/h/1.0m/s,-,N/A,,Smoke
1997-12-20 2:00 PM,6.0°C,-,-15.0°C,21%,1023hPa,6.0km,NNW,3.6km/h/1.0m/s,-,N/A,,Mostly Cloudy
1997-12-20 3:00 PM,6.0°C,-,-15.0°C,21%,1023hPa,6.0km,NNW,3.6km/h/1.0m/s,-,N/A,,Scattered Clouds
1997-12-20 4:00 PM,6.0°C,-,-15.0°C,21%,1023hPa,6.0km,NNW,3.6km/h/1.0m/s,-,N/A,,Scattered Clouds
1997-12-20 5:00 PM,3.0°C,-,-14.0°C,28%,1023hPa,6.0km,NW,3.6km/h/1.0m/s,-,N/A,,Mostly Cloudy
1997-12-20 6:00 PM,0.0°C,-,-14.0°C,35%,1024hPa,4.0km,NNW,3.6km/h/1.0m/s,-,N/A,,Smoke
1997-12-20 7:00 PM,-3.0°C,-,-15.0°C,40%,1025hPa,4.0km,East,3.6km/h/1.0m/s,-,N/A,,Smoke
1997-12-20 8:00 PM,-1.0°C,-,-14.0°C,37%,1026hPa,5.0km,NE,3.6km/h/1.0m/s,-,N/A,,Smoke
1997-12-20 9:00 PM,-2.0°C,-,-15.0°C,37%,1027hPa,4.5km,ENE,3.6km/h/1.0m/s,-,N/A,,Smoke
1997-12-20 10:00 PM,-2.0°C,-4.8°C,-14.0°C,40%,1027hPa,4.0km,East,7.2km/h/2.0m/s,-,N/A,,Smoke
1997-12-20 11:00 PM,-1.0°C,-3.6°C,-14.0°C,37%,1027hPa,4.5km,NE,7.2km/h/2.0m/s,-,N/A,,Smoke
