Time (CST),Temp.,Heat Index,Dew Point,Humidity,Pressure,Visibility,Wind Dir,Wind Speed,Gust Speed,Precip,Events,Conditions
1997-8-9 12:00 AM,18.0°C,-,16.0°C,88%,1009hPa,10.0km,Calm,Calm,-,N/A,,Clear
1997-8-9 1:00 AM,17.0°C,-,15.0°C,88%,1010hPa,10.0km,SE,7.2km/h/2.0m/s,-,N/A,,Clear
1997-8-9 2:00 AM,16.0°C,-,14.0°C,88%,1009hPa,10.0km,Calm,Calm,-,N/A,,Clear
1997-8-9 3:00 AM,17.0°C,-,15.0°C,88%,1009hPa,10.0km,ESE,7.2km/h/2.0m/s,-,N/A,,Clear
1997-8-9 4:00 AM,16.0°C,-,14.0°C,88%,1009hPa,10.0km,Calm,Calm,-,N/A,,Clear
1997-8-9 5:00 AM,14.0°C,-,13.0°C,94%,1010hPa,10.0km,ESE,7.2km/h/2.0m/s,-,N/A,,Clear
1997-8-9 6:00 AM,14.0°C,-,13.0°C,94%,1010hPa,10.0km,WNW,3.6km/h/1.0m/s,-,N/A,,Clear
1997-8-9 7:00 AM,16.0°C,-,14.0°C,88%,1010hPa,10.0km,East,3.6km/h/1.0m/s,-,N/A,,Clear
1997-8-9 8:00 AM,20.0°C,-,16.0°C,78%,1011hPa,10.0km,SSW,7.2km/h/2.0m/s,-,N/A,,Clear
1997-8-9 10:00 AM,26.0°C,-,15.0°C,51%,1010hPa,10.0km,West,3.6km/h/1.0m/s,-,N/A,,Clear
1997-8-9 11:00 AM,27.0°C,26.8°C,12.0°C,39%,1010hPa,10.0km,WSW,3.6km/h/1.0m/s,-,N/A,,Clear
1997-8-9 12:00 PM,28.0°C,27.5°C,12.0°C,37%,1009hPa,-,NNE,7.2km/h/2.0m/s,-,N/A,,Clear
1997-8-9 1:00 PM,29.0°C,28.4°C,13.0°C,37%,1009hPa,10.0km,WNW,10.8km/h/3.0m/s,-,N/A,,Clear
1997-8-9 2:00 PM,31.0°C,29.8°C,12.0°C,31%,1008hPa,10.0km,NNW,7.2km/h/2.0m/s,-,N/A,,Clear
1997-8-9 3:00 PM,31.0°C,-,11.0°C,29%,1006hPa,10.0km,NW,18.0km/h/5.0m/s,-,N/A,,Clear
1997-8-9 4:00 PM,31.0°C,-,11.0°C,29%,1006hPa,10.0km,NW,14.4km/h/4.0m/s,-,N/A,,Clear
1997-8-9 5:00 PM,31.0°C,-,11.0°C,29%,1006hPa,10.0km,WNW,14.4km/h/4.0m/s,-,N/A,,Clear
1997-8-9 6:00 PM,29.0°C,-,10.0°C,30%,1006hPa,10.0km,NW,14.4km/h/4.0m/s,-,N/A,,Clear
1997-8-9 7:00 PM,27.0°C,-,10.0°C,34%,1006hPa,-,NW,21.6km/h/6.0m/s,-,N/A,,Clear
1997-8-9 8:00 PM,24.0°C,-,11.0°C,44%,1008hPa,-,North,7.2km/h/2.0m/s,-,N/A,,Clear
1997-8-9 9:00 PM,23.0°C,-,12.0°C,50%,1009hPa,-,North,7.2km/h/2.0m/s,-,N/A,,Clear
1997-8-9 10:00 PM,22.0°C,-,11.0°C,50%,1009hPa,10.0km,NNW,3.6km/h/1.0m/s,-,N/A,,Clear
1997-8-9 11:00 PM,18.0°C,-,13.0°C,73%,1009hPa,10.0km,Calm,Calm,-,N/A,,Clear
