Time (CST),Temp.,Heat Index,Dew Point,Humidity,Pressure,Visibility,Wind Dir,Wind Speed,Gust Speed,Precip,Events,Conditions
1997-7-11 12:00 AM,22.0°C,-,17.0°C,73%,1010hPa,10.0km,NW,7.2km/h/2.0m/s,-,N/A,,Scattered Clouds
1997-7-11 2:00 AM,21.0°C,-,17.0°C,78%,1010hPa,10.0km,Calm,Calm,-,N/A,,Scattered Clouds
1997-7-11 4:00 AM,18.0°C,-,14.0°C,77%,1011hPa,10.0km,Calm,Calm,-,N/A,,Scattered Clouds
1997-7-11 5:00 AM,18.0°C,-,14.0°C,77%,1011hPa,-,Calm,Calm,-,N/A,,Clear
1997-7-11 6:00 AM,18.0°C,-,14.0°C,77%,1011hPa,8.0km,Calm,Calm,-,N/A,,Scattered Clouds
1997-7-11 7:00 AM,19.0°C,-,16.0°C,83%,1011hPa,6.0km,SE,3.6km/h/1.0m/s,-,N/A,,Scattered Clouds
1997-7-11 8:00 AM,22.0°C,-,16.0°C,69%,1011hPa,6.0km,Calm,Calm,-,N/A,,Scattered Clouds
1997-7-11 9:00 AM,24.0°C,-,14.0°C,53%,1011hPa,-,Calm,Calm,-,N/A,,Clear
1997-7-11 10:00 AM,27.0°C,27.1°C,14.0°C,45%,1011hPa,-,Calm,Calm,-,N/A,,Clear
1997-7-11 11:00 AM,28.0°C,27.6°C,13.0°C,39%,1010hPa,-,Calm,Calm,-,N/A,,Clear
1997-7-11 12:00 PM,29.0°C,-,11.0°C,33%,1010hPa,-,WSW,10.8km/h/3.0m/s,-,N/A,,Clear
1997-7-11 1:00 PM,31.0°C,30.3°C,14.0°C,35%,1009hPa,-,West,10.8km/h/3.0m/s,-,N/A,,Clear
1997-7-11 2:00 PM,32.0°C,31.2°C,14.0°C,33%,1008hPa,-,West,10.8km/h/3.0m/s,-,N/A,,Clear
1997-7-11 3:00 PM,33.0°C,31.9°C,13.0°C,29%,1008hPa,-,SSW,10.8km/h/3.0m/s,-,N/A,,Clear
1997-7-11 4:00 PM,33.0°C,32.1°C,14.0°C,31%,1006hPa,-,WSW,3.6km/h/1.0m/s,-,N/A,,Clear
1997-7-11 5:00 PM,32.0°C,31.2°C,14.0°C,33%,1006hPa,-,WNW,3.6km/h/1.0m/s,-,N/A,,Clear
1997-7-11 6:00 PM,32.0°C,31.9°C,16.0°C,38%,1006hPa,-,NW,10.8km/h/3.0m/s,-,N/A,,Clear
1997-7-11 7:00 PM,32.0°C,31.9°C,16.0°C,38%,1005hPa,-,NW,3.6km/h/1.0m/s,-,N/A,,Clear
1997-7-11 8:00 PM,29.0°C,29.1°C,16.0°C,45%,1006hPa,-,Calm,Calm,-,N/A,,Clear
1997-7-11 9:00 PM,24.0°C,-,17.0°C,65%,1006hPa,-,SE,7.2km/h/2.0m/s,-,N/A,,Clear
1997-7-11 10:00 PM,26.0°C,-,16.0°C,54%,1008hPa,10.0km,Calm,Calm,-,N/A,,Clear
1997-7-11 11:00 PM,23.0°C,-,15.0°C,61%,1008hPa,10.0km,ESE,7.2km/h/2.0m/s,-,N/A,,Clear
