Time (CST),Temp.,Dew Point,Humidity,Pressure,Visibility,Wind Dir,Wind Speed,Gust Speed,Precip,Events,Conditions
1997-5-14 12:00 AM,17.0°C,12.0°C,72%,1006hPa,10.0km,Calm,Calm,-,N/A,,Clear
1997-5-14 1:00 AM,15.0°C,11.0°C,77%,1006hPa,10.0km,Calm,Calm,-,N/A,,Clear
1997-5-14 2:00 AM,14.0°C,9.0°C,72%,1006hPa,10.0km,ENE,10.8km/h/3.0m/s,-,N/A,,Clear
1997-5-14 4:00 AM,13.0°C,8.0°C,72%,1006hPa,10.0km,Calm,Calm,-,N/A,,Clear
1997-5-14 5:00 AM,13.0°C,10.0°C,82%,1007hPa,7.0km,ESE,10.8km/h/3.0m/s,-,N/A,,Scattered Clouds
1997-5-14 7:00 AM,15.0°C,11.0°C,77%,1008hPa,8.0km,East,7.2km/h/2.0m/s,-,N/A,,Partly Cloudy
1997-5-14 8:00 AM,18.0°C,11.0°C,64%,1008hPa,8.0km,SSE,7.2km/h/2.0m/s,-,N/A,,Partly Cloudy
1997-5-14 9:00 AM,19.0°C,11.0°C,60%,1008hPa,-,South,7.2km/h/2.0m/s,-,N/A,,Clear
1997-5-14 10:00 AM,21.0°C,12.0°C,56%,1008hPa,-,WSW,14.4km/h/4.0m/s,-,N/A,,Clear
1997-5-14 11:00 AM,24.0°C,12.0°C,47%,1007hPa,-,WSW,18.0km/h/5.0m/s,-,N/A,,Clear
1997-5-14 12:00 PM,27.0°C,11.0°C,37%,1007hPa,-,SSW,21.6km/h/6.0m/s,-,N/A,,Clear
1997-5-14 1:00 PM,29.0°C,10.0°C,30%,1006hPa,-,WSW,25.2km/h/7.0m/s,-,N/A,,Clear
1997-5-14 2:00 PM,29.0°C,10.0°C,30%,1005hPa,10.0km,WSW,18.0km/h/5.0m/s,-,N/A,,Mostly Cloudy
1997-5-14 3:00 PM,32.0°C,9.0°C,24%,1004hPa,10.0km,West,32.4km/h/9.0m/s,-,N/A,,Mostly Cloudy
1997-5-14 4:00 PM,30.0°C,7.0°C,23%,1004hPa,10.0km,WSW,14.4km/h/4.0m/s,-,N/A,,Mostly Cloudy
1997-5-14 5:00 PM,29.0°C,6.0°C,23%,1004hPa,10.0km,NNW,28.8km/h/8.0m/s,-,N/A,,Mostly Cloudy
1997-5-14 6:00 PM,29.0°C,6.0°C,23%,1004hPa,10.0km,NNW,25.2km/h/7.0m/s,-,N/A,,Mostly Cloudy
1997-5-14 7:00 PM,27.0°C,5.0°C,24%,1005hPa,-,North,18.0km/h/5.0m/s,-,N/A,,Clear
1997-5-14 8:00 PM,25.0°C,5.0°C,28%,1006hPa,-,NNW,18.0km/h/5.0m/s,-,N/A,,Clear
1997-5-14 9:00 PM,24.0°C,6.0°C,31%,1007hPa,-,North,14.4km/h/4.0m/s,-,N/A,,Clear
1997-5-14 10:00 PM,22.0°C,5.0°C,33%,1008hPa,-,North,14.4km/h/4.0m/s,-,N/A,,Clear
1997-5-14 11:00 PM,22.0°C,6.0°C,35%,1007hPa,-,North,14.4km/h/4.0m/s,-,N/A,,Clear
