Time (CST),Temp.,Dew Point,Humidity,Pressure,Visibility,Wind Dir,Wind Speed,Gust Speed,Precip,Events,Conditions
1998-10-4 12:00 AM,51.8°F,48.2°F,88%,30.24in,-,ESE,2.2mph,-,N/A,,Clear
1998-10-4 2:00 AM,50.0°F,50.0°F,100%,30.24in,-,ESE,2.2mph,-,N/A,,Clear
1998-10-4 3:00 AM,48.2°F,48.2°F,100%,30.24in,-,ESE,2.2mph,-,N/A,,Clear
1998-10-4 4:00 AM,50.0°F,48.2°F,94%,30.24in,-,NE,2.2mph,-,N/A,,Clear
1998-10-4 5:00 AM,50.0°F,48.2°F,94%,30.24in,-,Calm,Calm,-,N/A,,Clear
1998-10-4 6:00 AM,46.4°F,46.4°F,100%,30.24in,-,Calm,Calm,-,N/A,,Clear
1998-10-4 7:00 AM,44.6°F,44.6°F,100%,30.24in,3.7mi,Calm,Calm,-,N/A,,Mostly Cloudy
1998-10-4 8:00 AM,48.2°F,48.2°F,100%,30.24in,2.5mi,Calm,Calm,-,N/A,,Clear
1998-10-4 9:00 AM,53.6°F,48.2°F,82%,30.27in,1.9mi,Calm,Calm,-,N/A,,Clear
1998-10-4 10:00 AM,59.0°F,50.0°F,72%,30.24in,0.7mi,Calm,Calm,-,N/A,,Clear
1998-10-4 11:00 AM,66.2°F,48.2°F,52%,30.24in,1.9mi,Calm,Calm,-,N/A,,Smoke
1998-10-4 1:00 PM,71.6°F,44.6°F,38%,30.18in,-,Calm,Calm,-,N/A,,Clear
1998-10-4 2:00 PM,71.6°F,44.6°F,38%,30.15in,-,SSW,2.2mph,-,N/A,,Clear
1998-10-4 3:00 PM,69.8°F,46.4°F,43%,30.12in,-,WSW,8.9mph,-,N/A,,Clear
1998-10-4 4:00 PM,66.2°F,51.8°F,60%,30.12in,3.7mi,SW,4.5mph,-,N/A,,Overcast
1998-10-4 5:00 PM,66.2°F,53.6°F,64%,30.12in,1.9mi,South,2.2mph,-,N/A,,Smoke
1998-10-4 6:00 PM,64.4°F,53.6°F,68%,30.12in,2.5mi,Calm,Calm,-,N/A,,Smoke
1998-10-4 7:00 PM,62.6°F,55.4°F,77%,30.15in,1.2mi,Calm,Calm,-,N/A,,Smoke
1998-10-4 8:00 PM,-,-,N/A%,-,-,North,-,-,N/A,,Unknown
1998-10-4 11:00 PM,59.0°F,55.4°F,88%,30.18in,1.1mi,SE,2.2mph,-,N/A,,Smoke
