Time (CST),Temp.,Dew Point,Humidity,Pressure,Visibility,Wind Dir,Wind Speed,Gust Speed,Precip,Events,Conditions
1997-6-3 12:00 AM,17.0°C,9.0°C,59%,1009hPa,-,ENE,14.4km/h/4.0m/s,-,N/A,,Clear
1997-6-3 2:00 AM,15.0°C,8.0°C,63%,1008hPa,10.0km,East,7.2km/h/2.0m/s,-,N/A,,Clear
1997-6-3 4:00 AM,13.0°C,9.0°C,77%,1007hPa,-,NNE,10.8km/h/3.0m/s,-,N/A,,Clear
1997-6-3 5:00 AM,12.0°C,9.0°C,82%,1008hPa,10.0km,NNE,10.8km/h/3.0m/s,-,N/A,,Mostly Cloudy
1997-6-3 6:00 AM,13.0°C,9.0°C,77%,1008hPa,10.0km,North,3.6km/h/1.0m/s,-,N/A,,Scattered Clouds
1997-6-3 7:00 AM,14.0°C,9.0°C,72%,1009hPa,-,Calm,Calm,-,N/A,,Clear
1997-6-3 8:00 AM,15.0°C,8.0°C,63%,1010hPa,10.0km,SSE,7.2km/h/2.0m/s,-,N/A,,Clear
1997-6-3 9:00 AM,18.0°C,9.0°C,56%,1010hPa,10.0km,ENE,10.8km/h/3.0m/s,-,N/A,,Clear
1997-6-3 10:00 AM,19.0°C,8.0°C,49%,1009hPa,10.0km,Calm,Calm,-,N/A,,Clear
1997-6-3 11:00 AM,21.0°C,8.0°C,43%,1009hPa,10.0km,Calm,Calm,-,N/A,,Clear
1997-6-3 12:00 PM,23.0°C,8.0°C,38%,1009hPa,10.0km,Calm,Calm,-,N/A,,Clear
1997-6-3 1:00 PM,25.0°C,6.0°C,29%,1008hPa,10.0km,NE,21.6km/h/6.0m/s,-,N/A,,Partly Cloudy
1997-6-3 2:00 PM,26.0°C,6.0°C,28%,1008hPa,10.0km,Calm,Calm,-,N/A,,Partly Cloudy
1997-6-3 3:00 PM,27.0°C,5.0°C,24%,1007hPa,10.0km,WNW,14.4km/h/4.0m/s,-,N/A,,Partly Cloudy
1997-6-3 4:00 PM,26.0°C,6.0°C,28%,1007hPa,10.0km,WSW,14.4km/h/4.0m/s,-,N/A,,Scattered Clouds
1997-6-3 5:00 PM,26.0°C,6.0°C,28%,1007hPa,10.0km,Calm,Calm,-,N/A,,Scattered Clouds
1997-6-3 6:00 PM,25.0°C,7.0°C,32%,1007hPa,10.0km,ENE,36.0km/h/10.0m/s,-,N/A,,Partly Cloudy
1997-6-3 7:00 PM,19.0°C,10.0°C,56%,1008hPa,10.0km,East,36.0km/h/10.0m/s,-,N/A,,Partly Cloudy
1997-6-3 8:00 PM,17.0°C,9.0°C,59%,1009hPa,10.0km,East,36.0km/h/10.0m/s,-,N/A,,Clear
1997-6-3 9:00 PM,15.0°C,9.0°C,67%,1011hPa,10.0km,East,36.0km/h/10.0m/s,-,N/A,,Clear
1997-6-3 10:00 PM,14.0°C,8.0°C,67%,1012hPa,10.0km,East,32.4km/h/9.0m/s,-,N/A,,Clear
1997-6-3 11:00 PM,13.0°C,8.0°C,72%,1012hPa,10.0km,East,32.4km/h/9.0m/s,-,N/A,,Clear
