Time (CST),Temp.,Windchill,Dew Point,Humidity,Pressure,Visibility,Wind Dir,Wind Speed,Gust Speed,Precip,Events,Conditions
1997-2-24 12:00 AM,5.0°C,2.5°C,-7.0°C,42%,1019hPa,-,ESE,10.8km/h/3.0m/s,-,N/A,,Clear
1997-2-24 1:00 AM,5.0°C,3.4°C,-6.0°C,45%,1019hPa,-,East,7.2km/h/2.0m/s,-,N/A,,Clear
1997-2-24 2:00 AM,5.0°C,2.5°C,-6.0°C,45%,1018hPa,-,East,10.8km/h/3.0m/s,-,N/A,,Clear
1997-2-24 3:00 AM,4.0°C,1.3°C,-5.0°C,52%,1018hPa,-,East,10.8km/h/3.0m/s,-,N/A,,Clear
1997-2-24 4:00 AM,4.0°C,-,-4.0°C,56%,1018hPa,-,ESE,3.6km/h/1.0m/s,-,N/A,,Clear
1997-2-24 5:00 AM,4.0°C,2.2°C,-1.0°C,70%,1018hPa,-,SSE,7.2km/h/2.0m/s,-,N/A,,Clear
1997-2-24 6:00 AM,3.0°C,0.1°C,-1.0°C,75%,1017hPa,10.0km,SSE,10.8km/h/3.0m/s,-,N/A,,Overcast
1997-2-24 7:00 AM,3.0°C,1.0°C,-1.0°C,75%,1018hPa,10.0km,South,7.2km/h/2.0m/s,-,N/A,,Overcast
1997-2-24 8:00 AM,3.0°C,0.1°C,-1.0°C,75%,1018hPa,6.0km,South,10.8km/h/3.0m/s,-,N/A,,Mostly Cloudy
1997-2-24 9:00 AM,3.0°C,0.1°C,0.0°C,81%,1019hPa,5.0km,South,10.8km/h/3.0m/s,-,N/A,,Smoke
1997-2-24 10:00 AM,5.0°C,3.4°C,0.0°C,70%,1019hPa,5.0km,South,7.2km/h/2.0m/s,-,N/A,,Smoke
1997-2-24 11:00 AM,6.0°C,-,0.0°C,66%,1019hPa,5.0km,Calm,Calm,-,N/A,,Smoke
1997-2-24 12:00 PM,7.0°C,4.9°C,0.0°C,61%,1018hPa,6.0km,SSW,10.8km/h/3.0m/s,-,N/A,,Clear
1997-2-24 1:00 PM,9.0°C,-,0.0°C,54%,1017hPa,10.0km,SSW,10.8km/h/3.0m/s,-,N/A,,Clear
1997-2-24 2:00 PM,10.0°C,-,1.0°C,54%,1016hPa,10.0km,WSW,7.2km/h/2.0m/s,-,N/A,,Clear
1997-2-24 3:00 PM,12.0°C,-,0.0°C,44%,1015hPa,-,WSW,10.8km/h/3.0m/s,-,N/A,,Clear
1997-2-24 4:00 PM,11.0°C,-,1.0°C,50%,1015hPa,-,West,3.6km/h/1.0m/s,-,N/A,,Clear
1997-2-24 5:00 PM,12.0°C,-,0.0°C,44%,1015hPa,-,WSW,10.8km/h/3.0m/s,-,N/A,,Clear
1997-2-24 6:00 PM,10.0°C,-,1.0°C,54%,1015hPa,-,SW,7.2km/h/2.0m/s,-,N/A,,Clear
1997-2-24 7:00 PM,9.0°C,-,0.0°C,54%,1015hPa,6.0km,Calm,Calm,-,N/A,,Mostly Cloudy
1997-2-24 8:00 PM,8.0°C,6.1°C,-2.0°C,50%,1016hPa,8.0km,East,10.8km/h/3.0m/s,-,N/A,,Mostly Cloudy
1997-2-24 9:00 PM,7.0°C,5.7°C,-3.0°C,49%,1017hPa,8.0km,SSE,7.2km/h/2.0m/s,-,N/A,,Overcast
1997-2-24 10:00 PM,7.0°C,4.3°C,-4.0°C,46%,1017hPa,8.0km,ENE,14.4km/h/4.0m/s,-,N/A,,Overcast
1997-2-24 11:00 PM,6.0°C,4.5°C,-4.0°C,49%,1017hPa,7.0km,SE,7.2km/h/2.0m/s,-,N/A,,Mostly Cloudy
