Time (CST),Temp.,Heat Index,Dew Point,Humidity,Pressure,Visibility,Wind Dir,Wind Speed,Gust Speed,Precip,Events,Conditions
1997-7-1 12:00 AM,25.0°C,-,18.0°C,65%,1004hPa,10.0km,ENE,21.6km/h/6.0m/s,-,N/A,,Overcast
1997-7-1 1:00 AM,25.0°C,-,18.0°C,65%,1004hPa,-,East,25.2km/h/7.0m/s,-,N/A,,Clear
1997-7-1 2:00 AM,24.0°C,-,18.0°C,69%,1004hPa,10.0km,East,21.6km/h/6.0m/s,-,N/A,,Clear
1997-7-1 3:00 AM,24.0°C,-,18.0°C,69%,1004hPa,10.0km,ENE,21.6km/h/6.0m/s,-,N/A,,Clear
1997-7-1 4:00 AM,23.0°C,-,18.0°C,73%,1004hPa,-,ENE,21.6km/h/6.0m/s,-,N/A,,Clear
1997-7-1 5:00 AM,23.0°C,-,18.0°C,73%,1005hPa,-,East,18.0km/h/5.0m/s,-,N/A,,Clear
1997-7-1 6:00 AM,23.0°C,-,18.0°C,73%,1005hPa,3.0km,East,14.4km/h/4.0m/s,-,N/A,,Sand
1997-7-1 7:00 AM,23.0°C,-,18.0°C,73%,1005hPa,3.0km,East,18.0km/h/5.0m/s,-,N/A,,Sand
1997-7-1 8:00 AM,24.0°C,-,18.0°C,69%,1006hPa,3.0km,East,14.4km/h/4.0m/s,-,N/A,,Sand
1997-7-1 9:00 AM,26.0°C,-,20.0°C,69%,1005hPa,8.0km,East,14.4km/h/4.0m/s,-,N/A,,Clear
1997-7-1 10:00 AM,27.0°C,28.2°C,19.0°C,61%,1005hPa,10.0km,East,7.2km/h/2.0m/s,-,N/A,,Partly Cloudy
1997-7-1 11:00 AM,28.0°C,29.2°C,19.0°C,58%,1005hPa,10.0km,ESE,14.4km/h/4.0m/s,-,N/A,,Partly Cloudy
1997-7-1 12:00 PM,29.0°C,29.8°C,18.0°C,51%,1004hPa,10.0km,SE,10.8km/h/3.0m/s,-,N/A,,Partly Cloudy
1997-7-1 1:00 PM,31.0°C,32.4°C,19.0°C,49%,1004hPa,10.0km,NE,7.2km/h/2.0m/s,-,N/A,,Partly Cloudy
1997-7-1 2:00 PM,31.0°C,33.0°C,20.0°C,52%,1003hPa,10.0km,SE,14.4km/h/4.0m/s,-,N/A,,Scattered Clouds
1997-7-1 3:00 PM,32.0°C,33.5°C,19.0°C,46%,1002hPa,10.0km,North,10.8km/h/3.0m/s,-,N/A,,Mostly Cloudy
1997-7-1 4:00 PM,32.0°C,32.8°C,18.0°C,43%,1002hPa,10.0km,SSE,14.4km/h/4.0m/s,-,N/A,,Mostly Cloudy
1997-7-1 5:00 PM,33.0°C,34.0°C,18.0°C,41%,1002hPa,10.0km,SSE,7.2km/h/2.0m/s,-,N/A,,Scattered Clouds
1997-7-1 6:00 PM,33.0°C,34.0°C,18.0°C,41%,1001hPa,10.0km,SE,10.8km/h/3.0m/s,-,N/A,,Scattered Clouds
1997-7-1 7:00 PM,30.0°C,32.4°C,21.0°C,58%,1002hPa,8.0km,East,14.4km/h/4.0m/s,-,N/A,,Mostly Cloudy
1997-7-1 8:00 PM,28.0°C,30.7°C,22.0°C,70%,1003hPa,6.0km,East,18.0km/h/5.0m/s,-,N/A,,Overcast
1997-7-1 9:00 PM,27.0°C,29.2°C,22.0°C,74%,1003hPa,6.0km,East,21.6km/h/6.0m/s,-,N/A,,Overcast
1997-7-1 10:00 PM,27.0°C,29.2°C,22.0°C,74%,1004hPa,6.0km,East,14.4km/h/4.0m/s,-,N/A,,Overcast
1997-7-1 11:00 PM,26.0°C,-,22.0°C,78%,1004hPa,6.0km,East,18.0km/h/5.0m/s,-,N/A,,Overcast
