Time (CST),Temp.,Dew Point,Humidity,Pressure,Visibility,Wind Dir,Wind Speed,Gust Speed,Precip,Events,Conditions
1997-8-1 12:00 AM,24.0°C,23.0°C,94%,1006hPa,7.0km,NNW,10.8km/h/3.0m/s,-,N/A,,Overcast
1997-8-1 1:00 AM,24.0°C,23.0°C,94%,1006hPa,7.0km,SSW,7.2km/h/2.0m/s,-,N/A,,Overcast
1997-8-1 2:00 AM,23.0°C,23.0°C,100%,1006hPa,7.0km,West,3.6km/h/1.0m/s,-,N/A,,Overcast
1997-8-1 4:00 AM,23.0°C,22.0°C,94%,1006hPa,7.0km,Calm,Calm,-,N/A,,Overcast
1997-8-1 5:00 AM,23.0°C,23.0°C,100%,1006hPa,7.0km,NE,3.6km/h/1.0m/s,-,N/A,,Overcast
1997-8-1 6:00 AM,22.0°C,22.0°C,100%,1006hPa,10.0km,NNW,10.8km/h/3.0m/s,-,N/A,Rain,Light Rain
1997-8-1 7:00 AM,22.0°C,21.0°C,94%,1008hPa,10.0km,NNW,18.0km/h/5.0m/s,-,N/A,,Overcast
1997-8-1 8:00 AM,21.0°C,20.0°C,94%,1008hPa,10.0km,North,21.6km/h/6.0m/s,-,N/A,,Overcast
1997-8-1 9:00 AM,22.0°C,20.0°C,88%,1008hPa,10.0km,North,21.6km/h/6.0m/s,-,N/A,,Overcast
1997-8-1 10:00 AM,22.0°C,20.0°C,88%,1009hPa,10.0km,North,18.0km/h/5.0m/s,-,N/A,Rain,Light Rain
1997-8-1 11:00 AM,22.0°C,18.0°C,78%,1009hPa,10.0km,North,25.2km/h/7.0m/s,-,N/A,,Overcast
1997-8-1 12:00 PM,22.0°C,18.0°C,78%,1010hPa,10.0km,North,25.2km/h/7.0m/s,-,N/A,,Overcast
1997-8-1 1:00 PM,22.0°C,18.0°C,78%,1010hPa,10.0km,North,21.6km/h/6.0m/s,-,N/A,,Overcast
1997-8-1 2:00 PM,21.0°C,18.0°C,83%,1010hPa,10.0km,North,21.6km/h/6.0m/s,-,N/A,,Overcast
1997-8-1 3:00 PM,20.0°C,19.0°C,94%,1010hPa,10.0km,North,28.8km/h/8.0m/s,-,N/A,Rain,Light Rain
1997-8-1 4:00 PM,21.0°C,18.0°C,83%,1010hPa,10.0km,North,21.6km/h/6.0m/s,-,N/A,,Mostly Cloudy
1997-8-1 5:00 PM,22.0°C,18.0°C,78%,1010hPa,10.0km,North,18.0km/h/5.0m/s,-,N/A,,Mostly Cloudy
1997-8-1 6:00 PM,22.0°C,18.0°C,78%,1009hPa,10.0km,North,10.8km/h/3.0m/s,-,N/A,,Mostly Cloudy
1997-8-1 7:00 PM,22.0°C,18.0°C,78%,1009hPa,10.0km,North,7.2km/h/2.0m/s,-,N/A,,Mostly Cloudy
1997-8-1 8:00 PM,21.0°C,19.0°C,88%,1010hPa,10.0km,Calm,Calm,-,N/A,,Mostly Cloudy
1997-8-1 9:00 PM,21.0°C,20.0°C,94%,1011hPa,10.0km,East,3.6km/h/1.0m/s,-,N/A,,Mostly Cloudy
1997-8-1 10:00 PM,21.0°C,21.0°C,100%,1011hPa,10.0km,East,3.6km/h/1.0m/s,-,N/A,,Overcast
1997-8-1 11:00 PM,21.0°C,21.0°C,100%,1010hPa,10.0km,Calm,Calm,-,N/A,,Overcast
