Time (CST),Temp.,Dew Point,Humidity,Pressure,Visibility,Wind Dir,Wind Speed,Gust Speed,Precip,Events,Conditions
1997-5-13 12:00 AM,15.0°C,11.0°C,77%,1009hPa,-,NE,7.2km/h/2.0m/s,-,N/A,,Clear
1997-5-13 1:00 AM,15.0°C,11.0°C,77%,1008hPa,10.0km,NE,7.2km/h/2.0m/s,-,N/A,,Clear
1997-5-13 2:00 AM,13.0°C,10.0°C,82%,1008hPa,10.0km,Calm,Calm,-,N/A,,Clear
1997-5-13 3:00 AM,12.0°C,9.0°C,82%,1008hPa,10.0km,Calm,Calm,-,N/A,,Clear
1997-5-13 4:00 AM,12.0°C,10.0°C,88%,1007hPa,10.0km,Calm,Calm,-,N/A,,Clear
1997-5-13 5:00 AM,11.0°C,10.0°C,94%,1008hPa,-,Calm,Calm,-,N/A,,Clear
1997-5-13 6:00 AM,11.0°C,10.0°C,94%,1008hPa,5.0km,Calm,Calm,-,N/A,,Mostly Cloudy
1997-5-13 7:00 AM,12.0°C,10.0°C,88%,1008hPa,3.0km,Calm,Calm,-,N/A,,Mostly Cloudy
1997-5-13 8:00 AM,14.0°C,11.0°C,82%,1008hPa,6.0km,Calm,Calm,-,N/A,,Mostly Cloudy
1997-5-13 9:00 AM,15.0°C,11.0°C,77%,1008hPa,7.0km,South,7.2km/h/2.0m/s,-,N/A,,Partly Cloudy
1997-5-13 10:00 AM,18.0°C,11.0°C,64%,1007hPa,-,South,7.2km/h/2.0m/s,-,N/A,,Clear
1997-5-13 11:00 AM,19.0°C,11.0°C,60%,1007hPa,-,SSW,10.8km/h/3.0m/s,-,N/A,,Clear
1997-5-13 12:00 PM,21.0°C,11.0°C,53%,1006hPa,-,SSW,21.6km/h/6.0m/s,-,N/A,,Clear
1997-5-13 1:00 PM,21.0°C,12.0°C,56%,1006hPa,10.0km,SW,21.6km/h/6.0m/s,-,N/A,,Mostly Cloudy
1997-5-13 2:00 PM,22.0°C,12.0°C,53%,1005hPa,10.0km,SW,21.6km/h/6.0m/s,-,N/A,Rain,Light Rain Showers
1997-5-13 3:00 PM,22.0°C,13.0°C,57%,1004hPa,10.0km,West,21.6km/h/6.0m/s,-,N/A,Rain,Light Rain Showers
1997-5-13 4:00 PM,21.0°C,15.0°C,68%,1005hPa,10.0km,West,10.8km/h/3.0m/s,-,N/A,Rain,Light Rain Showers
1997-5-13 5:00 PM,20.0°C,15.0°C,73%,1004hPa,10.0km,Calm,Calm,-,N/A,,Overcast
1997-5-13 6:00 PM,20.0°C,15.0°C,73%,1004hPa,10.0km,South,7.2km/h/2.0m/s,-,N/A,,Mostly Cloudy
1997-5-13 7:00 PM,20.0°C,15.0°C,73%,1004hPa,8.0km,SSW,10.8km/h/3.0m/s,-,N/A,,Mostly Cloudy
1997-5-13 8:00 PM,20.0°C,15.0°C,73%,1005hPa,7.0km,West,10.8km/h/3.0m/s,-,N/A,,Scattered Clouds
1997-5-13 9:00 PM,19.0°C,12.0°C,64%,1006hPa,10.0km,WNW,18.0km/h/5.0m/s,-,N/A,,Clear
1997-5-13 10:00 PM,19.0°C,12.0°C,64%,1006hPa,10.0km,WNW,18.0km/h/5.0m/s,-,N/A,,Clear
1997-5-13 11:00 PM,18.0°C,12.0°C,68%,1006hPa,10.0km,WNW,7.2km/h/2.0m/s,-,N/A,,Clear
