Time (CST),Temp.,Heat Index,Dew Point,Humidity,Pressure,Visibility,Wind Dir,Wind Speed,Gust Speed,Precip,Events,Conditions
1997-8-4 12:00 AM,24.0°C,-,16.0°C,61%,1006hPa,-,ENE,10.8km/h/3.0m/s,-,N/A,,Clear
1997-8-4 1:00 AM,24.0°C,-,18.0°C,69%,1006hPa,-,NNE,10.8km/h/3.0m/s,-,N/A,,Clear
1997-8-4 2:00 AM,24.0°C,-,18.0°C,69%,1006hPa,-,NE,14.4km/h/4.0m/s,-,N/A,,Clear
1997-8-4 3:00 AM,24.0°C,-,17.0°C,65%,1005hPa,-,NE,7.2km/h/2.0m/s,-,N/A,,Clear
1997-8-4 4:00 AM,23.0°C,-,14.0°C,57%,1005hPa,-,ENE,7.2km/h/2.0m/s,-,N/A,,Clear
1997-8-4 5:00 AM,23.0°C,-,16.0°C,65%,1005hPa,-,NE,7.2km/h/2.0m/s,-,N/A,,Clear
1997-8-4 6:00 AM,22.0°C,-,16.0°C,69%,1005hPa,-,NNE,7.2km/h/2.0m/s,-,N/A,,Clear
1997-8-4 7:00 AM,22.0°C,-,18.0°C,78%,1006hPa,-,NW,10.8km/h/3.0m/s,-,N/A,,Clear
1997-8-4 8:00 AM,23.0°C,-,19.0°C,78%,1006hPa,-,NNW,10.8km/h/3.0m/s,-,N/A,,Clear
1997-8-4 9:00 AM,24.0°C,-,19.0°C,73%,1006hPa,-,NNW,14.4km/h/4.0m/s,-,N/A,,Clear
1997-8-4 10:00 AM,26.0°C,-,19.0°C,65%,1006hPa,-,NNW,14.4km/h/4.0m/s,-,N/A,,Clear
1997-8-4 11:00 AM,26.0°C,-,19.0°C,65%,1005hPa,-,North,10.8km/h/3.0m/s,-,N/A,,Clear
1997-8-4 12:00 PM,28.0°C,29.7°C,20.0°C,62%,1005hPa,-,WNW,10.8km/h/3.0m/s,-,N/A,,Clear
1997-8-4 1:00 PM,28.0°C,29.7°C,20.0°C,62%,1004hPa,-,NNW,3.6km/h/1.0m/s,-,N/A,,Clear
1997-8-4 2:00 PM,29.0°C,30.7°C,20.0°C,58%,1004hPa,-,NNE,7.2km/h/2.0m/s,-,N/A,,Clear
1997-8-4 3:00 PM,31.0°C,33.7°C,21.0°C,55%,1004hPa,-,Calm,Calm,-,N/A,,Clear
1997-8-4 4:00 PM,31.0°C,33.7°C,21.0°C,55%,1003hPa,10.0km,West,7.2km/h/2.0m/s,-,N/A,,Mostly Cloudy
1997-8-4 5:00 PM,31.0°C,33.7°C,21.0°C,55%,1003hPa,10.0km,ESE,7.2km/h/2.0m/s,-,N/A,,Mostly Cloudy
1997-8-4 6:00 PM,29.0°C,30.7°C,20.0°C,58%,1003hPa,10.0km,East,18.0km/h/5.0m/s,-,N/A,,Mostly Cloudy
1997-8-4 7:00 PM,29.0°C,30.7°C,20.0°C,58%,1003hPa,10.0km,East,18.0km/h/5.0m/s,-,N/A,,Mostly Cloudy
1997-8-4 8:00 PM,28.0°C,29.7°C,20.0°C,62%,1004hPa,-,East,14.4km/h/4.0m/s,-,N/A,,Clear
1997-8-4 9:00 PM,27.0°C,28.5°C,20.0°C,65%,1005hPa,-,East,18.0km/h/5.0m/s,-,N/A,,Clear
1997-8-4 10:00 PM,27.0°C,28.2°C,19.0°C,61%,1005hPa,-,East,18.0km/h/5.0m/s,-,N/A,,Clear
1997-8-4 11:00 PM,26.0°C,-,19.0°C,65%,1005hPa,-,East,14.4km/h/4.0m/s,-,N/A,,Clear
