Time (CST),Temp.,Windchill,Dew Point,Humidity,Pressure,Visibility,Wind Dir,Wind Speed,Gust Speed,Precip,Events,Conditions
1997-4-11 12:00 AM,6.0°C,4.5°C,-7.0°C,39%,1019hPa,10.0km,North,7.2km/h/2.0m/s,-,N/A,,Clear
1997-4-11 1:00 AM,8.0°C,6.1°C,-5.0°C,40%,1020hPa,10.0km,NNW,10.8km/h/3.0m/s,-,N/A,,Clear
1997-4-11 2:00 AM,6.0°C,-,-6.0°C,42%,1020hPa,10.0km,Calm,Calm,-,N/A,,Clear
1997-4-11 3:00 AM,5.0°C,-,-4.0°C,53%,1020hPa,10.0km,Calm,Calm,-,N/A,,Clear
1997-4-11 4:00 AM,3.0°C,-,-5.0°C,56%,1020hPa,10.0km,Calm,Calm,-,N/A,,Clear
1997-4-11 5:00 AM,2.0°C,-,-5.0°C,60%,1021hPa,10.0km,Calm,Calm,-,N/A,,Clear
1997-4-11 6:00 AM,2.0°C,-0.1°C,-7.0°C,52%,1021hPa,10.0km,East,7.2km/h/2.0m/s,-,N/A,,Clear
1997-4-11 7:00 AM,2.0°C,-0.1°C,-7.0°C,52%,1022hPa,10.0km,East,7.2km/h/2.0m/s,-,N/A,,Clear
1997-4-11 8:00 AM,6.0°C,-,-4.0°C,49%,1022hPa,10.0km,Calm,Calm,-,N/A,,Clear
1997-4-11 9:00 AM,9.0°C,-,-4.0°C,40%,1022hPa,10.0km,Calm,Calm,-,N/A,,Clear
1997-4-11 10:00 AM,11.0°C,-,-4.0°C,35%,1022hPa,10.0km,SSW,7.2km/h/2.0m/s,-,N/A,,Clear
1997-4-11 11:00 AM,14.0°C,-,-5.0°C,27%,1021hPa,10.0km,SW,10.8km/h/3.0m/s,-,N/A,,Clear
1997-4-11 12:00 PM,16.0°C,-,-7.0°C,20%,1021hPa,10.0km,West,18.0km/h/5.0m/s,-,N/A,,Clear
1997-4-11 1:00 PM,18.0°C,-,-8.0°C,16%,1019hPa,10.0km,WSW,14.4km/h/4.0m/s,-,N/A,,Clear
1997-4-11 2:00 PM,18.0°C,-,-8.0°C,16%,1018hPa,10.0km,SSW,7.2km/h/2.0m/s,-,N/A,,Clear
1997-4-11 3:00 PM,18.0°C,-,-6.0°C,19%,1017hPa,10.0km,SW,25.2km/h/7.0m/s,-,N/A,,Clear
1997-4-11 4:00 PM,18.0°C,-,-6.0°C,19%,1016hPa,10.0km,WSW,25.2km/h/7.0m/s,-,N/A,,Clear
1997-4-11 5:00 PM,18.0°C,-,-5.0°C,21%,1016hPa,10.0km,West,25.2km/h/7.0m/s,-,N/A,,Clear
1997-4-11 6:00 PM,17.0°C,-,-6.0°C,20%,1016hPa,10.0km,WSW,18.0km/h/5.0m/s,-,N/A,,Clear
1997-4-11 7:00 PM,16.0°C,-,-4.0°C,25%,1016hPa,10.0km,WSW,14.4km/h/4.0m/s,-,N/A,,Clear
1997-4-11 8:00 PM,13.0°C,-,1.0°C,44%,1016hPa,10.0km,SSW,7.2km/h/2.0m/s,-,N/A,,Clear
1997-4-11 9:00 PM,12.0°C,-,2.0°C,51%,1017hPa,10.0km,East,7.2km/h/2.0m/s,-,N/A,,Clear
1997-4-11 10:00 PM,8.0°C,6.9°C,-2.0°C,50%,1017hPa,10.0km,East,7.2km/h/2.0m/s,-,N/A,,Clear
1997-4-11 11:00 PM,7.0°C,5.7°C,-4.0°C,46%,1017hPa,10.0km,SSE,7.2km/h/2.0m/s,-,N/A,,Clear
