Time (CST),Temp.,Windchill,Dew Point,Humidity,Pressure,Visibility,Wind Dir,Wind Speed,Gust Speed,Precip,Events,Conditions
1998-2-12 12:00 AM,33.8°F,-,19.4°F,56%,29.89in,6.2mi,WNW,2.2mph,-,N/A,,Clear
1998-2-12 1:00 AM,32.0°F,-,15.8°F,51%,29.89in,6.2mi,ESE,2.2mph,-,N/A,,Clear
1998-2-12 4:00 AM,33.8°F,-,15.8°F,48%,29.92in,6.2mi,SW,2.2mph,-,N/A,,Mostly Cloudy
1998-2-12 6:00 AM,30.2°F,25.5°F,14.0°F,51%,29.92in,6.2mi,NW,4.5mph,-,N/A,,Mostly Cloudy
1998-2-12 7:00 AM,35.6°F,30.0°F,12.2°F,38%,29.92in,-,North,6.7mph,-,N/A,,Clear
1998-2-12 8:00 AM,32.0°F,-,14.0°F,48%,29.95in,-,NE,2.2mph,-,N/A,,Clear
1998-2-12 9:00 AM,39.2°F,36.0°F,12.2°F,33%,29.95in,6.2mi,North,4.5mph,-,N/A,,Clear
1998-2-12 10:00 AM,44.6°F,38.2°F,12.2°F,27%,29.98in,6.2mi,ENE,13.4mph,-,N/A,,Clear
1998-2-12 11:00 AM,46.4°F,39.9°F,14.0°F,27%,29.98in,-,ENE,15.7mph,-,N/A,,Clear
1998-2-12 12:00 PM,46.4°F,40.5°F,14.0°F,27%,29.98in,-,ENE,13.4mph,-,N/A,,Clear
1998-2-12 1:00 PM,48.2°F,-,15.8°F,27%,29.98in,-,ENE,13.4mph,-,N/A,,Clear
1998-2-12 2:00 PM,50.0°F,-,15.8°F,26%,29.95in,-,East,13.4mph,-,N/A,,Clear
1998-2-12 3:00 PM,50.0°F,-,15.8°F,26%,29.95in,-,East,11.2mph,-,N/A,,Clear
1998-2-12 4:00 PM,48.2°F,-,14.0°F,25%,29.95in,-,East,13.4mph,-,N/A,,Clear
1998-2-12 5:00 PM,46.4°F,39.9°F,12.2°F,25%,29.98in,-,East,15.7mph,-,N/A,,Clear
1998-2-12 6:00 PM,42.8°F,35.2°F,12.2°F,29%,29.98in,-,East,15.7mph,-,N/A,,Clear
1998-2-12 7:00 PM,41.0°F,32.9°F,10.4°F,29%,30.01in,-,East,15.7mph,-,N/A,,Clear
1998-2-12 8:00 PM,41.0°F,33.6°F,10.4°F,29%,30.04in,-,ENE,13.4mph,-,N/A,,Clear
1998-2-12 9:00 PM,39.2°F,30.6°F,10.4°F,31%,30.06in,-,East,15.7mph,-,N/A,,Clear
1998-2-12 10:00 PM,37.4°F,29.1°F,8.6°F,30%,30.09in,-,East,13.4mph,-,N/A,,Clear
1998-2-12 11:00 PM,37.4°F,29.1°F,10.4°F,33%,30.12in,-,East,13.4mph,-,N/A,,Clear
