Time (CST),Temp.,Windchill,Dew Point,Humidity,Pressure,Visibility,Wind Dir,Wind Speed,Gust Speed,Precip,Events,Conditions
1997-12-14 12:00 AM,-10.0°C,-,-16.0°C,62%,1021hPa,2.4km,NE,3.6km/h/1.0m/s,-,N/A,,Clear
1997-12-14 1:00 AM,-12.0°C,-16.4°C,-17.0°C,67%,1021hPa,2.6km,East,7.2km/h/2.0m/s,-,N/A,,Clear
1997-12-14 2:00 AM,-9.0°C,-12.9°C,-14.0°C,68%,1021hPa,2.6km,ESE,7.2km/h/2.0m/s,-,N/A,,Clear
1997-12-14 3:00 AM,-9.0°C,-,-15.0°C,62%,1022hPa,2.7km,ESE,3.6km/h/1.0m/s,-,N/A,,Clear
1997-12-14 4:00 AM,-11.0°C,-,-16.0°C,67%,1022hPa,4.5km,East,3.6km/h/1.0m/s,-,N/A,,Clear
1997-12-14 6:00 AM,-13.0°C,-,-18.0°C,67%,1022hPa,5.0km,Calm,Calm,-,N/A,,Clear
1997-12-14 8:00 AM,-13.0°C,-,-17.0°C,73%,1023hPa,4.5km,ESE,3.6km/h/1.0m/s,-,N/A,,Clear
1997-12-14 9:00 AM,-10.0°C,-,-15.0°C,67%,1024hPa,3.0km,NE,3.6km/h/1.0m/s,-,N/A,,Clear
1997-12-14 10:00 AM,-4.0°C,-,-14.0°C,46%,1024hPa,3.0km,Calm,Calm,-,N/A,,Clear
1997-12-14 12:00 PM,1.0°C,-,-14.0°C,32%,1023hPa,4.0km,SSE,3.6km/h/1.0m/s,-,N/A,,Smoke
1997-12-14 1:00 PM,3.0°C,1.0°C,-16.0°C,24%,1022hPa,10.0km,SW,7.2km/h/2.0m/s,-,N/A,,Clear
1997-12-14 2:00 PM,5.0°C,-,-16.0°C,21%,1021hPa,10.0km,SSE,3.6km/h/1.0m/s,-,N/A,,Clear
1997-12-14 3:00 PM,5.0°C,-,-16.0°C,21%,1021hPa,10.0km,SW,3.6km/h/1.0m/s,-,N/A,,Clear
1997-12-14 4:00 PM,5.0°C,3.4°C,-16.0°C,21%,1021hPa,10.0km,WSW,7.2km/h/2.0m/s,-,N/A,,Clear
1997-12-14 5:00 PM,1.0°C,-,-16.0°C,28%,1021hPa,10.0km,ESE,3.6km/h/1.0m/s,-,N/A,,Clear
1997-12-14 6:00 PM,-3.0°C,-5.9°C,-17.0°C,34%,1021hPa,-,ENE,7.2km/h/2.0m/s,-,N/A,,Clear
1997-12-14 7:00 PM,-5.0°C,-,-18.0°C,36%,1021hPa,10.0km,East,3.6km/h/1.0m/s,-,N/A,,Clear
1997-12-14 8:00 PM,-6.0°C,-,-19.0°C,36%,1022hPa,10.0km,SE,3.6km/h/1.0m/s,-,N/A,,Clear
1997-12-14 9:00 PM,-9.0°C,-,-19.0°C,45%,1023hPa,6.0km,SSE,3.6km/h/1.0m/s,-,N/A,,Clear
1997-12-14 10:00 PM,-8.0°C,-,-19.0°C,42%,1023hPa,6.0km,East,3.6km/h/1.0m/s,-,N/A,,Clear
1997-12-14 11:00 PM,-9.0°C,-,-19.0°C,45%,1024hPa,6.0km,Calm,Calm,-,N/A,,Clear
