Time (CST),Temp.,Dew Point,Humidity,Pressure,Visibility,Wind Dir,Wind Speed,Gust Speed,Precip,Events,Conditions
1997-10-1 12:00 AM,13.0°C,6.0°C,63%,1017hPa,-,East,7.2km/h/2.0m/s,-,N/A,,Clear
1997-10-1 1:00 AM,11.0°C,6.0°C,71%,1017hPa,10.0km,ESE,7.2km/h/2.0m/s,-,N/A,,Clear
1997-10-1 3:00 AM,10.0°C,7.0°C,82%,1017hPa,10.0km,SE,10.8km/h/3.0m/s,-,N/A,,Clear
1997-10-1 4:00 AM,10.0°C,6.0°C,76%,1017hPa,10.0km,SE,14.4km/h/4.0m/s,-,N/A,,Clear
1997-10-1 5:00 AM,9.0°C,7.0°C,87%,1017hPa,10.0km,Calm,Calm,-,N/A,,Clear
1997-10-1 6:00 AM,9.0°C,7.0°C,87%,1018hPa,10.0km,ESE,3.6km/h/1.0m/s,-,N/A,,Clear
1997-10-1 7:00 AM,8.0°C,7.0°C,93%,1018hPa,4.0km,Calm,Calm,-,N/A,,Scattered Clouds
1997-10-1 8:00 AM,11.0°C,9.0°C,88%,1019hPa,4.0km,Calm,Calm,-,N/A,,Scattered Clouds
1997-10-1 9:00 AM,14.0°C,8.0°C,67%,1019hPa,5.0km,Calm,Calm,-,N/A,,Scattered Clouds
1997-10-1 10:00 AM,17.0°C,8.0°C,55%,1019hPa,2.0km,Calm,Calm,-,N/A,,Scattered Clouds
1997-10-1 11:00 AM,21.0°C,9.0°C,46%,1019hPa,3.0km,ESE,7.2km/h/2.0m/s,-,N/A,,Scattered Clouds
1997-10-1 12:00 PM,23.0°C,10.0°C,44%,1018hPa,4.0km,South,3.6km/h/1.0m/s,-,N/A,,Clear
1997-10-1 1:00 PM,24.0°C,10.0°C,41%,1017hPa,8.0km,South,10.8km/h/3.0m/s,-,N/A,,Clear
1997-10-1 2:00 PM,27.0°C,9.0°C,32%,1016hPa,-,WSW,10.8km/h/3.0m/s,-,N/A,,Clear
1997-10-1 3:00 PM,26.0°C,7.0°C,30%,1015hPa,-,SW,10.8km/h/3.0m/s,-,N/A,,Clear
1997-10-1 4:00 PM,26.0°C,7.0°C,30%,1015hPa,-,SW,7.2km/h/2.0m/s,-,N/A,,Clear
1997-10-1 5:00 PM,26.0°C,7.0°C,30%,1015hPa,10.0km,SSW,7.2km/h/2.0m/s,-,N/A,,Clear
1997-10-1 6:00 PM,23.0°C,7.0°C,36%,1015hPa,10.0km,SSW,3.6km/h/1.0m/s,-,N/A,,Clear
1997-10-1 7:00 PM,16.0°C,8.0°C,59%,1016hPa,10.0km,SSE,7.2km/h/2.0m/s,-,N/A,,Clear
1997-10-1 8:00 PM,16.0°C,9.0°C,63%,1016hPa,5.0km,ESE,7.2km/h/2.0m/s,-,N/A,,Smoke
1997-10-1 9:00 PM,14.0°C,8.0°C,67%,1017hPa,5.0km,ESE,7.2km/h/2.0m/s,-,N/A,,Smoke
1997-10-1 10:00 PM,14.0°C,8.0°C,67%,1018hPa,5.0km,SE,14.4km/h/4.0m/s,-,N/A,,Smoke
1997-10-1 11:00 PM,13.0°C,8.0°C,72%,1018hPa,5.0km,ESE,7.2km/h/2.0m/s,-,N/A,,Smoke
