Time (CST),Temp.,Windchill,Dew Point,Humidity,Pressure,Visibility,Wind Dir,Wind Speed,Gust Speed,Precip,Events,Conditions
1997-3-29 12:00 AM,10.0°C,-,2.0°C,58%,1012hPa,10.0km,NE,7.2km/h/2.0m/s,-,N/A,,Clear
1997-3-29 1:00 AM,9.0°C,-,2.0°C,62%,1012hPa,10.0km,Calm,Calm,-,N/A,,Clear
1997-3-29 2:00 AM,9.0°C,-,2.0°C,62%,1012hPa,10.0km,SE,7.2km/h/2.0m/s,-,N/A,,Clear
1997-3-29 4:00 AM,7.0°C,5.7°C,1.0°C,66%,1012hPa,10.0km,ENE,7.2km/h/2.0m/s,-,N/A,,Clear
1997-3-29 5:00 AM,6.0°C,3.7°C,1.0°C,70%,1012hPa,10.0km,ESE,10.8km/h/3.0m/s,-,N/A,,Clear
1997-3-29 6:00 AM,5.0°C,2.5°C,0.0°C,70%,1013hPa,10.0km,NE,10.8km/h/3.0m/s,-,N/A,,Clear
1997-3-29 7:00 AM,5.0°C,2.5°C,0.0°C,70%,1014hPa,7.0km,East,10.8km/h/3.0m/s,-,N/A,,Clear
1997-3-29 8:00 AM,6.0°C,3.7°C,2.0°C,76%,1014hPa,6.0km,East,10.8km/h/3.0m/s,-,N/A,,Clear
1997-3-29 9:00 AM,10.0°C,-,3.0°C,62%,1015hPa,3.0km,South,10.8km/h/3.0m/s,-,N/A,,Smoke
1997-3-29 10:00 AM,12.0°C,-,5.0°C,62%,1015hPa,4.0km,South,10.8km/h/3.0m/s,-,N/A,,Smoke
1997-3-29 11:00 AM,15.0°C,-,8.0°C,63%,1015hPa,6.0km,South,7.2km/h/2.0m/s,-,N/A,,Clear
1997-3-29 12:00 PM,17.0°C,-,9.0°C,59%,1015hPa,7.0km,Calm,Calm,-,N/A,,Clear
1997-3-29 2:00 PM,20.0°C,-,4.0°C,35%,1014hPa,10.0km,North,7.2km/h/2.0m/s,-,N/A,,Clear
1997-3-29 3:00 PM,20.0°C,-,3.0°C,33%,1013hPa,10.0km,NW,10.8km/h/3.0m/s,-,N/A,,Clear
1997-3-29 4:00 PM,20.0°C,-,4.0°C,35%,1014hPa,10.0km,Calm,Calm,-,N/A,,Clear
1997-3-29 5:00 PM,19.0°C,-,-1.0°C,26%,1014hPa,10.0km,NNE,7.2km/h/2.0m/s,-,N/A,,Clear
1997-3-29 6:00 PM,18.0°C,-,1.0°C,32%,1014hPa,10.0km,NNE,18.0km/h/5.0m/s,-,N/A,,Clear
1997-3-29 7:00 PM,16.0°C,-,8.0°C,59%,1016hPa,10.0km,North,7.2km/h/2.0m/s,-,N/A,,Clear
1997-3-29 8:00 PM,14.0°C,-,7.0°C,63%,1016hPa,10.0km,NNW,3.6km/h/1.0m/s,-,N/A,,Clear
1997-3-29 10:00 PM,11.0°C,-,3.0°C,58%,1018hPa,10.0km,NNW,18.0km/h/5.0m/s,-,N/A,,Clear
1997-3-29 11:00 PM,9.0°C,-,0.0°C,54%,1019hPa,10.0km,ENE,10.8km/h/3.0m/s,-,N/A,,Clear
