Time (CST),Temp.,Dew Point,Humidity,Pressure,Visibility,Wind Dir,Wind Speed,Gust Speed,Precip,Events,Conditions
1997-4-22 2:00 AM,13.0°C,5.0°C,58%,1021hPa,10.0km,ENE,18.0km/h/5.0m/s,-,N/A,,Overcast
1997-4-22 3:00 AM,12.0°C,7.0°C,72%,1021hPa,10.0km,East,18.0km/h/5.0m/s,-,N/A,,Overcast
1997-4-22 4:00 AM,12.0°C,6.0°C,67%,1021hPa,10.0km,East,7.2km/h/2.0m/s,-,N/A,,Overcast
1997-4-22 5:00 AM,12.0°C,7.0°C,72%,1021hPa,10.0km,East,7.2km/h/2.0m/s,-,N/A,,Overcast
1997-4-22 6:00 AM,11.0°C,6.0°C,71%,1022hPa,6.0km,Calm,Calm,-,N/A,,Overcast
1997-4-22 7:00 AM,12.0°C,6.0°C,67%,1022hPa,6.0km,Calm,Calm,-,N/A,,Overcast
1997-4-22 8:00 AM,12.0°C,6.0°C,67%,1023hPa,6.0km,WSW,7.2km/h/2.0m/s,-,N/A,,Overcast
1997-4-22 9:00 AM,14.0°C,6.0°C,59%,1023hPa,8.0km,Calm,Calm,-,N/A,,Overcast
1997-4-22 10:00 AM,14.0°C,6.0°C,59%,1023hPa,8.0km,Calm,Calm,-,N/A,,Overcast
1997-4-22 12:00 PM,17.0°C,6.0°C,48%,1023hPa,-,Calm,Calm,-,N/A,,Clear
1997-4-22 1:00 PM,17.0°C,6.0°C,48%,1023hPa,-,SW,10.8km/h/3.0m/s,-,N/A,,Clear
1997-4-22 2:00 PM,16.0°C,6.0°C,52%,1022hPa,3.0km,SSW,18.0km/h/5.0m/s,-,N/A,,Smoke
1997-4-22 3:00 PM,16.0°C,8.0°C,59%,1022hPa,2.3km,SW,14.4km/h/4.0m/s,-,N/A,,Smoke
1997-4-22 4:00 PM,16.0°C,8.0°C,59%,1022hPa,2.3km,SW,7.2km/h/2.0m/s,-,N/A,,Smoke
1997-4-22 5:00 PM,16.0°C,9.0°C,63%,1022hPa,2.3km,South,7.2km/h/2.0m/s,-,N/A,,Smoke
1997-4-22 6:00 PM,16.0°C,8.0°C,59%,1022hPa,2.8km,South,10.8km/h/3.0m/s,-,N/A,,Smoke
1997-4-22 7:00 PM,15.0°C,8.0°C,63%,1023hPa,2.4km,SSW,7.2km/h/2.0m/s,-,N/A,,Smoke
1997-4-22 8:00 PM,15.0°C,8.0°C,63%,1024hPa,2.4km,South,10.8km/h/3.0m/s,-,N/A,,Smoke
1997-4-22 9:00 PM,15.0°C,8.0°C,63%,1025hPa,2.4km,South,10.8km/h/3.0m/s,-,N/A,,Smoke
1997-4-22 10:00 PM,14.0°C,8.0°C,67%,1025hPa,4.0km,Calm,Calm,-,N/A,,Smoke
1997-4-22 11:00 PM,14.0°C,8.0°C,67%,1026hPa,8.0km,WSW,7.2km/h/2.0m/s,-,N/A,,Overcast
