Time (CST),Temp.,Dew Point,Humidity,Pressure,Visibility,Wind Dir,Wind Speed,Gust Speed,Precip,Events,Conditions
1997-9-15 12:00 AM,16.0°C,14.0°C,88%,1024hPa,10.0km,ESE,10.8km/h/3.0m/s,-,N/A,,Mostly Cloudy
1997-9-15 1:00 AM,14.0°C,13.0°C,94%,1023hPa,10.0km,SE,7.2km/h/2.0m/s,-,N/A,,Scattered Clouds
1997-9-15 2:00 AM,13.0°C,13.0°C,100%,1023hPa,10.0km,SE,7.2km/h/2.0m/s,-,N/A,,Scattered Clouds
1997-9-15 3:00 AM,12.0°C,12.0°C,100%,1023hPa,10.0km,SE,7.2km/h/2.0m/s,-,N/A,,Clear
1997-9-15 4:00 AM,11.0°C,11.0°C,100%,1022hPa,6.0km,ESE,7.2km/h/2.0m/s,-,N/A,,Clear
1997-9-15 5:00 AM,11.0°C,11.0°C,100%,1022hPa,6.0km,East,3.6km/h/1.0m/s,-,N/A,,Clear
1997-9-15 6:00 AM,12.0°C,12.0°C,100%,1023hPa,6.0km,ESE,7.2km/h/2.0m/s,-,N/A,,Mostly Cloudy
1997-9-15 7:00 AM,13.0°C,13.0°C,100%,1023hPa,6.0km,ESE,7.2km/h/2.0m/s,-,N/A,,Overcast
1997-9-15 8:00 AM,14.0°C,14.0°C,100%,1024hPa,6.0km,ESE,7.2km/h/2.0m/s,-,N/A,,Overcast
1997-9-15 9:00 AM,15.0°C,12.0°C,82%,1024hPa,-,ESE,10.8km/h/3.0m/s,-,N/A,,Clear
1997-9-15 10:00 AM,16.0°C,12.0°C,77%,1024hPa,-,SE,14.4km/h/4.0m/s,-,N/A,,Clear
1997-9-15 11:00 AM,17.0°C,12.0°C,72%,1024hPa,-,SE,10.8km/h/3.0m/s,-,N/A,,Clear
1997-9-15 12:00 PM,17.0°C,11.0°C,68%,1023hPa,10.0km,SE,10.8km/h/3.0m/s,-,N/A,,Overcast
1997-9-15 1:00 PM,18.0°C,11.0°C,64%,1022hPa,10.0km,South,10.8km/h/3.0m/s,-,N/A,,Overcast
1997-9-15 2:00 PM,17.0°C,11.0°C,68%,1022hPa,10.0km,SSW,10.8km/h/3.0m/s,-,N/A,,Overcast
1997-9-15 3:00 PM,16.0°C,13.0°C,82%,1021hPa,10.0km,WSW,7.2km/h/2.0m/s,-,N/A,Rain,Light Rain
1997-9-15 4:00 PM,16.0°C,14.0°C,88%,1021hPa,10.0km,WNW,7.2km/h/2.0m/s,-,N/A,,Overcast
1997-9-15 5:00 PM,16.0°C,13.0°C,82%,1020hPa,-,SW,3.6km/h/1.0m/s,-,N/A,,Clear
1997-9-15 6:00 PM,16.0°C,13.0°C,82%,1020hPa,-,SSE,3.6km/h/1.0m/s,-,N/A,,Clear
1997-9-15 7:00 PM,15.0°C,14.0°C,94%,1021hPa,6.0km,Calm,Calm,-,N/A,,Overcast
1997-9-15 8:00 PM,15.0°C,13.0°C,88%,1021hPa,8.0km,Calm,Calm,-,N/A,,Overcast
1997-9-15 9:00 PM,14.0°C,13.0°C,94%,1021hPa,8.0km,Calm,Calm,-,N/A,,Overcast
1997-9-15 10:00 PM,14.0°C,13.0°C,94%,1021hPa,10.0km,SSE,3.6km/h/1.0m/s,-,N/A,,Overcast
1997-9-15 11:00 PM,14.0°C,14.0°C,100%,1021hPa,10.0km,Calm,Calm,-,N/A,,Overcast
