Time (CST),Temp.,Dew Point,Humidity,Pressure,Visibility,Wind Dir,Wind Speed,Gust Speed,Precip,Events,Conditions
1998-10-1 12:00 AM,53.6°F,42.8°F,67%,29.98in,6.2mi,ESE,2.2mph,-,N/A,,Clear
1998-10-1 1:00 AM,55.4°F,41.0°F,58%,29.98in,6.2mi,East,2.2mph,-,N/A,,Clear
1998-10-1 2:00 AM,51.8°F,41.0°F,67%,29.98in,6.2mi,ESE,2.2mph,-,N/A,,Clear
1998-10-1 4:00 AM,51.8°F,41.0°F,67%,29.98in,6.2mi,SE,2.2mph,-,N/A,,Clear
1998-10-1 5:00 AM,51.8°F,39.2°F,62%,29.98in,6.2mi,North,2.2mph,-,N/A,,Clear
1998-10-1 6:00 AM,51.8°F,41.0°F,67%,30.01in,5.0mi,Calm,Calm,-,N/A,,Scattered Clouds
1998-10-1 7:00 AM,51.8°F,42.8°F,71%,30.04in,5.0mi,Calm,Calm,-,N/A,,Mostly Cloudy
1998-10-1 8:00 AM,57.2°F,41.0°F,55%,30.04in,5.0mi,Calm,Calm,-,N/A,,Mostly Cloudy
1998-10-1 9:00 AM,60.8°F,44.6°F,55%,30.04in,3.1mi,Calm,Calm,-,N/A,,Smoke
1998-10-1 10:00 AM,66.2°F,42.8°F,43%,30.04in,3.1mi,SW,2.2mph,-,N/A,,Smoke
1998-10-1 11:00 AM,75.2°F,46.4°F,36%,30.04in,3.7mi,West,4.5mph,-,N/A,,Mostly Cloudy
1998-10-1 12:00 PM,78.8°F,46.4°F,32%,30.04in,5.0mi,NW,8.9mph,-,N/A,,Mostly Cloudy
1998-10-1 1:00 PM,78.8°F,50.0°F,36%,30.04in,-,North,11.2mph,-,N/A,,Clear
1998-10-1 2:00 PM,75.2°F,48.2°F,38%,30.04in,6.2mi,NNE,4.5mph,-,N/A,,Overcast
1998-10-1 4:00 PM,75.2°F,46.4°F,36%,30.04in,6.2mi,Calm,Calm,-,N/A,,Mostly Cloudy
1998-10-1 5:00 PM,75.2°F,48.2°F,38%,30.04in,6.2mi,Calm,Calm,-,N/A,,Scattered Clouds
1998-10-1 6:00 PM,69.8°F,50.0°F,49%,30.06in,-,SSE,2.2mph,-,N/A,,Clear
1998-10-1 7:00 PM,66.2°F,50.0°F,56%,30.06in,-,NE,2.2mph,-,N/A,,Clear
1998-10-1 8:00 PM,62.6°F,46.4°F,55%,30.09in,-,ENE,2.2mph,-,N/A,,Clear
1998-10-1 9:00 PM,59.0°F,44.6°F,59%,30.09in,-,Calm,Calm,-,N/A,,Clear
1998-10-1 10:00 PM,60.8°F,41.0°F,48%,30.12in,6.2mi,NNW,2.2mph,-,N/A,,Clear
1998-10-1 11:00 PM,59.0°F,33.8°F,39%,30.09in,6.2mi,NW,4.5mph,-,N/A,,Clear
