Time (CST),Temp.,Heat Index,Dew Point,Humidity,Pressure,Visibility,Wind Dir,Wind Speed,Gust Speed,Precip,Events,Conditions
1997-5-3 7:00 AM,15.0°C,-,10.0°C,72%,1006hPa,4.0km,ESE,10.8km/h/3.0m/s,-,N/A,,Mostly Cloudy
1997-5-3 8:00 AM,17.0°C,-,11.0°C,68%,1006hPa,4.0km,Calm,Calm,-,N/A,,Mostly Cloudy
1997-5-3 9:00 AM,19.0°C,-,12.0°C,64%,1006hPa,4.0km,South,14.4km/h/4.0m/s,-,N/A,,Smoke
1997-5-3 10:00 AM,21.0°C,-,12.0°C,56%,1005hPa,4.0km,South,18.0km/h/5.0m/s,-,N/A,,Sand
1997-5-3 11:00 AM,23.0°C,-,12.0°C,50%,1005hPa,3.0km,SW,10.8km/h/3.0m/s,-,N/A,,Sand
1997-5-3 12:00 PM,25.0°C,-,13.0°C,47%,1003hPa,5.0km,WSW,18.0km/h/5.0m/s,-,N/A,,Sand
1997-5-3 1:00 PM,28.0°C,27.6°C,13.0°C,39%,1012hPa,6.0km,SSW,36.0km/h/10.0m/s,-,N/A,,Clear
1997-5-3 2:00 PM,30.0°C,29.2°C,13.0°C,35%,1000hPa,8.0km,SW,36.0km/h/10.0m/s,-,N/A,,Scattered Clouds
1997-5-3 3:00 PM,29.0°C,28.6°C,14.0°C,40%,999hPa,10.0km,SW,28.8km/h/8.0m/s,-,N/A,"Rain
	,
Thunderstorm",Thunderstorms and Rain
1997-5-3 4:00 PM,31.0°C,30.3°C,14.0°C,35%,998hPa,10.0km,South,21.6km/h/6.0m/s,-,N/A,Thunderstorm,Thunderstorm
1997-5-3 5:00 PM,32.0°C,31.2°C,14.0°C,33%,998hPa,10.0km,SW,36.0km/h/10.0m/s,-,N/A,,Partly Cloudy
1997-5-3 6:00 PM,31.0°C,-,11.0°C,29%,998hPa,10.0km,WSW,36.0km/h/10.0m/s,-,N/A,,Scattered Clouds
1997-5-3 7:00 PM,28.0°C,27.6°C,13.0°C,39%,998hPa,10.0km,SW,28.8km/h/8.0m/s,-,N/A,,Scattered Clouds
1997-5-3 8:00 PM,27.0°C,27.0°C,13.0°C,42%,999hPa,10.0km,SSW,36.0km/h/10.0m/s,-,N/A,,Scattered Clouds
1997-5-3 9:00 PM,26.0°C,-,14.0°C,47%,1000hPa,10.0km,SSW,46.8km/h/13.0m/s,-,N/A,Thunderstorm,Thunderstorm
1997-5-3 10:00 PM,25.0°C,-,14.0°C,50%,1002hPa,10.0km,WSW,10.8km/h/3.0m/s,-,N/A,,Scattered Clouds
1997-5-3 11:00 PM,24.0°C,-,15.0°C,57%,1002hPa,10.0km,SSW,18.0km/h/5.0m/s,-,N/A,,Scattered Clouds
