Time (CST),Temp.,Windchill,Dew Point,Humidity,Pressure,Visibility,Wind Dir,Wind Speed,Gust Speed,Precip,Events,Conditions
1998-12-2 12:00 AM,23.0°F,13.2°F,15.8°F,74%,30.45in,6.2mi,East,8.9mph,-,N/A,,Overcast
1998-12-2 1:00 AM,24.8°F,17.1°F,15.8°F,69%,30.48in,6.2mi,East,6.7mph,-,N/A,,Overcast
1998-12-2 2:00 AM,24.8°F,17.1°F,15.8°F,69%,30.48in,6.2mi,East,6.7mph,-,N/A,,Overcast
1998-12-2 3:00 AM,23.0°F,17.1°F,15.8°F,74%,30.48in,6.2mi,ESE,4.5mph,-,N/A,,Overcast
1998-12-2 4:00 AM,23.0°F,17.1°F,15.8°F,74%,30.48in,6.2mi,ESE,4.5mph,-,N/A,,Mostly Cloudy
1998-12-2 5:00 AM,21.2°F,15.0°F,15.8°F,80%,30.48in,6.2mi,ESE,4.5mph,-,N/A,,Mostly Cloudy
1998-12-2 6:00 AM,21.2°F,-,15.8°F,80%,30.48in,-,Calm,Calm,-,N/A,,Clear
1998-12-2 7:00 AM,19.4°F,-,15.8°F,86%,30.48in,-,Calm,Calm,-,N/A,,Clear
1998-12-2 8:00 AM,19.4°F,-,14.0°F,80%,30.48in,4.3mi,East,2.2mph,-,N/A,,Mostly Cloudy
1998-12-2 9:00 AM,23.0°F,-,15.8°F,74%,30.51in,4.3mi,Calm,Calm,-,N/A,,Mostly Cloudy
1998-12-2 10:00 AM,26.6°F,-,17.6°F,69%,30.54in,4.3mi,Calm,Calm,-,N/A,,Mostly Cloudy
1998-12-2 11:00 AM,30.2°F,-,19.4°F,64%,30.51in,4.3mi,NW,2.2mph,-,N/A,,Mostly Cloudy
1998-12-2 12:00 PM,32.0°F,-,19.4°F,60%,30.48in,-,SW,2.2mph,-,N/A,,Clear
1998-12-2 1:00 PM,32.0°F,-,15.8°F,51%,30.77in,-,NNW,2.2mph,-,N/A,,Clear
1998-12-2 2:00 PM,33.8°F,-,15.8°F,48%,30.42in,-,Calm,Calm,-,N/A,,Clear
1998-12-2 3:00 PM,33.8°F,-,15.8°F,48%,30.39in,-,Calm,Calm,-,N/A,,Clear
1998-12-2 4:00 PM,33.8°F,-,17.6°F,52%,30.42in,3.7mi,SW,2.2mph,-,N/A,,Mostly Cloudy
1998-12-2 5:00 PM,32.0°F,-,19.4°F,60%,30.42in,3.1mi,WSW,2.2mph,-,N/A,,Smoke
1998-12-2 6:00 PM,30.2°F,-,19.4°F,64%,30.45in,4.3mi,Calm,Calm,-,N/A,,Mostly Cloudy
1998-12-2 7:00 PM,28.4°F,-,19.4°F,69%,30.48in,4.3mi,ESE,2.2mph,-,N/A,,Mostly Cloudy
1998-12-2 8:00 PM,26.6°F,-,17.6°F,69%,30.48in,4.3mi,SE,2.2mph,-,N/A,,Overcast
1998-12-2 9:00 PM,26.6°F,-,19.4°F,74%,30.48in,4.3mi,East,2.2mph,-,N/A,,Overcast
1998-12-2 10:00 PM,26.6°F,-,19.4°F,74%,30.48in,4.3mi,SE,2.2mph,-,N/A,,Overcast
1998-12-2 11:00 PM,24.8°F,-,17.6°F,74%,30.48in,4.3mi,East,2.2mph,-,N/A,,Clear
