Time (CST),Temp.,Dew Point,Humidity,Pressure,Visibility,Wind Dir,Wind Speed,Gust Speed,Precip,Events,Conditions
1998-10-13 12:00 AM,59.0°F,55.4°F,88%,30.18in,6.2mi,Calm,Calm,-,N/A,,Overcast
1998-10-13 1:00 AM,59.0°F,57.2°F,94%,30.18in,6.2mi,East,2.2mph,-,N/A,,Overcast
1998-10-13 2:00 AM,57.2°F,57.2°F,100%,30.18in,6.2mi,Calm,Calm,-,N/A,Rain,Light Rain
1998-10-13 3:00 AM,57.2°F,57.2°F,100%,30.18in,6.2mi,Calm,Calm,-,N/A,Rain,Light Rain
1998-10-13 4:00 AM,57.2°F,57.2°F,100%,30.15in,4.3mi,Calm,Calm,-,N/A,Rain,Light Rain
1998-10-13 5:00 AM,57.2°F,57.2°F,100%,30.15in,4.3mi,Calm,Calm,-,N/A,Rain,Light Rain
1998-10-13 6:00 AM,57.2°F,57.2°F,100%,30.15in,2.5mi,Calm,Calm,-,N/A,,Overcast
1998-10-13 7:00 AM,57.2°F,57.2°F,100%,30.18in,0.9mi,SW,2.2mph,-,N/A,,Overcast
1998-10-13 11:00 AM,57.2°F,44.6°F,63%,30.21in,6.2mi,WNW,11.2mph,-,N/A,,Overcast
1998-10-13 2:00 PM,59.0°F,37.4°F,45%,30.15in,6.2mi,WNW,11.2mph,-,N/A,,Mostly Cloudy
1998-10-13 3:00 PM,60.8°F,35.6°F,39%,30.15in,6.2mi,WNW,13.4mph,-,N/A,,Mostly Cloudy
1998-10-13 4:00 PM,60.8°F,30.2°F,31%,30.15in,6.2mi,NW,17.9mph,-,N/A,,Mostly Cloudy
1998-10-13 5:00 PM,60.8°F,32.0°F,34%,30.18in,-,NW,17.9mph,-,N/A,,Clear
1998-10-13 6:00 PM,57.2°F,30.2°F,36%,30.18in,-,NW,8.9mph,-,N/A,,Clear
1998-10-13 7:00 PM,53.6°F,28.4°F,38%,30.18in,-,WNW,8.9mph,-,N/A,,Clear
1998-10-13 8:00 PM,53.6°F,24.8°F,33%,30.21in,-,WNW,11.2mph,-,N/A,,Clear
1998-10-13 9:00 PM,51.8°F,23.0°F,33%,30.21in,-,WNW,20.1mph,-,N/A,,Clear
1998-10-13 10:00 PM,48.2°F,21.2°F,34%,30.21in,-,NW,13.4mph,-,N/A,,Clear
1998-10-13 11:00 PM,48.2°F,21.2°F,34%,30.21in,-,Calm,Calm,-,N/A,,Clear
