Time (CST),Temp.,Dew Point,Humidity,Pressure,Visibility,Wind Dir,Wind Speed,Gust Speed,Precip,Events,Conditions
1998-10-17 12:00 AM,59.0°F,30.2°F,34%,30.09in,-,NW,4.5mph,-,N/A,,Clear
1998-10-17 1:00 AM,57.2°F,28.4°F,33%,30.09in,-,NW,8.9mph,-,N/A,,Clear
1998-10-17 2:00 AM,57.2°F,28.4°F,33%,30.12in,-,NW,11.2mph,-,N/A,,Clear
1998-10-17 3:00 AM,53.6°F,28.4°F,38%,30.12in,-,NW,8.9mph,-,N/A,,Clear
1998-10-17 4:00 AM,48.2°F,28.4°F,46%,30.12in,-,NW,2.2mph,-,N/A,,Clear
1998-10-17 6:00 AM,41.0°F,32.0°F,70%,30.12in,-,Calm,Calm,-,N/A,,Clear
1998-10-17 7:00 AM,39.2°F,32.0°F,75%,30.12in,6.2mi,Calm,Calm,-,N/A,,Clear
1998-10-17 8:00 AM,48.2°F,28.4°F,46%,30.15in,6.2mi,WNW,2.2mph,-,N/A,,Clear
1998-10-17 9:00 AM,55.4°F,24.8°F,31%,30.15in,6.2mi,NW,13.4mph,-,N/A,,Clear
1998-10-17 11:00 AM,59.0°F,17.6°F,20%,30.12in,6.2mi,NNW,6.7mph,-,N/A,,Clear
1998-10-17 12:00 PM,62.6°F,15.8°F,16%,30.09in,6.2mi,West,11.2mph,-,N/A,,Clear
1998-10-17 1:00 PM,64.4°F,12.2°F,13%,30.04in,6.2mi,NNW,6.7mph,-,N/A,,Clear
1998-10-17 2:00 PM,64.4°F,15.8°F,15%,30.01in,6.2mi,WNW,13.4mph,-,N/A,,Clear
1998-10-17 3:00 PM,64.4°F,15.8°F,15%,29.98in,6.2mi,West,15.7mph,-,N/A,,Clear
1998-10-17 4:00 PM,64.4°F,15.8°F,15%,29.98in,6.2mi,West,11.2mph,-,N/A,,Clear
1998-10-17 5:00 PM,62.6°F,14.0°F,15%,29.98in,6.2mi,NW,11.2mph,-,N/A,,Clear
1998-10-17 6:00 PM,57.2°F,15.8°F,20%,30.01in,6.2mi,NW,8.9mph,-,N/A,,Clear
1998-10-17 7:00 PM,53.6°F,19.4°F,26%,30.01in,6.2mi,WNW,6.7mph,-,N/A,,Clear
1998-10-17 8:00 PM,53.6°F,21.2°F,28%,30.04in,6.2mi,West,4.5mph,-,N/A,,Clear
1998-10-17 9:00 PM,51.8°F,23.0°F,33%,30.04in,6.2mi,West,2.2mph,-,N/A,,Clear
1998-10-17 10:00 PM,41.0°F,24.8°F,53%,30.04in,6.2mi,East,2.2mph,-,N/A,,Clear
1998-10-17 11:00 PM,41.0°F,24.8°F,53%,30.04in,6.2mi,SE,2.2mph,-,N/A,,Clear
