Time (CST),Temp.,Dew Point,Humidity,Pressure,Visibility,Wind Dir,Wind Speed,Gust Speed,Precip,Events,Conditions
1997-12-24 12:00 AM,-8.0°C,-11.0°C,79%,1023hPa,2.0km,Calm,Calm,-,N/A,,Clear
1997-12-24 4:00 AM,-9.0°C,-11.0°C,86%,1023hPa,1.3km,East,3.6km/h/1.0m/s,-,N/A,,Clear
1997-12-24 5:00 AM,-10.0°C,-12.0°C,86%,1022hPa,1.3km,East,3.6km/h/1.0m/s,-,N/A,,Clear
1997-12-24 6:00 AM,-9.0°C,-11.0°C,86%,1022hPa,1.1km,East,3.6km/h/1.0m/s,-,N/A,,Clear
1997-12-24 7:00 AM,-10.0°C,-12.0°C,86%,1022hPa,1.1km,SSE,3.6km/h/1.0m/s,-,N/A,,Clear
1997-12-24 8:00 AM,-11.0°C,-12.0°C,92%,1023hPa,1.1km,SE,3.6km/h/1.0m/s,-,N/A,,Clear
1997-12-24 9:00 AM,-8.0°C,-9.0°C,93%,1023hPa,1.1km,Calm,Calm,-,N/A,,Clear
1997-12-24 10:00 AM,-2.0°C,-6.0°C,74%,1024hPa,1.0km,Calm,Calm,-,N/A,,Clear
1997-12-24 12:00 PM,3.0°C,-5.0°C,56%,1022hPa,1.2km,NNW,3.6km/h/1.0m/s,-,N/A,,Smoke
1997-12-24 1:00 PM,5.0°C,-3.0°C,57%,1025hPa,2.2km,SSW,3.6km/h/1.0m/s,-,N/A,,Smoke
1997-12-24 2:00 PM,6.0°C,-3.0°C,53%,1020hPa,3.0km,WNW,3.6km/h/1.0m/s,-,N/A,,Smoke
1997-12-24 3:00 PM,6.0°C,-3.0°C,53%,1020hPa,3.0km,Calm,Calm,-,N/A,,Smoke
1997-12-24 4:00 PM,6.0°C,-3.0°C,53%,1020hPa,5.0km,South,3.6km/h/1.0m/s,-,N/A,,Smoke
1997-12-24 5:00 PM,5.0°C,-3.0°C,57%,1020hPa,4.5km,Calm,Calm,-,N/A,,Smoke
1997-12-24 6:00 PM,3.0°C,-4.0°C,60%,1021hPa,3.0km,South,3.6km/h/1.0m/s,-,N/A,,Smoke
1997-12-24 7:00 PM,-1.0°C,-6.0°C,69%,1021hPa,1.6km,ESE,3.6km/h/1.0m/s,-,N/A,,Smoke
1997-12-24 8:00 PM,-1.0°C,-6.0°C,69%,1021hPa,2.3km,SE,3.6km/h/1.0m/s,-,N/A,,Smoke
1997-12-24 9:00 PM,0.0°C,-5.0°C,69%,1022hPa,3.0km,ESE,3.6km/h/1.0m/s,-,N/A,,Smoke
1997-12-24 10:00 PM,0.0°C,-5.0°C,69%,1022hPa,3.0km,Calm,Calm,-,N/A,,Smoke
1997-12-24 11:00 PM,0.0°C,-5.0°C,69%,1022hPa,3.0km,Calm,Calm,-,N/A,,Smoke
