Time (CST),Temp.,Windchill,Dew Point,Humidity,Pressure,Visibility,Wind Dir,Wind Speed,Gust Speed,Precip,Events,Conditions
1997-1-7 12:00 AM,-12.0°C,-,-20.0°C,52%,1033hPa,10.0km,Calm,Calm,-,N/A,,Clear
1997-1-7 1:00 AM,-12.0°C,-,-20.0°C,52%,1033hPa,10.0km,Calm,Calm,-,N/A,,Clear
1997-1-7 2:00 AM,-12.0°C,-,-20.0°C,52%,1033hPa,10.0km,Calm,Calm,-,N/A,,Clear
1997-1-7 4:00 AM,-12.0°C,-,-21.0°C,48%,1033hPa,10.0km,Calm,Calm,-,N/A,,Clear
1997-1-7 5:00 AM,-13.0°C,-,-20.0°C,57%,1033hPa,10.0km,Calm,Calm,-,N/A,,Clear
1997-1-7 6:00 AM,-13.0°C,-,-18.0°C,67%,1033hPa,10.0km,Calm,Calm,-,N/A,,Clear
1997-1-7 7:00 AM,-13.0°C,-,-18.0°C,67%,1034hPa,10.0km,Calm,Calm,-,N/A,,Clear
1997-1-7 8:00 AM,-12.0°C,-,-16.0°C,73%,1035hPa,8.0km,Calm,Calm,-,N/A,,Clear
1997-1-7 9:00 AM,-12.0°C,-,-17.0°C,67%,1035hPa,8.0km,ESE,3.6km/h/1.0m/s,-,N/A,,Clear
1997-1-7 10:00 AM,-9.0°C,-,-20.0°C,41%,1035hPa,4.0km,Calm,Calm,-,N/A,,Smoke
1997-1-7 11:00 AM,-6.0°C,-,-20.0°C,33%,1035hPa,4.0km,Calm,Calm,-,N/A,,Smoke
1997-1-7 12:00 PM,-4.0°C,-8.3°C,-17.0°C,36%,1035hPa,8.0km,SSW,10.8km/h/3.0m/s,-,N/A,,Clear
1997-1-7 1:00 PM,-2.0°C,-,-16.0°C,34%,1034hPa,8.0km,Calm,Calm,-,N/A,,Clear
1997-1-7 2:00 PM,-1.0°C,-3.6°C,-17.0°C,29%,1033hPa,8.0km,WSW,7.2km/h/2.0m/s,-,N/A,,Clear
1997-1-7 3:00 PM,0.0°C,-,-15.0°C,32%,1032hPa,6.0km,Calm,Calm,-,N/A,,Clear
1997-1-7 4:00 PM,1.0°C,-,-15.0°C,30%,1032hPa,8.0km,Calm,Calm,-,N/A,,Clear
1997-1-7 5:00 PM,-1.0°C,-,-14.0°C,37%,1032hPa,8.0km,Calm,Calm,-,N/A,,Clear
1997-1-7 6:00 PM,-2.0°C,-4.8°C,-18.0°C,29%,1033hPa,8.0km,SE,7.2km/h/2.0m/s,-,N/A,,Clear
1997-1-7 7:00 PM,-4.0°C,-11.0°C,-16.0°C,40%,1034hPa,10.0km,ENE,25.2km/h/7.0m/s,-,N/A,,Clear
1997-1-7 8:00 PM,-5.0°C,-12.3°C,-16.0°C,43%,1035hPa,10.0km,East,25.2km/h/7.0m/s,-,N/A,,Clear
1997-1-7 9:00 PM,-5.0°C,-11.2°C,-17.0°C,39%,1035hPa,10.0km,East,18.0km/h/5.0m/s,-,N/A,,Clear
1997-1-7 10:00 PM,-7.0°C,-11.9°C,-18.0°C,42%,1035hPa,10.0km,East,10.8km/h/3.0m/s,-,N/A,,Clear
1997-1-7 11:00 PM,-8.0°C,-11.8°C,-18.0°C,45%,1035hPa,10.0km,ENE,7.2km/h/2.0m/s,-,N/A,,Clear
