Time (CST),Temp.,Windchill,Dew Point,Humidity,Pressure,Visibility,Wind Dir,Wind Speed,Gust Speed,Precip,Events,Conditions
1997-1-15 12:00 AM,-5.0°C,-8.3°C,-7.0°C,86%,-,5.0km,South,7.2km/h/2.0m/s,-,N/A,Snow,Light Snow
1997-1-15 1:00 AM,-5.0°C,-,-6.0°C,93%,-,7.0km,ESE,3.6km/h/1.0m/s,-,N/A,Snow,Light Snow
1997-1-15 3:00 AM,-5.0°C,-8.3°C,-7.0°C,86%,-,10.0km,SSE,7.2km/h/2.0m/s,-,N/A,Snow,Light Snow
1997-1-15 4:00 AM,-5.0°C,-,-6.0°C,93%,-,10.0km,Calm,Calm,-,N/A,Snow,Light Snow
1997-1-15 5:00 AM,-5.0°C,-8.3°C,-6.0°C,93%,-,10.0km,SSE,7.2km/h/2.0m/s,-,N/A,Snow,Light Snow
1997-1-15 7:00 AM,-5.0°C,-9.5°C,-7.0°C,86%,1022hPa,3.0km,West,10.8km/h/3.0m/s,-,N/A,,Overcast
1997-1-15 8:00 AM,-5.0°C,-,-7.0°C,86%,1022hPa,2.0km,Calm,Calm,-,N/A,,Overcast
1997-1-15 9:00 AM,-5.0°C,-,-7.0°C,86%,1022hPa,1.7km,Calm,Calm,-,N/A,,Overcast
1997-1-15 10:00 AM,-5.0°C,-,-7.0°C,86%,1022hPa,1.7km,Calm,Calm,-,N/A,,Overcast
1997-1-15 11:00 AM,-4.0°C,-,-7.0°C,80%,1022hPa,1.7km,Calm,Calm,-,N/A,,Overcast
1997-1-15 12:00 PM,-3.0°C,-,-7.0°C,74%,1021hPa,2.1km,Calm,Calm,-,N/A,,Overcast
1997-1-15 1:00 PM,-1.0°C,-,-6.0°C,69%,1019hPa,2.1km,Calm,Calm,-,N/A,,Mostly Cloudy
1997-1-15 2:00 PM,0.0°C,-4.3°C,-9.0°C,51%,1018hPa,2.5km,SSW,14.4km/h/4.0m/s,-,N/A,,Scattered Clouds
1997-1-15 3:00 PM,1.0°C,-2.3°C,-7.0°C,56%,1018hPa,3.0km,SSW,10.8km/h/3.0m/s,-,N/A,,Scattered Clouds
1997-1-15 4:00 PM,1.0°C,-3.7°C,-7.0°C,56%,1017hPa,4.0km,SSW,18.0km/h/5.0m/s,-,N/A,,Scattered Clouds
1997-1-15 5:00 PM,0.0°C,-2.5°C,-7.0°C,60%,1017hPa,4.0km,South,7.2km/h/2.0m/s,-,N/A,,Smoke
1997-1-15 6:00 PM,0.0°C,-2.5°C,-6.0°C,64%,1018hPa,4.0km,SSE,7.2km/h/2.0m/s,-,N/A,,Smoke
1997-1-15 7:00 PM,-1.0°C,-,-7.0°C,64%,1018hPa,4.0km,Calm,Calm,-,N/A,,Smoke
1997-1-15 8:00 PM,-5.0°C,-,-10.0°C,68%,1018hPa,10.0km,Calm,Calm,-,N/A,,Clear
