Time (CST),Temp.,Windchill,Dew Point,Humidity,Pressure,Visibility,Wind Dir,Wind Speed,Gust Speed,Precip,Events,Conditions
1997-2-27 12:00 AM,6.0°C,4.5°C,1.0°C,70%,1022hPa,4.0km,East,7.2km/h/2.0m/s,-,N/A,,Overcast
1997-2-27 1:00 AM,6.0°C,-,1.0°C,70%,1022hPa,4.0km,Calm,Calm,-,N/A,,Overcast
1997-2-27 2:00 AM,5.0°C,-,1.0°C,76%,1021hPa,4.0km,Calm,Calm,-,N/A,,Overcast
1997-2-27 3:00 AM,5.0°C,-,1.0°C,76%,1021hPa,4.0km,Calm,Calm,-,N/A,,Overcast
1997-2-27 4:00 AM,5.0°C,-,1.0°C,76%,1021hPa,4.0km,Calm,Calm,-,N/A,,Overcast
1997-2-27 5:00 AM,4.0°C,-,1.0°C,81%,1020hPa,4.0km,Calm,Calm,-,N/A,,Overcast
1997-2-27 6:00 AM,5.0°C,-,3.0°C,87%,1020hPa,4.0km,Calm,Calm,-,N/A,Rain,Light Rain
1997-2-27 7:00 AM,3.0°C,-,2.0°C,93%,1020hPa,1.5km,Calm,Calm,-,N/A,Rain,Light Rain
1997-2-27 8:00 AM,4.0°C,-,2.0°C,87%,1020hPa,0.8km,Calm,Calm,-,N/A,Rain,Light Rain
1997-2-27 9:00 AM,4.0°C,-,3.0°C,93%,1021hPa,0.8km,Calm,Calm,-,N/A,Rain,Light Rain
1997-2-27 10:00 AM,4.0°C,-,3.0°C,93%,1021hPa,0.8km,Calm,Calm,-,N/A,Rain,Light Rain
1997-2-27 11:00 AM,5.0°C,-,4.0°C,93%,1020hPa,0.4km,Calm,Calm,-,N/A,Rain,Light Rain
1997-2-27 12:00 PM,6.0°C,-,4.0°C,87%,1020hPa,1.2km,Calm,Calm,-,N/A,Rain,Light Rain
1997-2-27 1:00 PM,6.0°C,4.5°C,4.0°C,87%,1019hPa,1.2km,South,7.2km/h/2.0m/s,-,N/A,Rain,Light Rain
1997-2-27 2:00 PM,6.0°C,-,4.0°C,87%,1018hPa,1.5km,Calm,Calm,-,N/A,Rain,Light Rain
1997-2-27 3:00 PM,7.0°C,5.7°C,4.0°C,81%,1017hPa,1.5km,SW,7.2km/h/2.0m/s,-,N/A,,Overcast
1997-2-27 5:00 PM,5.0°C,1.9°C,5.0°C,100%,1018hPa,0.6km,SW,14.4km/h/4.0m/s,-,N/A,Rain,Light Rain
1997-2-27 6:00 PM,5.0°C,1.9°C,5.0°C,100%,1018hPa,0.5km,West,14.4km/h/4.0m/s,-,N/A,Rain,Light Rain
1997-2-27 7:00 PM,5.0°C,3.4°C,4.0°C,93%,1019hPa,1.2km,WNW,7.2km/h/2.0m/s,-,N/A,Rain,Light Rain
1997-2-27 8:00 PM,5.0°C,2.5°C,4.0°C,93%,1019hPa,1.5km,WSW,10.8km/h/3.0m/s,-,N/A,,Overcast
1997-2-27 9:00 PM,3.0°C,0.1°C,3.0°C,100%,1019hPa,0.5km,SSW,10.8km/h/3.0m/s,-,N/A,,Overcast
1997-2-27 10:00 PM,3.0°C,1.0°C,3.0°C,100%,1020hPa,0.6km,WSW,7.2km/h/2.0m/s,-,N/A,,Overcast
1997-2-27 11:00 PM,3.0°C,-,2.0°C,93%,1020hPa,0.6km,Calm,Calm,-,N/A,,Overcast
