Time (CST),Temp.,Windchill,Dew Point,Humidity,Pressure,Visibility,Wind Dir,Wind Speed,Gust Speed,Precip,Events,Conditions
1997-2-20 12:00 AM,2.0°C,-,-16.0°C,26%,1020hPa,-,Calm,Calm,-,N/A,,Clear
1997-2-20 1:00 AM,2.0°C,-,-20.0°C,18%,1021hPa,-,Calm,Calm,-,N/A,,Clear
1997-2-20 2:00 AM,1.0°C,-,-20.0°C,20%,1021hPa,10.0km,Calm,Calm,-,N/A,,Clear
1997-2-20 6:00 AM,-3.0°C,-,-23.0°C,21%,1022hPa,10.0km,Calm,Calm,-,N/A,,Clear
1997-2-20 7:00 AM,-4.0°C,-,-19.0°C,31%,1023hPa,10.0km,Calm,Calm,-,N/A,,Clear
1997-2-20 8:00 AM,-3.0°C,-,-20.0°C,26%,1024hPa,10.0km,Calm,Calm,-,N/A,,Clear
1997-2-20 9:00 AM,0.0°C,-3.5°C,-16.0°C,30%,1025hPa,10.0km,ENE,10.8km/h/3.0m/s,-,N/A,,Clear
1997-2-20 10:00 AM,5.0°C,1.3°C,-12.0°C,29%,1026hPa,10.0km,North,18.0km/h/5.0m/s,-,N/A,,Clear
1997-2-20 11:00 AM,6.0°C,4.5°C,-16.0°C,19%,1026hPa,10.0km,West,7.2km/h/2.0m/s,-,N/A,,Clear
1997-2-20 12:00 PM,8.0°C,-,-18.0°C,14%,1025hPa,10.0km,Calm,Calm,-,N/A,,Clear
1997-2-20 1:00 PM,8.0°C,6.1°C,-18.0°C,14%,1025hPa,10.0km,ENE,10.8km/h/3.0m/s,-,N/A,,Clear
1997-2-20 2:00 PM,9.0°C,-,-18.0°C,13%,1024hPa,10.0km,ENE,10.8km/h/3.0m/s,-,N/A,,Clear
1997-2-20 3:00 PM,9.0°C,-,-18.0°C,13%,1024hPa,10.0km,NE,10.8km/h/3.0m/s,-,N/A,,Clear
1997-2-20 4:00 PM,9.0°C,-,-21.0°C,10%,1024hPa,10.0km,NNE,7.2km/h/2.0m/s,-,N/A,,Clear
1997-2-20 5:00 PM,9.0°C,-,-22.0°C,10%,1024hPa,10.0km,North,10.8km/h/3.0m/s,-,N/A,,Clear
1997-2-20 6:00 PM,8.0°C,5.6°C,-20.0°C,12%,1024hPa,-,North,14.4km/h/4.0m/s,-,N/A,,Clear
1997-2-20 7:00 PM,5.0°C,2.5°C,-18.0°C,18%,1025hPa,-,NNW,10.8km/h/3.0m/s,-,N/A,,Clear
1997-2-20 8:00 PM,3.0°C,0.1°C,-18.0°C,20%,1026hPa,-,North,10.8km/h/3.0m/s,-,N/A,,Clear
1997-2-20 9:00 PM,3.0°C,1.0°C,-16.0°C,24%,1026hPa,10.0km,NNE,7.2km/h/2.0m/s,-,N/A,,Clear
1997-2-20 10:00 PM,2.0°C,-2.4°C,-19.0°C,20%,1027hPa,10.0km,North,18.0km/h/5.0m/s,-,N/A,,Clear
1997-2-20 11:00 PM,0.0°C,-2.5°C,-20.0°C,21%,1027hPa,10.0km,South,7.2km/h/2.0m/s,-,N/A,,Clear
