Time (CST),Temp.,Windchill,Dew Point,Humidity,Pressure,Visibility,Wind Dir,Wind Speed,Gust Speed,Precip,Events,Conditions
1997-4-18 12:00 AM,12.0°C,-,1.0°C,47%,1018hPa,10.0km,Calm,Calm,-,N/A,,Clear
1997-4-18 1:00 AM,11.0°C,-,2.0°C,54%,1018hPa,10.0km,Calm,Calm,-,N/A,,Clear
1997-4-18 2:00 AM,9.0°C,-,1.0°C,58%,1018hPa,10.0km,Calm,Calm,-,N/A,,Clear
1997-4-18 3:00 AM,8.0°C,6.9°C,0.0°C,57%,1018hPa,10.0km,West,7.2km/h/2.0m/s,-,N/A,,Clear
1997-4-18 4:00 AM,6.0°C,-,0.0°C,66%,1018hPa,10.0km,Calm,Calm,-,N/A,,Clear
1997-4-18 5:00 AM,6.0°C,-,1.0°C,70%,1019hPa,10.0km,Calm,Calm,-,N/A,,Clear
1997-4-18 6:00 AM,7.0°C,-,2.0°C,71%,1019hPa,10.0km,Calm,Calm,-,N/A,,Clear
1997-4-18 7:00 AM,6.0°C,-,0.0°C,66%,1020hPa,10.0km,Calm,Calm,-,N/A,,Clear
1997-4-18 8:00 AM,8.0°C,-,1.0°C,62%,1020hPa,10.0km,Calm,Calm,-,N/A,,Clear
1997-4-18 9:00 AM,11.0°C,-,3.0°C,58%,1020hPa,10.0km,Calm,Calm,-,N/A,,Clear
1997-4-18 10:00 AM,14.0°C,-,4.0°C,51%,1020hPa,10.0km,Calm,Calm,-,N/A,,Clear
1997-4-18 11:00 AM,15.0°C,-,3.0°C,45%,1020hPa,10.0km,SSW,14.4km/h/4.0m/s,-,N/A,,Clear
1997-4-18 12:00 PM,17.0°C,-,3.0°C,39%,1019hPa,10.0km,SW,18.0km/h/5.0m/s,-,N/A,,Clear
1997-4-18 1:00 PM,19.0°C,-,4.0°C,37%,1018hPa,10.0km,SSW,18.0km/h/5.0m/s,-,N/A,,Clear
1997-4-18 2:00 PM,20.0°C,-,3.0°C,33%,1017hPa,10.0km,South,18.0km/h/5.0m/s,-,N/A,,Clear
1997-4-18 3:00 PM,21.0°C,-,-2.0°C,21%,1016hPa,10.0km,SW,21.6km/h/6.0m/s,-,N/A,,Clear
1997-4-18 4:00 PM,22.0°C,-,-1.0°C,22%,1015hPa,10.0km,WSW,25.2km/h/7.0m/s,-,N/A,,Partly Cloudy
1997-4-18 5:00 PM,22.0°C,-,-3.0°C,19%,1014hPa,-,SW,21.6km/h/6.0m/s,-,N/A,,Clear
1997-4-18 6:00 PM,22.0°C,-,-1.0°C,22%,1014hPa,-,West,10.8km/h/3.0m/s,-,N/A,,Clear
1997-4-18 7:00 PM,20.0°C,-,2.0°C,30%,1014hPa,10.0km,Calm,Calm,-,N/A,,Clear
1997-4-18 8:00 PM,17.0°C,-,3.0°C,39%,1015hPa,10.0km,Calm,Calm,-,N/A,,Clear
1997-4-18 9:00 PM,16.0°C,-,0.0°C,34%,1016hPa,10.0km,East,14.4km/h/4.0m/s,-,N/A,,Clear
1997-4-18 10:00 PM,15.0°C,-,3.0°C,45%,1016hPa,10.0km,East,18.0km/h/5.0m/s,-,N/A,,Clear
1997-4-18 11:00 PM,15.0°C,-,3.0°C,45%,1016hPa,10.0km,East,14.4km/h/4.0m/s,-,N/A,,Clear
