Time (CST),Temp.,Windchill,Dew Point,Humidity,Pressure,Visibility,Wind Dir,Wind Speed,Gust Speed,Precip,Events,Conditions
1997-11-8 12:00 AM,8.0°C,5.6°C,1.0°C,62%,1025hPa,-,East,14.4km/h/4.0m/s,-,N/A,,Clear
1997-11-8 1:00 AM,7.0°C,5.7°C,1.0°C,66%,1025hPa,-,East,7.2km/h/2.0m/s,-,N/A,,Clear
1997-11-8 2:00 AM,5.0°C,-,0.0°C,70%,1024hPa,-,NE,3.6km/h/1.0m/s,-,N/A,,Clear
1997-11-8 3:00 AM,3.0°C,-,0.0°C,81%,1024hPa,-,Calm,Calm,-,N/A,,Clear
1997-11-8 4:00 AM,4.0°C,-,0.0°C,75%,1024hPa,-,SSW,3.6km/h/1.0m/s,-,N/A,,Clear
1997-11-8 5:00 AM,3.0°C,-,-1.0°C,75%,1024hPa,-,Calm,Calm,-,N/A,,Clear
1997-11-8 6:00 AM,3.0°C,-,0.0°C,81%,1025hPa,5.0km,SW,3.6km/h/1.0m/s,-,N/A,,Smoke
1997-11-8 7:00 AM,3.0°C,-,0.0°C,81%,1025hPa,3.0km,Calm,Calm,-,N/A,,Smoke
1997-11-8 8:00 AM,4.0°C,-,1.0°C,81%,1025hPa,1.8km,North,3.6km/h/1.0m/s,-,N/A,,Smoke
1997-11-8 9:00 AM,5.0°C,-,0.0°C,70%,1026hPa,1.6km,Calm,Calm,-,N/A,,Smoke
1997-11-8 10:00 AM,4.0°C,-,3.0°C,93%,1026hPa,1.3km,SSE,3.6km/h/1.0m/s,-,N/A,Rain,Rain
1997-11-8 11:00 AM,4.0°C,-,4.0°C,100%,1026hPa,1.0km,West,3.6km/h/1.0m/s,-,N/A,Rain,Light Rain
1997-11-8 12:00 PM,5.0°C,-,4.0°C,93%,1025hPa,0.6km,Calm,Calm,-,N/A,"Fog
	,
Rain",Light Rain
1997-11-8 1:00 PM,5.0°C,-,5.0°C,100%,1024hPa,0.8km,Calm,Calm,-,N/A,Fog,Drizzle
1997-11-8 2:00 PM,5.0°C,-,5.0°C,100%,1024hPa,0.6km,North,3.6km/h/1.0m/s,-,N/A,Fog,Drizzle
1997-11-8 3:00 PM,6.0°C,-,5.0°C,93%,1023hPa,0.8km,Calm,Calm,-,N/A,Fog,Fog
1997-11-8 4:00 PM,6.0°C,-,5.0°C,93%,1023hPa,0.9km,Calm,Calm,-,N/A,,Overcast
1997-11-8 5:00 PM,6.0°C,-,5.0°C,93%,1024hPa,0.9km,North,3.6km/h/1.0m/s,-,N/A,,Overcast
1997-11-8 6:00 PM,5.0°C,-,4.0°C,93%,-,0.7km,NNW,3.6km/h/1.0m/s,-,N/A,,Mostly Cloudy
1997-11-8 7:00 PM,4.0°C,-,4.0°C,100%,-,0.7km,NNW,3.6km/h/1.0m/s,-,N/A,,Mostly Cloudy
1997-11-8 8:00 PM,2.0°C,-,2.0°C,100%,1025hPa,0.5km,SE,3.6km/h/1.0m/s,-,N/A,,Mostly Cloudy
1997-11-8 9:00 PM,2.0°C,-,2.0°C,100%,1026hPa,0.5km,SE,3.6km/h/1.0m/s,-,N/A,,Mostly Cloudy
1997-11-8 10:00 PM,2.0°C,-,2.0°C,100%,1026hPa,0.5km,Calm,Calm,-,N/A,,Mostly Cloudy
1997-11-8 11:00 PM,2.0°C,-,1.0°C,93%,1026hPa,0.5km,Calm,Calm,-,N/A,,Mostly Cloudy
