Time (CST),Temp.,Dew Point,Humidity,Pressure,Visibility,Wind Dir,Wind Speed,Gust Speed,Precip,Events,Conditions
1997-9-3 1:00 AM,14.0°C,7.0°C,63%,1015hPa,-,ESE,7.2km/h/2.0m/s,-,N/A,,Clear
1997-9-3 2:00 AM,13.0°C,7.0°C,67%,1015hPa,-,Calm,Calm,-,N/A,,Clear
1997-9-3 5:00 AM,11.0°C,7.0°C,76%,1014hPa,-,Calm,Calm,-,N/A,,Clear
1997-9-3 6:00 AM,11.0°C,7.0°C,76%,1014hPa,-,East,3.6km/h/1.0m/s,-,N/A,,Clear
1997-9-3 7:00 AM,11.0°C,8.0°C,82%,1015hPa,10.0km,Calm,Calm,-,N/A,,Clear
1997-9-3 8:00 AM,16.0°C,8.0°C,59%,1014hPa,10.0km,SSW,3.6km/h/1.0m/s,-,N/A,,Clear
1997-9-3 9:00 AM,19.0°C,9.0°C,52%,1014hPa,10.0km,WSW,3.6km/h/1.0m/s,-,N/A,,Clear
1997-9-3 10:00 AM,22.0°C,9.0°C,43%,1014hPa,10.0km,South,7.2km/h/2.0m/s,-,N/A,,Clear
1997-9-3 11:00 AM,24.0°C,9.0°C,38%,1013hPa,10.0km,WSW,3.6km/h/1.0m/s,-,N/A,,Clear
1997-9-3 12:00 PM,25.0°C,9.0°C,36%,1012hPa,10.0km,SSW,7.2km/h/2.0m/s,-,N/A,,Clear
1997-9-3 1:00 PM,27.0°C,8.0°C,30%,1011hPa,10.0km,West,10.8km/h/3.0m/s,-,N/A,,Clear
1997-9-3 2:00 PM,28.0°C,8.0°C,28%,1010hPa,10.0km,SSE,7.2km/h/2.0m/s,-,N/A,,Clear
1997-9-3 3:00 PM,28.0°C,8.0°C,28%,1009hPa,10.0km,WSW,3.6km/h/1.0m/s,-,N/A,,Clear
1997-9-3 4:00 PM,29.0°C,6.0°C,23%,1009hPa,10.0km,SSE,7.2km/h/2.0m/s,-,N/A,,Clear
1997-9-3 5:00 PM,28.0°C,8.0°C,28%,1008hPa,10.0km,SW,7.2km/h/2.0m/s,-,N/A,,Clear
1997-9-3 6:00 PM,27.0°C,7.0°C,28%,1008hPa,10.0km,SSE,3.6km/h/1.0m/s,-,N/A,,Clear
1997-9-3 7:00 PM,23.0°C,9.0°C,41%,1008hPa,10.0km,SE,3.6km/h/1.0m/s,-,N/A,,Clear
1997-9-3 8:00 PM,19.0°C,11.0°C,60%,1009hPa,10.0km,Calm,Calm,-,N/A,,Clear
1997-9-3 9:00 PM,18.0°C,10.0°C,59%,1010hPa,10.0km,NNW,10.8km/h/3.0m/s,-,N/A,,Clear
1997-9-3 10:00 PM,18.0°C,9.0°C,56%,1010hPa,-,Calm,Calm,-,N/A,,Clear
1997-9-3 11:00 PM,17.0°C,7.0°C,52%,1010hPa,-,Calm,Calm,-,N/A,,Clear
