Time (CST),Temp.,Windchill,Dew Point,Humidity,Pressure,Visibility,Wind Dir,Wind Speed,Gust Speed,Precip,Events,Conditions
1998-1-5 12:00 AM,-9.0°C,-,-27.0°C,23%,1023hPa,10.0km,SW,3.6km/h/1.0m/s,-,N/A,,Clear
1998-1-5 1:00 AM,-11.0°C,-,-27.0°C,27%,1022hPa,10.0km,SSW,3.6km/h/1.0m/s,-,N/A,,Clear
1998-1-5 2:00 AM,-15.0°C,-19.9°C,-27.0°C,36%,1021hPa,10.0km,SE,7.2km/h/2.0m/s,-,N/A,,Clear
1998-1-5 3:00 AM,-14.0°C,-18.8°C,-27.0°C,34%,1021hPa,10.0km,East,7.2km/h/2.0m/s,-,N/A,,Clear
1998-1-5 4:00 AM,-14.0°C,-18.8°C,-27.0°C,34%,1021hPa,10.0km,East,7.2km/h/2.0m/s,-,N/A,,Clear
1998-1-5 5:00 AM,-14.0°C,-,-27.0°C,34%,1020hPa,10.0km,ESE,3.6km/h/1.0m/s,-,N/A,,Clear
1998-1-5 6:00 AM,-15.0°C,-19.9°C,-27.0°C,36%,1020hPa,6.0km,NE,7.2km/h/2.0m/s,-,N/A,,Clear
1998-1-5 7:00 AM,-15.0°C,-,-27.0°C,36%,1021hPa,6.0km,East,3.6km/h/1.0m/s,-,N/A,,Clear
1998-1-5 8:00 AM,-15.0°C,-,-27.0°C,36%,1022hPa,6.0km,ENE,3.6km/h/1.0m/s,-,N/A,,Clear
1998-1-5 9:00 AM,-12.0°C,-,-25.0°C,34%,1022hPa,4.0km,ENE,3.6km/h/1.0m/s,-,N/A,,Smoke
1998-1-5 10:00 AM,-7.0°C,-,-24.0°C,25%,1023hPa,3.0km,SSE,3.6km/h/1.0m/s,-,N/A,,Smoke
1998-1-5 11:00 AM,-4.0°C,-7.1°C,-23.0°C,22%,1023hPa,4.0km,West,7.2km/h/2.0m/s,-,N/A,,Smoke
1998-1-5 12:00 PM,-1.0°C,-3.6°C,-22.0°C,19%,1022hPa,10.0km,SW,7.2km/h/2.0m/s,-,N/A,,Clear
1998-1-5 1:00 PM,1.0°C,-1.3°C,-23.0°C,15%,1021hPa,10.0km,West,7.2km/h/2.0m/s,-,N/A,,Clear
1998-1-5 2:00 PM,2.0°C,-2.4°C,-23.0°C,14%,1020hPa,10.0km,West,18.0km/h/5.0m/s,-,N/A,,Clear
1998-1-5 3:00 PM,3.0°C,-1.6°C,-22.0°C,15%,1020hPa,10.0km,NW,21.6km/h/6.0m/s,-,N/A,,Clear
1998-1-5 4:00 PM,3.0°C,-2.1°C,-23.0°C,13%,1020hPa,10.0km,NW,25.2km/h/7.0m/s,-,N/A,,Clear
1998-1-5 5:00 PM,1.0°C,-4.2°C,-22.0°C,17%,1022hPa,10.0km,NW,21.6km/h/6.0m/s,-,N/A,,Clear
1998-1-5 6:00 PM,-1.0°C,-5.5°C,-23.0°C,18%,1022hPa,10.0km,NW,14.4km/h/4.0m/s,-,N/A,,Clear
1998-1-5 7:00 PM,-2.0°C,-4.8°C,-23.0°C,19%,1023hPa,10.0km,NW,7.2km/h/2.0m/s,-,N/A,,Clear
1998-1-5 8:00 PM,-2.0°C,-6.7°C,-22.0°C,21%,1024hPa,10.0km,WNW,14.4km/h/4.0m/s,-,N/A,,Clear
1998-1-5 9:00 PM,-2.0°C,-7.4°C,-23.0°C,19%,1025hPa,10.0km,NW,18.0km/h/5.0m/s,-,N/A,,Clear
1998-1-5 10:00 PM,-5.0°C,-,-22.0°C,26%,1025hPa,10.0km,WNW,3.6km/h/1.0m/s,-,N/A,,Clear
1998-1-5 11:00 PM,-7.0°C,-,-23.0°C,28%,1025hPa,10.0km,Calm,Calm,-,N/A,,Clear
