Time (CST),Temp.,Dew Point,Humidity,Pressure,Visibility,Wind Dir,Wind Speed,Gust Speed,Precip,Events,Conditions
1997-5-27 12:00 AM,20.0°C,9.0°C,49%,1010hPa,-,East,28.8km/h/8.0m/s,-,N/A,,Clear
1997-5-27 2:00 AM,19.0°C,9.0°C,52%,1010hPa,-,WSW,18.0km/h/5.0m/s,-,N/A,,Clear
1997-5-27 5:00 AM,18.0°C,10.0°C,59%,-,10.0km,Calm,Calm,-,N/A,Rain,Light Rain Showers
1997-5-27 6:00 AM,17.0°C,12.0°C,72%,1010hPa,-,ENE,21.6km/h/6.0m/s,-,N/A,,Clear
1997-5-27 7:00 AM,17.0°C,12.0°C,72%,1010hPa,-,East,14.4km/h/4.0m/s,-,N/A,,Clear
1997-5-27 8:00 AM,19.0°C,12.0°C,64%,1010hPa,-,South,7.2km/h/2.0m/s,-,N/A,,Clear
1997-5-27 9:00 AM,20.0°C,11.0°C,56%,1010hPa,-,South,7.2km/h/2.0m/s,-,N/A,,Clear
1997-5-27 10:00 AM,21.0°C,11.0°C,53%,1010hPa,-,SW,18.0km/h/5.0m/s,-,N/A,,Clear
1997-5-27 11:00 AM,22.0°C,11.0°C,50%,1009hPa,-,WSW,25.2km/h/7.0m/s,-,N/A,,Clear
1997-5-27 12:00 PM,23.0°C,11.0°C,47%,1009hPa,10.0km,SW,21.6km/h/6.0m/s,-,N/A,,Overcast
1997-5-27 1:00 PM,23.0°C,15.0°C,61%,1007hPa,10.0km,South,25.2km/h/7.0m/s,-,N/A,,Mostly Cloudy
1997-5-27 2:00 PM,22.0°C,13.0°C,57%,1007hPa,10.0km,South,10.8km/h/3.0m/s,-,N/A,"Rain
	,
Thunderstorm",Light Thunderstorms and Rain
1997-5-27 3:00 PM,23.0°C,11.0°C,47%,1006hPa,10.0km,SW,14.4km/h/4.0m/s,-,N/A,,Mostly Cloudy
1997-5-27 4:00 PM,23.0°C,10.0°C,44%,1006hPa,10.0km,ESE,10.8km/h/3.0m/s,-,N/A,,Mostly Cloudy
1997-5-27 5:00 PM,22.0°C,10.0°C,46%,1006hPa,10.0km,SE,10.8km/h/3.0m/s,-,N/A,,Scattered Clouds
1997-5-27 6:00 PM,20.0°C,10.0°C,52%,1007hPa,10.0km,East,32.4km/h/9.0m/s,-,N/A,,Partly Cloudy
1997-5-27 7:00 PM,19.0°C,9.0°C,52%,1008hPa,-,East,28.8km/h/8.0m/s,-,N/A,,Clear
1997-5-27 8:00 PM,18.0°C,10.0°C,59%,1009hPa,-,East,21.6km/h/6.0m/s,-,N/A,,Clear
1997-5-27 9:00 PM,17.0°C,10.0°C,63%,1010hPa,10.0km,East,10.8km/h/3.0m/s,-,N/A,,Clear
1997-5-27 10:00 PM,15.0°C,10.0°C,72%,1011hPa,10.0km,WSW,7.2km/h/2.0m/s,-,N/A,,Clear
1997-5-27 11:00 PM,14.0°C,9.0°C,72%,1012hPa,10.0km,North,21.6km/h/6.0m/s,-,N/A,,Clear
