Time (CST),Temp.,Dew Point,Humidity,Pressure,Visibility,Wind Dir,Wind Speed,Gust Speed,Precip,Events,Conditions
1997-9-12 12:00 AM,13.0°C,13.0°C,100%,1020hPa,10.0km,NNE,7.2km/h/2.0m/s,-,N/A,Rain,Light Rain
1997-9-12 1:00 AM,13.0°C,13.0°C,100%,1020hPa,10.0km,North,7.2km/h/2.0m/s,-,N/A,Rain,Light Rain
1997-9-12 2:00 AM,13.0°C,13.0°C,100%,1020hPa,10.0km,NNE,7.2km/h/2.0m/s,-,N/A,Rain,Light Rain
1997-9-12 4:00 AM,12.0°C,12.0°C,100%,1020hPa,10.0km,Calm,Calm,-,N/A,Rain,Light Rain
1997-9-12 5:00 AM,12.0°C,12.0°C,100%,1020hPa,10.0km,Calm,Calm,-,N/A,Rain,Light Rain
1997-9-12 6:00 AM,13.0°C,13.0°C,100%,1020hPa,10.0km,North,7.2km/h/2.0m/s,-,N/A,Rain,Light Rain
1997-9-12 7:00 AM,13.0°C,13.0°C,100%,1020hPa,10.0km,ENE,3.6km/h/1.0m/s,-,N/A,Rain,Light Rain
1997-9-12 8:00 AM,13.0°C,13.0°C,100%,1021hPa,6.0km,North,7.2km/h/2.0m/s,-,N/A,Rain,Light Rain
1997-9-12 9:00 AM,13.0°C,13.0°C,100%,1021hPa,4.0km,NE,3.6km/h/1.0m/s,-,N/A,Rain,Light Rain
1997-9-12 10:00 AM,13.0°C,13.0°C,100%,1022hPa,7.0km,North,7.2km/h/2.0m/s,-,N/A,Rain,Light Rain
1997-9-12 11:00 AM,13.0°C,13.0°C,100%,1022hPa,10.0km,North,7.2km/h/2.0m/s,-,N/A,Rain,Light Rain
1997-9-12 12:00 PM,14.0°C,13.0°C,94%,1022hPa,10.0km,NE,10.8km/h/3.0m/s,-,N/A,Rain,Light Rain
1997-9-12 1:00 PM,14.0°C,14.0°C,100%,1022hPa,10.0km,NE,7.2km/h/2.0m/s,-,N/A,Rain,Light Rain
1997-9-12 2:00 PM,14.0°C,13.0°C,94%,1021hPa,10.0km,East,7.2km/h/2.0m/s,-,N/A,Rain,Light Rain
1997-9-12 3:00 PM,15.0°C,14.0°C,94%,1022hPa,10.0km,NNW,7.2km/h/2.0m/s,-,N/A,,Mostly Cloudy
1997-9-12 4:00 PM,15.0°C,13.0°C,88%,1021hPa,10.0km,NE,7.2km/h/2.0m/s,-,N/A,,Overcast
1997-9-12 5:00 PM,15.0°C,13.0°C,88%,1022hPa,10.0km,East,10.8km/h/3.0m/s,-,N/A,,Overcast
1997-9-12 6:00 PM,14.0°C,13.0°C,94%,1022hPa,10.0km,ESE,14.4km/h/4.0m/s,-,N/A,,Overcast
1997-9-12 7:00 PM,14.0°C,13.0°C,94%,1023hPa,10.0km,ESE,10.8km/h/3.0m/s,-,N/A,,Overcast
1997-9-12 8:00 PM,14.0°C,13.0°C,94%,1023hPa,10.0km,East,10.8km/h/3.0m/s,-,N/A,,Mostly Cloudy
1997-9-12 9:00 PM,13.0°C,13.0°C,100%,1024hPa,10.0km,ESE,10.8km/h/3.0m/s,-,N/A,,Mostly Cloudy
1997-9-12 10:00 PM,14.0°C,13.0°C,94%,1024hPa,10.0km,East,7.2km/h/2.0m/s,-,N/A,,Overcast
1997-9-12 11:00 PM,13.0°C,13.0°C,100%,1024hPa,10.0km,East,10.8km/h/3.0m/s,-,N/A,,Partly Cloudy
