Time (CST),Temp.,Windchill,Dew Point,Humidity,Pressure,Visibility,Wind Dir,Wind Speed,Gust Speed,Precip,Events,Conditions
1997-2-23 12:00 AM,2.0°C,-1.8°C,-10.0°C,41%,1022hPa,-,East,14.4km/h/4.0m/s,-,N/A,,Clear
1997-2-23 1:00 AM,1.0°C,-1.3°C,-10.0°C,44%,1022hPa,-,SE,7.2km/h/2.0m/s,-,N/A,,Clear
1997-2-23 2:00 AM,0.0°C,-,-10.0°C,48%,1022hPa,-,Calm,Calm,-,N/A,,Clear
1997-2-23 3:00 AM,0.0°C,-,-10.0°C,48%,1022hPa,-,Calm,Calm,-,N/A,,Clear
1997-2-23 4:00 AM,-1.0°C,-,-10.0°C,51%,1021hPa,-,Calm,Calm,-,N/A,,Clear
1997-2-23 5:00 AM,-2.0°C,-,-11.0°C,51%,1021hPa,-,Calm,Calm,-,N/A,,Clear
1997-2-23 6:00 AM,-3.0°C,-,-11.0°C,55%,1021hPa,-,Calm,Calm,-,N/A,,Clear
1997-2-23 7:00 AM,-4.0°C,-,-9.0°C,69%,1022hPa,10.0km,Calm,Calm,-,N/A,,Clear
1997-2-23 8:00 AM,-4.0°C,-,-9.0°C,69%,1022hPa,10.0km,Calm,Calm,-,N/A,,Clear
1997-2-23 9:00 AM,-2.0°C,-,-10.0°C,55%,1023hPa,10.0km,Calm,Calm,-,N/A,,Clear
1997-2-23 10:00 AM,2.0°C,-,-11.0°C,38%,1023hPa,6.0km,Calm,Calm,-,N/A,,Clear
1997-2-23 11:00 AM,6.0°C,-,-9.0°C,34%,1022hPa,8.0km,Calm,Calm,-,N/A,,Clear
1997-2-23 12:00 PM,7.0°C,-,-5.0°C,43%,1021hPa,10.0km,South,3.6km/h/1.0m/s,-,N/A,,Clear
1997-2-23 1:00 PM,9.0°C,-,-6.0°C,34%,1020hPa,10.0km,SSW,7.2km/h/2.0m/s,-,N/A,,Clear
1997-2-23 2:00 PM,10.0°C,-,-4.0°C,37%,1019hPa,10.0km,SW,7.2km/h/2.0m/s,-,N/A,,Clear
1997-2-23 3:00 PM,12.0°C,-,-3.0°C,35%,1018hPa,10.0km,Calm,Calm,-,N/A,,Clear
1997-2-23 4:00 PM,13.0°C,-,-4.0°C,31%,1018hPa,10.0km,SW,10.8km/h/3.0m/s,-,N/A,,Clear
1997-2-23 5:00 PM,12.0°C,-,-4.0°C,33%,1017hPa,10.0km,South,10.8km/h/3.0m/s,-,N/A,,Clear
1997-2-23 6:00 PM,10.0°C,-,-3.0°C,40%,1017hPa,-,SSW,10.8km/h/3.0m/s,-,N/A,,Clear
1997-2-23 7:00 PM,9.0°C,-,-1.0°C,50%,1017hPa,-,Calm,Calm,-,N/A,,Clear
1997-2-23 8:00 PM,8.0°C,6.1°C,-3.0°C,46%,1018hPa,-,SSW,10.8km/h/3.0m/s,-,N/A,,Clear
1997-2-23 9:00 PM,8.0°C,-,-4.0°C,43%,1018hPa,-,Calm,Calm,-,N/A,,Clear
1997-2-23 10:00 PM,8.0°C,6.9°C,-5.0°C,40%,1018hPa,-,ESE,7.2km/h/2.0m/s,-,N/A,,Clear
1997-2-23 11:00 PM,6.0°C,3.7°C,-7.0°C,39%,1019hPa,-,East,10.8km/h/3.0m/s,-,N/A,,Clear
