Time (CST),Temp.,Windchill,Dew Point,Humidity,Pressure,Visibility,Wind Dir,Wind Speed,Gust Speed,Precip,Events,Conditions
1998-1-4 3:00 AM,-12.0°C,-,-30.0°C,22%,1035hPa,10.0km,SW,3.6km/h/1.0m/s,-,N/A,,Clear
1998-1-4 4:00 AM,-12.0°C,-17.9°C,-30.0°C,22%,1034hPa,10.0km,West,10.8km/h/3.0m/s,-,N/A,,Clear
1998-1-4 5:00 AM,-12.0°C,-17.9°C,-30.0°C,22%,1033hPa,10.0km,West,10.8km/h/3.0m/s,-,N/A,,Clear
1998-1-4 6:00 AM,-13.0°C,-,-28.0°C,28%,1032hPa,10.0km,WSW,3.6km/h/1.0m/s,-,N/A,,Clear
1998-1-4 8:00 AM,-15.0°C,-,-27.0°C,36%,1032hPa,10.0km,Calm,Calm,-,N/A,,Clear
1998-1-4 9:00 AM,-13.0°C,-,-27.0°C,31%,1032hPa,10.0km,SE,3.6km/h/1.0m/s,-,N/A,,Clear
1998-1-4 10:00 AM,-10.0°C,-14.1°C,-27.0°C,25%,1032hPa,10.0km,WSW,7.2km/h/2.0m/s,-,N/A,,Clear
1998-1-4 11:00 AM,-7.0°C,-11.9°C,-28.0°C,18%,1031hPa,10.0km,WSW,10.8km/h/3.0m/s,-,N/A,,Clear
1998-1-4 12:00 PM,-6.0°C,-12.4°C,-28.0°C,17%,1029hPa,10.0km,WSW,18.0km/h/5.0m/s,-,N/A,,Clear
1998-1-4 1:00 PM,-4.0°C,-9.9°C,-30.0°C,12%,1027hPa,10.0km,West,18.0km/h/5.0m/s,-,N/A,,Clear
1998-1-4 3:00 PM,-2.0°C,-5.9°C,-28.0°C,12%,1025hPa,10.0km,WSW,10.8km/h/3.0m/s,-,N/A,,Clear
1998-1-4 4:00 PM,-2.0°C,-5.9°C,-28.0°C,12%,1025hPa,10.0km,West,10.8km/h/3.0m/s,-,N/A,,Clear
1998-1-4 5:00 PM,-3.0°C,-5.9°C,-28.0°C,13%,1024hPa,10.0km,West,7.2km/h/2.0m/s,-,N/A,,Clear
1998-1-4 6:00 PM,-5.0°C,-9.5°C,-27.0°C,17%,1024hPa,10.0km,WSW,10.8km/h/3.0m/s,-,N/A,,Clear
1998-1-4 7:00 PM,-6.0°C,-10.7°C,-28.0°C,17%,1024hPa,10.0km,WSW,10.8km/h/3.0m/s,-,N/A,,Clear
1998-1-4 9:00 PM,-8.0°C,-14.1°C,-27.0°C,21%,1024hPa,10.0km,WSW,14.4km/h/4.0m/s,-,N/A,,Clear
1998-1-4 10:00 PM,-8.0°C,-11.8°C,-28.0°C,19%,1024hPa,10.0km,West,7.2km/h/2.0m/s,-,N/A,,Clear
1998-1-4 11:00 PM,-8.0°C,-,-28.0°C,19%,1024hPa,10.0km,South,3.6km/h/1.0m/s,-,N/A,,Clear
