Time (CST),Temp.,Heat Index,Dew Point,Humidity,Pressure,Visibility,Wind Dir,Wind Speed,Gust Speed,Precip,Events,Conditions
1997-8-2 12:00 AM,19.0°C,-,19.0°C,100%,1011hPa,-,Calm,Calm,-,N/A,,Clear
1997-8-2 1:00 AM,18.0°C,-,18.0°C,100%,1011hPa,-,WNW,3.6km/h/1.0m/s,-,N/A,,Clear
1997-8-2 2:00 AM,18.0°C,-,18.0°C,100%,1010hPa,-,West,7.2km/h/2.0m/s,-,N/A,,Clear
1997-8-2 3:00 AM,19.0°C,-,19.0°C,100%,1010hPa,-,NNE,3.6km/h/1.0m/s,-,N/A,,Clear
1997-8-2 4:00 AM,19.0°C,-,19.0°C,100%,1010hPa,-,NW,7.2km/h/2.0m/s,-,N/A,,Clear
1997-8-2 5:00 AM,19.0°C,-,18.0°C,94%,1010hPa,-,North,7.2km/h/2.0m/s,-,N/A,,Clear
1997-8-2 6:00 AM,18.0°C,-,18.0°C,100%,1010hPa,-,North,7.2km/h/2.0m/s,-,N/A,,Clear
1997-8-2 7:00 AM,19.0°C,-,19.0°C,100%,1011hPa,-,NW,7.2km/h/2.0m/s,-,N/A,,Clear
1997-8-2 8:00 AM,22.0°C,-,19.0°C,83%,1011hPa,-,North,14.4km/h/4.0m/s,-,N/A,,Clear
1997-8-2 9:00 AM,23.0°C,-,19.0°C,78%,1011hPa,-,NNW,10.8km/h/3.0m/s,-,N/A,,Clear
1997-8-2 10:00 AM,24.0°C,-,19.0°C,73%,1010hPa,-,NNW,10.8km/h/3.0m/s,-,N/A,,Clear
1997-8-2 11:00 AM,26.0°C,-,18.0°C,61%,1010hPa,-,NW,7.2km/h/2.0m/s,-,N/A,,Clear
1997-8-2 12:00 PM,28.0°C,28.8°C,18.0°C,54%,1009hPa,-,North,10.8km/h/3.0m/s,-,N/A,,Clear
1997-8-2 1:00 PM,28.0°C,28.5°C,17.0°C,51%,1009hPa,-,NE,3.6km/h/1.0m/s,-,N/A,,Clear
1997-8-2 2:00 PM,32.0°C,30.9°C,13.0°C,31%,1008hPa,-,ESE,14.4km/h/4.0m/s,-,N/A,,Clear
1997-8-2 3:00 PM,31.0°C,29.8°C,12.0°C,31%,1008hPa,-,East,21.6km/h/6.0m/s,-,N/A,,Clear
1997-8-2 4:00 PM,30.0°C,-,11.0°C,31%,1008hPa,-,East,18.0km/h/5.0m/s,-,N/A,,Clear
1997-8-2 5:00 PM,30.0°C,-,8.0°C,25%,1008hPa,-,ENE,21.6km/h/6.0m/s,-,N/A,,Clear
1997-8-2 6:00 PM,29.0°C,-,9.0°C,29%,1008hPa,-,East,18.0km/h/5.0m/s,-,N/A,,Clear
1997-8-2 7:00 PM,29.0°C,-,9.0°C,29%,1008hPa,-,East,18.0km/h/5.0m/s,-,N/A,,Clear
1997-8-2 8:00 PM,28.0°C,-,8.0°C,28%,1008hPa,-,East,14.4km/h/4.0m/s,-,N/A,,Clear
1997-8-2 9:00 PM,27.0°C,-,10.0°C,34%,1009hPa,-,East,10.8km/h/3.0m/s,-,N/A,,Clear
1997-8-2 10:00 PM,24.0°C,-,11.0°C,44%,1009hPa,-,East,7.2km/h/2.0m/s,-,N/A,,Clear
1997-8-2 11:00 PM,25.0°C,-,14.0°C,50%,1009hPa,-,ENE,14.4km/h/4.0m/s,-,N/A,,Clear
