Time (CST),Temp.,Windchill,Dew Point,Humidity,Pressure,Visibility,Wind Dir,Wind Speed,Gust Speed,Precip,Events,Conditions
1998-2-2 12:00 AM,28.4°F,-,21.2°F,74%,30.24in,3.1mi,SE,2.2mph,-,N/A,,Overcast
1998-2-2 1:00 AM,28.4°F,23.4°F,21.2°F,74%,30.24in,3.1mi,SE,4.5mph,-,N/A,,Overcast
1998-2-2 2:00 AM,28.4°F,-,21.2°F,74%,30.24in,2.5mi,Calm,Calm,-,N/A,,Overcast
1998-2-2 3:00 AM,28.4°F,-,23.0°F,80%,30.21in,2.5mi,Calm,Calm,-,N/A,,Overcast
1998-2-2 4:00 AM,26.6°F,-,21.2°F,80%,30.21in,2.5mi,Calm,Calm,-,N/A,,Overcast
1998-2-2 5:00 AM,26.6°F,-,23.0°F,86%,30.21in,2.5mi,SE,2.2mph,-,N/A,,Overcast
1998-2-2 6:00 AM,28.4°F,-,23.0°F,80%,30.21in,2.5mi,Calm,Calm,-,N/A,,Overcast
1998-2-2 7:00 AM,28.4°F,-,23.0°F,80%,30.21in,2.5mi,South,2.2mph,-,N/A,,Overcast
1998-2-2 8:00 AM,28.4°F,-,21.2°F,74%,30.21in,2.5mi,Calm,Calm,-,N/A,,Overcast
1998-2-2 9:00 AM,28.4°F,-,21.2°F,74%,30.21in,1.9mi,WNW,2.2mph,-,N/A,,Overcast
1998-2-2 11:00 AM,30.2°F,-,24.8°F,80%,30.21in,1.3mi,Calm,Calm,-,N/A,,Overcast
1998-2-2 2:00 PM,33.8°F,29.7°F,26.6°F,75%,30.15in,0.9mi,South,4.5mph,-,N/A,Snow,Light Snow
1998-2-2 3:00 PM,33.8°F,29.7°F,28.4°F,81%,30.12in,0.6mi,SW,4.5mph,-,N/A,,Overcast
1998-2-2 4:00 PM,35.6°F,-,28.4°F,75%,30.12in,1.2mi,SW,2.2mph,-,N/A,,Mostly Cloudy
1998-2-2 6:00 PM,33.8°F,29.7°F,26.6°F,75%,30.15in,1.6mi,SW,4.5mph,-,N/A,,Overcast
1998-2-2 8:00 PM,30.2°F,-,24.8°F,80%,30.18in,1.2mi,West,2.2mph,-,N/A,,Scattered Clouds
1998-2-2 9:00 PM,28.4°F,-,24.8°F,86%,30.18in,1.1mi,ESE,2.2mph,-,N/A,,Mostly Cloudy
