Time (CST),Temp.,Windchill,Dew Point,Humidity,Pressure,Visibility,Wind Dir,Wind Speed,Gust Speed,Precip,Events,Conditions
1997-2-4 12:00 AM,-4.0°C,-,-6.0°C,86%,-,6.0km,SSE,3.6km/h/1.0m/s,-,N/A,Snow,Light Snow
1997-2-4 1:00 AM,-4.0°C,-,-6.0°C,86%,1022hPa,6.0km,Calm,Calm,-,N/A,Snow,Light Snow
1997-2-4 2:00 AM,-4.0°C,-,-6.0°C,86%,1022hPa,6.0km,Calm,Calm,-,N/A,Snow,Light Snow
1997-2-4 3:00 AM,-4.0°C,-,-6.0°C,86%,1021hPa,6.0km,Calm,Calm,-,N/A,Snow,Light Snow
1997-2-4 4:00 AM,-4.0°C,-,-6.0°C,86%,1021hPa,4.0km,Calm,Calm,-,N/A,,Overcast
1997-2-4 5:00 AM,-4.0°C,-,-5.0°C,93%,1021hPa,4.0km,Calm,Calm,-,N/A,,Overcast
1997-2-4 6:00 AM,-4.0°C,-,-5.0°C,93%,1021hPa,2.0km,Calm,Calm,-,N/A,,Overcast
1997-2-4 7:00 AM,-3.0°C,-7.1°C,-4.0°C,93%,1021hPa,1.8km,South,10.8km/h/3.0m/s,-,N/A,Snow,Light Snow
1997-2-4 8:00 AM,-3.0°C,-5.9°C,-5.0°C,86%,1021hPa,1.1km,South,7.2km/h/2.0m/s,-,N/A,Snow,Light Snow
1997-2-4 9:00 AM,-3.0°C,-8.0°C,-5.0°C,86%,1022hPa,1.6km,SSW,14.4km/h/4.0m/s,-,N/A,,Overcast
1997-2-4 10:00 AM,-2.0°C,-6.7°C,-5.0°C,80%,1022hPa,2.5km,South,14.4km/h/4.0m/s,-,N/A,,Mostly Cloudy
1997-2-4 11:00 AM,-1.0°C,-4.7°C,-4.0°C,80%,1022hPa,2.5km,SW,10.8km/h/3.0m/s,-,N/A,,Mostly Cloudy
1997-2-4 12:00 PM,0.0°C,-4.3°C,-4.0°C,75%,1021hPa,3.0km,SSW,14.4km/h/4.0m/s,-,N/A,,Mostly Cloudy
1997-2-4 1:00 PM,0.0°C,-4.9°C,-1.0°C,93%,1020hPa,4.0km,SSW,18.0km/h/5.0m/s,-,N/A,,Mostly Cloudy
1997-2-4 2:00 PM,2.0°C,-2.4°C,-3.0°C,70%,1019hPa,4.0km,SW,18.0km/h/5.0m/s,-,N/A,,Overcast
1997-2-4 3:00 PM,2.0°C,-2.4°C,-3.0°C,70%,1019hPa,5.0km,SSW,18.0km/h/5.0m/s,-,N/A,,Overcast
1997-2-4 4:00 PM,3.0°C,0.1°C,-3.0°C,65%,1019hPa,6.0km,WSW,10.8km/h/3.0m/s,-,N/A,,Overcast
1997-2-4 5:00 PM,2.0°C,-,-2.0°C,75%,1019hPa,4.0km,Calm,Calm,-,N/A,,Overcast
1997-2-4 6:00 PM,1.0°C,-,-2.0°C,81%,1019hPa,3.0km,Calm,Calm,-,N/A,,Overcast
1997-2-4 7:00 PM,-1.0°C,-3.6°C,-3.0°C,86%,1020hPa,2.0km,West,7.2km/h/2.0m/s,-,N/A,,Mostly Cloudy
1997-2-4 8:00 PM,-2.0°C,-,-3.0°C,93%,1020hPa,1.2km,NNW,3.6km/h/1.0m/s,-,N/A,,Overcast
1997-2-4 9:00 PM,-3.0°C,-,-4.0°C,93%,1021hPa,1.0km,Calm,Calm,-,N/A,,Mostly Cloudy
1997-2-4 10:00 PM,-3.0°C,-5.9°C,-4.0°C,93%,1021hPa,1.0km,South,7.2km/h/2.0m/s,-,N/A,,Mostly Cloudy
1997-2-4 11:00 PM,-4.0°C,-,-5.0°C,93%,1022hPa,1.2km,ESE,3.6km/h/1.0m/s,-,N/A,,Mostly Cloudy
