Time (CST),Temp.,Heat Index,Dew Point,Humidity,Pressure,Visibility,Wind Dir,Wind Speed,Gust Speed,Precip,Events,Conditions
1997-7-9 12:00 AM,26.0°C,-,16.0°C,54%,1009hPa,10.0km,East,14.4km/h/4.0m/s,-,N/A,,Clear
1997-7-9 1:00 AM,26.0°C,-,17.0°C,57%,1009hPa,10.0km,East,14.4km/h/4.0m/s,-,N/A,,Clear
1997-7-9 2:00 AM,24.0°C,-,17.0°C,65%,1009hPa,10.0km,East,7.2km/h/2.0m/s,-,N/A,,Clear
1997-7-9 3:00 AM,24.0°C,-,17.0°C,65%,1009hPa,10.0km,East,14.4km/h/4.0m/s,-,N/A,,Clear
1997-7-9 4:00 AM,24.0°C,-,18.0°C,69%,1009hPa,-,East,14.4km/h/4.0m/s,-,N/A,,Clear
1997-7-9 5:00 AM,23.0°C,-,18.0°C,73%,1009hPa,-,East,7.2km/h/2.0m/s,-,N/A,,Clear
1997-7-9 6:00 AM,22.0°C,-,17.0°C,73%,1009hPa,8.0km,East,7.2km/h/2.0m/s,-,N/A,,Scattered Clouds
1997-7-9 7:00 AM,23.0°C,-,19.0°C,78%,1010hPa,8.0km,Calm,Calm,-,N/A,,Scattered Clouds
1997-7-9 8:00 AM,24.0°C,-,19.0°C,73%,1010hPa,6.0km,Calm,Calm,-,N/A,,Scattered Clouds
1997-7-9 9:00 AM,26.0°C,-,20.0°C,69%,1009hPa,6.0km,SE,3.6km/h/1.0m/s,-,N/A,,Clear
1997-7-9 10:00 AM,27.0°C,28.5°C,20.0°C,65%,1009hPa,6.0km,SW,7.2km/h/2.0m/s,-,N/A,,Scattered Clouds
1997-7-9 11:00 AM,29.0°C,30.7°C,20.0°C,58%,1009hPa,6.0km,South,7.2km/h/2.0m/s,-,N/A,,Scattered Clouds
1997-7-9 12:00 PM,30.0°C,31.9°C,20.0°C,55%,1009hPa,6.0km,Calm,Calm,-,N/A,,Scattered Clouds
1997-7-9 1:00 PM,32.0°C,34.1°C,20.0°C,49%,1006hPa,-,SW,7.2km/h/2.0m/s,-,N/A,,Clear
1997-7-9 2:00 PM,32.0°C,32.8°C,18.0°C,43%,1006hPa,10.0km,WSW,10.8km/h/3.0m/s,-,N/A,,Mostly Cloudy
1997-7-9 3:00 PM,31.0°C,33.0°C,20.0°C,52%,1008hPa,10.0km,West,10.8km/h/3.0m/s,-,N/A,,Mostly Cloudy
1997-7-9 4:00 PM,25.0°C,-,15.0°C,54%,1009hPa,10.0km,East,39.6km/h/11.0m/s,-,N/A,,Mostly Cloudy
1997-7-9 5:00 PM,24.0°C,-,16.0°C,61%,1008hPa,10.0km,SSE,25.2km/h/7.0m/s,-,N/A,,Overcast
1997-7-9 6:00 PM,23.0°C,-,15.0°C,61%,1009hPa,10.0km,SW,14.4km/h/4.0m/s,-,N/A,,Overcast
1997-7-9 7:00 PM,24.0°C,-,16.0°C,61%,1008hPa,10.0km,North,7.2km/h/2.0m/s,-,N/A,,Mostly Cloudy
1997-7-9 8:00 PM,23.0°C,-,16.0°C,65%,1009hPa,10.0km,ENE,7.2km/h/2.0m/s,-,N/A,,Mostly Cloudy
1997-7-9 9:00 PM,21.0°C,-,16.0°C,73%,1009hPa,10.0km,Calm,Calm,-,N/A,,Mostly Cloudy
1997-7-9 10:00 PM,21.0°C,-,17.0°C,78%,1010hPa,-,Calm,Calm,-,N/A,,Clear
1997-7-9 11:00 PM,20.0°C,-,17.0°C,83%,1010hPa,-,ESE,10.8km/h/3.0m/s,-,N/A,,Clear
