Time (CST),Temp.,Dew Point,Humidity,Pressure,Visibility,Wind Dir,Wind Speed,Gust Speed,Precip,Events,Conditions
1997-9-23 12:00 AM,14.0°C,4.0°C,51%,1022hPa,-,East,7.2km/h/2.0m/s,-,N/A,,Clear
1997-9-23 1:00 AM,13.0°C,6.0°C,63%,1022hPa,-,Calm,Calm,-,N/A,,Clear
1997-9-23 2:00 AM,11.0°C,8.0°C,82%,1022hPa,-,NW,7.2km/h/2.0m/s,-,N/A,,Clear
1997-9-23 3:00 AM,10.0°C,7.0°C,82%,1023hPa,-,Calm,Calm,-,N/A,,Clear
1997-9-23 4:00 AM,8.0°C,7.0°C,93%,1023hPa,6.0km,WNW,3.6km/h/1.0m/s,-,N/A,,Mostly Cloudy
1997-9-23 5:00 AM,11.0°C,8.0°C,82%,1023hPa,-,East,7.2km/h/2.0m/s,-,N/A,,Clear
1997-9-23 6:00 AM,10.0°C,9.0°C,94%,1023hPa,4.0km,SE,7.2km/h/2.0m/s,-,N/A,Rain,Light Rain
1997-9-23 7:00 AM,11.0°C,10.0°C,94%,1024hPa,4.0km,ESE,7.2km/h/2.0m/s,-,N/A,,Mostly Cloudy
1997-9-23 8:00 AM,12.0°C,10.0°C,88%,1024hPa,10.0km,NW,7.2km/h/2.0m/s,-,N/A,,Mostly Cloudy
1997-9-23 9:00 AM,12.0°C,11.0°C,94%,1025hPa,3.5km,WNW,7.2km/h/2.0m/s,-,N/A,Rain,Light Rain
1997-9-23 10:00 AM,13.0°C,12.0°C,94%,1024hPa,3.0km,East,7.2km/h/2.0m/s,-,N/A,Rain,Light Rain
1997-9-23 11:00 AM,14.0°C,13.0°C,94%,1024hPa,7.0km,North,7.2km/h/2.0m/s,-,N/A,,Mostly Cloudy
1997-9-23 12:00 PM,16.0°C,13.0°C,82%,1023hPa,10.0km,NE,7.2km/h/2.0m/s,-,N/A,,Mostly Cloudy
1997-9-23 1:00 PM,19.0°C,12.0°C,64%,1022hPa,10.0km,North,3.6km/h/1.0m/s,-,N/A,,Scattered Clouds
1997-9-23 2:00 PM,19.0°C,11.0°C,60%,1021hPa,10.0km,SE,3.6km/h/1.0m/s,-,N/A,,Mostly Cloudy
1997-9-23 3:00 PM,20.0°C,11.0°C,56%,1020hPa,10.0km,North,3.6km/h/1.0m/s,-,N/A,,Mostly Cloudy
1997-9-23 4:00 PM,22.0°C,13.0°C,57%,1020hPa,-,South,7.2km/h/2.0m/s,-,N/A,,Clear
1997-9-23 5:00 PM,21.0°C,12.0°C,56%,1019hPa,-,SSW,7.2km/h/2.0m/s,-,N/A,,Clear
1997-9-23 6:00 PM,20.0°C,13.0°C,64%,1019hPa,-,Calm,Calm,-,N/A,,Clear
1997-9-23 7:00 PM,18.0°C,14.0°C,77%,1020hPa,10.0km,Calm,Calm,-,N/A,,Overcast
1997-9-23 8:00 PM,18.0°C,13.0°C,73%,1021hPa,10.0km,SSE,7.2km/h/2.0m/s,-,N/A,,Overcast
1997-9-23 9:00 PM,18.0°C,14.0°C,77%,1021hPa,10.0km,WSW,18.0km/h/5.0m/s,-,N/A,Rain,Light Rain
1997-9-23 10:00 PM,16.0°C,12.0°C,77%,1022hPa,10.0km,WSW,10.8km/h/3.0m/s,-,N/A,,Overcast
