Time (CST),Temp.,Dew Point,Humidity,Pressure,Visibility,Wind Dir,Wind Speed,Gust Speed,Precip,Events,Conditions
1997-10-3 12:00 AM,15.0°C,14.0°C,94%,1021hPa,8.0km,North,7.2km/h/2.0m/s,-,N/A,Rain,Light Rain
1997-10-3 1:00 AM,14.0°C,13.0°C,94%,1021hPa,8.0km,NW,14.4km/h/4.0m/s,-,N/A,Rain,Light Rain
1997-10-3 2:00 AM,14.0°C,13.0°C,94%,1021hPa,8.0km,NNW,18.0km/h/5.0m/s,-,N/A,Rain,Light Rain
1997-10-3 3:00 AM,12.0°C,12.0°C,100%,1021hPa,8.0km,NNW,7.2km/h/2.0m/s,-,N/A,Rain,Light Rain
1997-10-3 4:00 AM,13.0°C,13.0°C,100%,1021hPa,8.0km,SW,7.2km/h/2.0m/s,-,N/A,Rain,Light Rain
1997-10-3 5:00 AM,13.0°C,13.0°C,100%,1022hPa,8.0km,WNW,7.2km/h/2.0m/s,-,N/A,Rain,Light Rain
1997-10-3 6:00 AM,13.0°C,13.0°C,100%,1022hPa,8.0km,West,7.2km/h/2.0m/s,-,N/A,Rain,Light Rain
1997-10-3 7:00 AM,13.0°C,13.0°C,100%,1023hPa,6.0km,WNW,3.6km/h/1.0m/s,-,N/A,Rain,Light Rain
1997-10-3 8:00 AM,13.0°C,12.0°C,94%,1024hPa,10.0km,NNW,14.4km/h/4.0m/s,-,N/A,,Overcast
1997-10-3 9:00 AM,12.0°C,8.0°C,77%,1025hPa,10.0km,North,21.6km/h/6.0m/s,-,N/A,,Overcast
1997-10-3 10:00 AM,13.0°C,8.0°C,72%,1025hPa,10.0km,North,25.2km/h/7.0m/s,-,N/A,,Mostly Cloudy
1997-10-3 11:00 AM,15.0°C,7.0°C,59%,1025hPa,10.0km,North,21.6km/h/6.0m/s,-,N/A,,Mostly Cloudy
1997-10-3 12:00 PM,16.0°C,7.0°C,55%,1025hPa,10.0km,North,25.2km/h/7.0m/s,-,N/A,,Mostly Cloudy
1997-10-3 1:00 PM,16.0°C,7.0°C,55%,1024hPa,-,NNE,21.6km/h/6.0m/s,-,N/A,,Clear
1997-10-3 2:00 PM,16.0°C,7.0°C,55%,1024hPa,10.0km,North,18.0km/h/5.0m/s,-,N/A,,Mostly Cloudy
1997-10-3 3:00 PM,16.0°C,6.0°C,52%,1024hPa,-,North,18.0km/h/5.0m/s,-,N/A,,Clear
1997-10-3 4:00 PM,15.0°C,5.0°C,51%,1024hPa,-,North,18.0km/h/5.0m/s,-,N/A,,Clear
1997-10-3 5:00 PM,14.0°C,4.0°C,51%,1024hPa,-,NNE,18.0km/h/5.0m/s,-,N/A,,Clear
1997-10-3 6:00 PM,13.0°C,4.0°C,54%,1025hPa,-,North,10.8km/h/3.0m/s,-,N/A,,Clear
1997-10-3 7:00 PM,11.0°C,3.0°C,58%,1026hPa,-,North,14.4km/h/4.0m/s,-,N/A,,Clear
1997-10-3 8:00 PM,11.0°C,2.0°C,54%,1027hPa,-,NNE,14.4km/h/4.0m/s,-,N/A,,Clear
1997-10-3 9:00 PM,10.0°C,2.0°C,58%,1027hPa,-,NNE,14.4km/h/4.0m/s,-,N/A,,Clear
1997-10-3 10:00 PM,9.0°C,1.0°C,58%,1028hPa,-,North,14.4km/h/4.0m/s,-,N/A,,Clear
1997-10-3 11:00 PM,9.0°C,1.0°C,58%,1028hPa,-,North,14.4km/h/4.0m/s,-,N/A,,Clear
