Time (CST),Temp.,Windchill,Dew Point,Humidity,Pressure,Visibility,Wind Dir,Wind Speed,Gust Speed,Precip,Events,Conditions
1997-11-6 12:00 AM,-1.0°C,-,-11.0°C,47%,1025hPa,6.0km,Calm,Calm,-,N/A,,Clear
1997-11-6 1:00 AM,0.0°C,-,-11.0°C,44%,1025hPa,6.0km,Calm,Calm,-,N/A,,Clear
1997-11-6 4:00 AM,-2.0°C,-,-11.0°C,51%,1025hPa,10.0km,ESE,3.6km/h/1.0m/s,-,N/A,,Clear
1997-11-6 5:00 AM,-5.0°C,-,-11.0°C,63%,1025hPa,10.0km,East,3.6km/h/1.0m/s,-,N/A,,Clear
1997-11-6 6:00 AM,-3.0°C,-,-11.0°C,55%,1026hPa,10.0km,NNW,3.6km/h/1.0m/s,-,N/A,,Clear
1997-11-6 7:00 AM,-4.0°C,-,-11.0°C,59%,1026hPa,6.0km,Calm,Calm,-,N/A,,Partly Cloudy
1997-11-6 8:00 AM,-3.0°C,-,-10.0°C,59%,1027hPa,5.0km,SSE,3.6km/h/1.0m/s,-,N/A,,Smoke
1997-11-6 9:00 AM,3.0°C,-,-10.0°C,38%,1027hPa,2.3km,ESE,3.6km/h/1.0m/s,-,N/A,,Smoke
1997-11-6 10:00 AM,7.0°C,-,-10.0°C,29%,1027hPa,6.0km,South,3.6km/h/1.0m/s,-,N/A,,Scattered Clouds
1997-11-6 11:00 AM,10.0°C,-,-11.0°C,22%,1027hPa,5.0km,SSW,3.6km/h/1.0m/s,-,N/A,,Smoke
1997-11-6 12:00 PM,12.0°C,-,-12.0°C,18%,1025hPa,6.0km,Calm,Calm,-,N/A,,Mostly Cloudy
1997-11-6 1:00 PM,16.0°C,-,-13.0°C,13%,1024hPa,6.0km,NE,3.6km/h/1.0m/s,-,N/A,,Mostly Cloudy
1997-11-6 2:00 PM,16.0°C,-,-11.0°C,15%,1023hPa,6.0km,NNW,7.2km/h/2.0m/s,-,N/A,,Scattered Clouds
1997-11-6 3:00 PM,17.0°C,-,-12.0°C,13%,1023hPa,6.0km,South,3.6km/h/1.0m/s,-,N/A,,Mostly Cloudy
1997-11-6 4:00 PM,17.0°C,-,-12.0°C,13%,1023hPa,-,SE,7.2km/h/2.0m/s,-,N/A,,Clear
1997-11-6 5:00 PM,14.0°C,-,-12.0°C,16%,1024hPa,-,ESE,7.2km/h/2.0m/s,-,N/A,,Clear
1997-11-6 6:00 PM,12.0°C,-,-12.0°C,18%,1024hPa,8.0km,East,14.4km/h/4.0m/s,-,N/A,,Mostly Cloudy
1997-11-6 7:00 PM,11.0°C,-,-10.0°C,22%,1025hPa,-,East,14.4km/h/4.0m/s,-,N/A,,Clear
1997-11-6 8:00 PM,10.0°C,-,-8.0°C,28%,1026hPa,-,East,18.0km/h/5.0m/s,-,N/A,,Clear
1997-11-6 9:00 PM,10.0°C,-,-7.0°C,30%,1026hPa,-,East,10.8km/h/3.0m/s,-,N/A,,Clear
1997-11-6 10:00 PM,8.0°C,6.1°C,-6.0°C,37%,1026hPa,-,East,10.8km/h/3.0m/s,-,N/A,,Clear
1997-11-6 11:00 PM,8.0°C,6.9°C,-6.0°C,37%,1026hPa,-,ENE,7.2km/h/2.0m/s,-,N/A,,Clear
