Time (CST),Temp.,Windchill,Dew Point,Humidity,Pressure,Visibility,Wind Dir,Wind Speed,Gust Speed,Precip,Events,Conditions
1997-3-27 12:00 AM,11.0°C,-,2.0°C,54%,1023hPa,-,ENE,18.0km/h/5.0m/s,-,N/A,,Clear
1997-3-27 1:00 AM,10.0°C,-,3.0°C,62%,1023hPa,-,ENE,14.4km/h/4.0m/s,-,N/A,,Clear
1997-3-27 2:00 AM,9.0°C,-,3.0°C,66%,1023hPa,-,East,7.2km/h/2.0m/s,-,N/A,,Clear
1997-3-27 3:00 AM,8.0°C,6.9°C,3.0°C,71%,1022hPa,-,East,7.2km/h/2.0m/s,-,N/A,,Clear
1997-3-27 4:00 AM,7.0°C,-,3.0°C,76%,1022hPa,-,Calm,Calm,-,N/A,,Clear
1997-3-27 5:00 AM,7.0°C,-,2.0°C,71%,1022hPa,-,Calm,Calm,-,N/A,,Clear
1997-3-27 6:00 AM,7.0°C,5.7°C,2.0°C,71%,1022hPa,-,South,7.2km/h/2.0m/s,-,N/A,,Clear
1997-3-27 7:00 AM,6.0°C,-,3.0°C,81%,1022hPa,5.0km,Calm,Calm,-,N/A,,Overcast
1997-3-27 8:00 AM,6.0°C,-,3.0°C,81%,1023hPa,2.6km,Calm,Calm,-,N/A,,Overcast
1997-3-27 9:00 AM,9.0°C,-,4.0°C,71%,1023hPa,1.5km,Calm,Calm,-,N/A,,Overcast
1997-3-27 10:00 AM,10.0°C,-,4.0°C,66%,1023hPa,1.7km,Calm,Calm,-,N/A,,Mostly Cloudy
1997-3-27 11:00 AM,12.0°C,-,4.0°C,58%,1022hPa,3.0km,SW,7.2km/h/2.0m/s,-,N/A,,Scattered Clouds
1997-3-27 12:00 PM,13.0°C,-,3.0°C,51%,1021hPa,4.0km,SSW,10.8km/h/3.0m/s,-,N/A,,Scattered Clouds
1997-3-27 1:00 PM,15.0°C,-,3.0°C,45%,1020hPa,8.0km,SSW,10.8km/h/3.0m/s,-,N/A,,Mostly Cloudy
1997-3-27 2:00 PM,17.0°C,-,2.0°C,37%,1018hPa,-,SW,10.8km/h/3.0m/s,-,N/A,,Clear
1997-3-27 3:00 PM,17.0°C,-,1.0°C,34%,1017hPa,-,West,18.0km/h/5.0m/s,-,N/A,,Clear
1997-3-27 4:00 PM,18.0°C,-,0.0°C,30%,1016hPa,-,WSW,14.4km/h/4.0m/s,-,N/A,,Clear
1997-3-27 6:00 PM,16.0°C,-,2.0°C,39%,1016hPa,10.0km,West,10.8km/h/3.0m/s,-,N/A,,Mostly Cloudy
1997-3-27 7:00 PM,15.0°C,-,3.0°C,45%,1016hPa,10.0km,NNE,18.0km/h/5.0m/s,-,N/A,,Mostly Cloudy
1997-3-27 9:00 PM,13.0°C,-,2.0°C,47%,1018hPa,10.0km,North,18.0km/h/5.0m/s,-,N/A,,Overcast
1997-3-27 10:00 PM,12.0°C,-,5.0°C,62%,1018hPa,10.0km,Calm,Calm,-,N/A,Rain,Light Rain
