Time (CST),Temp.,Heat Index,Dew Point,Humidity,Pressure,Visibility,Wind Dir,Wind Speed,Gust Speed,Precip,Events,Conditions
1997-7-7 12:00 AM,21.0°C,-,15.0°C,68%,1003hPa,-,ESE,7.2km/h/2.0m/s,-,N/A,,Clear
1997-7-7 1:00 AM,20.0°C,-,14.0°C,68%,1004hPa,-,Calm,Calm,-,N/A,,Clear
1997-7-7 2:00 AM,19.0°C,-,15.0°C,78%,1004hPa,-,East,7.2km/h/2.0m/s,-,N/A,,Clear
1997-7-7 3:00 AM,20.0°C,-,15.0°C,73%,1004hPa,-,Calm,Calm,-,N/A,,Clear
1997-7-7 4:00 AM,19.0°C,-,17.0°C,88%,1004hPa,-,SSE,10.8km/h/3.0m/s,-,N/A,,Clear
1997-7-7 5:00 AM,19.0°C,-,17.0°C,88%,1004hPa,10.0km,SSE,10.8km/h/3.0m/s,-,N/A,,Mostly Cloudy
1997-7-7 6:00 AM,17.0°C,-,16.0°C,94%,1005hPa,10.0km,WSW,10.8km/h/3.0m/s,-,N/A,,Partly Cloudy
1997-7-7 7:00 AM,19.0°C,-,18.0°C,94%,1005hPa,-,Calm,Calm,-,N/A,,Clear
1997-7-7 8:00 AM,22.0°C,-,17.0°C,73%,1006hPa,-,SW,7.2km/h/2.0m/s,-,N/A,,Clear
1997-7-7 9:00 AM,24.0°C,-,18.0°C,69%,1006hPa,10.0km,ESE,3.6km/h/1.0m/s,-,N/A,,Clear
1997-7-7 10:00 AM,27.0°C,27.7°C,17.0°C,54%,1006hPa,10.0km,East,7.2km/h/2.0m/s,-,N/A,,Clear
1997-7-7 11:00 AM,28.0°C,28.3°C,16.0°C,48%,1005hPa,10.0km,NNE,3.6km/h/1.0m/s,-,N/A,,Clear
1997-7-7 12:00 PM,31.0°C,30.0°C,13.0°C,33%,1005hPa,10.0km,NNW,14.4km/h/4.0m/s,-,N/A,,Partly Cloudy
1997-7-7 1:00 PM,32.0°C,30.9°C,13.0°C,31%,1005hPa,10.0km,North,18.0km/h/5.0m/s,-,N/A,,Partly Cloudy
1997-7-7 2:00 PM,33.0°C,31.9°C,13.0°C,29%,1004hPa,10.0km,North,14.4km/h/4.0m/s,-,N/A,,Scattered Clouds
1997-7-7 3:00 PM,34.0°C,32.7°C,12.0°C,26%,1004hPa,10.0km,NNE,14.4km/h/4.0m/s,-,N/A,,Scattered Clouds
1997-7-7 4:00 PM,34.0°C,-,11.0°C,24%,1003hPa,10.0km,NNE,18.0km/h/5.0m/s,-,N/A,,Partly Cloudy
1997-7-7 5:00 PM,34.0°C,-,9.0°C,21%,1003hPa,-,North,21.6km/h/6.0m/s,-,N/A,,Clear
1997-7-7 6:00 PM,33.0°C,-,5.0°C,17%,1003hPa,10.0km,NNE,14.4km/h/4.0m/s,-,N/A,,Clear
1997-7-7 7:00 PM,32.0°C,-,4.0°C,17%,1004hPa,10.0km,NNE,10.8km/h/3.0m/s,-,N/A,,Clear
1997-7-7 8:00 PM,29.0°C,29.1°C,16.0°C,45%,1005hPa,10.0km,ENE,14.4km/h/4.0m/s,-,N/A,,Clear
1997-7-7 9:00 PM,28.0°C,28.3°C,16.0°C,48%,1006hPa,10.0km,ENE,18.0km/h/5.0m/s,-,N/A,,Partly Cloudy
1997-7-7 10:00 PM,26.0°C,-,16.0°C,54%,1008hPa,10.0km,East,14.4km/h/4.0m/s,-,N/A,,Clear
1997-7-7 11:00 PM,26.0°C,-,16.0°C,54%,1009hPa,10.0km,ENE,14.4km/h/4.0m/s,-,N/A,,Clear
