Time (CST),Temp.,Windchill,Dew Point,Humidity,Pressure,Visibility,Wind Dir,Wind Speed,Gust Speed,Precip,Events,Conditions
1997-10-9 12:00 AM,7.0°C,4.9°C,1.0°C,66%,1020hPa,10.0km,SE,10.8km/h/3.0m/s,-,N/A,,Clear
1997-10-9 1:00 AM,7.0°C,5.7°C,1.0°C,66%,1020hPa,10.0km,East,7.2km/h/2.0m/s,-,N/A,,Clear
1997-10-9 2:00 AM,8.0°C,6.9°C,1.0°C,62%,1020hPa,10.0km,East,7.2km/h/2.0m/s,-,N/A,,Clear
1997-10-9 3:00 AM,7.0°C,5.7°C,3.0°C,76%,1020hPa,10.0km,ENE,7.2km/h/2.0m/s,-,N/A,,Clear
1997-10-9 4:00 AM,7.0°C,5.7°C,2.0°C,71%,1019hPa,10.0km,East,7.2km/h/2.0m/s,-,N/A,,Clear
1997-10-9 5:00 AM,7.0°C,4.9°C,2.0°C,71%,1019hPa,10.0km,East,10.8km/h/3.0m/s,-,N/A,,Clear
1997-10-9 6:00 AM,6.0°C,4.5°C,2.0°C,76%,1019hPa,10.0km,SE,7.2km/h/2.0m/s,-,N/A,,Clear
1997-10-9 7:00 AM,6.0°C,3.7°C,3.0°C,81%,1019hPa,6.0km,ESE,10.8km/h/3.0m/s,-,N/A,,Partly Cloudy
1997-10-9 8:00 AM,9.0°C,-,4.0°C,71%,1019hPa,4.0km,Calm,Calm,-,N/A,,Partly Cloudy
1997-10-9 9:00 AM,13.0°C,-,5.0°C,58%,1019hPa,3.0km,ESE,3.6km/h/1.0m/s,-,N/A,,Clear
1997-10-9 10:00 AM,16.0°C,-,5.0°C,48%,1019hPa,3.0km,SSE,7.2km/h/2.0m/s,-,N/A,,Clear
1997-10-9 11:00 AM,19.0°C,-,6.0°C,43%,1018hPa,5.0km,West,10.8km/h/3.0m/s,-,N/A,,Clear
1997-10-9 12:00 PM,22.0°C,-,8.0°C,41%,1017hPa,8.0km,WNW,10.8km/h/3.0m/s,-,N/A,,Clear
1997-10-9 1:00 PM,24.0°C,-,6.0°C,31%,1016hPa,10.0km,SW,7.2km/h/2.0m/s,-,N/A,,Clear
1997-10-9 2:00 PM,25.0°C,-,6.0°C,29%,1015hPa,10.0km,SSW,7.2km/h/2.0m/s,-,N/A,,Clear
1997-10-9 3:00 PM,26.0°C,-,7.0°C,30%,1014hPa,10.0km,SW,10.8km/h/3.0m/s,-,N/A,,Clear
1997-10-9 4:00 PM,24.0°C,-,7.0°C,34%,1013hPa,-,SW,10.8km/h/3.0m/s,-,N/A,,Clear
1997-10-9 5:00 PM,24.0°C,-,-2.0°C,18%,1013hPa,-,WNW,14.4km/h/4.0m/s,-,N/A,,Clear
1997-10-9 6:00 PM,21.0°C,-,-1.0°C,23%,1014hPa,-,WNW,10.8km/h/3.0m/s,-,N/A,,Clear
1997-10-9 7:00 PM,17.0°C,-,-2.0°C,27%,1015hPa,-,NW,7.2km/h/2.0m/s,-,N/A,,Clear
1997-10-9 8:00 PM,14.0°C,-,0.0°C,38%,1016hPa,-,NE,3.6km/h/1.0m/s,-,N/A,,Clear
1997-10-9 9:00 PM,12.0°C,-,1.0°C,47%,1016hPa,10.0km,SE,7.2km/h/2.0m/s,-,N/A,,Clear
1997-10-9 10:00 PM,10.0°C,-,1.0°C,54%,1017hPa,10.0km,SSE,3.6km/h/1.0m/s,-,N/A,,Clear
1997-10-9 11:00 PM,9.0°C,-,1.0°C,58%,1017hPa,10.0km,SE,7.2km/h/2.0m/s,-,N/A,,Clear
