Time (CST),Temp.,Windchill,Dew Point,Humidity,Pressure,Visibility,Wind Dir,Wind Speed,Gust Speed,Precip,Events,Conditions
1997-10-31 12:00 AM,1.0°C,-,-9.0°C,48%,1034hPa,10.0km,Calm,Calm,-,N/A,,Clear
1997-10-31 1:00 AM,-1.0°C,-3.6°C,-8.0°C,60%,1034hPa,10.0km,East,7.2km/h/2.0m/s,-,N/A,,Clear
1997-10-31 3:00 AM,0.0°C,-2.5°C,-8.0°C,55%,1033hPa,10.0km,SE,7.2km/h/2.0m/s,-,N/A,,Clear
1997-10-31 4:00 AM,-2.0°C,-,-9.0°C,59%,1033hPa,10.0km,Calm,Calm,-,N/A,,Clear
1997-10-31 5:00 AM,-1.0°C,-,-8.0°C,60%,1034hPa,10.0km,Calm,Calm,-,N/A,,Clear
1997-10-31 6:00 AM,-3.0°C,-,-8.0°C,69%,1034hPa,10.0km,Calm,Calm,-,N/A,,Clear
1997-10-31 7:00 AM,-2.0°C,-,-8.0°C,64%,1034hPa,10.0km,Calm,Calm,-,N/A,,Clear
1997-10-31 8:00 AM,-1.0°C,-,-7.0°C,64%,1035hPa,10.0km,Calm,Calm,-,N/A,,Clear
1997-10-31 9:00 AM,4.0°C,-,-8.0°C,42%,1035hPa,10.0km,South,3.6km/h/1.0m/s,-,N/A,,Clear
1997-10-31 10:00 AM,8.0°C,-,-4.0°C,43%,1034hPa,10.0km,Calm,Calm,-,N/A,,Clear
1997-10-31 11:00 AM,10.0°C,-,-3.0°C,40%,1034hPa,10.0km,WNW,3.6km/h/1.0m/s,-,N/A,,Clear
1997-10-31 12:00 PM,12.0°C,-,-7.0°C,26%,1033hPa,10.0km,West,10.8km/h/3.0m/s,-,N/A,,Clear
1997-10-31 1:00 PM,13.0°C,-,-7.0°C,25%,1032hPa,-,NNW,3.6km/h/1.0m/s,-,N/A,,Clear
1997-10-31 2:00 PM,14.0°C,-,-8.0°C,21%,1031hPa,-,WSW,10.8km/h/3.0m/s,-,N/A,,Clear
1997-10-31 3:00 PM,15.0°C,-,-8.0°C,20%,1030hPa,-,SW,7.2km/h/2.0m/s,-,N/A,,Clear
1997-10-31 4:00 PM,14.0°C,-,-8.0°C,21%,1030hPa,-,SW,7.2km/h/2.0m/s,-,N/A,,Clear
1997-10-31 5:00 PM,13.0°C,-,-4.0°C,31%,1029hPa,-,SW,3.6km/h/1.0m/s,-,N/A,,Clear
1997-10-31 6:00 PM,11.0°C,-,-1.0°C,44%,1029hPa,-,Calm,Calm,-,N/A,,Clear
1997-10-31 7:00 PM,6.0°C,-,-8.0°C,36%,1030hPa,-,ENE,3.6km/h/1.0m/s,-,N/A,,Clear
1997-10-31 8:00 PM,3.0°C,-,-8.0°C,45%,1030hPa,-,East,3.6km/h/1.0m/s,-,N/A,,Clear
1997-10-31 9:00 PM,2.0°C,-0.1°C,-7.0°C,52%,1031hPa,10.0km,ESE,7.2km/h/2.0m/s,-,N/A,,Clear
1997-10-31 10:00 PM,3.0°C,-,-8.0°C,45%,1031hPa,10.0km,Calm,Calm,-,N/A,,Clear
1997-10-31 11:00 PM,3.0°C,-,-8.0°C,45%,1032hPa,10.0km,Calm,Calm,-,N/A,,Clear
