Time (CST),Temp.,Windchill,Dew Point,Humidity,Pressure,Visibility,Wind Dir,Wind Speed,Gust Speed,Precip,Events,Conditions
1997-1-2 5:00 AM,-12.0°C,-,-19.0°C,57%,1020hPa,10.0km,Calm,Calm,-,N/A,,Clear
1997-1-2 6:00 AM,-12.0°C,-,-20.0°C,52%,1019hPa,10.0km,Calm,Calm,-,N/A,,Clear
1997-1-2 7:00 AM,-13.0°C,-,-20.0°C,57%,1019hPa,10.0km,Calm,Calm,-,N/A,,Clear
1997-1-2 8:00 AM,-12.0°C,-,-19.0°C,57%,1019hPa,10.0km,Calm,Calm,-,N/A,,Clear
1997-1-2 9:00 AM,-11.0°C,-,-18.0°C,57%,1019hPa,10.0km,Calm,Calm,-,N/A,,Clear
1997-1-2 10:00 AM,-8.0°C,-,-23.0°C,30%,1019hPa,7.0km,East,3.6km/h/1.0m/s,-,N/A,,Partly Cloudy
1997-1-2 11:00 AM,-5.0°C,-,-25.0°C,20%,1018hPa,7.0km,Calm,Calm,-,N/A,,Partly Cloudy
1997-1-2 12:00 PM,-3.0°C,-,-23.0°C,21%,1017hPa,10.0km,SW,3.6km/h/1.0m/s,-,N/A,,Clear
1997-1-2 1:00 PM,-3.0°C,-5.9°C,-24.0°C,19%,1016hPa,10.0km,WSW,7.2km/h/2.0m/s,-,N/A,,Clear
1997-1-2 2:00 PM,-2.0°C,-,-21.0°C,23%,1015hPa,10.0km,Calm,Calm,-,N/A,,Clear
1997-1-2 3:00 PM,1.0°C,-,-14.0°C,32%,1014hPa,10.0km,Calm,Calm,-,N/A,,Clear
1997-1-2 4:00 PM,1.0°C,-,-19.0°C,22%,1015hPa,-,Calm,Calm,-,N/A,,Clear
1997-1-2 5:00 PM,0.0°C,-2.5°C,-16.0°C,30%,1016hPa,10.0km,WNW,7.2km/h/2.0m/s,-,N/A,,Clear
1997-1-2 6:00 PM,-1.0°C,-3.6°C,-16.0°C,32%,1016hPa,8.0km,NNW,7.2km/h/2.0m/s,-,N/A,,Mostly Cloudy
1997-1-2 7:00 PM,-1.0°C,-4.7°C,-24.0°C,16%,1017hPa,-,North,10.8km/h/3.0m/s,-,N/A,,Clear
1997-1-2 8:00 PM,-2.0°C,-,-17.0°C,31%,1018hPa,8.0km,Calm,Calm,-,N/A,,Mostly Cloudy
1997-1-2 10:00 PM,-2.0°C,-,-15.0°C,37%,1019hPa,-,Calm,Calm,-,N/A,,Clear
1997-1-2 11:00 PM,-3.0°C,-,-15.0°C,40%,1020hPa,-,South,3.6km/h/1.0m/s,-,N/A,,Clear
