Time (CST),Temp.,Dew Point,Humidity,Pressure,Visibility,Wind Dir,Wind Speed,Gust Speed,Precip,Events,Conditions
1997-5-18 12:00 AM,17.0°C,2.0°C,37%,1003hPa,10.0km,Calm,Calm,-,N/A,,Clear
1997-5-18 1:00 AM,16.0°C,2.0°C,39%,1002hPa,10.0km,East,14.4km/h/4.0m/s,-,N/A,,Clear
1997-5-18 2:00 AM,15.0°C,3.0°C,45%,1002hPa,10.0km,ESE,14.4km/h/4.0m/s,-,N/A,,Clear
1997-5-18 3:00 AM,15.0°C,3.0°C,45%,1002hPa,10.0km,East,7.2km/h/2.0m/s,-,N/A,,Clear
1997-5-18 4:00 AM,14.0°C,3.0°C,48%,1003hPa,10.0km,East,10.8km/h/3.0m/s,-,N/A,,Clear
1997-5-18 7:00 AM,16.0°C,1.0°C,36%,1005hPa,10.0km,WNW,18.0km/h/5.0m/s,-,N/A,,Clear
1997-5-18 8:00 AM,21.0°C,0.0°C,25%,1006hPa,10.0km,NE,7.2km/h/2.0m/s,-,N/A,,Clear
1997-5-18 9:00 AM,23.0°C,-1.0°C,20%,1006hPa,-,NE,10.8km/h/3.0m/s,-,N/A,,Clear
1997-5-18 10:00 AM,24.0°C,-1.0°C,19%,1006hPa,-,West,32.4km/h/9.0m/s,-,N/A,,Clear
1997-5-18 11:00 AM,24.0°C,-8.0°C,11%,1007hPa,10.0km,WNW,28.8km/h/8.0m/s,-,N/A,,Clear
1997-5-18 12:00 PM,25.0°C,-9.0°C,10%,1007hPa,10.0km,NNW,18.0km/h/5.0m/s,-,N/A,,Partly Cloudy
1997-5-18 1:00 PM,26.0°C,-7.0°C,11%,1006hPa,10.0km,NW,21.6km/h/6.0m/s,-,N/A,,Partly Cloudy
1997-5-18 2:00 PM,26.0°C,-7.0°C,11%,1006hPa,10.0km,NW,21.6km/h/6.0m/s,-,N/A,,Partly Cloudy
1997-5-18 3:00 PM,26.0°C,-8.0°C,10%,1005hPa,10.0km,North,21.6km/h/6.0m/s,-,N/A,,Partly Cloudy
1997-5-18 4:00 PM,26.0°C,-6.0°C,12%,1005hPa,10.0km,NW,21.6km/h/6.0m/s,-,N/A,,Partly Cloudy
1997-5-18 5:00 PM,25.0°C,-11.0°C,9%,1005hPa,10.0km,WNW,32.4km/h/9.0m/s,-,N/A,,Partly Cloudy
1997-5-18 6:00 PM,24.0°C,-14.0°C,7%,1005hPa,10.0km,NW,25.2km/h/7.0m/s,-,N/A,,Clear
1997-5-18 7:00 PM,23.0°C,-16.0°C,6%,1006hPa,10.0km,NNW,32.4km/h/9.0m/s,-,N/A,,Clear
1997-5-18 8:00 PM,21.0°C,-13.0°C,9%,1008hPa,10.0km,North,21.6km/h/6.0m/s,-,N/A,,Clear
1997-5-18 9:00 PM,21.0°C,-11.0°C,11%,1009hPa,10.0km,NNW,28.8km/h/8.0m/s,-,N/A,,Clear
1997-5-18 10:00 PM,20.0°C,-10.0°C,12%,1011hPa,10.0km,NNW,21.6km/h/6.0m/s,-,N/A,,Clear
1997-5-18 11:00 PM,19.0°C,-11.0°C,12%,1011hPa,10.0km,WNW,10.8km/h/3.0m/s,-,N/A,,Clear
