Time (CST),Temp.,Dew Point,Humidity,Pressure,Visibility,Wind Dir,Wind Speed,Gust Speed,Precip,Events,Conditions
1997-6-18 2:00 AM,20.0°C,11.0°C,56%,1010hPa,-,Calm,Calm,-,N/A,,Clear
1997-6-18 5:00 AM,15.0°C,9.0°C,67%,1009hPa,10.0km,East,10.8km/h/3.0m/s,-,N/A,,Mostly Cloudy
1997-6-18 6:00 AM,15.0°C,10.0°C,72%,1010hPa,-,East,7.2km/h/2.0m/s,-,N/A,,Clear
1997-6-18 7:00 AM,18.0°C,13.0°C,73%,1010hPa,-,Calm,Calm,-,N/A,,Clear
1997-6-18 8:00 AM,20.0°C,12.0°C,60%,1010hPa,-,Calm,Calm,-,N/A,,Clear
1997-6-18 9:00 AM,24.0°C,12.0°C,47%,1010hPa,-,Calm,Calm,-,N/A,,Clear
1997-6-18 10:00 AM,25.0°C,11.0°C,41%,1010hPa,-,South,10.8km/h/3.0m/s,-,N/A,,Clear
1997-6-18 11:00 AM,27.0°C,10.0°C,34%,1010hPa,-,SW,14.4km/h/4.0m/s,-,N/A,,Clear
1997-6-18 12:00 PM,29.0°C,10.0°C,30%,1009hPa,-,SW,10.8km/h/3.0m/s,-,N/A,,Clear
1997-6-18 1:00 PM,31.0°C,5.0°C,19%,1008hPa,10.0km,NNW,10.8km/h/3.0m/s,-,N/A,,Mostly Cloudy
1997-6-18 2:00 PM,30.0°C,6.0°C,22%,1008hPa,10.0km,Calm,Calm,-,N/A,,Mostly Cloudy
1997-6-18 3:00 PM,31.0°C,-1.0°C,13%,1007hPa,10.0km,NW,28.8km/h/8.0m/s,-,N/A,,Mostly Cloudy
1997-6-18 4:00 PM,31.0°C,6.0°C,21%,1006hPa,10.0km,NNW,7.2km/h/2.0m/s,-,N/A,,Scattered Clouds
1997-6-18 5:00 PM,31.0°C,8.0°C,24%,1006hPa,10.0km,SSW,14.4km/h/4.0m/s,-,N/A,,Mostly Cloudy
1997-6-18 6:00 PM,30.0°C,11.0°C,31%,1005hPa,10.0km,SW,14.4km/h/4.0m/s,-,N/A,,Mostly Cloudy
1997-6-18 7:00 PM,30.0°C,10.0°C,29%,1005hPa,10.0km,SW,10.8km/h/3.0m/s,-,N/A,,Mostly Cloudy
1997-6-18 8:00 PM,28.0°C,10.0°C,32%,1006hPa,10.0km,Calm,Calm,-,N/A,,Partly Cloudy
1997-6-18 9:00 PM,26.0°C,11.0°C,39%,1006hPa,10.0km,ENE,7.2km/h/2.0m/s,-,N/A,,Partly Cloudy
1997-6-18 10:00 PM,23.0°C,9.0°C,41%,1007hPa,-,Calm,Calm,-,N/A,,Clear
1997-6-18 11:00 PM,23.0°C,8.0°C,38%,1007hPa,-,East,7.2km/h/2.0m/s,-,N/A,,Clear
