Time (CST),Temp.,Windchill,Dew Point,Humidity,Pressure,Visibility,Wind Dir,Wind Speed,Gust Speed,Precip,Events,Conditions
1998-1-28 12:00 AM,-6.0°C,-,-17.0°C,42%,1035hPa,10.0km,Calm,Calm,-,N/A,,Clear
1998-1-28 1:00 AM,-9.0°C,-,-17.0°C,53%,1036hPa,10.0km,Calm,Calm,-,N/A,,Clear
1998-1-28 2:00 AM,-11.0°C,-,-18.0°C,57%,1036hPa,10.0km,Calm,Calm,-,N/A,,Clear
1998-1-28 3:00 AM,-11.0°C,-,-19.0°C,53%,1036hPa,10.0km,ENE,3.6km/h/1.0m/s,-,N/A,,Clear
1998-1-28 4:00 AM,-10.0°C,-,-16.0°C,62%,1036hPa,10.0km,West,3.6km/h/1.0m/s,-,N/A,,Clear
1998-1-28 5:00 AM,-11.0°C,-15.3°C,-17.0°C,62%,1036hPa,10.0km,NNW,7.2km/h/2.0m/s,-,N/A,,Clear
1998-1-28 6:00 AM,-10.0°C,-14.1°C,-16.0°C,62%,1036hPa,10.0km,NW,7.2km/h/2.0m/s,-,N/A,,Clear
1998-1-28 7:00 AM,-11.0°C,-15.3°C,-17.0°C,62%,1037hPa,6.0km,North,7.2km/h/2.0m/s,-,N/A,,Clear
1998-1-28 9:00 AM,-10.0°C,-,-16.0°C,62%,1038hPa,3.0km,Calm,Calm,-,N/A,,Smoke
1998-1-28 10:00 AM,-6.0°C,-10.7°C,-16.0°C,46%,1038hPa,6.0km,NNW,10.8km/h/3.0m/s,-,N/A,,Unknown
1998-1-28 11:00 AM,-4.0°C,-8.3°C,-16.0°C,40%,1038hPa,8.0km,NNW,10.8km/h/3.0m/s,-,N/A,,Clear
1998-1-28 12:00 PM,-3.0°C,-5.9°C,-16.0°C,37%,1038hPa,8.0km,West,7.2km/h/2.0m/s,-,N/A,,Clear
1998-1-28 1:00 PM,-2.0°C,-4.8°C,-,N/A%,-,5.0km,WSW,7.2km/h/2.0m/s,-,N/A,,Smoke
1998-1-28 2:00 PM,-1.0°C,-3.6°C,-15.0°C,34%,1035hPa,5.0km,SSW,7.2km/h/2.0m/s,-,N/A,,Smoke
1998-1-28 3:00 PM,-1.0°C,-3.6°C,-16.0°C,32%,1034hPa,6.0km,WSW,7.2km/h/2.0m/s,-,N/A,,Clear
1998-1-28 4:00 PM,0.0°C,-,-16.0°C,30%,1034hPa,8.0km,SSW,3.6km/h/1.0m/s,-,N/A,,Clear
1998-1-28 5:00 PM,-1.0°C,-,-17.0°C,29%,1033hPa,10.0km,SW,3.6km/h/1.0m/s,-,N/A,,Clear
1998-1-28 6:00 PM,-1.0°C,-,-16.0°C,32%,1033hPa,10.0km,Calm,Calm,-,N/A,,Clear
1998-1-28 7:00 PM,-5.0°C,-,-17.0°C,39%,1034hPa,10.0km,Calm,Calm,-,N/A,,Clear
1998-1-28 8:00 PM,-,-,-,N/A%,1033hPa,10.0km,Variable,3.6km/h/1.0m/s,-,N/A,,Clear
1998-1-28 9:00 PM,-10.0°C,-,-19.0°C,49%,1033hPa,10.0km,ESE,3.6km/h/1.0m/s,-,N/A,,Clear
1998-1-28 10:00 PM,-9.0°C,-,-19.0°C,45%,1033hPa,10.0km,Calm,Calm,-,N/A,,Clear
1998-1-28 11:00 PM,-11.0°C,-,-20.0°C,48%,1033hPa,10.0km,SE,3.6km/h/1.0m/s,-,N/A,,Clear
