Time (CST),Temp.,Windchill,Dew Point,Humidity,Pressure,Visibility,Wind Dir,Wind Speed,Gust Speed,Precip,Events,Conditions
1997-10-14 12:00 AM,8.0°C,6.9°C,-2.0°C,50%,1018hPa,10.0km,ESE,7.2km/h/2.0m/s,-,N/A,,Clear
1997-10-14 1:00 AM,7.0°C,-,-2.0°C,53%,1018hPa,10.0km,Calm,Calm,-,N/A,,Clear
1997-10-14 2:00 AM,5.0°C,3.4°C,0.0°C,70%,1018hPa,10.0km,SE,7.2km/h/2.0m/s,-,N/A,,Clear
1997-10-14 3:00 AM,3.0°C,0.1°C,-1.0°C,75%,1018hPa,10.0km,SE,10.8km/h/3.0m/s,-,N/A,,Clear
1997-10-14 4:00 AM,4.0°C,-,-1.0°C,70%,1018hPa,10.0km,Calm,Calm,-,N/A,,Clear
1997-10-14 5:00 AM,3.0°C,-,-1.0°C,75%,1018hPa,10.0km,Calm,Calm,-,N/A,,Clear
1997-10-14 6:00 AM,2.0°C,-,-2.0°C,75%,1019hPa,10.0km,ESE,3.6km/h/1.0m/s,-,N/A,,Clear
1997-10-14 7:00 AM,3.0°C,-,0.0°C,81%,1019hPa,-,NNE,3.6km/h/1.0m/s,-,N/A,,Clear
1997-10-14 8:00 AM,7.0°C,-,0.0°C,61%,1019hPa,-,NNW,3.6km/h/1.0m/s,-,N/A,,Clear
1997-10-14 9:00 AM,11.0°C,-,-1.0°C,44%,1020hPa,-,Calm,Calm,-,N/A,,Clear
1997-10-14 10:00 AM,14.0°C,-,-1.0°C,36%,1019hPa,-,Calm,Calm,-,N/A,,Clear
1997-10-14 11:00 AM,18.0°C,-,0.0°C,30%,1019hPa,-,Calm,Calm,-,N/A,,Clear
1997-10-14 12:00 PM,20.0°C,-,-1.0°C,24%,1018hPa,-,WSW,3.6km/h/1.0m/s,-,N/A,,Clear
1997-10-14 1:00 PM,23.0°C,-,-1.0°C,20%,1017hPa,-,South,7.2km/h/2.0m/s,-,N/A,,Clear
1997-10-14 2:00 PM,23.0°C,-,-2.0°C,19%,1016hPa,-,SSW,7.2km/h/2.0m/s,-,N/A,,Clear
1997-10-14 3:00 PM,24.0°C,-,-2.0°C,18%,1015hPa,-,SW,7.2km/h/2.0m/s,-,N/A,,Clear
1997-10-14 4:00 PM,24.0°C,-,-3.0°C,17%,1015hPa,-,WSW,10.8km/h/3.0m/s,-,N/A,,Clear
1997-10-14 5:00 PM,22.0°C,-,-7.0°C,14%,1015hPa,-,SW,10.8km/h/3.0m/s,-,N/A,,Clear
1997-10-14 6:00 PM,18.0°C,-,-4.0°C,22%,1015hPa,-,SSE,7.2km/h/2.0m/s,-,N/A,,Clear
1997-10-14 7:00 PM,15.0°C,-,-3.0°C,29%,1015hPa,-,East,7.2km/h/2.0m/s,-,N/A,,Clear
1997-10-14 8:00 PM,12.0°C,-,-4.0°C,33%,1016hPa,-,SSE,3.6km/h/1.0m/s,-,N/A,,Clear
1997-10-14 9:00 PM,11.0°C,-,-3.0°C,38%,1017hPa,-,SE,10.8km/h/3.0m/s,-,N/A,,Clear
1997-10-14 10:00 PM,12.0°C,-,-2.0°C,38%,1017hPa,-,ESE,10.8km/h/3.0m/s,-,N/A,,Clear
1997-10-14 11:00 PM,9.0°C,-,-1.0°C,50%,1017hPa,-,ESE,10.8km/h/3.0m/s,-,N/A,,Clear
