Time (CST),Temp.,Windchill,Dew Point,Humidity,Pressure,Visibility,Wind Dir,Wind Speed,Gust Speed,Precip,Events,Conditions
1997-10-25 12:00 AM,3.0°C,0.1°C,-18.0°C,20%,1030hPa,10.0km,North,10.8km/h/3.0m/s,-,N/A,,Clear
1997-10-25 1:00 AM,3.0°C,0.1°C,-20.0°C,17%,1030hPa,10.0km,North,10.8km/h/3.0m/s,-,N/A,,Clear
1997-10-25 2:00 AM,2.0°C,-1.1°C,-20.0°C,18%,1030hPa,10.0km,North,10.8km/h/3.0m/s,-,N/A,,Clear
1997-10-25 5:00 AM,-4.0°C,-7.1°C,-15.0°C,43%,1030hPa,10.0km,SE,7.2km/h/2.0m/s,-,N/A,,Clear
1997-10-25 6:00 AM,-6.0°C,-9.4°C,-16.0°C,46%,1030hPa,10.0km,ESE,7.2km/h/2.0m/s,-,N/A,,Clear
1997-10-25 7:00 AM,-6.0°C,-9.4°C,-15.0°C,50%,1030hPa,-,ESE,7.2km/h/2.0m/s,-,N/A,,Clear
1997-10-25 8:00 AM,-1.0°C,-,-14.0°C,37%,1031hPa,-,South,3.6km/h/1.0m/s,-,N/A,,Clear
1997-10-25 9:00 AM,3.0°C,-,-16.0°C,24%,1032hPa,-,Calm,Calm,-,N/A,,Clear
1997-10-25 10:00 AM,6.0°C,-,-16.0°C,19%,1031hPa,-,SSW,3.6km/h/1.0m/s,-,N/A,,Clear
1997-10-25 11:00 AM,8.0°C,6.9°C,-19.0°C,13%,1031hPa,-,WNW,7.2km/h/2.0m/s,-,N/A,,Clear
1997-10-25 12:00 PM,9.0°C,-,-20.0°C,11%,1030hPa,-,NNW,14.4km/h/4.0m/s,-,N/A,,Clear
1997-10-25 1:00 PM,11.0°C,-,-19.0°C,11%,1029hPa,-,West,14.4km/h/4.0m/s,-,N/A,,Clear
1997-10-25 2:00 PM,10.0°C,-,-20.0°C,11%,1028hPa,-,West,10.8km/h/3.0m/s,-,N/A,,Clear
1997-10-25 5:00 PM,11.0°C,-,-24.0°C,7%,1027hPa,-,NW,7.2km/h/2.0m/s,-,N/A,,Clear
1997-10-25 7:00 PM,8.0°C,6.1°C,-19.0°C,13%,1029hPa,-,WNW,10.8km/h/3.0m/s,-,N/A,,Clear
1997-10-25 8:00 PM,6.0°C,3.7°C,-19.0°C,15%,1030hPa,-,NNW,10.8km/h/3.0m/s,-,N/A,,Clear
1997-10-25 9:00 PM,4.0°C,-,-12.0°C,31%,1030hPa,-,East,3.6km/h/1.0m/s,-,N/A,,Clear
1997-10-25 10:00 PM,0.0°C,-2.5°C,-14.0°C,35%,1031hPa,-,East,7.2km/h/2.0m/s,-,N/A,,Clear
1997-10-25 11:00 PM,-1.0°C,-3.6°C,-15.0°C,34%,1031hPa,-,ESE,7.2km/h/2.0m/s,-,N/A,,Clear
