Time (CST),Temp.,Windchill,Dew Point,Humidity,Pressure,Visibility,Wind Dir,Wind Speed,Gust Speed,Precip,Events,Conditions
1998-11-16 12:00 AM,44.6°F,38.2°F,37.4°F,76%,30.04in,2.5mi,East,13.4mph,-,N/A,,Blowing Sand
1998-11-16 1:00 AM,44.6°F,39.8°F,37.4°F,76%,30.04in,3.7mi,East,8.9mph,-,N/A,,Light Blowing Widespread Dust
1998-11-16 2:00 AM,42.8°F,37.6°F,35.6°F,76%,30.06in,-,East,8.9mph,-,N/A,,Clear
1998-11-16 3:00 AM,39.2°F,33.1°F,33.8°F,81%,30.06in,6.2mi,East,8.9mph,-,N/A,,Clear
1998-11-16 4:00 AM,37.4°F,33.9°F,33.8°F,87%,30.06in,6.2mi,East,4.5mph,-,N/A,,Clear
1998-11-16 5:00 AM,33.8°F,-,32.0°F,93%,30.06in,6.2mi,Calm,Calm,-,N/A,,Clear
1998-11-16 6:00 AM,33.8°F,-,32.0°F,93%,30.09in,6.2mi,Calm,Calm,-,N/A,,Clear
1998-11-16 7:00 AM,30.2°F,-,30.2°F,100%,30.12in,2.5mi,Calm,Calm,-,N/A,,Clear
1998-11-16 8:00 AM,30.2°F,-,30.2°F,100%,30.12in,1.6mi,Calm,Calm,-,N/A,,Clear
1998-11-16 9:00 AM,35.6°F,-,33.8°F,93%,30.15in,1.2mi,Calm,Calm,-,N/A,,Partly Cloudy
1998-11-16 10:00 AM,48.2°F,-,17.6°F,30%,30.15in,-,WNW,11.2mph,-,N/A,,Clear
1998-11-16 11:00 AM,48.2°F,-,14.0°F,25%,30.18in,6.2mi,WNW,15.7mph,-,N/A,,Mostly Cloudy
1998-11-16 12:00 PM,48.2°F,-,10.4°F,22%,30.15in,-,WNW,22.4mph,-,N/A,,Clear
1998-11-16 1:00 PM,48.2°F,-,5.0°F,17%,30.15in,3.7mi,WNW,24.6mph,-,N/A,,Scattered Clouds
1998-11-16 2:00 PM,48.2°F,-,6.8°F,19%,30.15in,5.0mi,WNW,17.9mph,-,N/A,,Scattered Clouds
1998-11-16 4:00 PM,44.6°F,36.0°F,-0.4°F,15%,30.18in,6.2mi,NW,22.4mph,-,N/A,,Clear
1998-11-16 5:00 PM,42.8°F,34.1°F,-4.0°F,14%,30.18in,6.2mi,NW,20.1mph,-,N/A,,Clear
1998-11-16 6:00 PM,41.0°F,30.8°F,-7.6°F,13%,30.21in,6.2mi,NW,24.6mph,-,N/A,,Clear
1998-11-16 7:00 PM,39.2°F,31.3°F,-5.8°F,15%,30.24in,6.2mi,WNW,13.4mph,-,N/A,,Clear
1998-11-16 8:00 PM,37.4°F,30.9°F,-7.6°F,15%,30.24in,6.2mi,WNW,8.9mph,-,N/A,,Clear
1998-11-16 9:00 PM,33.8°F,26.5°F,-9.4°F,15%,30.27in,6.2mi,NW,8.9mph,-,N/A,,Clear
1998-11-16 10:00 PM,33.8°F,24.5°F,-16.6°F,11%,30.27in,6.2mi,NW,13.4mph,-,N/A,,Clear
1998-11-16 11:00 PM,32.0°F,24.3°F,-13.0°F,14%,30.27in,6.2mi,WNW,8.9mph,-,N/A,,Clear
