Time (CST),Temp.,Heat Index,Dew Point,Humidity,Pressure,Visibility,Wind Dir,Wind Speed,Gust Speed,Precip,Events,Conditions
1997-8-28 12:00 AM,22.0°C,-,17.0°C,73%,1009hPa,10.0km,SE,10.8km/h/3.0m/s,-,N/A,,Clear
1997-8-28 1:00 AM,21.0°C,-,17.0°C,78%,1009hPa,10.0km,SE,10.8km/h/3.0m/s,-,N/A,,Clear
1997-8-28 2:00 AM,21.0°C,-,17.0°C,78%,1008hPa,5.0km,SE,10.8km/h/3.0m/s,-,N/A,,Smoke
1997-8-28 3:00 AM,19.0°C,-,16.0°C,83%,1008hPa,5.0km,ESE,10.8km/h/3.0m/s,-,N/A,,Smoke
1997-8-28 4:00 AM,21.0°C,-,17.0°C,78%,1008hPa,5.0km,SE,10.8km/h/3.0m/s,-,N/A,,Smoke
1997-8-28 5:00 AM,19.0°C,-,17.0°C,88%,1008hPa,7.0km,SE,10.8km/h/3.0m/s,-,N/A,,Scattered Clouds
1997-8-28 6:00 AM,19.0°C,-,17.0°C,88%,1009hPa,8.0km,SE,7.2km/h/2.0m/s,-,N/A,,Partly Cloudy
1997-8-28 7:00 AM,19.0°C,-,17.0°C,88%,1010hPa,-,NW,3.6km/h/1.0m/s,-,N/A,,Clear
1997-8-28 8:00 AM,23.0°C,-,19.0°C,78%,1010hPa,-,NNW,7.2km/h/2.0m/s,-,N/A,,Clear
1997-8-28 9:00 AM,24.0°C,-,18.0°C,69%,1010hPa,-,WSW,3.6km/h/1.0m/s,-,N/A,,Clear
1997-8-28 10:00 AM,26.0°C,-,18.0°C,61%,1010hPa,7.0km,Calm,Calm,-,N/A,,Partly Cloudy
1997-8-28 11:00 AM,28.0°C,29.2°C,19.0°C,58%,1010hPa,7.0km,Calm,Calm,-,N/A,,Partly Cloudy
1997-8-28 12:00 PM,30.0°C,30.7°C,18.0°C,48%,1009hPa,7.0km,SSE,3.6km/h/1.0m/s,-,N/A,,Mostly Cloudy
1997-8-28 1:00 PM,31.0°C,33.0°C,20.0°C,52%,1009hPa,8.0km,East,21.6km/h/6.0m/s,-,N/A,,Mostly Cloudy
1997-8-28 2:00 PM,32.0°C,34.9°C,21.0°C,52%,1008hPa,8.0km,East,25.2km/h/7.0m/s,-,N/A,,Mostly Cloudy
1997-8-28 3:00 PM,31.0°C,32.4°C,19.0°C,49%,1008hPa,10.0km,East,25.2km/h/7.0m/s,-,N/A,,Mostly Cloudy
1997-8-28 4:00 PM,29.0°C,30.3°C,19.0°C,55%,1008hPa,10.0km,East,25.2km/h/7.0m/s,-,N/A,,Mostly Cloudy
1997-8-28 5:00 PM,29.0°C,29.8°C,18.0°C,51%,1008hPa,10.0km,East,21.6km/h/6.0m/s,-,N/A,,Mostly Cloudy
1997-8-28 6:00 PM,27.0°C,28.5°C,20.0°C,65%,1008hPa,10.0km,ENE,21.6km/h/6.0m/s,-,N/A,Rain,Light Rain Showers
1997-8-28 7:00 PM,24.0°C,-,20.0°C,78%,1009hPa,10.0km,East,18.0km/h/5.0m/s,-,N/A,Rain,Light Rain Showers
1997-8-28 8:00 PM,26.0°C,-,16.0°C,54%,1010hPa,10.0km,East,21.6km/h/6.0m/s,39.6km/h/11.0m/s,N/A,,Overcast
1997-8-28 9:00 PM,25.0°C,-,14.0°C,50%,1010hPa,10.0km,East,18.0km/h/5.0m/s,-,N/A,,Mostly Cloudy
1997-8-28 10:00 PM,25.0°C,-,11.0°C,41%,1011hPa,10.0km,East,14.4km/h/4.0m/s,-,N/A,,Mostly Cloudy
1997-8-28 11:00 PM,24.0°C,-,12.0°C,47%,1012hPa,-,East,14.4km/h/4.0m/s,-,N/A,,Clear
