Time (CST),Temp.,Windchill,Dew Point,Humidity,Pressure,Visibility,Wind Dir,Wind Speed,Gust Speed,Precip,Events,Conditions
1997-9-8 12:00 AM,22.0°C,-,18.0°C,78%,1013hPa,-,East,7.2km/h/2.0m/s,-,N/A,,Clear
1997-9-8 1:00 AM,22.0°C,-,19.0°C,83%,1013hPa,-,ESE,10.8km/h/3.0m/s,-,N/A,,Clear
1997-9-8 2:00 AM,19.0°C,-,17.0°C,88%,1013hPa,-,ESE,7.2km/h/2.0m/s,-,N/A,,Clear
1997-9-8 3:00 AM,18.0°C,-,17.0°C,94%,1013hPa,-,SE,10.8km/h/3.0m/s,-,N/A,,Clear
1997-9-8 4:00 AM,17.0°C,-,16.0°C,94%,1013hPa,-,SE,10.8km/h/3.0m/s,-,N/A,,Clear
1997-9-8 5:00 AM,17.0°C,-,16.0°C,94%,1013hPa,-,ESE,10.8km/h/3.0m/s,-,N/A,,Clear
1997-9-8 6:00 AM,7.0°C,5.7°C,6.0°C,93%,1013hPa,8.0km,SE,7.2km/h/2.0m/s,-,N/A,,Scattered Clouds
1997-9-8 8:00 AM,21.0°C,-,16.0°C,73%,1013hPa,5.0km,Calm,Calm,-,N/A,,Smoke
1997-9-8 9:00 AM,24.0°C,-,17.0°C,65%,1013hPa,6.0km,SE,3.6km/h/1.0m/s,-,N/A,,Clear
1997-9-8 10:00 AM,26.0°C,-,17.0°C,57%,1013hPa,10.0km,West,3.6km/h/1.0m/s,-,N/A,,Clear
1997-9-8 11:00 AM,28.0°C,-,18.0°C,54%,1013hPa,10.0km,SSE,10.8km/h/3.0m/s,-,N/A,,Clear
1997-9-8 12:00 PM,29.0°C,-,18.0°C,51%,1012hPa,10.0km,SW,10.8km/h/3.0m/s,-,N/A,,Clear
1997-9-8 1:00 PM,32.0°C,-,18.0°C,43%,1011hPa,10.0km,SSW,10.8km/h/3.0m/s,-,N/A,,Clear
1997-9-8 2:00 PM,33.0°C,-,17.0°C,38%,1010hPa,10.0km,SSW,10.8km/h/3.0m/s,-,N/A,,Clear
1997-9-8 3:00 PM,34.0°C,-,17.0°C,36%,1009hPa,10.0km,South,10.8km/h/3.0m/s,-,N/A,,Clear
1997-9-8 4:00 PM,34.0°C,-,16.0°C,34%,1008hPa,10.0km,SSW,7.2km/h/2.0m/s,-,N/A,,Clear
1997-9-8 5:00 PM,33.0°C,-,16.0°C,36%,1008hPa,10.0km,SW,7.2km/h/2.0m/s,-,N/A,,Clear
1997-9-8 6:00 PM,32.0°C,-,16.0°C,38%,1008hPa,10.0km,South,7.2km/h/2.0m/s,-,N/A,,Clear
1997-9-8 7:00 PM,28.0°C,-,18.0°C,54%,1008hPa,-,SE,7.2km/h/2.0m/s,-,N/A,,Clear
1997-9-8 8:00 PM,26.0°C,-,17.0°C,57%,1009hPa,-,ESE,7.2km/h/2.0m/s,-,N/A,,Clear
1997-9-8 9:00 PM,25.0°C,-,17.0°C,61%,1009hPa,-,SSE,10.8km/h/3.0m/s,-,N/A,,Clear
1997-9-8 10:00 PM,27.0°C,-,14.0°C,45%,1010hPa,-,SSE,7.2km/h/2.0m/s,-,N/A,,Clear
1997-9-8 11:00 PM,24.0°C,-,15.0°C,57%,1010hPa,-,ESE,10.8km/h/3.0m/s,-,N/A,,Clear
