Time (CST),Temp.,Heat Index,Dew Point,Humidity,Pressure,Visibility,Wind Dir,Wind Speed,Gust Speed,Precip,Events,Conditions
1997-9-9 1:00 AM,24.0°C,-,15.0°C,57%,1011hPa,-,SE,10.8km/h/3.0m/s,-,N/A,,Clear
1997-9-9 4:00 AM,22.0°C,-,16.0°C,69%,1010hPa,-,SE,7.2km/h/2.0m/s,-,N/A,,Clear
1997-9-9 5:00 AM,22.0°C,-,15.0°C,64%,1011hPa,-,SE,3.6km/h/1.0m/s,-,N/A,,Clear
1997-9-9 6:00 AM,20.0°C,-,15.0°C,73%,1011hPa,-,SE,10.8km/h/3.0m/s,-,N/A,,Clear
1997-9-9 7:00 AM,20.0°C,-,15.0°C,73%,1012hPa,-,SSE,7.2km/h/2.0m/s,-,N/A,,Clear
1997-9-9 8:00 AM,22.0°C,-,16.0°C,69%,1012hPa,-,Calm,Calm,-,N/A,,Clear
1997-9-9 9:00 AM,26.0°C,-,15.0°C,51%,1012hPa,-,Calm,Calm,-,N/A,,Clear
1997-9-9 10:00 AM,28.0°C,28.3°C,16.0°C,48%,1012hPa,-,SSE,7.2km/h/2.0m/s,-,N/A,,Clear
1997-9-9 11:00 AM,29.0°C,29.1°C,16.0°C,45%,1012hPa,-,Calm,Calm,-,N/A,,Clear
1997-9-9 12:00 PM,31.0°C,30.9°C,16.0°C,40%,1012hPa,-,NW,3.6km/h/1.0m/s,-,N/A,,Clear
1997-9-9 1:00 PM,32.0°C,31.2°C,14.0°C,33%,1011hPa,-,SE,10.8km/h/3.0m/s,-,N/A,,Clear
1997-9-9 2:00 PM,32.0°C,32.3°C,17.0°C,40%,1011hPa,-,East,28.8km/h/8.0m/s,-,N/A,,Clear
1997-9-9 3:00 PM,30.0°C,31.9°C,20.0°C,55%,1011hPa,7.0km,East,25.2km/h/7.0m/s,-,N/A,,Mostly Cloudy
1997-9-9 4:00 PM,28.0°C,29.2°C,19.0°C,58%,-,5.0km,East,28.8km/h/8.0m/s,50.4km/h/14.0m/s,N/A,,Sand
1997-9-9 5:00 PM,26.0°C,-,19.0°C,65%,1011hPa,5.0km,East,36.0km/h/10.0m/s,-,N/A,,Sand
1997-9-9 6:00 PM,24.0°C,-,19.0°C,73%,1012hPa,5.0km,ENE,36.0km/h/10.0m/s,54.0km/h/15.0m/s,N/A,,Sand
1997-9-9 7:00 PM,23.0°C,-,19.0°C,78%,1013hPa,6.0km,East,39.6km/h/11.0m/s,-,N/A,,Mostly Cloudy
1997-9-9 8:00 PM,22.0°C,-,18.0°C,78%,1016hPa,10.0km,East,36.0km/h/10.0m/s,-,N/A,,Overcast
1997-9-9 9:00 PM,21.0°C,-,17.0°C,78%,1017hPa,10.0km,East,36.0km/h/10.0m/s,54.0km/h/15.0m/s,N/A,,Mostly Cloudy
1997-9-9 10:00 PM,19.0°C,-,15.0°C,78%,1018hPa,10.0km,East,28.8km/h/8.0m/s,50.4km/h/14.0m/s,N/A,,Mostly Cloudy
1997-9-9 11:00 PM,19.0°C,-,15.0°C,78%,1019hPa,10.0km,East,28.8km/h/8.0m/s,-,N/A,,Mostly Cloudy
