Time (CST),Temp.,Windchill,Dew Point,Humidity,Pressure,Visibility,Wind Dir,Wind Speed,Gust Speed,Precip,Events,Conditions
1997-12-29 12:00 AM,-2.0°C,-,-13.0°C,43%,1024hPa,3.5km,Calm,Calm,-,N/A,,Smoke
1997-12-29 1:00 AM,-2.0°C,-,-12.0°C,47%,1024hPa,3.0km,Calm,Calm,-,N/A,,Smoke
1997-12-29 2:00 AM,-3.0°C,-,-12.0°C,51%,1024hPa,3.0km,Calm,Calm,-,N/A,,Smoke
1997-12-29 3:00 AM,-3.0°C,-,-11.0°C,55%,1023hPa,3.0km,East,3.6km/h/1.0m/s,-,N/A,,Smoke
1997-12-29 4:00 AM,-3.0°C,-,-11.0°C,55%,1023hPa,3.0km,SE,3.6km/h/1.0m/s,-,N/A,,Smoke
1997-12-29 6:00 AM,-7.0°C,-,-13.0°C,63%,1022hPa,2.9km,ESE,3.6km/h/1.0m/s,-,N/A,,Smoke
1997-12-29 7:00 AM,-6.0°C,-,-13.0°C,58%,1022hPa,3.0km,East,3.6km/h/1.0m/s,-,N/A,,Smoke
1997-12-29 8:00 AM,-7.0°C,-,-14.0°C,58%,1022hPa,2.8km,North,3.6km/h/1.0m/s,-,N/A,,Smoke
1997-12-29 9:00 AM,-6.0°C,-,-13.0°C,58%,1023hPa,2.5km,East,3.6km/h/1.0m/s,-,N/A,,Smoke
1997-12-29 10:00 AM,-3.0°C,-,-12.0°C,51%,1023hPa,2.4km,Calm,Calm,-,N/A,,Smoke
1997-12-29 11:00 AM,-1.0°C,-,-12.0°C,44%,1022hPa,1.6km,Calm,Calm,-,N/A,,Smoke
1997-12-29 12:00 PM,2.0°C,-,-11.0°C,38%,1022hPa,2.3km,ESE,3.6km/h/1.0m/s,-,N/A,,Smoke
1997-12-29 1:00 PM,4.0°C,-,-9.0°C,39%,1020hPa,2.2km,SSW,3.6km/h/1.0m/s,-,N/A,,Smoke
1997-12-29 2:00 PM,5.0°C,3.4°C,-7.0°C,42%,1020hPa,2.2km,SW,7.2km/h/2.0m/s,-,N/A,,Smoke
1997-12-29 3:00 PM,6.0°C,3.7°C,-6.0°C,42%,1019hPa,2.2km,WSW,10.8km/h/3.0m/s,-,N/A,,Smoke
1997-12-29 4:00 PM,5.0°C,3.4°C,-5.0°C,49%,1019hPa,2.2km,SW,7.2km/h/2.0m/s,-,N/A,,Smoke
1997-12-29 5:00 PM,5.0°C,2.5°C,-4.0°C,53%,1019hPa,3.0km,SW,10.8km/h/3.0m/s,-,N/A,,Smoke
1997-12-29 6:00 PM,3.0°C,1.0°C,-4.0°C,60%,1020hPa,3.0km,SSW,7.2km/h/2.0m/s,-,N/A,,Smoke
1997-12-29 7:00 PM,2.0°C,-0.1°C,-4.0°C,65%,1020hPa,2.6km,SSW,7.2km/h/2.0m/s,-,N/A,,Smoke
1997-12-29 8:00 PM,1.0°C,-,-4.0°C,70%,1021hPa,2.6km,West,3.6km/h/1.0m/s,-,N/A,,Smoke
1997-12-29 9:00 PM,1.0°C,-,-4.0°C,70%,1021hPa,2.6km,SW,3.6km/h/1.0m/s,-,N/A,,Smoke
1997-12-29 10:00 PM,-3.0°C,-,-7.0°C,74%,1022hPa,2.6km,SSW,3.6km/h/1.0m/s,-,N/A,,Mostly Cloudy
1997-12-29 11:00 PM,-4.0°C,-,-8.0°C,74%,1023hPa,2.6km,SSW,3.6km/h/1.0m/s,-,N/A,,Mostly Cloudy
