Time (CST),Temp.,Dew Point,Humidity,Pressure,Visibility,Wind Dir,Wind Speed,Gust Speed,Precip,Events,Conditions
1998-10-28 12:00 AM,39.2°F,37.4°F,93%,30.12in,-,ESE,2.2mph,-,N/A,,Clear
1998-10-28 1:00 AM,37.4°F,35.6°F,93%,30.12in,-,Calm,Calm,-,N/A,,Clear
1998-10-28 2:00 AM,37.4°F,35.6°F,93%,30.12in,-,Calm,Calm,-,N/A,,Clear
1998-10-28 3:00 AM,35.6°F,33.8°F,93%,30.09in,-,Calm,Calm,-,N/A,,Clear
1998-10-28 4:00 AM,33.8°F,32.0°F,93%,30.09in,-,ESE,2.2mph,-,N/A,,Clear
1998-10-28 5:00 AM,35.6°F,33.8°F,93%,30.09in,-,Calm,Calm,-,N/A,,Clear
1998-10-28 6:00 AM,33.8°F,32.0°F,93%,30.12in,4.3mi,Calm,Calm,-,N/A,,Mostly Cloudy
1998-10-28 8:00 AM,35.6°F,35.6°F,100%,30.12in,1.2mi,Calm,Calm,-,N/A,,Mostly Cloudy
1998-10-28 9:00 AM,39.2°F,37.4°F,93%,-,0.9mi,Calm,Calm,-,N/A,,Partly Cloudy
1998-10-28 10:00 AM,46.4°F,37.4°F,71%,-,1.2mi,SSE,2.2mph,-,N/A,,Partly Cloudy
1998-10-28 11:00 AM,51.8°F,37.4°F,58%,30.09in,1.9mi,SSE,2.2mph,-,N/A,,Smoke
1998-10-28 12:00 PM,55.4°F,37.4°F,51%,30.09in,3.1mi,WSW,2.2mph,-,N/A,,Smoke
1998-10-28 1:00 PM,57.2°F,37.4°F,48%,30.06in,-,North,-,-,N/A,,Clear
1998-10-28 2:00 PM,59.0°F,37.4°F,45%,30.04in,3.7mi,South,4.5mph,-,N/A,,Clear
1998-10-28 4:00 PM,60.8°F,37.4°F,42%,30.01in,4.3mi,South,2.2mph,-,N/A,,Clear
1998-10-28 5:00 PM,59.0°F,41.0°F,51%,30.01in,4.3mi,SSW,2.2mph,-,N/A,,Clear
1998-10-28 6:00 PM,53.6°F,42.8°F,67%,30.01in,2.8mi,ESE,2.2mph,-,N/A,,Smoke
1998-10-28 7:00 PM,48.2°F,41.0°F,76%,30.04in,2.5mi,ESE,2.2mph,-,N/A,,Smoke
1998-10-28 8:00 PM,44.6°F,41.0°F,87%,30.06in,3.7mi,ESE,2.2mph,-,N/A,,Clear
1998-10-28 9:00 PM,42.8°F,39.2°F,87%,30.06in,4.3mi,ESE,2.2mph,-,N/A,,Clear
1998-10-28 11:00 PM,39.2°F,39.2°F,100%,30.09in,6.2mi,Calm,Calm,-,N/A,,Clear
