Time (CST),Temp.,Windchill,Dew Point,Humidity,Pressure,Visibility,Wind Dir,Wind Speed,Gust Speed,Precip,Events,Conditions
1997-1-9 12:00 AM,-5.0°C,-,-10.0°C,68%,1027hPa,5.0km,Calm,Calm,-,N/A,,Smoke
1997-1-9 1:00 AM,-5.0°C,-,-11.0°C,63%,1027hPa,5.0km,SSE,3.6km/h/1.0m/s,-,N/A,,Smoke
1997-1-9 2:00 AM,-5.0°C,-8.3°C,-10.0°C,68%,1027hPa,5.0km,East,7.2km/h/2.0m/s,-,N/A,,Smoke
1997-1-9 4:00 AM,-7.0°C,-10.6°C,-11.0°C,74%,1026hPa,5.0km,ESE,7.2km/h/2.0m/s,-,N/A,,Smoke
1997-1-9 5:00 AM,-7.0°C,-10.6°C,-11.0°C,74%,1026hPa,4.0km,ESE,7.2km/h/2.0m/s,-,N/A,,Smoke
1997-1-9 6:00 AM,-8.0°C,-13.1°C,-11.0°C,79%,1025hPa,4.0km,ENE,10.8km/h/3.0m/s,-,N/A,,Smoke
1997-1-9 7:00 AM,-8.0°C,-,-11.0°C,79%,1026hPa,1.7km,Calm,Calm,-,N/A,,Scattered Clouds
1997-1-9 8:00 AM,-10.0°C,-,-12.0°C,86%,1026hPa,1.2km,Calm,Calm,-,N/A,,Mostly Cloudy
1997-1-9 9:00 AM,-8.0°C,-,-12.0°C,73%,1026hPa,0.9km,Calm,Calm,-,N/A,Fog,Fog
1997-1-9 10:00 AM,-6.0°C,-,-10.0°C,74%,1026hPa,0.9km,Calm,Calm,-,N/A,Fog,Fog
1997-1-9 11:00 AM,-4.0°C,-,-10.0°C,64%,1026hPa,1.0km,Calm,Calm,-,N/A,,Mostly Cloudy
1997-1-9 12:00 PM,-2.0°C,-5.9°C,-10.0°C,55%,1025hPa,1.2km,South,10.8km/h/3.0m/s,-,N/A,,Smoke
1997-1-9 1:00 PM,-1.0°C,-,-9.0°C,55%,1024hPa,1.2km,Calm,Calm,-,N/A,,Smoke
1997-1-9 2:00 PM,1.0°C,-,-9.0°C,48%,1023hPa,1.2km,Calm,Calm,-,N/A,,Smoke
1997-1-9 5:00 PM,2.0°C,-1.1°C,-10.0°C,41%,1022hPa,-,SSW,10.8km/h/3.0m/s,-,N/A,,Clear
1997-1-9 6:00 PM,1.0°C,-1.3°C,-10.0°C,44%,1023hPa,10.0km,South,7.2km/h/2.0m/s,-,N/A,,Clear
1997-1-9 7:00 PM,-3.0°C,-5.9°C,-9.0°C,64%,1024hPa,10.0km,West,7.2km/h/2.0m/s,-,N/A,,Clear
1997-1-9 8:00 PM,-2.0°C,-4.8°C,-10.0°C,55%,1024hPa,7.0km,NW,7.2km/h/2.0m/s,-,N/A,,Clear
1997-1-9 9:00 PM,-2.0°C,-7.4°C,-11.0°C,51%,1025hPa,7.0km,NW,18.0km/h/5.0m/s,-,N/A,,Clear
1997-1-9 10:00 PM,-2.0°C,-6.7°C,-11.0°C,51%,1025hPa,10.0km,WNW,14.4km/h/4.0m/s,-,N/A,,Clear
1997-1-9 11:00 PM,-3.0°C,-7.1°C,-11.0°C,55%,1025hPa,10.0km,North,10.8km/h/3.0m/s,-,N/A,,Clear
