Time (CST),Temp.,Windchill,Dew Point,Humidity,Pressure,Visibility,Wind Dir,Wind Speed,Gust Speed,Precip,Events,Conditions
1997-2-9 12:00 AM,-3.0°C,-7.1°C,-10.0°C,59%,1015hPa,-,East,10.8km/h/3.0m/s,-,N/A,,Clear
1997-2-9 1:00 AM,-4.0°C,-7.1°C,-10.0°C,64%,1016hPa,-,East,7.2km/h/2.0m/s,-,N/A,,Clear
1997-2-9 2:00 AM,-4.0°C,-7.1°C,-9.0°C,69%,1015hPa,-,East,7.2km/h/2.0m/s,-,N/A,,Clear
1997-2-9 3:00 AM,-4.0°C,-7.1°C,-10.0°C,64%,1016hPa,-,East,7.2km/h/2.0m/s,-,N/A,,Clear
1997-2-9 4:00 AM,-5.0°C,-,-11.0°C,63%,1016hPa,-,Calm,Calm,-,N/A,,Clear
1997-2-9 5:00 AM,-6.0°C,-9.4°C,-10.0°C,74%,1016hPa,-,North,7.2km/h/2.0m/s,-,N/A,,Clear
1997-2-9 6:00 AM,-6.0°C,-,-10.0°C,74%,1016hPa,-,Calm,Calm,-,N/A,,Clear
1997-2-9 7:00 AM,-7.0°C,-11.9°C,-9.0°C,86%,1017hPa,3.0km,NE,10.8km/h/3.0m/s,-,N/A,,Mostly Cloudy
1997-2-9 8:00 AM,-8.0°C,-13.1°C,-10.0°C,86%,1018hPa,1.1km,WSW,10.8km/h/3.0m/s,-,N/A,,Mostly Cloudy
1997-2-9 9:00 AM,-5.0°C,-8.3°C,-9.0°C,74%,1019hPa,1.1km,SSE,7.2km/h/2.0m/s,-,N/A,,Partly Cloudy
1997-2-9 10:00 AM,1.0°C,-2.3°C,-16.0°C,28%,1019hPa,10.0km,WNW,10.8km/h/3.0m/s,-,N/A,,Clear
1997-2-9 11:00 AM,2.0°C,-1.8°C,-15.0°C,28%,1019hPa,10.0km,NNW,14.4km/h/4.0m/s,-,N/A,,Clear
1997-2-9 12:00 PM,4.0°C,2.2°C,-15.0°C,24%,1018hPa,10.0km,North,7.2km/h/2.0m/s,-,N/A,,Clear
1997-2-9 1:00 PM,6.0°C,2.6°C,-18.0°C,16%,1017hPa,10.0km,WNW,18.0km/h/5.0m/s,-,N/A,,Clear
1997-2-9 2:00 PM,6.0°C,2.6°C,-18.0°C,16%,1016hPa,10.0km,WNW,18.0km/h/5.0m/s,-,N/A,,Clear
1997-2-9 3:00 PM,5.0°C,0.5°C,-14.0°C,24%,1016hPa,-,NNW,25.2km/h/7.0m/s,-,N/A,,Clear
1997-2-9 4:00 PM,5.0°C,0.5°C,-15.0°C,23%,1016hPa,-,NW,25.2km/h/7.0m/s,-,N/A,,Clear
1997-2-9 5:00 PM,4.0°C,-0.8°C,-19.0°C,17%,1016hPa,-,NW,25.2km/h/7.0m/s,-,N/A,,Clear
1997-2-9 6:00 PM,3.0°C,-2.1°C,-25.0°C,11%,1017hPa,-,NW,25.2km/h/7.0m/s,-,N/A,,Clear
1997-2-9 7:00 PM,2.0°C,-3.3°C,-25.0°C,12%,1018hPa,-,NNW,25.2km/h/7.0m/s,-,N/A,,Clear
1997-2-9 8:00 PM,0.0°C,-4.9°C,-22.0°C,18%,1019hPa,10.0km,NNW,18.0km/h/5.0m/s,-,N/A,,Clear
1997-2-9 9:00 PM,-1.0°C,-6.2°C,-15.0°C,34%,1020hPa,10.0km,North,18.0km/h/5.0m/s,-,N/A,,Clear
1997-2-9 10:00 PM,-1.0°C,-6.2°C,-16.0°C,32%,1021hPa,10.0km,NE,18.0km/h/5.0m/s,-,N/A,,Clear
1997-2-9 11:00 PM,-2.0°C,-7.4°C,-16.0°C,34%,1021hPa,10.0km,NW,18.0km/h/5.0m/s,-,N/A,,Clear
