Time (CST),Temp.,Heat Index,Dew Point,Humidity,Pressure,Visibility,Wind Dir,Wind Speed,Gust Speed,Precip,Events,Conditions
1997-7-26 12:00 AM,28.0°C,31.9°C,24.0°C,79%,1009hPa,10.0km,East,14.4km/h/4.0m/s,-,N/A,,Mostly Cloudy
1997-7-26 1:00 AM,27.0°C,29.6°C,23.0°C,79%,1009hPa,10.0km,East,14.4km/h/4.0m/s,-,N/A,,Mostly Cloudy
1997-7-26 2:00 AM,26.0°C,-,24.0°C,89%,1009hPa,10.0km,ESE,7.2km/h/2.0m/s,-,N/A,,Mostly Cloudy
1997-7-26 3:00 AM,24.0°C,-,23.0°C,94%,1009hPa,10.0km,ESE,10.8km/h/3.0m/s,-,N/A,,Mostly Cloudy
1997-7-26 4:00 AM,22.0°C,-,21.0°C,94%,1009hPa,-,SE,7.2km/h/2.0m/s,-,N/A,,Clear
1997-7-26 5:00 AM,22.0°C,-,21.0°C,94%,1009hPa,10.0km,SE,7.2km/h/2.0m/s,-,N/A,,Mostly Cloudy
1997-7-26 6:00 AM,21.0°C,-,21.0°C,100%,1010hPa,4.0km,ESE,7.2km/h/2.0m/s,-,N/A,,Mostly Cloudy
1997-7-26 7:00 AM,23.0°C,-,22.0°C,94%,1010hPa,1.4km,ESE,7.2km/h/2.0m/s,-,N/A,,Mostly Cloudy
1997-7-26 8:00 AM,24.0°C,-,23.0°C,94%,1010hPa,1.4km,SSE,7.2km/h/2.0m/s,-,N/A,,Clear
1997-7-26 9:00 AM,26.0°C,-,22.0°C,78%,1010hPa,8.0km,SSE,7.2km/h/2.0m/s,-,N/A,,Clear
1997-7-26 10:00 AM,27.0°C,28.9°C,21.0°C,70%,1010hPa,10.0km,SW,7.2km/h/2.0m/s,-,N/A,,Clear
1997-7-26 11:00 AM,28.0°C,30.2°C,21.0°C,66%,1010hPa,10.0km,SE,7.2km/h/2.0m/s,-,N/A,,Clear
1997-7-26 12:00 PM,29.0°C,31.3°C,21.0°C,62%,1009hPa,10.0km,WSW,10.8km/h/3.0m/s,-,N/A,,Clear
1997-7-26 1:00 PM,31.0°C,35.4°C,23.0°C,62%,1009hPa,10.0km,West,7.2km/h/2.0m/s,-,N/A,,Clear
1997-7-26 2:00 PM,33.0°C,34.5°C,19.0°C,43%,1008hPa,10.0km,SSW,10.8km/h/3.0m/s,-,N/A,,Clear
1997-7-26 3:00 PM,33.0°C,35.2°C,20.0°C,46%,1006hPa,10.0km,SW,7.2km/h/2.0m/s,-,N/A,,Clear
1997-7-26 4:00 PM,33.0°C,34.0°C,18.0°C,41%,1006hPa,10.0km,SSW,7.2km/h/2.0m/s,-,N/A,,Clear
1997-7-26 5:00 PM,33.0°C,32.1°C,14.0°C,31%,1006hPa,10.0km,SW,7.2km/h/2.0m/s,-,N/A,,Clear
1997-7-26 6:00 PM,33.0°C,34.5°C,19.0°C,43%,1005hPa,10.0km,WNW,3.6km/h/1.0m/s,-,N/A,,Clear
1997-7-26 7:00 PM,31.0°C,32.4°C,19.0°C,49%,1006hPa,-,WNW,3.6km/h/1.0m/s,-,N/A,,Clear
1997-7-26 8:00 PM,27.0°C,28.5°C,20.0°C,65%,1008hPa,-,SSE,3.6km/h/1.0m/s,-,N/A,,Clear
1997-7-26 9:00 PM,28.0°C,29.7°C,20.0°C,62%,1008hPa,-,East,10.8km/h/3.0m/s,-,N/A,,Clear
1997-7-26 10:00 PM,29.0°C,32.7°C,23.0°C,70%,1008hPa,-,East,18.0km/h/5.0m/s,-,N/A,,Clear
1997-7-26 11:00 PM,28.0°C,31.2°C,23.0°C,74%,1009hPa,-,East,21.6km/h/6.0m/s,-,N/A,,Clear
