Time (CST),Temp.,Dew Point,Humidity,Pressure,Visibility,Wind Dir,Wind Speed,Gust Speed,Precip,Events,Conditions
1997-7-19 12:00 AM,21.0°C,21.0°C,100%,1011hPa,3.0km,NNW,14.4km/h/4.0m/s,-,N/A,Rain,Light Rain
1997-7-19 1:00 AM,21.0°C,21.0°C,100%,1010hPa,3.0km,North,10.8km/h/3.0m/s,-,N/A,Rain,Light Rain
1997-7-19 2:00 AM,21.0°C,21.0°C,100%,1010hPa,3.0km,NNW,10.8km/h/3.0m/s,-,N/A,Rain,Light Rain
1997-7-19 3:00 AM,21.0°C,21.0°C,100%,1010hPa,3.0km,NNW,10.8km/h/3.0m/s,-,N/A,Rain,Light Rain
1997-7-19 4:00 AM,21.0°C,21.0°C,100%,1009hPa,2.0km,North,10.8km/h/3.0m/s,-,N/A,Rain,Light Rain
1997-7-19 5:00 AM,20.0°C,20.0°C,100%,1008hPa,2.0km,North,10.8km/h/3.0m/s,-,N/A,Rain,Light Rain
1997-7-19 6:00 AM,20.0°C,20.0°C,100%,1008hPa,0.9km,NW,10.8km/h/3.0m/s,-,N/A,"Fog
	,
Rain",Light Rain
1997-7-19 7:00 AM,20.0°C,20.0°C,100%,1008hPa,0.5km,NNW,10.8km/h/3.0m/s,-,N/A,Rain,Light Rain
1997-7-19 8:00 AM,21.0°C,21.0°C,100%,1008hPa,0.5km,North,10.8km/h/3.0m/s,-,N/A,Rain,Light Rain
1997-7-19 9:00 AM,21.0°C,21.0°C,100%,1008hPa,0.9km,NW,7.2km/h/2.0m/s,-,N/A,Rain,Light Rain
1997-7-19 10:00 AM,20.0°C,20.0°C,100%,1008hPa,0.4km,WNW,3.6km/h/1.0m/s,-,N/A,Rain,Light Rain
1997-7-19 11:00 AM,21.0°C,21.0°C,100%,1008hPa,0.7km,WNW,7.2km/h/2.0m/s,-,N/A,Rain,Light Rain
1997-7-19 12:00 PM,21.0°C,21.0°C,100%,1008hPa,1.1km,SSW,3.6km/h/1.0m/s,-,N/A,Rain,Light Rain
1997-7-19 1:00 PM,21.0°C,21.0°C,100%,1008hPa,1.2km,South,7.2km/h/2.0m/s,-,N/A,Rain,Light Rain
1997-7-19 2:00 PM,22.0°C,22.0°C,100%,1006hPa,4.0km,Calm,Calm,-,N/A,,Mostly Cloudy
1997-7-19 3:00 PM,23.0°C,23.0°C,100%,1006hPa,5.0km,SSE,7.2km/h/2.0m/s,-,N/A,,Mostly Cloudy
1997-7-19 4:00 PM,24.0°C,23.0°C,94%,1005hPa,8.0km,WSW,7.2km/h/2.0m/s,-,N/A,,Mostly Cloudy
1997-7-19 5:00 PM,25.0°C,23.0°C,89%,1005hPa,8.0km,SE,7.2km/h/2.0m/s,-,N/A,,Mostly Cloudy
1997-7-19 6:00 PM,25.0°C,22.0°C,83%,1004hPa,-,South,7.2km/h/2.0m/s,-,N/A,,Clear
1997-7-19 7:00 PM,24.0°C,22.0°C,89%,1004hPa,-,SW,3.6km/h/1.0m/s,-,N/A,,Clear
1997-7-19 8:00 PM,23.0°C,22.0°C,94%,1005hPa,10.0km,WNW,7.2km/h/2.0m/s,-,N/A,,Clear
1997-7-19 9:00 PM,22.0°C,22.0°C,100%,1006hPa,8.0km,SW,7.2km/h/2.0m/s,-,N/A,,Clear
1997-7-19 10:00 PM,22.0°C,22.0°C,100%,1008hPa,7.0km,NW,14.4km/h/4.0m/s,-,N/A,,Overcast
1997-7-19 11:00 PM,22.0°C,22.0°C,100%,1006hPa,7.0km,SW,7.2km/h/2.0m/s,-,N/A,,Scattered Clouds
