Time (CST),Temp.,Windchill,Dew Point,Humidity,Pressure,Visibility,Wind Dir,Wind Speed,Gust Speed,Precip,Events,Conditions
1997-11-25 12:00 AM,3.0°C,-,0.0°C,81%,-,0.6km,Calm,Calm,-,N/A,Fog,Fog
1997-11-25 1:00 AM,1.0°C,-,-1.0°C,87%,-,0.6km,SSE,3.6km/h/1.0m/s,-,N/A,Fog,Fog
1997-11-25 2:00 AM,1.0°C,-,-1.0°C,87%,-,0.5km,NE,3.6km/h/1.0m/s,-,N/A,Fog,Fog
1997-11-25 4:00 AM,1.0°C,-,-1.0°C,87%,-,0.5km,Calm,Calm,-,N/A,Fog,Fog
1997-11-25 5:00 AM,2.0°C,-,0.0°C,87%,-,0.5km,SE,3.6km/h/1.0m/s,-,N/A,Fog,Fog
1997-11-25 6:00 AM,2.0°C,-,0.0°C,87%,-,0.5km,SSE,3.6km/h/1.0m/s,-,N/A,Fog,Fog
1997-11-25 7:00 AM,2.0°C,-,0.0°C,87%,-,0.6km,NNW,3.6km/h/1.0m/s,-,N/A,Fog,Fog
1997-11-25 8:00 AM,1.0°C,-,-1.0°C,87%,-,0.7km,Calm,Calm,-,N/A,Fog,Fog
1997-11-25 9:00 AM,2.0°C,-,0.0°C,87%,-,0.5km,Calm,Calm,-,N/A,,Mostly Cloudy
1997-11-25 10:00 AM,3.0°C,-,0.0°C,81%,1013hPa,0.5km,Calm,Calm,-,N/A,Fog,Fog
1997-11-25 11:00 AM,5.0°C,-,1.0°C,76%,1013hPa,0.6km,South,3.6km/h/1.0m/s,-,N/A,Fog,Fog
1997-11-25 12:00 PM,6.0°C,-,0.0°C,66%,1013hPa,0.6km,South,3.6km/h/1.0m/s,-,N/A,Fog,Fog
1997-11-25 1:00 PM,6.0°C,-,1.0°C,70%,1013hPa,0.4km,Calm,Calm,-,N/A,Fog,Fog
1997-11-25 2:00 PM,6.0°C,-,1.0°C,70%,1013hPa,0.4km,WSW,3.6km/h/1.0m/s,-,N/A,Fog,Fog
1997-11-25 5:00 PM,3.0°C,-1.6°C,1.0°C,87%,1018hPa,6.0km,NNW,21.6km/h/6.0m/s,-,N/A,Rain,Light Rain
1997-11-25 6:00 PM,2.0°C,-,1.0°C,93%,1019hPa,6.0km,Calm,Calm,-,N/A,,Overcast
1997-11-25 7:00 PM,1.0°C,-1.3°C,1.0°C,100%,1020hPa,7.0km,SW,7.2km/h/2.0m/s,-,N/A,,Scattered Clouds
1997-11-25 8:00 PM,1.0°C,-1.3°C,0.0°C,93%,1020hPa,4.0km,WSW,7.2km/h/2.0m/s,-,N/A,,Scattered Clouds
1997-11-25 9:00 PM,0.0°C,-4.9°C,0.0°C,100%,1020hPa,6.0km,WNW,18.0km/h/5.0m/s,-,N/A,,Scattered Clouds
1997-11-25 10:00 PM,1.0°C,-3.0°C,-5.0°C,65%,1020hPa,10.0km,NW,14.4km/h/4.0m/s,-,N/A,,Clear
1997-11-25 11:00 PM,1.0°C,-3.7°C,-8.0°C,52%,1021hPa,10.0km,NW,18.0km/h/5.0m/s,-,N/A,,Clear
