Time (CST),Temp.,Windchill,Dew Point,Humidity,Pressure,Visibility,Wind Dir,Wind Speed,Gust Speed,Precip,Events,Conditions
1997-2-18 12:00 AM,-5.0°C,-9.5°C,-20.0°C,31%,1023hPa,10.0km,South,10.8km/h/3.0m/s,-,N/A,,Clear
1997-2-18 1:00 AM,-5.0°C,-9.5°C,-21.0°C,28%,1023hPa,10.0km,NE,10.8km/h/3.0m/s,-,N/A,,Clear
1997-2-18 2:00 AM,-6.0°C,-,-21.0°C,30%,1023hPa,10.0km,Calm,Calm,-,N/A,,Clear
1997-2-18 4:00 AM,-7.0°C,-,-20.0°C,36%,1023hPa,10.0km,Calm,Calm,-,N/A,,Clear
1997-2-18 5:00 AM,-8.0°C,-13.1°C,-21.0°C,35%,1024hPa,10.0km,East,10.8km/h/3.0m/s,-,N/A,,Clear
1997-2-18 6:00 AM,-8.0°C,-11.8°C,-20.0°C,38%,1024hPa,10.0km,East,7.2km/h/2.0m/s,-,N/A,,Clear
1997-2-18 7:00 AM,-9.0°C,-,-21.0°C,38%,1025hPa,-,Calm,Calm,-,N/A,,Clear
1997-2-18 8:00 AM,-9.0°C,-,-24.0°C,30%,1026hPa,-,Calm,Calm,-,N/A,,Clear
1997-2-18 9:00 AM,-7.0°C,-,-21.0°C,33%,1027hPa,10.0km,Calm,Calm,-,N/A,,Clear
1997-2-18 10:00 AM,-2.0°C,-,-23.0°C,19%,1027hPa,10.0km,Calm,Calm,-,N/A,,Clear
1997-2-18 11:00 AM,1.0°C,-1.3°C,-21.0°C,18%,1027hPa,10.0km,South,7.2km/h/2.0m/s,-,N/A,,Clear
1997-2-18 12:00 PM,3.0°C,0.1°C,-19.0°C,19%,1026hPa,10.0km,South,10.8km/h/3.0m/s,-,N/A,,Clear
1997-2-18 1:00 PM,5.0°C,-,-21.0°C,14%,1025hPa,10.0km,Calm,Calm,-,N/A,,Clear
1997-2-18 2:00 PM,7.0°C,4.9°C,-20.0°C,13%,1023hPa,10.0km,NNW,10.8km/h/3.0m/s,-,N/A,,Clear
1997-2-18 3:00 PM,8.0°C,5.1°C,-28.0°C,6%,1023hPa,10.0km,WNW,18.0km/h/5.0m/s,-,N/A,,Clear
1997-2-18 4:00 PM,8.0°C,3.8°C,-24.0°C,9%,1022hPa,10.0km,West,32.4km/h/9.0m/s,-,N/A,,Clear
1997-2-18 5:00 PM,7.0°C,2.8°C,-22.0°C,11%,1022hPa,10.0km,West,28.8km/h/8.0m/s,-,N/A,,Clear
1997-2-18 6:00 PM,5.0°C,1.3°C,-19.0°C,16%,1022hPa,10.0km,West,18.0km/h/5.0m/s,-,N/A,,Clear
1997-2-18 7:00 PM,4.0°C,-0.4°C,-24.0°C,11%,1023hPa,10.0km,WNW,21.6km/h/6.0m/s,-,N/A,,Clear
1997-2-18 8:00 PM,2.0°C,-1.8°C,-22.0°C,16%,1024hPa,10.0km,NNE,14.4km/h/4.0m/s,-,N/A,,Clear
1997-2-18 9:00 PM,1.0°C,-2.3°C,-17.0°C,25%,1025hPa,10.0km,North,10.8km/h/3.0m/s,-,N/A,,Clear
1997-2-18 10:00 PM,1.0°C,-2.3°C,-19.0°C,22%,1025hPa,10.0km,North,10.8km/h/3.0m/s,-,N/A,,Clear
1997-2-18 11:00 PM,-1.0°C,-,-13.0°C,40%,1025hPa,10.0km,Calm,Calm,-,N/A,,Clear
