Time (CST),Temp.,Windchill,Dew Point,Humidity,Pressure,Visibility,Wind Dir,Wind Speed,Gust Speed,Precip,Events,Conditions
1997-3-26 12:00 AM,8.0°C,6.1°C,3.0°C,71%,1023hPa,-,NNE,10.8km/h/3.0m/s,-,N/A,,Clear
1997-3-26 1:00 AM,7.0°C,4.9°C,3.0°C,76%,1023hPa,10.0km,NNE,10.8km/h/3.0m/s,-,N/A,,Clear
1997-3-26 2:00 AM,6.0°C,4.5°C,2.0°C,76%,1023hPa,-,NNE,7.2km/h/2.0m/s,-,N/A,,Clear
1997-3-26 3:00 AM,6.0°C,3.7°C,3.0°C,81%,1023hPa,-,NNE,10.8km/h/3.0m/s,-,N/A,,Clear
1997-3-26 4:00 AM,5.0°C,1.9°C,2.0°C,81%,1023hPa,-,NNE,14.4km/h/4.0m/s,-,N/A,,Clear
1997-3-26 5:00 AM,5.0°C,-,0.0°C,70%,1024hPa,-,ENE,3.6km/h/1.0m/s,-,N/A,,Clear
1997-3-26 6:00 AM,4.0°C,-,-1.0°C,70%,1024hPa,-,ENE,3.6km/h/1.0m/s,-,N/A,,Clear
1997-3-26 7:00 AM,4.0°C,-,1.0°C,81%,1024hPa,10.0km,Calm,Calm,-,N/A,,Clear
1997-3-26 8:00 AM,4.0°C,-,1.0°C,81%,1025hPa,6.0km,ESE,3.6km/h/1.0m/s,-,N/A,,Clear
1997-3-26 9:00 AM,7.0°C,-,2.0°C,71%,1025hPa,2.6km,Calm,Calm,-,N/A,,Smoke
1997-3-26 10:00 AM,9.0°C,-,3.0°C,66%,1026hPa,7.0km,SE,7.2km/h/2.0m/s,-,N/A,,Clear
1997-3-26 11:00 AM,12.0°C,-,2.0°C,51%,1026hPa,10.0km,Calm,Calm,-,N/A,,Clear
1997-3-26 12:00 PM,13.0°C,-,1.0°C,44%,1025hPa,10.0km,SW,7.2km/h/2.0m/s,-,N/A,,Clear
1997-3-26 1:00 PM,15.0°C,-,1.0°C,39%,1024hPa,10.0km,Calm,Calm,-,N/A,,Clear
1997-3-26 2:00 PM,16.0°C,-,1.0°C,36%,1023hPa,10.0km,SW,14.4km/h/4.0m/s,-,N/A,,Partly Cloudy
1997-3-26 3:00 PM,17.0°C,-,1.0°C,34%,1022hPa,10.0km,Calm,Calm,-,N/A,,Partly Cloudy
1997-3-26 4:00 PM,17.0°C,-,2.0°C,37%,1021hPa,10.0km,Calm,Calm,-,N/A,,Partly Cloudy
1997-3-26 5:00 PM,16.0°C,-,-1.0°C,31%,1021hPa,-,East,10.8km/h/3.0m/s,-,N/A,,Clear
1997-3-26 6:00 PM,16.0°C,-,-3.0°C,27%,1021hPa,-,SSW,10.8km/h/3.0m/s,-,N/A,,Clear
1997-3-26 7:00 PM,14.0°C,-,1.0°C,41%,1021hPa,-,WSW,7.2km/h/2.0m/s,-,N/A,,Clear
1997-3-26 8:00 PM,13.0°C,-,2.0°C,47%,1022hPa,-,Calm,Calm,-,N/A,,Clear
1997-3-26 9:00 PM,13.0°C,-,1.0°C,44%,1023hPa,-,East,18.0km/h/5.0m/s,-,N/A,,Clear
1997-3-26 10:00 PM,12.0°C,-,2.0°C,51%,1023hPa,-,East,18.0km/h/5.0m/s,-,N/A,,Clear
1997-3-26 11:00 PM,11.0°C,-,2.0°C,54%,1023hPa,-,East,18.0km/h/5.0m/s,-,N/A,,Clear
