Time (CST),Temp.,Windchill,Dew Point,Humidity,Pressure,Visibility,Wind Dir,Wind Speed,Gust Speed,Precip,Events,Conditions
1997-12-6 12:00 AM,0.0°C,-,-2.0°C,87%,1024hPa,1.2km,West,3.6km/h/1.0m/s,-,N/A,,Overcast
1997-12-6 1:00 AM,0.0°C,-,-2.0°C,87%,1023hPa,1.3km,SW,3.6km/h/1.0m/s,-,N/A,,Overcast
1997-12-6 2:00 AM,0.0°C,-,-2.0°C,87%,1023hPa,1.6km,Calm,Calm,-,N/A,,Overcast
1997-12-6 3:00 AM,-1.0°C,-,-2.0°C,93%,1023hPa,1.6km,Calm,Calm,-,N/A,,Overcast
1997-12-6 4:00 AM,-1.0°C,-,-3.0°C,86%,1023hPa,1.4km,Calm,Calm,-,N/A,,Overcast
1997-12-6 5:00 AM,-1.0°C,-,-3.0°C,86%,1023hPa,1.4km,SSW,3.6km/h/1.0m/s,-,N/A,,Overcast
1997-12-6 6:00 AM,-1.0°C,-,-3.0°C,86%,1023hPa,1.3km,Calm,Calm,-,N/A,,Overcast
1997-12-6 7:00 AM,0.0°C,-,-2.0°C,87%,1023hPa,1.4km,SW,3.6km/h/1.0m/s,-,N/A,,Mostly Cloudy
1997-12-6 8:00 AM,-1.0°C,-,-2.0°C,93%,1024hPa,0.8km,Calm,Calm,-,N/A,Fog,Fog
1997-12-6 9:00 AM,0.0°C,-,-2.0°C,87%,1024hPa,0.7km,SSW,3.6km/h/1.0m/s,-,N/A,Fog,Fog
1997-12-6 10:00 AM,0.0°C,-,-2.0°C,87%,1024hPa,0.8km,South,3.6km/h/1.0m/s,-,N/A,Fog,Fog
1997-12-6 11:00 AM,1.0°C,-,-2.0°C,81%,-,0.8km,SSE,3.6km/h/1.0m/s,-,N/A,Fog,Fog
1997-12-6 12:00 PM,1.0°C,-,-2.0°C,81%,-,0.8km,SE,3.6km/h/1.0m/s,-,N/A,Fog,Fog
1997-12-6 1:00 PM,1.0°C,-,-2.0°C,81%,1022hPa,0.6km,SSE,3.6km/h/1.0m/s,-,N/A,Fog,Fog
1997-12-6 2:00 PM,1.0°C,-,-2.0°C,81%,1022hPa,0.6km,ESE,3.6km/h/1.0m/s,-,N/A,Fog,Fog
1997-12-6 3:00 PM,1.0°C,-1.3°C,-2.0°C,81%,1022hPa,0.7km,ESE,7.2km/h/2.0m/s,-,N/A,Fog,Fog
1997-12-6 4:00 PM,2.0°C,-,-2.0°C,75%,-,0.7km,East,3.6km/h/1.0m/s,-,N/A,Fog,Fog
1997-12-6 5:00 PM,1.0°C,-,-1.0°C,87%,1023hPa,0.7km,ESE,3.6km/h/1.0m/s,-,N/A,Fog,Fog
1997-12-6 6:00 PM,1.0°C,-,-2.0°C,81%,1024hPa,0.7km,ESE,3.6km/h/1.0m/s,-,N/A,Fog,Fog
1997-12-6 7:00 PM,1.0°C,-,-2.0°C,81%,1025hPa,0.7km,Calm,Calm,-,N/A,Fog,Fog
1997-12-6 8:00 PM,0.0°C,-,-2.0°C,87%,1025hPa,0.7km,Calm,Calm,-,N/A,"Fog
	,
Snow",Light Snow
1997-12-6 9:00 PM,0.0°C,-,-2.0°C,87%,1026hPa,0.8km,Calm,Calm,-,N/A,Fog,Light Freezing Fog
1997-12-6 10:00 PM,0.0°C,-,-1.0°C,93%,-,0.7km,Calm,Calm,-,N/A,Fog,Fog
1997-12-6 11:00 PM,0.0°C,-,-1.0°C,93%,-,0.7km,Calm,Calm,-,N/A,Fog,Fog
